raceId,year,round,name,driverId,surname,position,points
18,2008,1,Australian Grand Prix,1,Hamilton,1,10
18,2008,1,Australian Grand Prix,2,Heidfeld,2,8
18,2008,1,Australian Grand Prix,3,Rosberg,3,6
18,2008,1,Australian Grand Prix,4,Alonso,4,5
18,2008,1,Australian Grand Prix,5,Kovalainen,5,4
18,2008,1,Australian Grand Prix,6,Nakajima,6,3
18,2008,1,Australian Grand Prix,7,Bourdais,7,2
18,2008,1,Australian Grand Prix,8,Räikkönen,8,1
19,2008,2,Malaysian Grand Prix,8,Räikkönen,1,10
19,2008,2,Malaysian Grand Prix,9,Kubica,2,8
19,2008,2,Malaysian Grand Prix,5,Kovalainen,3,6
19,2008,2,Malaysian Grand Prix,15,Trulli,4,5
19,2008,2,Malaysian Grand Prix,1,Hamilton,5,4
19,2008,2,Malaysian Grand Prix,2,Heidfeld,6,3
19,2008,2,Malaysian Grand Prix,17,Webber,7,2
19,2008,2,Malaysian Grand Prix,4,Alonso,8,1
19,2008,2,Malaysian Grand Prix,14,Coulthard,9,0
19,2008,2,Malaysian Grand Prix,18,Button,10,0
19,2008,2,Malaysian Grand Prix,12,Piquet Jr.,11,0
19,2008,2,Malaysian Grand Prix,21,Fisichella,12,0
19,2008,2,Malaysian Grand Prix,22,Barrichello,13,0
19,2008,2,Malaysian Grand Prix,3,Rosberg,14,0
19,2008,2,Malaysian Grand Prix,19,Davidson,15,0
19,2008,2,Malaysian Grand Prix,11,Sato,16,0
19,2008,2,Malaysian Grand Prix,6,Nakajima,17,0
20,2008,3,Bahrain Grand Prix,13,Massa,1,10
20,2008,3,Bahrain Grand Prix,8,Räikkönen,2,8
20,2008,3,Bahrain Grand Prix,9,Kubica,3,6
20,2008,3,Bahrain Grand Prix,2,Heidfeld,4,5
20,2008,3,Bahrain Grand Prix,5,Kovalainen,5,4
20,2008,3,Bahrain Grand Prix,15,Trulli,6,3
20,2008,3,Bahrain Grand Prix,17,Webber,7,2
20,2008,3,Bahrain Grand Prix,3,Rosberg,8,1
20,2008,3,Bahrain Grand Prix,10,Glock,9,0
20,2008,3,Bahrain Grand Prix,4,Alonso,10,0
20,2008,3,Bahrain Grand Prix,22,Barrichello,11,0
20,2008,3,Bahrain Grand Prix,21,Fisichella,12,0
20,2008,3,Bahrain Grand Prix,1,Hamilton,13,0
20,2008,3,Bahrain Grand Prix,6,Nakajima,14,0
20,2008,3,Bahrain Grand Prix,7,Bourdais,15,0
20,2008,3,Bahrain Grand Prix,19,Davidson,16,0
20,2008,3,Bahrain Grand Prix,11,Sato,17,0
20,2008,3,Bahrain Grand Prix,14,Coulthard,18,0
20,2008,3,Bahrain Grand Prix,16,Sutil,19,0
21,2008,4,Spanish Grand Prix,8,Räikkönen,1,10
21,2008,4,Spanish Grand Prix,13,Massa,2,8
21,2008,4,Spanish Grand Prix,1,Hamilton,3,6
21,2008,4,Spanish Grand Prix,9,Kubica,4,5
21,2008,4,Spanish Grand Prix,17,Webber,5,4
21,2008,4,Spanish Grand Prix,18,Button,6,3
21,2008,4,Spanish Grand Prix,6,Nakajima,7,2
21,2008,4,Spanish Grand Prix,15,Trulli,8,1
21,2008,4,Spanish Grand Prix,2,Heidfeld,9,0
21,2008,4,Spanish Grand Prix,21,Fisichella,10,0
21,2008,4,Spanish Grand Prix,10,Glock,11,0
21,2008,4,Spanish Grand Prix,14,Coulthard,12,0
21,2008,4,Spanish Grand Prix,11,Sato,13,0
22,2008,5,Turkish Grand Prix,13,Massa,1,10
22,2008,5,Turkish Grand Prix,1,Hamilton,2,8
22,2008,5,Turkish Grand Prix,8,Räikkönen,3,6
22,2008,5,Turkish Grand Prix,9,Kubica,4,5
22,2008,5,Turkish Grand Prix,2,Heidfeld,5,4
22,2008,5,Turkish Grand Prix,4,Alonso,6,3
22,2008,5,Turkish Grand Prix,17,Webber,7,2
22,2008,5,Turkish Grand Prix,3,Rosberg,8,1
22,2008,5,Turkish Grand Prix,14,Coulthard,9,0
22,2008,5,Turkish Grand Prix,15,Trulli,10,0
22,2008,5,Turkish Grand Prix,18,Button,11,0
22,2008,5,Turkish Grand Prix,5,Kovalainen,12,0
22,2008,5,Turkish Grand Prix,10,Glock,13,0
22,2008,5,Turkish Grand Prix,22,Barrichello,14,0
22,2008,5,Turkish Grand Prix,12,Piquet Jr.,15,0
22,2008,5,Turkish Grand Prix,16,Sutil,16,0
22,2008,5,Turkish Grand Prix,20,Vettel,17,0
23,2008,6,Monaco Grand Prix,1,Hamilton,1,10
23,2008,6,Monaco Grand Prix,9,Kubica,2,8
23,2008,6,Monaco Grand Prix,13,Massa,3,6
23,2008,6,Monaco Grand Prix,17,Webber,4,5
23,2008,6,Monaco Grand Prix,20,Vettel,5,4
23,2008,6,Monaco Grand Prix,22,Barrichello,6,3
23,2008,6,Monaco Grand Prix,6,Nakajima,7,2
23,2008,6,Monaco Grand Prix,5,Kovalainen,8,1
23,2008,6,Monaco Grand Prix,8,Räikkönen,9,0
23,2008,6,Monaco Grand Prix,4,Alonso,10,0
23,2008,6,Monaco Grand Prix,18,Button,11,0
23,2008,6,Monaco Grand Prix,10,Glock,12,0
23,2008,6,Monaco Grand Prix,15,Trulli,13,0
23,2008,6,Monaco Grand Prix,2,Heidfeld,14,0
24,2008,7,Canadian Grand Prix,9,Kubica,1,10
24,2008,7,Canadian Grand Prix,2,Heidfeld,2,8
24,2008,7,Canadian Grand Prix,14,Coulthard,3,6
24,2008,7,Canadian Grand Prix,10,Glock,4,5
24,2008,7,Canadian Grand Prix,13,Massa,5,4
24,2008,7,Canadian Grand Prix,15,Trulli,6,3
24,2008,7,Canadian Grand Prix,22,Barrichello,7,2
24,2008,7,Canadian Grand Prix,20,Vettel,8,1
24,2008,7,Canadian Grand Prix,5,Kovalainen,9,0
24,2008,7,Canadian Grand Prix,3,Rosberg,10,0
24,2008,7,Canadian Grand Prix,18,Button,11,0
24,2008,7,Canadian Grand Prix,17,Webber,12,0
24,2008,7,Canadian Grand Prix,7,Bourdais,13,0
25,2008,8,French Grand Prix,13,Massa,1,10
25,2008,8,French Grand Prix,8,Räikkönen,2,8
25,2008,8,French Grand Prix,15,Trulli,3,6
25,2008,8,French Grand Prix,5,Kovalainen,4,5
25,2008,8,French Grand Prix,9,Kubica,5,4
25,2008,8,French Grand Prix,17,Webber,6,3
25,2008,8,French Grand Prix,12,Piquet Jr.,7,2
25,2008,8,French Grand Prix,4,Alonso,8,1
25,2008,8,French Grand Prix,14,Coulthard,9,0
25,2008,8,French Grand Prix,1,Hamilton,10,0
25,2008,8,French Grand Prix,10,Glock,11,0
25,2008,8,French Grand Prix,20,Vettel,12,0
25,2008,8,French Grand Prix,2,Heidfeld,13,0
25,2008,8,French Grand Prix,22,Barrichello,14,0
25,2008,8,French Grand Prix,6,Nakajima,15,0
25,2008,8,French Grand Prix,3,Rosberg,16,0
25,2008,8,French Grand Prix,7,Bourdais,17,0
25,2008,8,French Grand Prix,21,Fisichella,18,0
25,2008,8,French Grand Prix,16,Sutil,19,0
26,2008,9,British Grand Prix,1,Hamilton,1,10
26,2008,9,British Grand Prix,2,Heidfeld,2,8
26,2008,9,British Grand Prix,22,Barrichello,3,6
26,2008,9,British Grand Prix,8,Räikkönen,4,5
26,2008,9,British Grand Prix,5,Kovalainen,5,4
26,2008,9,British Grand Prix,4,Alonso,6,3
26,2008,9,British Grand Prix,15,Trulli,7,2
26,2008,9,British Grand Prix,6,Nakajima,8,1
26,2008,9,British Grand Prix,3,Rosberg,9,0
26,2008,9,British Grand Prix,17,Webber,10,0
26,2008,9,British Grand Prix,7,Bourdais,11,0
26,2008,9,British Grand Prix,10,Glock,12,0
26,2008,9,British Grand Prix,13,Massa,13,0
27,2008,10,German Grand Prix,1,Hamilton,1,10
27,2008,10,German Grand Prix,12,Piquet Jr.,2,8
27,2008,10,German Grand Prix,13,Massa,3,6
27,2008,10,German Grand Prix,2,Heidfeld,4,5
27,2008,10,German Grand Prix,5,Kovalainen,5,4
27,2008,10,German Grand Prix,8,Räikkönen,6,3
27,2008,10,German Grand Prix,9,Kubica,7,2
27,2008,10,German Grand Prix,20,Vettel,8,1
27,2008,10,German Grand Prix,15,Trulli,9,0
27,2008,10,German Grand Prix,3,Rosberg,10,0
27,2008,10,German Grand Prix,4,Alonso,11,0
27,2008,10,German Grand Prix,7,Bourdais,12,0
27,2008,10,German Grand Prix,14,Coulthard,13,0
27,2008,10,German Grand Prix,6,Nakajima,14,0
27,2008,10,German Grand Prix,16,Sutil,15,0
27,2008,10,German Grand Prix,21,Fisichella,16,0
27,2008,10,German Grand Prix,18,Button,17,0
28,2008,11,Hungarian Grand Prix,5,Kovalainen,1,10
28,2008,11,Hungarian Grand Prix,10,Glock,2,8
28,2008,11,Hungarian Grand Prix,8,Räikkönen,3,6
28,2008,11,Hungarian Grand Prix,4,Alonso,4,5
28,2008,11,Hungarian Grand Prix,1,Hamilton,5,4
28,2008,11,Hungarian Grand Prix,12,Piquet Jr.,6,3
28,2008,11,Hungarian Grand Prix,15,Trulli,7,2
28,2008,11,Hungarian Grand Prix,9,Kubica,8,1
28,2008,11,Hungarian Grand Prix,17,Webber,9,0
28,2008,11,Hungarian Grand Prix,2,Heidfeld,10,0
28,2008,11,Hungarian Grand Prix,14,Coulthard,11,0
28,2008,11,Hungarian Grand Prix,18,Button,12,0
28,2008,11,Hungarian Grand Prix,6,Nakajima,13,0
28,2008,11,Hungarian Grand Prix,3,Rosberg,14,0
28,2008,11,Hungarian Grand Prix,21,Fisichella,15,0
28,2008,11,Hungarian Grand Prix,22,Barrichello,16,0
28,2008,11,Hungarian Grand Prix,13,Massa,17,0
28,2008,11,Hungarian Grand Prix,7,Bourdais,18,0
29,2008,12,European Grand Prix,13,Massa,1,10
29,2008,12,European Grand Prix,1,Hamilton,2,8
29,2008,12,European Grand Prix,9,Kubica,3,6
29,2008,12,European Grand Prix,5,Kovalainen,4,5
29,2008,12,European Grand Prix,15,Trulli,5,4
29,2008,12,European Grand Prix,20,Vettel,6,3
29,2008,12,European Grand Prix,10,Glock,7,2
29,2008,12,European Grand Prix,3,Rosberg,8,1
29,2008,12,European Grand Prix,2,Heidfeld,9,0
29,2008,12,European Grand Prix,7,Bourdais,10,0
29,2008,12,European Grand Prix,12,Piquet Jr.,11,0
29,2008,12,European Grand Prix,17,Webber,12,0
29,2008,12,European Grand Prix,18,Button,13,0
29,2008,12,European Grand Prix,21,Fisichella,14,0
29,2008,12,European Grand Prix,6,Nakajima,15,0
29,2008,12,European Grand Prix,22,Barrichello,16,0
29,2008,12,European Grand Prix,14,Coulthard,17,0
30,2008,13,Belgian Grand Prix,13,Massa,1,10
30,2008,13,Belgian Grand Prix,2,Heidfeld,2,8
30,2008,13,Belgian Grand Prix,1,Hamilton,3,6
30,2008,13,Belgian Grand Prix,4,Alonso,4,5
30,2008,13,Belgian Grand Prix,20,Vettel,5,4
30,2008,13,Belgian Grand Prix,9,Kubica,6,3
30,2008,13,Belgian Grand Prix,7,Bourdais,7,2
30,2008,13,Belgian Grand Prix,17,Webber,8,1
30,2008,13,Belgian Grand Prix,10,Glock,9,0
30,2008,13,Belgian Grand Prix,5,Kovalainen,10,0
30,2008,13,Belgian Grand Prix,14,Coulthard,11,0
30,2008,13,Belgian Grand Prix,3,Rosberg,12,0
30,2008,13,Belgian Grand Prix,16,Sutil,13,0
30,2008,13,Belgian Grand Prix,6,Nakajima,14,0
30,2008,13,Belgian Grand Prix,18,Button,15,0
30,2008,13,Belgian Grand Prix,15,Trulli,16,0
30,2008,13,Belgian Grand Prix,21,Fisichella,17,0
30,2008,13,Belgian Grand Prix,8,Räikkönen,18,0
31,2008,14,Italian Grand Prix,20,Vettel,1,10
31,2008,14,Italian Grand Prix,5,Kovalainen,2,8
31,2008,14,Italian Grand Prix,9,Kubica,3,6
31,2008,14,Italian Grand Prix,4,Alonso,4,5
31,2008,14,Italian Grand Prix,2,Heidfeld,5,4
31,2008,14,Italian Grand Prix,13,Massa,6,3
31,2008,14,Italian Grand Prix,1,Hamilton,7,2
31,2008,14,Italian Grand Prix,17,Webber,8,1
31,2008,14,Italian Grand Prix,8,Räikkönen,9,0
31,2008,14,Italian Grand Prix,12,Piquet Jr.,10,0
31,2008,14,Italian Grand Prix,10,Glock,11,0
31,2008,14,Italian Grand Prix,6,Nakajima,12,0
31,2008,14,Italian Grand Prix,15,Trulli,13,0
31,2008,14,Italian Grand Prix,3,Rosberg,14,0
31,2008,14,Italian Grand Prix,18,Button,15,0
31,2008,14,Italian Grand Prix,14,Coulthard,16,0
31,2008,14,Italian Grand Prix,22,Barrichello,17,0
31,2008,14,Italian Grand Prix,7,Bourdais,18,0
31,2008,14,Italian Grand Prix,16,Sutil,19,0
32,2008,15,Singapore Grand Prix,4,Alonso,1,10
32,2008,15,Singapore Grand Prix,3,Rosberg,2,8
32,2008,15,Singapore Grand Prix,1,Hamilton,3,6
32,2008,15,Singapore Grand Prix,10,Glock,4,5
32,2008,15,Singapore Grand Prix,20,Vettel,5,4
32,2008,15,Singapore Grand Prix,2,Heidfeld,6,3
32,2008,15,Singapore Grand Prix,14,Coulthard,7,2
32,2008,15,Singapore Grand Prix,6,Nakajima,8,1
32,2008,15,Singapore Grand Prix,18,Button,9,0
32,2008,15,Singapore Grand Prix,5,Kovalainen,10,0
32,2008,15,Singapore Grand Prix,9,Kubica,11,0
32,2008,15,Singapore Grand Prix,7,Bourdais,12,0
32,2008,15,Singapore Grand Prix,13,Massa,13,0
32,2008,15,Singapore Grand Prix,21,Fisichella,14,0
32,2008,15,Singapore Grand Prix,8,Räikkönen,15,0
33,2008,16,Japanese Grand Prix,4,Alonso,1,10
33,2008,16,Japanese Grand Prix,9,Kubica,2,8
33,2008,16,Japanese Grand Prix,8,Räikkönen,3,6
33,2008,16,Japanese Grand Prix,12,Piquet Jr.,4,5
33,2008,16,Japanese Grand Prix,15,Trulli,5,4
33,2008,16,Japanese Grand Prix,20,Vettel,6,3
33,2008,16,Japanese Grand Prix,13,Massa,7,2
33,2008,16,Japanese Grand Prix,17,Webber,8,1
33,2008,16,Japanese Grand Prix,2,Heidfeld,9,0
33,2008,16,Japanese Grand Prix,7,Bourdais,10,0
33,2008,16,Japanese Grand Prix,3,Rosberg,11,0
33,2008,16,Japanese Grand Prix,1,Hamilton,12,0
33,2008,16,Japanese Grand Prix,22,Barrichello,13,0
33,2008,16,Japanese Grand Prix,18,Button,14,0
33,2008,16,Japanese Grand Prix,6,Nakajima,15,0
34,2008,17,Chinese Grand Prix,1,Hamilton,1,10
34,2008,17,Chinese Grand Prix,13,Massa,2,8
34,2008,17,Chinese Grand Prix,8,Räikkönen,3,6
34,2008,17,Chinese Grand Prix,4,Alonso,4,5
34,2008,17,Chinese Grand Prix,2,Heidfeld,5,4
34,2008,17,Chinese Grand Prix,9,Kubica,6,3
34,2008,17,Chinese Grand Prix,10,Glock,7,2
34,2008,17,Chinese Grand Prix,12,Piquet Jr.,8,1
34,2008,17,Chinese Grand Prix,20,Vettel,9,0
34,2008,17,Chinese Grand Prix,14,Coulthard,10,0
34,2008,17,Chinese Grand Prix,22,Barrichello,11,0
34,2008,17,Chinese Grand Prix,6,Nakajima,12,0
34,2008,17,Chinese Grand Prix,7,Bourdais,13,0
34,2008,17,Chinese Grand Prix,17,Webber,14,0
34,2008,17,Chinese Grand Prix,3,Rosberg,15,0
34,2008,17,Chinese Grand Prix,18,Button,16,0
34,2008,17,Chinese Grand Prix,21,Fisichella,17,0
35,2008,18,Brazilian Grand Prix,13,Massa,1,10
35,2008,18,Brazilian Grand Prix,4,Alonso,2,8
35,2008,18,Brazilian Grand Prix,8,Räikkönen,3,6
35,2008,18,Brazilian Grand Prix,20,Vettel,4,5
35,2008,18,Brazilian Grand Prix,1,Hamilton,5,4
35,2008,18,Brazilian Grand Prix,10,Glock,6,3
35,2008,18,Brazilian Grand Prix,5,Kovalainen,7,2
35,2008,18,Brazilian Grand Prix,15,Trulli,8,1
35,2008,18,Brazilian Grand Prix,17,Webber,9,0
35,2008,18,Brazilian Grand Prix,2,Heidfeld,10,0
35,2008,18,Brazilian Grand Prix,9,Kubica,11,0
35,2008,18,Brazilian Grand Prix,3,Rosberg,12,0
35,2008,18,Brazilian Grand Prix,18,Button,13,0
35,2008,18,Brazilian Grand Prix,7,Bourdais,14,0
35,2008,18,Brazilian Grand Prix,22,Barrichello,15,0
35,2008,18,Brazilian Grand Prix,16,Sutil,16,0
35,2008,18,Brazilian Grand Prix,6,Nakajima,17,0
35,2008,18,Brazilian Grand Prix,21,Fisichella,18,0
36,2007,1,Australian Grand Prix,8,Räikkönen,1,10
36,2007,1,Australian Grand Prix,4,Alonso,2,8
36,2007,1,Australian Grand Prix,1,Hamilton,3,6
36,2007,1,Australian Grand Prix,2,Heidfeld,4,5
36,2007,1,Australian Grand Prix,21,Fisichella,5,4
36,2007,1,Australian Grand Prix,13,Massa,6,3
36,2007,1,Australian Grand Prix,3,Rosberg,7,2
36,2007,1,Australian Grand Prix,23,Schumacher,8,1
36,2007,1,Australian Grand Prix,15,Trulli,9,0
36,2007,1,Australian Grand Prix,5,Kovalainen,10,0
36,2007,1,Australian Grand Prix,22,Barrichello,11,0
36,2007,1,Australian Grand Prix,11,Sato,12,0
36,2007,1,Australian Grand Prix,17,Webber,13,0
36,2007,1,Australian Grand Prix,24,Liuzzi,14,0
36,2007,1,Australian Grand Prix,18,Button,15,0
36,2007,1,Australian Grand Prix,19,Davidson,16,0
36,2007,1,Australian Grand Prix,16,Sutil,17,0
37,2007,2,Malaysian Grand Prix,4,Alonso,1,10
37,2007,2,Malaysian Grand Prix,1,Hamilton,2,8
37,2007,2,Malaysian Grand Prix,8,Räikkönen,3,6
37,2007,2,Malaysian Grand Prix,2,Heidfeld,4,5
37,2007,2,Malaysian Grand Prix,13,Massa,5,4
37,2007,2,Malaysian Grand Prix,21,Fisichella,6,3
37,2007,2,Malaysian Grand Prix,15,Trulli,7,2
37,2007,2,Malaysian Grand Prix,5,Kovalainen,8,1
37,2007,2,Malaysian Grand Prix,25,Wurz,9,0
37,2007,2,Malaysian Grand Prix,17,Webber,10,0
37,2007,2,Malaysian Grand Prix,22,Barrichello,11,0
37,2007,2,Malaysian Grand Prix,18,Button,12,0
37,2007,2,Malaysian Grand Prix,11,Sato,13,0
37,2007,2,Malaysian Grand Prix,26,Speed,14,0
37,2007,2,Malaysian Grand Prix,23,Schumacher,15,0
37,2007,2,Malaysian Grand Prix,19,Davidson,16,0
37,2007,2,Malaysian Grand Prix,24,Liuzzi,17,0
37,2007,2,Malaysian Grand Prix,9,Kubica,18,0
38,2007,3,Bahrain Grand Prix,13,Massa,1,10
38,2007,3,Bahrain Grand Prix,1,Hamilton,2,8
38,2007,3,Bahrain Grand Prix,8,Räikkönen,3,6
38,2007,3,Bahrain Grand Prix,2,Heidfeld,4,5
38,2007,3,Bahrain Grand Prix,4,Alonso,5,4
38,2007,3,Bahrain Grand Prix,9,Kubica,6,3
38,2007,3,Bahrain Grand Prix,15,Trulli,7,2
38,2007,3,Bahrain Grand Prix,21,Fisichella,8,1
38,2007,3,Bahrain Grand Prix,5,Kovalainen,9,0
38,2007,3,Bahrain Grand Prix,3,Rosberg,10,0
38,2007,3,Bahrain Grand Prix,25,Wurz,11,0
38,2007,3,Bahrain Grand Prix,23,Schumacher,12,0
38,2007,3,Bahrain Grand Prix,22,Barrichello,13,0
38,2007,3,Bahrain Grand Prix,27,Albers,14,0
38,2007,3,Bahrain Grand Prix,16,Sutil,15,0
38,2007,3,Bahrain Grand Prix,19,Davidson,16,0
39,2007,4,Spanish Grand Prix,13,Massa,1,10
39,2007,4,Spanish Grand Prix,1,Hamilton,2,8
39,2007,4,Spanish Grand Prix,4,Alonso,3,6
39,2007,4,Spanish Grand Prix,9,Kubica,4,5
39,2007,4,Spanish Grand Prix,14,Coulthard,5,4
39,2007,4,Spanish Grand Prix,3,Rosberg,6,3
39,2007,4,Spanish Grand Prix,5,Kovalainen,7,2
39,2007,4,Spanish Grand Prix,11,Sato,8,1
39,2007,4,Spanish Grand Prix,21,Fisichella,9,0
39,2007,4,Spanish Grand Prix,22,Barrichello,10,0
39,2007,4,Spanish Grand Prix,19,Davidson,11,0
39,2007,4,Spanish Grand Prix,18,Button,12,0
39,2007,4,Spanish Grand Prix,16,Sutil,13,0
39,2007,4,Spanish Grand Prix,27,Albers,14,0
40,2007,5,Monaco Grand Prix,4,Alonso,1,10
40,2007,5,Monaco Grand Prix,1,Hamilton,2,8
40,2007,5,Monaco Grand Prix,13,Massa,3,6
40,2007,5,Monaco Grand Prix,21,Fisichella,4,5
40,2007,5,Monaco Grand Prix,9,Kubica,5,4
40,2007,5,Monaco Grand Prix,2,Heidfeld,6,3
40,2007,5,Monaco Grand Prix,25,Wurz,7,2
40,2007,5,Monaco Grand Prix,8,Räikkönen,8,1
40,2007,5,Monaco Grand Prix,26,Speed,9,0
40,2007,5,Monaco Grand Prix,22,Barrichello,10,0
40,2007,5,Monaco Grand Prix,18,Button,11,0
40,2007,5,Monaco Grand Prix,3,Rosberg,12,0
40,2007,5,Monaco Grand Prix,5,Kovalainen,13,0
40,2007,5,Monaco Grand Prix,14,Coulthard,14,0
40,2007,5,Monaco Grand Prix,15,Trulli,15,0
40,2007,5,Monaco Grand Prix,23,Schumacher,16,0
40,2007,5,Monaco Grand Prix,11,Sato,17,0
40,2007,5,Monaco Grand Prix,19,Davidson,18,0
40,2007,5,Monaco Grand Prix,27,Albers,19,0
41,2007,6,Canadian Grand Prix,1,Hamilton,1,10
41,2007,6,Canadian Grand Prix,2,Heidfeld,2,8
41,2007,6,Canadian Grand Prix,25,Wurz,3,6
41,2007,6,Canadian Grand Prix,5,Kovalainen,4,5
41,2007,6,Canadian Grand Prix,8,Räikkönen,5,4
41,2007,6,Canadian Grand Prix,11,Sato,6,3
41,2007,6,Canadian Grand Prix,4,Alonso,7,2
41,2007,6,Canadian Grand Prix,23,Schumacher,8,1
41,2007,6,Canadian Grand Prix,17,Webber,9,0
41,2007,6,Canadian Grand Prix,3,Rosberg,10,0
41,2007,6,Canadian Grand Prix,19,Davidson,11,0
41,2007,6,Canadian Grand Prix,22,Barrichello,12,0
42,2007,7,United States Grand Prix,1,Hamilton,1,10
42,2007,7,United States Grand Prix,4,Alonso,2,8
42,2007,7,United States Grand Prix,13,Massa,3,6
42,2007,7,United States Grand Prix,8,Räikkönen,4,5
42,2007,7,United States Grand Prix,5,Kovalainen,5,4
42,2007,7,United States Grand Prix,15,Trulli,6,3
42,2007,7,United States Grand Prix,17,Webber,7,2
42,2007,7,United States Grand Prix,20,Vettel,8,1
42,2007,7,United States Grand Prix,21,Fisichella,9,0
42,2007,7,United States Grand Prix,25,Wurz,10,0
42,2007,7,United States Grand Prix,19,Davidson,11,0
42,2007,7,United States Grand Prix,18,Button,12,0
42,2007,7,United States Grand Prix,26,Speed,13,0
42,2007,7,United States Grand Prix,16,Sutil,14,0
42,2007,7,United States Grand Prix,27,Albers,15,0
42,2007,7,United States Grand Prix,3,Rosberg,16,0
42,2007,7,United States Grand Prix,24,Liuzzi,17,0
43,2007,8,French Grand Prix,8,Räikkönen,1,10
43,2007,8,French Grand Prix,13,Massa,2,8
43,2007,8,French Grand Prix,1,Hamilton,3,6
43,2007,8,French Grand Prix,9,Kubica,4,5
43,2007,8,French Grand Prix,2,Heidfeld,5,4
43,2007,8,French Grand Prix,21,Fisichella,6,3
43,2007,8,French Grand Prix,4,Alonso,7,2
43,2007,8,French Grand Prix,18,Button,8,1
43,2007,8,French Grand Prix,3,Rosberg,9,0
43,2007,8,French Grand Prix,23,Schumacher,10,0
43,2007,8,French Grand Prix,22,Barrichello,11,0
43,2007,8,French Grand Prix,17,Webber,12,0
43,2007,8,French Grand Prix,14,Coulthard,13,0
43,2007,8,French Grand Prix,25,Wurz,14,0
43,2007,8,French Grand Prix,5,Kovalainen,15,0
43,2007,8,French Grand Prix,11,Sato,16,0
43,2007,8,French Grand Prix,16,Sutil,17,0
44,2007,9,British Grand Prix,8,Räikkönen,1,10
44,2007,9,British Grand Prix,4,Alonso,2,8
44,2007,9,British Grand Prix,1,Hamilton,3,6
44,2007,9,British Grand Prix,9,Kubica,4,5
44,2007,9,British Grand Prix,13,Massa,5,4
44,2007,9,British Grand Prix,2,Heidfeld,6,3
44,2007,9,British Grand Prix,5,Kovalainen,7,2
44,2007,9,British Grand Prix,21,Fisichella,8,1
44,2007,9,British Grand Prix,22,Barrichello,9,0
44,2007,9,British Grand Prix,18,Button,10,0
44,2007,9,British Grand Prix,14,Coulthard,11,0
44,2007,9,British Grand Prix,3,Rosberg,12,0
44,2007,9,British Grand Prix,25,Wurz,13,0
44,2007,9,British Grand Prix,11,Sato,14,0
44,2007,9,British Grand Prix,27,Albers,15,0
44,2007,9,British Grand Prix,24,Liuzzi,16,0
45,2007,10,European Grand Prix,4,Alonso,1,10
45,2007,10,European Grand Prix,13,Massa,2,8
45,2007,10,European Grand Prix,17,Webber,3,6
45,2007,10,European Grand Prix,25,Wurz,4,5
45,2007,10,European Grand Prix,14,Coulthard,5,4
45,2007,10,European Grand Prix,2,Heidfeld,6,3
45,2007,10,European Grand Prix,9,Kubica,7,2
45,2007,10,European Grand Prix,5,Kovalainen,8,1
45,2007,10,European Grand Prix,1,Hamilton,9,0
45,2007,10,European Grand Prix,21,Fisichella,10,0
45,2007,10,European Grand Prix,22,Barrichello,11,0
45,2007,10,European Grand Prix,19,Davidson,12,0
45,2007,10,European Grand Prix,15,Trulli,13,0
46,2007,11,Hungarian Grand Prix,1,Hamilton,1,10
46,2007,11,Hungarian Grand Prix,8,Räikkönen,2,8
46,2007,11,Hungarian Grand Prix,2,Heidfeld,3,6
46,2007,11,Hungarian Grand Prix,4,Alonso,4,5
46,2007,11,Hungarian Grand Prix,9,Kubica,5,4
46,2007,11,Hungarian Grand Prix,23,Schumacher,6,3
46,2007,11,Hungarian Grand Prix,3,Rosberg,7,2
46,2007,11,Hungarian Grand Prix,5,Kovalainen,8,1
46,2007,11,Hungarian Grand Prix,17,Webber,9,0
46,2007,11,Hungarian Grand Prix,15,Trulli,10,0
46,2007,11,Hungarian Grand Prix,14,Coulthard,11,0
46,2007,11,Hungarian Grand Prix,21,Fisichella,12,0
46,2007,11,Hungarian Grand Prix,13,Massa,13,0
46,2007,11,Hungarian Grand Prix,25,Wurz,14,0
46,2007,11,Hungarian Grand Prix,11,Sato,15,0
46,2007,11,Hungarian Grand Prix,20,Vettel,16,0
46,2007,11,Hungarian Grand Prix,16,Sutil,17,0
46,2007,11,Hungarian Grand Prix,22,Barrichello,18,0
47,2007,12,Turkish Grand Prix,13,Massa,1,10
47,2007,12,Turkish Grand Prix,8,Räikkönen,2,8
47,2007,12,Turkish Grand Prix,4,Alonso,3,6
47,2007,12,Turkish Grand Prix,2,Heidfeld,4,5
47,2007,12,Turkish Grand Prix,1,Hamilton,5,4
47,2007,12,Turkish Grand Prix,5,Kovalainen,6,3
47,2007,12,Turkish Grand Prix,3,Rosberg,7,2
47,2007,12,Turkish Grand Prix,9,Kubica,8,1
47,2007,12,Turkish Grand Prix,21,Fisichella,9,0
47,2007,12,Turkish Grand Prix,14,Coulthard,10,0
47,2007,12,Turkish Grand Prix,25,Wurz,11,0
47,2007,12,Turkish Grand Prix,23,Schumacher,12,0
47,2007,12,Turkish Grand Prix,18,Button,13,0
47,2007,12,Turkish Grand Prix,19,Davidson,14,0
47,2007,12,Turkish Grand Prix,24,Liuzzi,15,0
47,2007,12,Turkish Grand Prix,15,Trulli,16,0
47,2007,12,Turkish Grand Prix,22,Barrichello,17,0
47,2007,12,Turkish Grand Prix,11,Sato,18,0
47,2007,12,Turkish Grand Prix,20,Vettel,19,0
47,2007,12,Turkish Grand Prix,29,Yamamoto,20,0
47,2007,12,Turkish Grand Prix,16,Sutil,21,0
48,2007,13,Italian Grand Prix,4,Alonso,1,10
48,2007,13,Italian Grand Prix,1,Hamilton,2,8
48,2007,13,Italian Grand Prix,8,Räikkönen,3,6
48,2007,13,Italian Grand Prix,2,Heidfeld,4,5
48,2007,13,Italian Grand Prix,9,Kubica,5,4
48,2007,13,Italian Grand Prix,3,Rosberg,6,3
48,2007,13,Italian Grand Prix,5,Kovalainen,7,2
48,2007,13,Italian Grand Prix,18,Button,8,1
48,2007,13,Italian Grand Prix,17,Webber,9,0
48,2007,13,Italian Grand Prix,22,Barrichello,10,0
48,2007,13,Italian Grand Prix,15,Trulli,11,0
48,2007,13,Italian Grand Prix,21,Fisichella,12,0
48,2007,13,Italian Grand Prix,25,Wurz,13,0
48,2007,13,Italian Grand Prix,19,Davidson,14,0
48,2007,13,Italian Grand Prix,23,Schumacher,15,0
48,2007,13,Italian Grand Prix,11,Sato,16,0
48,2007,13,Italian Grand Prix,24,Liuzzi,17,0
48,2007,13,Italian Grand Prix,20,Vettel,18,0
48,2007,13,Italian Grand Prix,16,Sutil,19,0
48,2007,13,Italian Grand Prix,29,Yamamoto,20,0
49,2007,14,Belgian Grand Prix,8,Räikkönen,1,10
49,2007,14,Belgian Grand Prix,13,Massa,2,8
49,2007,14,Belgian Grand Prix,4,Alonso,3,6
49,2007,14,Belgian Grand Prix,1,Hamilton,4,5
49,2007,14,Belgian Grand Prix,2,Heidfeld,5,4
49,2007,14,Belgian Grand Prix,3,Rosberg,6,3
49,2007,14,Belgian Grand Prix,17,Webber,7,2
49,2007,14,Belgian Grand Prix,5,Kovalainen,8,1
49,2007,14,Belgian Grand Prix,9,Kubica,9,0
49,2007,14,Belgian Grand Prix,23,Schumacher,10,0
49,2007,14,Belgian Grand Prix,15,Trulli,11,0
49,2007,14,Belgian Grand Prix,24,Liuzzi,12,0
49,2007,14,Belgian Grand Prix,22,Barrichello,13,0
49,2007,14,Belgian Grand Prix,16,Sutil,14,0
49,2007,14,Belgian Grand Prix,11,Sato,15,0
49,2007,14,Belgian Grand Prix,19,Davidson,16,0
49,2007,14,Belgian Grand Prix,29,Yamamoto,17,0
50,2007,15,Japanese Grand Prix,1,Hamilton,1,10
50,2007,15,Japanese Grand Prix,5,Kovalainen,2,8
50,2007,15,Japanese Grand Prix,8,Räikkönen,3,6
50,2007,15,Japanese Grand Prix,14,Coulthard,4,5
50,2007,15,Japanese Grand Prix,21,Fisichella,5,4
50,2007,15,Japanese Grand Prix,13,Massa,6,3
50,2007,15,Japanese Grand Prix,9,Kubica,7,2
50,2007,15,Japanese Grand Prix,16,Sutil,8,1
50,2007,15,Japanese Grand Prix,24,Liuzzi,9,0
50,2007,15,Japanese Grand Prix,22,Barrichello,10,0
50,2007,15,Japanese Grand Prix,18,Button,11,0
50,2007,15,Japanese Grand Prix,29,Yamamoto,12,0
50,2007,15,Japanese Grand Prix,15,Trulli,13,0
50,2007,15,Japanese Grand Prix,2,Heidfeld,14,0
50,2007,15,Japanese Grand Prix,11,Sato,15,0
51,2007,16,Chinese Grand Prix,8,Räikkönen,1,10
51,2007,16,Chinese Grand Prix,4,Alonso,2,8
51,2007,16,Chinese Grand Prix,13,Massa,3,6
51,2007,16,Chinese Grand Prix,20,Vettel,4,5
51,2007,16,Chinese Grand Prix,18,Button,5,4
51,2007,16,Chinese Grand Prix,24,Liuzzi,6,3
51,2007,16,Chinese Grand Prix,2,Heidfeld,7,2
51,2007,16,Chinese Grand Prix,14,Coulthard,8,1
51,2007,16,Chinese Grand Prix,5,Kovalainen,9,0
51,2007,16,Chinese Grand Prix,17,Webber,10,0
51,2007,16,Chinese Grand Prix,21,Fisichella,11,0
51,2007,16,Chinese Grand Prix,25,Wurz,12,0
51,2007,16,Chinese Grand Prix,15,Trulli,13,0
51,2007,16,Chinese Grand Prix,11,Sato,14,0
51,2007,16,Chinese Grand Prix,22,Barrichello,15,0
51,2007,16,Chinese Grand Prix,3,Rosberg,16,0
51,2007,16,Chinese Grand Prix,29,Yamamoto,17,0
52,2007,17,Brazilian Grand Prix,8,Räikkönen,1,10
52,2007,17,Brazilian Grand Prix,13,Massa,2,8
52,2007,17,Brazilian Grand Prix,4,Alonso,3,6
52,2007,17,Brazilian Grand Prix,3,Rosberg,4,5
52,2007,17,Brazilian Grand Prix,9,Kubica,5,4
52,2007,17,Brazilian Grand Prix,2,Heidfeld,6,3
52,2007,17,Brazilian Grand Prix,1,Hamilton,7,2
52,2007,17,Brazilian Grand Prix,15,Trulli,8,1
52,2007,17,Brazilian Grand Prix,14,Coulthard,9,0
52,2007,17,Brazilian Grand Prix,6,Nakajima,10,0
52,2007,17,Brazilian Grand Prix,23,Schumacher,11,0
52,2007,17,Brazilian Grand Prix,11,Sato,12,0
52,2007,17,Brazilian Grand Prix,24,Liuzzi,13,0
52,2007,17,Brazilian Grand Prix,19,Davidson,14,0
53,2006,1,Bahrain Grand Prix,4,Alonso,1,10
53,2006,1,Bahrain Grand Prix,30,Schumacher,2,8
53,2006,1,Bahrain Grand Prix,8,Räikkönen,3,6
53,2006,1,Bahrain Grand Prix,18,Button,4,5
53,2006,1,Bahrain Grand Prix,31,Pablo Montoya,5,4
53,2006,1,Bahrain Grand Prix,17,Webber,6,3
53,2006,1,Bahrain Grand Prix,3,Rosberg,7,2
53,2006,1,Bahrain Grand Prix,32,Klien,8,1
53,2006,1,Bahrain Grand Prix,13,Massa,9,0
53,2006,1,Bahrain Grand Prix,14,Coulthard,10,0
53,2006,1,Bahrain Grand Prix,24,Liuzzi,11,0
53,2006,1,Bahrain Grand Prix,2,Heidfeld,12,0
53,2006,1,Bahrain Grand Prix,26,Speed,13,0
53,2006,1,Bahrain Grand Prix,23,Schumacher,14,0
53,2006,1,Bahrain Grand Prix,22,Barrichello,15,0
53,2006,1,Bahrain Grand Prix,15,Trulli,16,0
53,2006,1,Bahrain Grand Prix,33,Monteiro,17,0
53,2006,1,Bahrain Grand Prix,11,Sato,18,0
54,2006,2,Malaysian Grand Prix,21,Fisichella,1,10
54,2006,2,Malaysian Grand Prix,4,Alonso,2,8
54,2006,2,Malaysian Grand Prix,18,Button,3,6
54,2006,2,Malaysian Grand Prix,31,Pablo Montoya,4,5
54,2006,2,Malaysian Grand Prix,13,Massa,5,4
54,2006,2,Malaysian Grand Prix,30,Schumacher,6,3
54,2006,2,Malaysian Grand Prix,35,Villeneuve,7,2
54,2006,2,Malaysian Grand Prix,23,Schumacher,8,1
54,2006,2,Malaysian Grand Prix,15,Trulli,9,0
54,2006,2,Malaysian Grand Prix,22,Barrichello,10,0
54,2006,2,Malaysian Grand Prix,24,Liuzzi,11,0
54,2006,2,Malaysian Grand Prix,27,Albers,12,0
54,2006,2,Malaysian Grand Prix,33,Monteiro,13,0
54,2006,2,Malaysian Grand Prix,11,Sato,14,0
55,2006,3,Australian Grand Prix,4,Alonso,1,10
55,2006,3,Australian Grand Prix,8,Räikkönen,2,8
55,2006,3,Australian Grand Prix,23,Schumacher,3,6
55,2006,3,Australian Grand Prix,2,Heidfeld,4,5
55,2006,3,Australian Grand Prix,21,Fisichella,5,4
55,2006,3,Australian Grand Prix,35,Villeneuve,6,3
55,2006,3,Australian Grand Prix,22,Barrichello,7,2
55,2006,3,Australian Grand Prix,14,Coulthard,8,1
55,2006,3,Australian Grand Prix,26,Speed,9,0
55,2006,3,Australian Grand Prix,18,Button,10,0
55,2006,3,Australian Grand Prix,27,Albers,11,0
55,2006,3,Australian Grand Prix,11,Sato,12,0
55,2006,3,Australian Grand Prix,34,Ide,13,0
56,2006,4,San Marino Grand Prix,30,Schumacher,1,10
56,2006,4,San Marino Grand Prix,4,Alonso,2,8
56,2006,4,San Marino Grand Prix,31,Pablo Montoya,3,6
56,2006,4,San Marino Grand Prix,13,Massa,4,5
56,2006,4,San Marino Grand Prix,8,Räikkönen,5,4
56,2006,4,San Marino Grand Prix,17,Webber,6,3
56,2006,4,San Marino Grand Prix,18,Button,7,2
56,2006,4,San Marino Grand Prix,21,Fisichella,8,1
56,2006,4,San Marino Grand Prix,23,Schumacher,9,0
56,2006,4,San Marino Grand Prix,22,Barrichello,10,0
56,2006,4,San Marino Grand Prix,3,Rosberg,11,0
56,2006,4,San Marino Grand Prix,35,Villeneuve,12,0
56,2006,4,San Marino Grand Prix,2,Heidfeld,13,0
56,2006,4,San Marino Grand Prix,24,Liuzzi,14,0
56,2006,4,San Marino Grand Prix,26,Speed,15,0
56,2006,4,San Marino Grand Prix,33,Monteiro,16,0
57,2006,5,European Grand Prix,30,Schumacher,1,10
57,2006,5,European Grand Prix,4,Alonso,2,8
57,2006,5,European Grand Prix,13,Massa,3,6
57,2006,5,European Grand Prix,8,Räikkönen,4,5
57,2006,5,European Grand Prix,22,Barrichello,5,4
57,2006,5,European Grand Prix,21,Fisichella,6,3
57,2006,5,European Grand Prix,3,Rosberg,7,2
57,2006,5,European Grand Prix,35,Villeneuve,8,1
57,2006,5,European Grand Prix,15,Trulli,9,0
57,2006,5,European Grand Prix,2,Heidfeld,10,0
57,2006,5,European Grand Prix,26,Speed,11,0
57,2006,5,European Grand Prix,33,Monteiro,12,0
57,2006,5,European Grand Prix,27,Albers,13,0
58,2006,6,Spanish Grand Prix,4,Alonso,1,10
58,2006,6,Spanish Grand Prix,30,Schumacher,2,8
58,2006,6,Spanish Grand Prix,21,Fisichella,3,6
58,2006,6,Spanish Grand Prix,13,Massa,4,5
58,2006,6,Spanish Grand Prix,8,Räikkönen,5,4
58,2006,6,Spanish Grand Prix,18,Button,6,3
58,2006,6,Spanish Grand Prix,22,Barrichello,7,2
58,2006,6,Spanish Grand Prix,2,Heidfeld,8,1
58,2006,6,Spanish Grand Prix,17,Webber,9,0
58,2006,6,Spanish Grand Prix,15,Trulli,10,0
58,2006,6,Spanish Grand Prix,3,Rosberg,11,0
58,2006,6,Spanish Grand Prix,35,Villeneuve,12,0
58,2006,6,Spanish Grand Prix,32,Klien,13,0
58,2006,6,Spanish Grand Prix,14,Coulthard,14,0
58,2006,6,Spanish Grand Prix,24,Liuzzi,15,0
58,2006,6,Spanish Grand Prix,33,Monteiro,16,0
58,2006,6,Spanish Grand Prix,11,Sato,17,0
59,2006,7,Monaco Grand Prix,4,Alonso,1,10
59,2006,7,Monaco Grand Prix,31,Pablo Montoya,2,8
59,2006,7,Monaco Grand Prix,14,Coulthard,3,6
59,2006,7,Monaco Grand Prix,22,Barrichello,4,5
59,2006,7,Monaco Grand Prix,30,Schumacher,5,4
59,2006,7,Monaco Grand Prix,21,Fisichella,6,3
59,2006,7,Monaco Grand Prix,2,Heidfeld,7,2
59,2006,7,Monaco Grand Prix,23,Schumacher,8,1
59,2006,7,Monaco Grand Prix,13,Massa,9,0
59,2006,7,Monaco Grand Prix,24,Liuzzi,10,0
59,2006,7,Monaco Grand Prix,18,Button,11,0
59,2006,7,Monaco Grand Prix,27,Albers,12,0
59,2006,7,Monaco Grand Prix,26,Speed,13,0
59,2006,7,Monaco Grand Prix,35,Villeneuve,14,0
59,2006,7,Monaco Grand Prix,33,Monteiro,15,0
59,2006,7,Monaco Grand Prix,36,Montagny,16,0
59,2006,7,Monaco Grand Prix,15,Trulli,17,0
60,2006,8,British Grand Prix,4,Alonso,1,10
60,2006,8,British Grand Prix,30,Schumacher,2,8
60,2006,8,British Grand Prix,8,Räikkönen,3,6
60,2006,8,British Grand Prix,21,Fisichella,4,5
60,2006,8,British Grand Prix,13,Massa,5,4
60,2006,8,British Grand Prix,31,Pablo Montoya,6,3
60,2006,8,British Grand Prix,2,Heidfeld,7,2
60,2006,8,British Grand Prix,35,Villeneuve,8,1
60,2006,8,British Grand Prix,3,Rosberg,9,0
60,2006,8,British Grand Prix,22,Barrichello,10,0
60,2006,8,British Grand Prix,15,Trulli,11,0
60,2006,8,British Grand Prix,14,Coulthard,12,0
60,2006,8,British Grand Prix,24,Liuzzi,13,0
60,2006,8,British Grand Prix,32,Klien,14,0
60,2006,8,British Grand Prix,27,Albers,15,0
60,2006,8,British Grand Prix,33,Monteiro,16,0
60,2006,8,British Grand Prix,11,Sato,17,0
60,2006,8,British Grand Prix,36,Montagny,18,0
61,2006,9,Canadian Grand Prix,4,Alonso,1,10
61,2006,9,Canadian Grand Prix,30,Schumacher,2,8
61,2006,9,Canadian Grand Prix,8,Räikkönen,3,6
61,2006,9,Canadian Grand Prix,21,Fisichella,4,5
61,2006,9,Canadian Grand Prix,13,Massa,5,4
61,2006,9,Canadian Grand Prix,15,Trulli,6,3
61,2006,9,Canadian Grand Prix,2,Heidfeld,7,2
61,2006,9,Canadian Grand Prix,14,Coulthard,8,1
61,2006,9,Canadian Grand Prix,18,Button,9,0
61,2006,9,Canadian Grand Prix,26,Speed,10,0
61,2006,9,Canadian Grand Prix,32,Klien,11,0
61,2006,9,Canadian Grand Prix,17,Webber,12,0
61,2006,9,Canadian Grand Prix,24,Liuzzi,13,0
61,2006,9,Canadian Grand Prix,33,Monteiro,14,0
61,2006,9,Canadian Grand Prix,11,Sato,15,0
62,2006,10,United States Grand Prix,30,Schumacher,1,10
62,2006,10,United States Grand Prix,13,Massa,2,8
62,2006,10,United States Grand Prix,21,Fisichella,3,6
62,2006,10,United States Grand Prix,15,Trulli,4,5
62,2006,10,United States Grand Prix,4,Alonso,5,4
62,2006,10,United States Grand Prix,22,Barrichello,6,3
62,2006,10,United States Grand Prix,14,Coulthard,7,2
62,2006,10,United States Grand Prix,24,Liuzzi,8,1
62,2006,10,United States Grand Prix,3,Rosberg,9,0
63,2006,11,French Grand Prix,30,Schumacher,1,10
63,2006,11,French Grand Prix,4,Alonso,2,8
63,2006,11,French Grand Prix,13,Massa,3,6
63,2006,11,French Grand Prix,23,Schumacher,4,5
63,2006,11,French Grand Prix,8,Räikkönen,5,4
63,2006,11,French Grand Prix,21,Fisichella,6,3
63,2006,11,French Grand Prix,37,de la Rosa,7,2
63,2006,11,French Grand Prix,2,Heidfeld,8,1
63,2006,11,French Grand Prix,14,Coulthard,9,0
63,2006,11,French Grand Prix,26,Speed,10,0
63,2006,11,French Grand Prix,35,Villeneuve,11,0
63,2006,11,French Grand Prix,32,Klien,12,0
63,2006,11,French Grand Prix,24,Liuzzi,13,0
63,2006,11,French Grand Prix,3,Rosberg,14,0
63,2006,11,French Grand Prix,27,Albers,15,0
63,2006,11,French Grand Prix,36,Montagny,16,0
64,2006,12,German Grand Prix,30,Schumacher,1,10
64,2006,12,German Grand Prix,13,Massa,2,8
64,2006,12,German Grand Prix,8,Räikkönen,3,6
64,2006,12,German Grand Prix,18,Button,4,5
64,2006,12,German Grand Prix,4,Alonso,5,4
64,2006,12,German Grand Prix,21,Fisichella,6,3
64,2006,12,German Grand Prix,15,Trulli,7,2
64,2006,12,German Grand Prix,32,Klien,8,1
64,2006,12,German Grand Prix,23,Schumacher,9,0
64,2006,12,German Grand Prix,24,Liuzzi,10,0
64,2006,12,German Grand Prix,14,Coulthard,11,0
64,2006,12,German Grand Prix,26,Speed,12,0
65,2006,13,Hungarian Grand Prix,18,Button,1,10
65,2006,13,Hungarian Grand Prix,37,de la Rosa,2,8
65,2006,13,Hungarian Grand Prix,2,Heidfeld,3,6
65,2006,13,Hungarian Grand Prix,22,Barrichello,4,5
65,2006,13,Hungarian Grand Prix,14,Coulthard,5,4
65,2006,13,Hungarian Grand Prix,23,Schumacher,6,3
65,2006,13,Hungarian Grand Prix,13,Massa,7,2
65,2006,13,Hungarian Grand Prix,30,Schumacher,8,1
65,2006,13,Hungarian Grand Prix,33,Monteiro,9,0
65,2006,13,Hungarian Grand Prix,27,Albers,10,0
65,2006,13,Hungarian Grand Prix,26,Speed,11,0
65,2006,13,Hungarian Grand Prix,15,Trulli,12,0
65,2006,13,Hungarian Grand Prix,11,Sato,13,0
66,2006,14,Turkish Grand Prix,13,Massa,1,10
66,2006,14,Turkish Grand Prix,4,Alonso,2,8
66,2006,14,Turkish Grand Prix,30,Schumacher,3,6
66,2006,14,Turkish Grand Prix,18,Button,4,5
66,2006,14,Turkish Grand Prix,37,de la Rosa,5,4
66,2006,14,Turkish Grand Prix,21,Fisichella,6,3
66,2006,14,Turkish Grand Prix,23,Schumacher,7,2
66,2006,14,Turkish Grand Prix,22,Barrichello,8,1
66,2006,14,Turkish Grand Prix,15,Trulli,9,0
66,2006,14,Turkish Grand Prix,17,Webber,10,0
66,2006,14,Turkish Grand Prix,32,Klien,11,0
66,2006,14,Turkish Grand Prix,9,Kubica,12,0
66,2006,14,Turkish Grand Prix,26,Speed,13,0
66,2006,14,Turkish Grand Prix,2,Heidfeld,14,0
66,2006,14,Turkish Grand Prix,14,Coulthard,15,0
67,2006,15,Italian Grand Prix,30,Schumacher,1,10
67,2006,15,Italian Grand Prix,8,Räikkönen,2,8
67,2006,15,Italian Grand Prix,9,Kubica,3,6
67,2006,15,Italian Grand Prix,21,Fisichella,4,5
67,2006,15,Italian Grand Prix,18,Button,5,4
67,2006,15,Italian Grand Prix,22,Barrichello,6,3
67,2006,15,Italian Grand Prix,15,Trulli,7,2
67,2006,15,Italian Grand Prix,2,Heidfeld,8,1
67,2006,15,Italian Grand Prix,13,Massa,9,0
67,2006,15,Italian Grand Prix,17,Webber,10,0
67,2006,15,Italian Grand Prix,32,Klien,11,0
67,2006,15,Italian Grand Prix,14,Coulthard,12,0
67,2006,15,Italian Grand Prix,26,Speed,13,0
67,2006,15,Italian Grand Prix,24,Liuzzi,14,0
67,2006,15,Italian Grand Prix,23,Schumacher,15,0
67,2006,15,Italian Grand Prix,11,Sato,16,0
67,2006,15,Italian Grand Prix,27,Albers,17,0
68,2006,16,Chinese Grand Prix,30,Schumacher,1,10
68,2006,16,Chinese Grand Prix,4,Alonso,2,8
68,2006,16,Chinese Grand Prix,21,Fisichella,3,6
68,2006,16,Chinese Grand Prix,18,Button,4,5
68,2006,16,Chinese Grand Prix,37,de la Rosa,5,4
68,2006,16,Chinese Grand Prix,22,Barrichello,6,3
68,2006,16,Chinese Grand Prix,2,Heidfeld,7,2
68,2006,16,Chinese Grand Prix,17,Webber,8,1
68,2006,16,Chinese Grand Prix,14,Coulthard,9,0
68,2006,16,Chinese Grand Prix,24,Liuzzi,10,0
68,2006,16,Chinese Grand Prix,3,Rosberg,11,0
68,2006,16,Chinese Grand Prix,38,Doornbos,12,0
68,2006,16,Chinese Grand Prix,9,Kubica,13,0
68,2006,16,Chinese Grand Prix,26,Speed,14,0
68,2006,16,Chinese Grand Prix,27,Albers,15,0
68,2006,16,Chinese Grand Prix,29,Yamamoto,16,0
69,2006,17,Japanese Grand Prix,4,Alonso,1,10
69,2006,17,Japanese Grand Prix,13,Massa,2,8
69,2006,17,Japanese Grand Prix,21,Fisichella,3,6
69,2006,17,Japanese Grand Prix,18,Button,4,5
69,2006,17,Japanese Grand Prix,8,Räikkönen,5,4
69,2006,17,Japanese Grand Prix,15,Trulli,6,3
69,2006,17,Japanese Grand Prix,23,Schumacher,7,2
69,2006,17,Japanese Grand Prix,2,Heidfeld,8,1
69,2006,17,Japanese Grand Prix,9,Kubica,9,0
69,2006,17,Japanese Grand Prix,3,Rosberg,10,0
69,2006,17,Japanese Grand Prix,37,de la Rosa,11,0
69,2006,17,Japanese Grand Prix,22,Barrichello,12,0
69,2006,17,Japanese Grand Prix,38,Doornbos,13,0
69,2006,17,Japanese Grand Prix,24,Liuzzi,14,0
69,2006,17,Japanese Grand Prix,11,Sato,15,0
69,2006,17,Japanese Grand Prix,33,Monteiro,16,0
69,2006,17,Japanese Grand Prix,29,Yamamoto,17,0
69,2006,17,Japanese Grand Prix,26,Speed,18,0
70,2006,18,Brazilian Grand Prix,13,Massa,1,10
70,2006,18,Brazilian Grand Prix,4,Alonso,2,8
70,2006,18,Brazilian Grand Prix,18,Button,3,6
70,2006,18,Brazilian Grand Prix,30,Schumacher,4,5
70,2006,18,Brazilian Grand Prix,8,Räikkönen,5,4
70,2006,18,Brazilian Grand Prix,21,Fisichella,6,3
70,2006,18,Brazilian Grand Prix,22,Barrichello,7,2
70,2006,18,Brazilian Grand Prix,37,de la Rosa,8,1
70,2006,18,Brazilian Grand Prix,9,Kubica,9,0
70,2006,18,Brazilian Grand Prix,11,Sato,10,0
70,2006,18,Brazilian Grand Prix,26,Speed,11,0
70,2006,18,Brazilian Grand Prix,38,Doornbos,12,0
70,2006,18,Brazilian Grand Prix,24,Liuzzi,13,0
70,2006,18,Brazilian Grand Prix,27,Albers,14,0
70,2006,18,Brazilian Grand Prix,33,Monteiro,15,0
70,2006,18,Brazilian Grand Prix,29,Yamamoto,16,0
70,2006,18,Brazilian Grand Prix,2,Heidfeld,17,0
71,2005,1,Australian Grand Prix,21,Fisichella,1,10
71,2005,1,Australian Grand Prix,22,Barrichello,2,8
71,2005,1,Australian Grand Prix,4,Alonso,3,6
71,2005,1,Australian Grand Prix,14,Coulthard,4,5
71,2005,1,Australian Grand Prix,17,Webber,5,4
71,2005,1,Australian Grand Prix,31,Pablo Montoya,6,3
71,2005,1,Australian Grand Prix,32,Klien,7,2
71,2005,1,Australian Grand Prix,8,Räikkönen,8,1
71,2005,1,Australian Grand Prix,15,Trulli,9,0
71,2005,1,Australian Grand Prix,13,Massa,10,0
71,2005,1,Australian Grand Prix,23,Schumacher,12,0
71,2005,1,Australian Grand Prix,35,Villeneuve,13,0
71,2005,1,Australian Grand Prix,39,Karthikeyan,15,0
71,2005,1,Australian Grand Prix,33,Monteiro,16,0
71,2005,1,Australian Grand Prix,40,Friesacher,17,0
72,2005,2,Malaysian Grand Prix,4,Alonso,1,10
72,2005,2,Malaysian Grand Prix,15,Trulli,2,8
72,2005,2,Malaysian Grand Prix,2,Heidfeld,3,6
72,2005,2,Malaysian Grand Prix,31,Pablo Montoya,4,5
72,2005,2,Malaysian Grand Prix,23,Schumacher,5,4
72,2005,2,Malaysian Grand Prix,14,Coulthard,6,3
72,2005,2,Malaysian Grand Prix,30,Schumacher,7,2
72,2005,2,Malaysian Grand Prix,32,Klien,8,1
72,2005,2,Malaysian Grand Prix,8,Räikkönen,9,0
72,2005,2,Malaysian Grand Prix,13,Massa,10,0
72,2005,2,Malaysian Grand Prix,39,Karthikeyan,11,0
72,2005,2,Malaysian Grand Prix,33,Monteiro,12,0
72,2005,2,Malaysian Grand Prix,27,Albers,13,0
73,2005,3,Bahrain Grand Prix,4,Alonso,1,10
73,2005,3,Bahrain Grand Prix,15,Trulli,2,8
73,2005,3,Bahrain Grand Prix,8,Räikkönen,3,6
73,2005,3,Bahrain Grand Prix,23,Schumacher,4,5
73,2005,3,Bahrain Grand Prix,37,de la Rosa,5,4
73,2005,3,Bahrain Grand Prix,17,Webber,6,3
73,2005,3,Bahrain Grand Prix,13,Massa,7,2
73,2005,3,Bahrain Grand Prix,14,Coulthard,8,1
73,2005,3,Bahrain Grand Prix,22,Barrichello,9,0
73,2005,3,Bahrain Grand Prix,33,Monteiro,10,0
73,2005,3,Bahrain Grand Prix,35,Villeneuve,11,0
73,2005,3,Bahrain Grand Prix,40,Friesacher,12,0
73,2005,3,Bahrain Grand Prix,27,Albers,13,0
74,2005,4,San Marino Grand Prix,4,Alonso,1,10
74,2005,4,San Marino Grand Prix,30,Schumacher,2,8
74,2005,4,San Marino Grand Prix,25,Wurz,3,6
74,2005,4,San Marino Grand Prix,35,Villeneuve,4,5
74,2005,4,San Marino Grand Prix,15,Trulli,5,4
74,2005,4,San Marino Grand Prix,2,Heidfeld,6,3
74,2005,4,San Marino Grand Prix,17,Webber,7,2
74,2005,4,San Marino Grand Prix,24,Liuzzi,8,1
74,2005,4,San Marino Grand Prix,23,Schumacher,9,0
74,2005,4,San Marino Grand Prix,13,Massa,10,0
74,2005,4,San Marino Grand Prix,14,Coulthard,11,0
74,2005,4,San Marino Grand Prix,39,Karthikeyan,12,0
74,2005,4,San Marino Grand Prix,33,Monteiro,13,0
75,2005,5,Spanish Grand Prix,8,Räikkönen,1,10
75,2005,5,Spanish Grand Prix,4,Alonso,2,8
75,2005,5,Spanish Grand Prix,15,Trulli,3,6
75,2005,5,Spanish Grand Prix,23,Schumacher,4,5
75,2005,5,Spanish Grand Prix,21,Fisichella,5,4
75,2005,5,Spanish Grand Prix,17,Webber,6,3
75,2005,5,Spanish Grand Prix,31,Pablo Montoya,7,2
75,2005,5,Spanish Grand Prix,14,Coulthard,8,1
75,2005,5,Spanish Grand Prix,22,Barrichello,9,0
75,2005,5,Spanish Grand Prix,2,Heidfeld,10,0
75,2005,5,Spanish Grand Prix,13,Massa,11,0
75,2005,5,Spanish Grand Prix,33,Monteiro,12,0
75,2005,5,Spanish Grand Prix,39,Karthikeyan,13,0
76,2005,6,Monaco Grand Prix,8,Räikkönen,1,10
76,2005,6,Monaco Grand Prix,2,Heidfeld,2,8
76,2005,6,Monaco Grand Prix,17,Webber,3,6
76,2005,6,Monaco Grand Prix,4,Alonso,4,5
76,2005,6,Monaco Grand Prix,31,Pablo Montoya,5,4
76,2005,6,Monaco Grand Prix,23,Schumacher,6,3
76,2005,6,Monaco Grand Prix,30,Schumacher,7,2
76,2005,6,Monaco Grand Prix,22,Barrichello,8,1
76,2005,6,Monaco Grand Prix,13,Massa,9,0
76,2005,6,Monaco Grand Prix,15,Trulli,10,0
76,2005,6,Monaco Grand Prix,35,Villeneuve,11,0
76,2005,6,Monaco Grand Prix,21,Fisichella,12,0
76,2005,6,Monaco Grand Prix,33,Monteiro,13,0
76,2005,6,Monaco Grand Prix,27,Albers,14,0
77,2005,7,European Grand Prix,4,Alonso,1,10
77,2005,7,European Grand Prix,2,Heidfeld,2,8
77,2005,7,European Grand Prix,22,Barrichello,3,6
77,2005,7,European Grand Prix,14,Coulthard,4,5
77,2005,7,European Grand Prix,30,Schumacher,5,4
77,2005,7,European Grand Prix,21,Fisichella,6,3
77,2005,7,European Grand Prix,31,Pablo Montoya,7,2
77,2005,7,European Grand Prix,15,Trulli,8,1
77,2005,7,European Grand Prix,24,Liuzzi,9,0
77,2005,7,European Grand Prix,18,Button,10,0
77,2005,7,European Grand Prix,8,Räikkönen,11,0
77,2005,7,European Grand Prix,11,Sato,12,0
77,2005,7,European Grand Prix,35,Villeneuve,13,0
77,2005,7,European Grand Prix,13,Massa,14,0
77,2005,7,European Grand Prix,33,Monteiro,15,0
77,2005,7,European Grand Prix,39,Karthikeyan,16,0
77,2005,7,European Grand Prix,27,Albers,17,0
77,2005,7,European Grand Prix,40,Friesacher,18,0
78,2005,8,Canadian Grand Prix,8,Räikkönen,1,10
78,2005,8,Canadian Grand Prix,30,Schumacher,2,8
78,2005,8,Canadian Grand Prix,22,Barrichello,3,6
78,2005,8,Canadian Grand Prix,13,Massa,4,5
78,2005,8,Canadian Grand Prix,17,Webber,5,4
78,2005,8,Canadian Grand Prix,23,Schumacher,6,3
78,2005,8,Canadian Grand Prix,14,Coulthard,7,2
78,2005,8,Canadian Grand Prix,32,Klien,8,1
78,2005,8,Canadian Grand Prix,35,Villeneuve,9,0
78,2005,8,Canadian Grand Prix,33,Monteiro,10,0
78,2005,8,Canadian Grand Prix,27,Albers,11,0
79,2005,9,United States Grand Prix,30,Schumacher,1,10
79,2005,9,United States Grand Prix,22,Barrichello,2,8
79,2005,9,United States Grand Prix,33,Monteiro,3,6
79,2005,9,United States Grand Prix,39,Karthikeyan,4,5
79,2005,9,United States Grand Prix,27,Albers,5,4
79,2005,9,United States Grand Prix,40,Friesacher,6,3
80,2005,10,French Grand Prix,4,Alonso,1,10
80,2005,10,French Grand Prix,8,Räikkönen,2,8
80,2005,10,French Grand Prix,30,Schumacher,3,6
80,2005,10,French Grand Prix,18,Button,4,5
80,2005,10,French Grand Prix,15,Trulli,5,4
80,2005,10,French Grand Prix,21,Fisichella,6,3
80,2005,10,French Grand Prix,23,Schumacher,7,2
80,2005,10,French Grand Prix,35,Villeneuve,8,1
80,2005,10,French Grand Prix,22,Barrichello,9,0
80,2005,10,French Grand Prix,14,Coulthard,10,0
80,2005,10,French Grand Prix,11,Sato,11,0
80,2005,10,French Grand Prix,17,Webber,12,0
80,2005,10,French Grand Prix,33,Monteiro,13,0
80,2005,10,French Grand Prix,2,Heidfeld,14,0
80,2005,10,French Grand Prix,39,Karthikeyan,15,0
81,2005,11,British Grand Prix,31,Pablo Montoya,1,10
81,2005,11,British Grand Prix,4,Alonso,2,8
81,2005,11,British Grand Prix,8,Räikkönen,3,6
81,2005,11,British Grand Prix,21,Fisichella,4,5
81,2005,11,British Grand Prix,18,Button,5,4
81,2005,11,British Grand Prix,30,Schumacher,6,3
81,2005,11,British Grand Prix,22,Barrichello,7,2
81,2005,11,British Grand Prix,23,Schumacher,8,1
81,2005,11,British Grand Prix,15,Trulli,9,0
81,2005,11,British Grand Prix,13,Massa,10,0
81,2005,11,British Grand Prix,17,Webber,11,0
81,2005,11,British Grand Prix,2,Heidfeld,12,0
81,2005,11,British Grand Prix,14,Coulthard,13,0
81,2005,11,British Grand Prix,35,Villeneuve,14,0
81,2005,11,British Grand Prix,32,Klien,15,0
81,2005,11,British Grand Prix,11,Sato,16,0
81,2005,11,British Grand Prix,33,Monteiro,17,0
81,2005,11,British Grand Prix,27,Albers,18,0
81,2005,11,British Grand Prix,40,Friesacher,19,0
82,2005,12,German Grand Prix,4,Alonso,1,10
82,2005,12,German Grand Prix,31,Pablo Montoya,2,8
82,2005,12,German Grand Prix,18,Button,3,6
82,2005,12,German Grand Prix,21,Fisichella,4,5
82,2005,12,German Grand Prix,30,Schumacher,5,4
82,2005,12,German Grand Prix,23,Schumacher,6,3
82,2005,12,German Grand Prix,14,Coulthard,7,2
82,2005,12,German Grand Prix,13,Massa,8,1
82,2005,12,German Grand Prix,32,Klien,9,0
82,2005,12,German Grand Prix,22,Barrichello,10,0
82,2005,12,German Grand Prix,2,Heidfeld,11,0
82,2005,12,German Grand Prix,11,Sato,12,0
82,2005,12,German Grand Prix,27,Albers,13,0
82,2005,12,German Grand Prix,15,Trulli,14,0
82,2005,12,German Grand Prix,35,Villeneuve,15,0
82,2005,12,German Grand Prix,39,Karthikeyan,16,0
82,2005,12,German Grand Prix,33,Monteiro,17,0
82,2005,12,German Grand Prix,38,Doornbos,18,0
83,2005,13,Hungarian Grand Prix,8,Räikkönen,1,10
83,2005,13,Hungarian Grand Prix,30,Schumacher,2,8
83,2005,13,Hungarian Grand Prix,23,Schumacher,3,6
83,2005,13,Hungarian Grand Prix,15,Trulli,4,5
83,2005,13,Hungarian Grand Prix,18,Button,5,4
83,2005,13,Hungarian Grand Prix,2,Heidfeld,6,3
83,2005,13,Hungarian Grand Prix,17,Webber,7,2
83,2005,13,Hungarian Grand Prix,11,Sato,8,1
83,2005,13,Hungarian Grand Prix,21,Fisichella,9,0
83,2005,13,Hungarian Grand Prix,22,Barrichello,10,0
83,2005,13,Hungarian Grand Prix,4,Alonso,11,0
83,2005,13,Hungarian Grand Prix,39,Karthikeyan,12,0
83,2005,13,Hungarian Grand Prix,33,Monteiro,13,0
83,2005,13,Hungarian Grand Prix,13,Massa,14,0
84,2005,14,Turkish Grand Prix,8,Räikkönen,1,10
84,2005,14,Turkish Grand Prix,4,Alonso,2,8
84,2005,14,Turkish Grand Prix,31,Pablo Montoya,3,6
84,2005,14,Turkish Grand Prix,21,Fisichella,4,5
84,2005,14,Turkish Grand Prix,18,Button,5,4
84,2005,14,Turkish Grand Prix,15,Trulli,6,3
84,2005,14,Turkish Grand Prix,14,Coulthard,7,2
84,2005,14,Turkish Grand Prix,32,Klien,8,1
84,2005,14,Turkish Grand Prix,11,Sato,9,0
84,2005,14,Turkish Grand Prix,22,Barrichello,10,0
84,2005,14,Turkish Grand Prix,35,Villeneuve,11,0
84,2005,14,Turkish Grand Prix,23,Schumacher,12,0
84,2005,14,Turkish Grand Prix,38,Doornbos,13,0
84,2005,14,Turkish Grand Prix,39,Karthikeyan,14,0
84,2005,14,Turkish Grand Prix,33,Monteiro,15,0
85,2005,15,Italian Grand Prix,31,Pablo Montoya,1,10
85,2005,15,Italian Grand Prix,4,Alonso,2,8
85,2005,15,Italian Grand Prix,21,Fisichella,3,6
85,2005,15,Italian Grand Prix,8,Räikkönen,4,5
85,2005,15,Italian Grand Prix,15,Trulli,5,4
85,2005,15,Italian Grand Prix,23,Schumacher,6,3
85,2005,15,Italian Grand Prix,42,Pizzonia,7,2
85,2005,15,Italian Grand Prix,18,Button,8,1
85,2005,15,Italian Grand Prix,13,Massa,9,0
85,2005,15,Italian Grand Prix,30,Schumacher,10,0
85,2005,15,Italian Grand Prix,35,Villeneuve,11,0
85,2005,15,Italian Grand Prix,22,Barrichello,12,0
85,2005,15,Italian Grand Prix,32,Klien,13,0
85,2005,15,Italian Grand Prix,17,Webber,14,0
85,2005,15,Italian Grand Prix,14,Coulthard,15,0
85,2005,15,Italian Grand Prix,11,Sato,16,0
85,2005,15,Italian Grand Prix,33,Monteiro,17,0
85,2005,15,Italian Grand Prix,38,Doornbos,18,0
85,2005,15,Italian Grand Prix,27,Albers,19,0
85,2005,15,Italian Grand Prix,39,Karthikeyan,20,0
86,2005,16,Belgian Grand Prix,8,Räikkönen,1,10
86,2005,16,Belgian Grand Prix,4,Alonso,2,8
86,2005,16,Belgian Grand Prix,18,Button,3,6
86,2005,16,Belgian Grand Prix,17,Webber,4,5
86,2005,16,Belgian Grand Prix,22,Barrichello,5,4
86,2005,16,Belgian Grand Prix,35,Villeneuve,6,3
86,2005,16,Belgian Grand Prix,23,Schumacher,7,2
86,2005,16,Belgian Grand Prix,33,Monteiro,8,1
86,2005,16,Belgian Grand Prix,32,Klien,9,0
86,2005,16,Belgian Grand Prix,13,Massa,10,0
86,2005,16,Belgian Grand Prix,39,Karthikeyan,11,0
86,2005,16,Belgian Grand Prix,27,Albers,12,0
86,2005,16,Belgian Grand Prix,38,Doornbos,13,0
86,2005,16,Belgian Grand Prix,31,Pablo Montoya,14,0
86,2005,16,Belgian Grand Prix,42,Pizzonia,15,0
87,2005,17,Brazilian Grand Prix,31,Pablo Montoya,1,10
87,2005,17,Brazilian Grand Prix,8,Räikkönen,2,8
87,2005,17,Brazilian Grand Prix,4,Alonso,3,6
87,2005,17,Brazilian Grand Prix,30,Schumacher,4,5
87,2005,17,Brazilian Grand Prix,21,Fisichella,5,4
87,2005,17,Brazilian Grand Prix,22,Barrichello,6,3
87,2005,17,Brazilian Grand Prix,18,Button,7,2
87,2005,17,Brazilian Grand Prix,23,Schumacher,8,1
87,2005,17,Brazilian Grand Prix,32,Klien,9,0
87,2005,17,Brazilian Grand Prix,11,Sato,10,0
87,2005,17,Brazilian Grand Prix,13,Massa,11,0
87,2005,17,Brazilian Grand Prix,35,Villeneuve,12,0
87,2005,17,Brazilian Grand Prix,15,Trulli,13,0
87,2005,17,Brazilian Grand Prix,27,Albers,14,0
87,2005,17,Brazilian Grand Prix,39,Karthikeyan,15,0
88,2005,18,Japanese Grand Prix,8,Räikkönen,1,10
88,2005,18,Japanese Grand Prix,21,Fisichella,2,8
88,2005,18,Japanese Grand Prix,4,Alonso,3,6
88,2005,18,Japanese Grand Prix,17,Webber,4,5
88,2005,18,Japanese Grand Prix,18,Button,5,4
88,2005,18,Japanese Grand Prix,14,Coulthard,6,3
88,2005,18,Japanese Grand Prix,30,Schumacher,7,2
88,2005,18,Japanese Grand Prix,23,Schumacher,8,1
88,2005,18,Japanese Grand Prix,32,Klien,9,0
88,2005,18,Japanese Grand Prix,13,Massa,10,0
88,2005,18,Japanese Grand Prix,22,Barrichello,11,0
88,2005,18,Japanese Grand Prix,35,Villeneuve,12,0
88,2005,18,Japanese Grand Prix,33,Monteiro,13,0
88,2005,18,Japanese Grand Prix,38,Doornbos,14,0
88,2005,18,Japanese Grand Prix,39,Karthikeyan,15,0
88,2005,18,Japanese Grand Prix,27,Albers,16,0
89,2005,19,Chinese Grand Prix,4,Alonso,1,10
89,2005,19,Chinese Grand Prix,8,Räikkönen,2,8
89,2005,19,Chinese Grand Prix,23,Schumacher,3,6
89,2005,19,Chinese Grand Prix,21,Fisichella,4,5
89,2005,19,Chinese Grand Prix,32,Klien,5,4
89,2005,19,Chinese Grand Prix,13,Massa,6,3
89,2005,19,Chinese Grand Prix,17,Webber,7,2
89,2005,19,Chinese Grand Prix,18,Button,8,1
89,2005,19,Chinese Grand Prix,14,Coulthard,9,0
89,2005,19,Chinese Grand Prix,35,Villeneuve,10,0
89,2005,19,Chinese Grand Prix,33,Monteiro,11,0
89,2005,19,Chinese Grand Prix,22,Barrichello,12,0
89,2005,19,Chinese Grand Prix,42,Pizzonia,13,0
89,2005,19,Chinese Grand Prix,38,Doornbos,14,0
89,2005,19,Chinese Grand Prix,15,Trulli,15,0
89,2005,19,Chinese Grand Prix,27,Albers,16,0
90,2004,1,Australian Grand Prix,30,Schumacher,1,10
90,2004,1,Australian Grand Prix,22,Barrichello,2,8
90,2004,1,Australian Grand Prix,4,Alonso,3,6
90,2004,1,Australian Grand Prix,23,Schumacher,4,5
90,2004,1,Australian Grand Prix,31,Pablo Montoya,5,4
90,2004,1,Australian Grand Prix,18,Button,6,3
90,2004,1,Australian Grand Prix,15,Trulli,7,2
90,2004,1,Australian Grand Prix,14,Coulthard,8,1
90,2004,1,Australian Grand Prix,11,Sato,9,0
90,2004,1,Australian Grand Prix,21,Fisichella,10,0
90,2004,1,Australian Grand Prix,32,Klien,11,0
90,2004,1,Australian Grand Prix,43,da Matta,12,0
90,2004,1,Australian Grand Prix,44,Panis,13,0
90,2004,1,Australian Grand Prix,45,Pantano,14,0
91,2004,2,Malaysian Grand Prix,30,Schumacher,1,10
91,2004,2,Malaysian Grand Prix,31,Pablo Montoya,2,8
91,2004,2,Malaysian Grand Prix,18,Button,3,6
91,2004,2,Malaysian Grand Prix,22,Barrichello,4,5
91,2004,2,Malaysian Grand Prix,15,Trulli,5,4
91,2004,2,Malaysian Grand Prix,14,Coulthard,6,3
91,2004,2,Malaysian Grand Prix,4,Alonso,7,2
91,2004,2,Malaysian Grand Prix,13,Massa,8,1
91,2004,2,Malaysian Grand Prix,43,da Matta,9,0
91,2004,2,Malaysian Grand Prix,32,Klien,10,0
91,2004,2,Malaysian Grand Prix,21,Fisichella,11,0
91,2004,2,Malaysian Grand Prix,44,Panis,12,0
91,2004,2,Malaysian Grand Prix,45,Pantano,13,0
91,2004,2,Malaysian Grand Prix,46,Bruni,14,0
91,2004,2,Malaysian Grand Prix,11,Sato,15,0
91,2004,2,Malaysian Grand Prix,47,Baumgartner,16,0
92,2004,3,Bahrain Grand Prix,30,Schumacher,1,10
92,2004,3,Bahrain Grand Prix,22,Barrichello,2,8
92,2004,3,Bahrain Grand Prix,18,Button,3,6
92,2004,3,Bahrain Grand Prix,15,Trulli,4,5
92,2004,3,Bahrain Grand Prix,11,Sato,5,4
92,2004,3,Bahrain Grand Prix,4,Alonso,6,3
92,2004,3,Bahrain Grand Prix,23,Schumacher,7,2
92,2004,3,Bahrain Grand Prix,17,Webber,8,1
92,2004,3,Bahrain Grand Prix,44,Panis,9,0
92,2004,3,Bahrain Grand Prix,43,da Matta,10,0
92,2004,3,Bahrain Grand Prix,21,Fisichella,11,0
92,2004,3,Bahrain Grand Prix,13,Massa,12,0
92,2004,3,Bahrain Grand Prix,31,Pablo Montoya,13,0
92,2004,3,Bahrain Grand Prix,32,Klien,14,0
92,2004,3,Bahrain Grand Prix,2,Heidfeld,15,0
92,2004,3,Bahrain Grand Prix,45,Pantano,16,0
92,2004,3,Bahrain Grand Prix,46,Bruni,17,0
93,2004,4,San Marino Grand Prix,30,Schumacher,1,10
93,2004,4,San Marino Grand Prix,18,Button,2,8
93,2004,4,San Marino Grand Prix,31,Pablo Montoya,3,6
93,2004,4,San Marino Grand Prix,4,Alonso,4,5
93,2004,4,San Marino Grand Prix,15,Trulli,5,4
93,2004,4,San Marino Grand Prix,22,Barrichello,6,3
93,2004,4,San Marino Grand Prix,23,Schumacher,7,2
93,2004,4,San Marino Grand Prix,8,Räikkönen,8,1
93,2004,4,San Marino Grand Prix,21,Fisichella,9,0
93,2004,4,San Marino Grand Prix,13,Massa,10,0
93,2004,4,San Marino Grand Prix,44,Panis,11,0
93,2004,4,San Marino Grand Prix,14,Coulthard,12,0
93,2004,4,San Marino Grand Prix,17,Webber,13,0
93,2004,4,San Marino Grand Prix,32,Klien,14,0
93,2004,4,San Marino Grand Prix,47,Baumgartner,15,0
93,2004,4,San Marino Grand Prix,11,Sato,16,0
94,2004,5,Spanish Grand Prix,30,Schumacher,1,10
94,2004,5,Spanish Grand Prix,22,Barrichello,2,8
94,2004,5,Spanish Grand Prix,15,Trulli,3,6
94,2004,5,Spanish Grand Prix,4,Alonso,4,5
94,2004,5,Spanish Grand Prix,11,Sato,5,4
94,2004,5,Spanish Grand Prix,23,Schumacher,6,3
94,2004,5,Spanish Grand Prix,21,Fisichella,7,2
94,2004,5,Spanish Grand Prix,18,Button,8,1
94,2004,5,Spanish Grand Prix,13,Massa,9,0
94,2004,5,Spanish Grand Prix,14,Coulthard,10,0
94,2004,5,Spanish Grand Prix,8,Räikkönen,11,0
94,2004,5,Spanish Grand Prix,17,Webber,12,0
94,2004,5,Spanish Grand Prix,43,da Matta,13,0
95,2004,6,Monaco Grand Prix,15,Trulli,1,10
95,2004,6,Monaco Grand Prix,18,Button,2,8
95,2004,6,Monaco Grand Prix,22,Barrichello,3,6
95,2004,6,Monaco Grand Prix,31,Pablo Montoya,4,5
95,2004,6,Monaco Grand Prix,13,Massa,5,4
95,2004,6,Monaco Grand Prix,43,da Matta,6,3
95,2004,6,Monaco Grand Prix,2,Heidfeld,7,2
95,2004,6,Monaco Grand Prix,44,Panis,8,1
95,2004,6,Monaco Grand Prix,47,Baumgartner,9,0
95,2004,6,Monaco Grand Prix,23,Schumacher,10,0
96,2004,7,European Grand Prix,30,Schumacher,1,10
96,2004,7,European Grand Prix,22,Barrichello,2,8
96,2004,7,European Grand Prix,18,Button,3,6
96,2004,7,European Grand Prix,15,Trulli,4,5
96,2004,7,European Grand Prix,4,Alonso,5,4
96,2004,7,European Grand Prix,21,Fisichella,6,3
96,2004,7,European Grand Prix,17,Webber,7,2
96,2004,7,European Grand Prix,31,Pablo Montoya,8,1
96,2004,7,European Grand Prix,13,Massa,9,0
96,2004,7,European Grand Prix,2,Heidfeld,10,0
96,2004,7,European Grand Prix,44,Panis,11,0
96,2004,7,European Grand Prix,32,Klien,12,0
96,2004,7,European Grand Prix,45,Pantano,13,0
96,2004,7,European Grand Prix,46,Bruni,14,0
96,2004,7,European Grand Prix,47,Baumgartner,15,0
97,2004,8,Canadian Grand Prix,30,Schumacher,1,10
97,2004,8,Canadian Grand Prix,22,Barrichello,2,8
97,2004,8,Canadian Grand Prix,18,Button,3,6
97,2004,8,Canadian Grand Prix,21,Fisichella,4,5
97,2004,8,Canadian Grand Prix,8,Räikkönen,5,4
97,2004,8,Canadian Grand Prix,14,Coulthard,6,3
97,2004,8,Canadian Grand Prix,10,Glock,7,2
97,2004,8,Canadian Grand Prix,2,Heidfeld,8,1
97,2004,8,Canadian Grand Prix,32,Klien,9,0
97,2004,8,Canadian Grand Prix,47,Baumgartner,10,0
98,2004,9,United States Grand Prix,30,Schumacher,1,10
98,2004,9,United States Grand Prix,22,Barrichello,2,8
98,2004,9,United States Grand Prix,11,Sato,3,6
98,2004,9,United States Grand Prix,15,Trulli,4,5
98,2004,9,United States Grand Prix,44,Panis,5,4
98,2004,9,United States Grand Prix,8,Räikkönen,6,3
98,2004,9,United States Grand Prix,14,Coulthard,7,2
98,2004,9,United States Grand Prix,47,Baumgartner,8,1
98,2004,9,United States Grand Prix,21,Fisichella,9,0
99,2004,10,French Grand Prix,30,Schumacher,1,10
99,2004,10,French Grand Prix,4,Alonso,2,8
99,2004,10,French Grand Prix,22,Barrichello,3,6
99,2004,10,French Grand Prix,15,Trulli,4,5
99,2004,10,French Grand Prix,18,Button,5,4
99,2004,10,French Grand Prix,14,Coulthard,6,3
99,2004,10,French Grand Prix,8,Räikkönen,7,2
99,2004,10,French Grand Prix,31,Pablo Montoya,8,1
99,2004,10,French Grand Prix,17,Webber,9,0
99,2004,10,French Grand Prix,48,Gené,10,0
99,2004,10,French Grand Prix,32,Klien,11,0
99,2004,10,French Grand Prix,21,Fisichella,12,0
99,2004,10,French Grand Prix,13,Massa,13,0
99,2004,10,French Grand Prix,43,da Matta,14,0
99,2004,10,French Grand Prix,44,Panis,15,0
99,2004,10,French Grand Prix,2,Heidfeld,16,0
99,2004,10,French Grand Prix,45,Pantano,17,0
99,2004,10,French Grand Prix,46,Bruni,18,0
100,2004,11,British Grand Prix,30,Schumacher,1,10
100,2004,11,British Grand Prix,8,Räikkönen,2,8
100,2004,11,British Grand Prix,22,Barrichello,3,6
100,2004,11,British Grand Prix,18,Button,4,5
100,2004,11,British Grand Prix,31,Pablo Montoya,5,4
100,2004,11,British Grand Prix,21,Fisichella,6,3
100,2004,11,British Grand Prix,14,Coulthard,7,2
100,2004,11,British Grand Prix,17,Webber,8,1
100,2004,11,British Grand Prix,13,Massa,9,0
100,2004,11,British Grand Prix,4,Alonso,10,0
100,2004,11,British Grand Prix,11,Sato,11,0
100,2004,11,British Grand Prix,48,Gené,12,0
100,2004,11,British Grand Prix,43,da Matta,13,0
100,2004,11,British Grand Prix,32,Klien,14,0
100,2004,11,British Grand Prix,2,Heidfeld,15,0
100,2004,11,British Grand Prix,46,Bruni,16,0
101,2004,12,German Grand Prix,30,Schumacher,1,10
101,2004,12,German Grand Prix,18,Button,2,8
101,2004,12,German Grand Prix,4,Alonso,3,6
101,2004,12,German Grand Prix,14,Coulthard,4,5
101,2004,12,German Grand Prix,31,Pablo Montoya,5,4
101,2004,12,German Grand Prix,17,Webber,6,3
101,2004,12,German Grand Prix,42,Pizzonia,7,2
101,2004,12,German Grand Prix,11,Sato,8,1
101,2004,12,German Grand Prix,21,Fisichella,9,0
101,2004,12,German Grand Prix,32,Klien,10,0
101,2004,12,German Grand Prix,15,Trulli,11,0
101,2004,12,German Grand Prix,22,Barrichello,12,0
101,2004,12,German Grand Prix,13,Massa,13,0
101,2004,12,German Grand Prix,44,Panis,14,0
101,2004,12,German Grand Prix,45,Pantano,15,0
101,2004,12,German Grand Prix,47,Baumgartner,16,0
101,2004,12,German Grand Prix,46,Bruni,17,0
102,2004,13,Hungarian Grand Prix,30,Schumacher,1,10
102,2004,13,Hungarian Grand Prix,22,Barrichello,2,8
102,2004,13,Hungarian Grand Prix,4,Alonso,3,6
102,2004,13,Hungarian Grand Prix,31,Pablo Montoya,4,5
102,2004,13,Hungarian Grand Prix,18,Button,5,4
102,2004,13,Hungarian Grand Prix,11,Sato,6,3
102,2004,13,Hungarian Grand Prix,42,Pizzonia,7,2
102,2004,13,Hungarian Grand Prix,21,Fisichella,8,1
102,2004,13,Hungarian Grand Prix,14,Coulthard,9,0
102,2004,13,Hungarian Grand Prix,17,Webber,10,0
102,2004,13,Hungarian Grand Prix,44,Panis,11,0
102,2004,13,Hungarian Grand Prix,2,Heidfeld,12,0
102,2004,13,Hungarian Grand Prix,32,Klien,13,0
102,2004,13,Hungarian Grand Prix,46,Bruni,14,0
102,2004,13,Hungarian Grand Prix,47,Baumgartner,15,0
103,2004,14,Belgian Grand Prix,8,Räikkönen,1,10
103,2004,14,Belgian Grand Prix,30,Schumacher,2,8
103,2004,14,Belgian Grand Prix,22,Barrichello,3,6
103,2004,14,Belgian Grand Prix,13,Massa,4,5
103,2004,14,Belgian Grand Prix,21,Fisichella,5,4
103,2004,14,Belgian Grand Prix,32,Klien,6,3
103,2004,14,Belgian Grand Prix,14,Coulthard,7,2
103,2004,14,Belgian Grand Prix,44,Panis,8,1
103,2004,14,Belgian Grand Prix,15,Trulli,9,0
103,2004,14,Belgian Grand Prix,41,Zonta,10,0
103,2004,14,Belgian Grand Prix,2,Heidfeld,11,0
104,2004,15,Italian Grand Prix,22,Barrichello,1,10
104,2004,15,Italian Grand Prix,30,Schumacher,2,8
104,2004,15,Italian Grand Prix,18,Button,3,6
104,2004,15,Italian Grand Prix,11,Sato,4,5
104,2004,15,Italian Grand Prix,31,Pablo Montoya,5,4
104,2004,15,Italian Grand Prix,14,Coulthard,6,3
104,2004,15,Italian Grand Prix,42,Pizzonia,7,2
104,2004,15,Italian Grand Prix,21,Fisichella,8,1
104,2004,15,Italian Grand Prix,17,Webber,9,0
104,2004,15,Italian Grand Prix,15,Trulli,10,0
104,2004,15,Italian Grand Prix,41,Zonta,11,0
104,2004,15,Italian Grand Prix,13,Massa,12,0
104,2004,15,Italian Grand Prix,32,Klien,13,0
104,2004,15,Italian Grand Prix,2,Heidfeld,14,0
104,2004,15,Italian Grand Prix,47,Baumgartner,15,0
105,2004,16,Chinese Grand Prix,22,Barrichello,1,10
105,2004,16,Chinese Grand Prix,18,Button,2,8
105,2004,16,Chinese Grand Prix,8,Räikkönen,3,6
105,2004,16,Chinese Grand Prix,4,Alonso,4,5
105,2004,16,Chinese Grand Prix,31,Pablo Montoya,5,4
105,2004,16,Chinese Grand Prix,11,Sato,6,3
105,2004,16,Chinese Grand Prix,21,Fisichella,7,2
105,2004,16,Chinese Grand Prix,13,Massa,8,1
105,2004,16,Chinese Grand Prix,14,Coulthard,9,0
105,2004,16,Chinese Grand Prix,17,Webber,10,0
105,2004,16,Chinese Grand Prix,35,Villeneuve,11,0
105,2004,16,Chinese Grand Prix,30,Schumacher,12,0
105,2004,16,Chinese Grand Prix,2,Heidfeld,13,0
105,2004,16,Chinese Grand Prix,44,Panis,14,0
105,2004,16,Chinese Grand Prix,10,Glock,15,0
105,2004,16,Chinese Grand Prix,47,Baumgartner,16,0
106,2004,17,Japanese Grand Prix,30,Schumacher,1,10
106,2004,17,Japanese Grand Prix,23,Schumacher,2,8
106,2004,17,Japanese Grand Prix,18,Button,3,6
106,2004,17,Japanese Grand Prix,11,Sato,4,5
106,2004,17,Japanese Grand Prix,4,Alonso,5,4
106,2004,17,Japanese Grand Prix,8,Räikkönen,6,3
106,2004,17,Japanese Grand Prix,31,Pablo Montoya,7,2
106,2004,17,Japanese Grand Prix,21,Fisichella,8,1
106,2004,17,Japanese Grand Prix,13,Massa,9,0
106,2004,17,Japanese Grand Prix,35,Villeneuve,10,0
106,2004,17,Japanese Grand Prix,15,Trulli,11,0
106,2004,17,Japanese Grand Prix,32,Klien,12,0
106,2004,17,Japanese Grand Prix,2,Heidfeld,13,0
106,2004,17,Japanese Grand Prix,44,Panis,14,0
106,2004,17,Japanese Grand Prix,10,Glock,15,0
106,2004,17,Japanese Grand Prix,46,Bruni,16,0
107,2004,18,Brazilian Grand Prix,31,Pablo Montoya,1,10
107,2004,18,Brazilian Grand Prix,8,Räikkönen,2,8
107,2004,18,Brazilian Grand Prix,22,Barrichello,3,6
107,2004,18,Brazilian Grand Prix,4,Alonso,4,5
107,2004,18,Brazilian Grand Prix,23,Schumacher,5,4
107,2004,18,Brazilian Grand Prix,11,Sato,6,3
107,2004,18,Brazilian Grand Prix,30,Schumacher,7,2
107,2004,18,Brazilian Grand Prix,13,Massa,8,1
107,2004,18,Brazilian Grand Prix,21,Fisichella,9,0
107,2004,18,Brazilian Grand Prix,35,Villeneuve,10,0
107,2004,18,Brazilian Grand Prix,14,Coulthard,11,0
107,2004,18,Brazilian Grand Prix,15,Trulli,12,0
107,2004,18,Brazilian Grand Prix,41,Zonta,13,0
107,2004,18,Brazilian Grand Prix,32,Klien,14,0
107,2004,18,Brazilian Grand Prix,10,Glock,15,0
107,2004,18,Brazilian Grand Prix,47,Baumgartner,16,0
107,2004,18,Brazilian Grand Prix,46,Bruni,17,0
108,2003,1,Australian Grand Prix,14,Coulthard,1,10
108,2003,1,Australian Grand Prix,31,Pablo Montoya,2,8
108,2003,1,Australian Grand Prix,8,Räikkönen,3,6
108,2003,1,Australian Grand Prix,30,Schumacher,4,5
108,2003,1,Australian Grand Prix,15,Trulli,5,4
108,2003,1,Australian Grand Prix,49,Frentzen,6,3
108,2003,1,Australian Grand Prix,4,Alonso,7,2
108,2003,1,Australian Grand Prix,23,Schumacher,8,1
108,2003,1,Australian Grand Prix,35,Villeneuve,9,0
108,2003,1,Australian Grand Prix,18,Button,10,0
108,2003,1,Australian Grand Prix,50,Verstappen,11,0
109,2003,2,Malaysian Grand Prix,8,Räikkönen,1,10
109,2003,2,Malaysian Grand Prix,22,Barrichello,2,8
109,2003,2,Malaysian Grand Prix,4,Alonso,3,6
109,2003,2,Malaysian Grand Prix,23,Schumacher,4,5
109,2003,2,Malaysian Grand Prix,15,Trulli,5,4
109,2003,2,Malaysian Grand Prix,30,Schumacher,6,3
109,2003,2,Malaysian Grand Prix,18,Button,7,2
109,2003,2,Malaysian Grand Prix,2,Heidfeld,8,1
109,2003,2,Malaysian Grand Prix,49,Frentzen,9,0
109,2003,2,Malaysian Grand Prix,52,Firman,10,0
109,2003,2,Malaysian Grand Prix,43,da Matta,11,0
109,2003,2,Malaysian Grand Prix,31,Pablo Montoya,12,0
109,2003,2,Malaysian Grand Prix,50,Verstappen,13,0
110,2003,3,Brazilian Grand Prix,21,Fisichella,1,10
110,2003,3,Brazilian Grand Prix,8,Räikkönen,2,8
110,2003,3,Brazilian Grand Prix,4,Alonso,3,6
110,2003,3,Brazilian Grand Prix,14,Coulthard,4,5
110,2003,3,Brazilian Grand Prix,49,Frentzen,5,4
110,2003,3,Brazilian Grand Prix,35,Villeneuve,6,3
110,2003,3,Brazilian Grand Prix,23,Schumacher,7,2
110,2003,3,Brazilian Grand Prix,15,Trulli,8,1
110,2003,3,Brazilian Grand Prix,17,Webber,9,0
110,2003,3,Brazilian Grand Prix,43,da Matta,10,0
111,2003,4,San Marino Grand Prix,30,Schumacher,1,10
111,2003,4,San Marino Grand Prix,8,Räikkönen,2,8
111,2003,4,San Marino Grand Prix,22,Barrichello,3,6
111,2003,4,San Marino Grand Prix,23,Schumacher,4,5
111,2003,4,San Marino Grand Prix,14,Coulthard,5,4
111,2003,4,San Marino Grand Prix,4,Alonso,6,3
111,2003,4,San Marino Grand Prix,31,Pablo Montoya,7,2
111,2003,4,San Marino Grand Prix,18,Button,8,1
111,2003,4,San Marino Grand Prix,44,Panis,9,0
111,2003,4,San Marino Grand Prix,2,Heidfeld,10,0
111,2003,4,San Marino Grand Prix,49,Frentzen,11,0
111,2003,4,San Marino Grand Prix,43,da Matta,12,0
111,2003,4,San Marino Grand Prix,15,Trulli,13,0
111,2003,4,San Marino Grand Prix,42,Pizzonia,14,0
111,2003,4,San Marino Grand Prix,21,Fisichella,15,0
112,2003,5,Spanish Grand Prix,30,Schumacher,1,10
112,2003,5,Spanish Grand Prix,4,Alonso,2,8
112,2003,5,Spanish Grand Prix,22,Barrichello,3,6
112,2003,5,Spanish Grand Prix,31,Pablo Montoya,4,5
112,2003,5,Spanish Grand Prix,23,Schumacher,5,4
112,2003,5,Spanish Grand Prix,43,da Matta,6,3
112,2003,5,Spanish Grand Prix,17,Webber,7,2
112,2003,5,Spanish Grand Prix,52,Firman,8,1
112,2003,5,Spanish Grand Prix,18,Button,9,0
112,2003,5,Spanish Grand Prix,2,Heidfeld,10,0
112,2003,5,Spanish Grand Prix,51,Wilson,11,0
112,2003,5,Spanish Grand Prix,50,Verstappen,12,0
113,2003,6,Austrian Grand Prix,30,Schumacher,1,10
113,2003,6,Austrian Grand Prix,8,Räikkönen,2,8
113,2003,6,Austrian Grand Prix,22,Barrichello,3,6
113,2003,6,Austrian Grand Prix,18,Button,4,5
113,2003,6,Austrian Grand Prix,14,Coulthard,5,4
113,2003,6,Austrian Grand Prix,23,Schumacher,6,3
113,2003,6,Austrian Grand Prix,17,Webber,7,2
113,2003,6,Austrian Grand Prix,15,Trulli,8,1
113,2003,6,Austrian Grand Prix,42,Pizzonia,9,0
113,2003,6,Austrian Grand Prix,43,da Matta,10,0
113,2003,6,Austrian Grand Prix,52,Firman,11,0
113,2003,6,Austrian Grand Prix,35,Villeneuve,12,0
113,2003,6,Austrian Grand Prix,51,Wilson,13,0
114,2003,7,Monaco Grand Prix,31,Pablo Montoya,1,10
114,2003,7,Monaco Grand Prix,8,Räikkönen,2,8
114,2003,7,Monaco Grand Prix,30,Schumacher,3,6
114,2003,7,Monaco Grand Prix,23,Schumacher,4,5
114,2003,7,Monaco Grand Prix,4,Alonso,5,4
114,2003,7,Monaco Grand Prix,15,Trulli,6,3
114,2003,7,Monaco Grand Prix,14,Coulthard,7,2
114,2003,7,Monaco Grand Prix,22,Barrichello,8,1
114,2003,7,Monaco Grand Prix,43,da Matta,9,0
114,2003,7,Monaco Grand Prix,21,Fisichella,10,0
114,2003,7,Monaco Grand Prix,2,Heidfeld,11,0
114,2003,7,Monaco Grand Prix,52,Firman,12,0
114,2003,7,Monaco Grand Prix,44,Panis,13,0
115,2003,8,Canadian Grand Prix,30,Schumacher,1,10
115,2003,8,Canadian Grand Prix,23,Schumacher,2,8
115,2003,8,Canadian Grand Prix,31,Pablo Montoya,3,6
115,2003,8,Canadian Grand Prix,4,Alonso,4,5
115,2003,8,Canadian Grand Prix,22,Barrichello,5,4
115,2003,8,Canadian Grand Prix,8,Räikkönen,6,3
115,2003,8,Canadian Grand Prix,17,Webber,7,2
115,2003,8,Canadian Grand Prix,44,Panis,8,1
115,2003,8,Canadian Grand Prix,50,Verstappen,9,0
115,2003,8,Canadian Grand Prix,42,Pizzonia,10,0
115,2003,8,Canadian Grand Prix,43,da Matta,11,0
116,2003,9,European Grand Prix,23,Schumacher,1,10
116,2003,9,European Grand Prix,31,Pablo Montoya,2,8
116,2003,9,European Grand Prix,22,Barrichello,3,6
116,2003,9,European Grand Prix,4,Alonso,4,5
116,2003,9,European Grand Prix,30,Schumacher,5,4
116,2003,9,European Grand Prix,17,Webber,6,3
116,2003,9,European Grand Prix,18,Button,7,2
116,2003,9,European Grand Prix,2,Heidfeld,8,1
116,2003,9,European Grand Prix,49,Frentzen,9,0
116,2003,9,European Grand Prix,42,Pizzonia,10,0
116,2003,9,European Grand Prix,52,Firman,11,0
116,2003,9,European Grand Prix,21,Fisichella,12,0
116,2003,9,European Grand Prix,51,Wilson,13,0
116,2003,9,European Grand Prix,50,Verstappen,14,0
116,2003,9,European Grand Prix,14,Coulthard,15,0
117,2003,10,French Grand Prix,23,Schumacher,1,10
117,2003,10,French Grand Prix,31,Pablo Montoya,2,8
117,2003,10,French Grand Prix,30,Schumacher,3,6
117,2003,10,French Grand Prix,8,Räikkönen,4,5
117,2003,10,French Grand Prix,14,Coulthard,5,4
117,2003,10,French Grand Prix,17,Webber,6,3
117,2003,10,French Grand Prix,22,Barrichello,7,2
117,2003,10,French Grand Prix,44,Panis,8,1
117,2003,10,French Grand Prix,35,Villeneuve,9,0
117,2003,10,French Grand Prix,42,Pizzonia,10,0
117,2003,10,French Grand Prix,43,da Matta,11,0
117,2003,10,French Grand Prix,49,Frentzen,12,0
117,2003,10,French Grand Prix,2,Heidfeld,13,0
117,2003,10,French Grand Prix,51,Wilson,14,0
117,2003,10,French Grand Prix,52,Firman,15,0
117,2003,10,French Grand Prix,50,Verstappen,16,0
118,2003,11,British Grand Prix,22,Barrichello,1,10
118,2003,11,British Grand Prix,31,Pablo Montoya,2,8
118,2003,11,British Grand Prix,8,Räikkönen,3,6
118,2003,11,British Grand Prix,30,Schumacher,4,5
118,2003,11,British Grand Prix,14,Coulthard,5,4
118,2003,11,British Grand Prix,15,Trulli,6,3
118,2003,11,British Grand Prix,43,da Matta,7,2
118,2003,11,British Grand Prix,18,Button,8,1
118,2003,11,British Grand Prix,23,Schumacher,9,0
118,2003,11,British Grand Prix,35,Villeneuve,10,0
118,2003,11,British Grand Prix,44,Panis,11,0
118,2003,11,British Grand Prix,49,Frentzen,12,0
118,2003,11,British Grand Prix,52,Firman,13,0
118,2003,11,British Grand Prix,17,Webber,14,0
118,2003,11,British Grand Prix,50,Verstappen,15,0
118,2003,11,British Grand Prix,51,Wilson,16,0
118,2003,11,British Grand Prix,2,Heidfeld,17,0
119,2003,12,German Grand Prix,31,Pablo Montoya,1,10
119,2003,12,German Grand Prix,14,Coulthard,2,8
119,2003,12,German Grand Prix,15,Trulli,3,6
119,2003,12,German Grand Prix,4,Alonso,4,5
119,2003,12,German Grand Prix,44,Panis,5,4
119,2003,12,German Grand Prix,43,da Matta,6,3
119,2003,12,German Grand Prix,30,Schumacher,7,2
119,2003,12,German Grand Prix,18,Button,8,1
119,2003,12,German Grand Prix,35,Villeneuve,9,0
119,2003,12,German Grand Prix,2,Heidfeld,10,0
119,2003,12,German Grand Prix,17,Webber,11,0
119,2003,12,German Grand Prix,53,Kiesa,12,0
119,2003,12,German Grand Prix,21,Fisichella,13,0
120,2003,13,Hungarian Grand Prix,4,Alonso,1,10
120,2003,13,Hungarian Grand Prix,8,Räikkönen,2,8
120,2003,13,Hungarian Grand Prix,31,Pablo Montoya,3,6
120,2003,13,Hungarian Grand Prix,23,Schumacher,4,5
120,2003,13,Hungarian Grand Prix,14,Coulthard,5,4
120,2003,13,Hungarian Grand Prix,17,Webber,6,3
120,2003,13,Hungarian Grand Prix,15,Trulli,7,2
120,2003,13,Hungarian Grand Prix,30,Schumacher,8,1
120,2003,13,Hungarian Grand Prix,2,Heidfeld,9,0
120,2003,13,Hungarian Grand Prix,18,Button,10,0
120,2003,13,Hungarian Grand Prix,43,da Matta,11,0
120,2003,13,Hungarian Grand Prix,50,Verstappen,12,0
120,2003,13,Hungarian Grand Prix,53,Kiesa,13,0
121,2003,14,Italian Grand Prix,30,Schumacher,1,10
121,2003,14,Italian Grand Prix,31,Pablo Montoya,2,8
121,2003,14,Italian Grand Prix,22,Barrichello,3,6
121,2003,14,Italian Grand Prix,8,Räikkönen,4,5
121,2003,14,Italian Grand Prix,48,Gené,5,4
121,2003,14,Italian Grand Prix,35,Villeneuve,6,3
121,2003,14,Italian Grand Prix,17,Webber,7,2
121,2003,14,Italian Grand Prix,4,Alonso,8,1
121,2003,14,Italian Grand Prix,2,Heidfeld,9,0
121,2003,14,Italian Grand Prix,21,Fisichella,10,0
121,2003,14,Italian Grand Prix,47,Baumgartner,11,0
121,2003,14,Italian Grand Prix,53,Kiesa,12,0
121,2003,14,Italian Grand Prix,49,Frentzen,13,0
122,2003,15,United States Grand Prix,30,Schumacher,1,10
122,2003,15,United States Grand Prix,8,Räikkönen,2,8
122,2003,15,United States Grand Prix,49,Frentzen,3,6
122,2003,15,United States Grand Prix,15,Trulli,4,5
122,2003,15,United States Grand Prix,2,Heidfeld,5,4
122,2003,15,United States Grand Prix,31,Pablo Montoya,6,3
122,2003,15,United States Grand Prix,21,Fisichella,7,2
122,2003,15,United States Grand Prix,51,Wilson,8,1
122,2003,15,United States Grand Prix,43,da Matta,9,0
122,2003,15,United States Grand Prix,50,Verstappen,10,0
122,2003,15,United States Grand Prix,53,Kiesa,11,0
123,2003,16,Japanese Grand Prix,22,Barrichello,1,10
123,2003,16,Japanese Grand Prix,8,Räikkönen,2,8
123,2003,16,Japanese Grand Prix,14,Coulthard,3,6
123,2003,16,Japanese Grand Prix,18,Button,4,5
123,2003,16,Japanese Grand Prix,15,Trulli,5,4
123,2003,16,Japanese Grand Prix,11,Sato,6,3
123,2003,16,Japanese Grand Prix,43,da Matta,7,2
123,2003,16,Japanese Grand Prix,30,Schumacher,8,1
123,2003,16,Japanese Grand Prix,2,Heidfeld,9,0
123,2003,16,Japanese Grand Prix,44,Panis,10,0
123,2003,16,Japanese Grand Prix,17,Webber,11,0
123,2003,16,Japanese Grand Prix,23,Schumacher,12,0
123,2003,16,Japanese Grand Prix,51,Wilson,13,0
123,2003,16,Japanese Grand Prix,52,Firman,14,0
123,2003,16,Japanese Grand Prix,50,Verstappen,15,0
123,2003,16,Japanese Grand Prix,53,Kiesa,16,0
124,2002,1,Australian Grand Prix,30,Schumacher,1,10
124,2002,1,Australian Grand Prix,31,Pablo Montoya,2,6
124,2002,1,Australian Grand Prix,8,Räikkönen,3,4
124,2002,1,Australian Grand Prix,56,Irvine,4,3
124,2002,1,Australian Grand Prix,17,Webber,5,2
124,2002,1,Australian Grand Prix,63,Salo,6,1
124,2002,1,Australian Grand Prix,62,Yoong,7,0
124,2002,1,Australian Grand Prix,37,de la Rosa,8,0
125,2002,2,Malaysian Grand Prix,23,Schumacher,1,10
125,2002,2,Malaysian Grand Prix,31,Pablo Montoya,2,6
125,2002,2,Malaysian Grand Prix,30,Schumacher,3,4
125,2002,2,Malaysian Grand Prix,18,Button,4,3
125,2002,2,Malaysian Grand Prix,2,Heidfeld,5,2
125,2002,2,Malaysian Grand Prix,13,Massa,6,1
125,2002,2,Malaysian Grand Prix,66,McNish,7,0
125,2002,2,Malaysian Grand Prix,35,Villeneuve,8,0
125,2002,2,Malaysian Grand Prix,11,Sato,9,0
125,2002,2,Malaysian Grand Prix,37,de la Rosa,10,0
125,2002,2,Malaysian Grand Prix,49,Frentzen,11,0
125,2002,2,Malaysian Grand Prix,63,Salo,12,0
125,2002,2,Malaysian Grand Prix,21,Fisichella,13,0
126,2002,3,Brazilian Grand Prix,30,Schumacher,1,10
126,2002,3,Brazilian Grand Prix,23,Schumacher,2,6
126,2002,3,Brazilian Grand Prix,14,Coulthard,3,4
126,2002,3,Brazilian Grand Prix,18,Button,4,3
126,2002,3,Brazilian Grand Prix,31,Pablo Montoya,5,2
126,2002,3,Brazilian Grand Prix,63,Salo,6,1
126,2002,3,Brazilian Grand Prix,56,Irvine,7,0
126,2002,3,Brazilian Grand Prix,37,de la Rosa,8,0
126,2002,3,Brazilian Grand Prix,11,Sato,9,0
126,2002,3,Brazilian Grand Prix,35,Villeneuve,10,0
126,2002,3,Brazilian Grand Prix,17,Webber,11,0
126,2002,3,Brazilian Grand Prix,8,Räikkönen,12,0
126,2002,3,Brazilian Grand Prix,62,Yoong,13,0
127,2002,4,San Marino Grand Prix,30,Schumacher,1,10
127,2002,4,San Marino Grand Prix,22,Barrichello,2,6
127,2002,4,San Marino Grand Prix,23,Schumacher,3,4
127,2002,4,San Marino Grand Prix,31,Pablo Montoya,4,3
127,2002,4,San Marino Grand Prix,18,Button,5,2
127,2002,4,San Marino Grand Prix,14,Coulthard,6,1
127,2002,4,San Marino Grand Prix,35,Villeneuve,7,0
127,2002,4,San Marino Grand Prix,13,Massa,8,0
127,2002,4,San Marino Grand Prix,15,Trulli,9,0
127,2002,4,San Marino Grand Prix,2,Heidfeld,10,0
127,2002,4,San Marino Grand Prix,17,Webber,11,0
128,2002,5,Spanish Grand Prix,30,Schumacher,1,10
128,2002,5,Spanish Grand Prix,31,Pablo Montoya,2,6
128,2002,5,Spanish Grand Prix,14,Coulthard,3,4
128,2002,5,Spanish Grand Prix,2,Heidfeld,4,3
128,2002,5,Spanish Grand Prix,13,Massa,5,2
128,2002,5,Spanish Grand Prix,49,Frentzen,6,1
128,2002,5,Spanish Grand Prix,35,Villeneuve,7,0
128,2002,5,Spanish Grand Prix,66,McNish,8,0
128,2002,5,Spanish Grand Prix,63,Salo,9,0
128,2002,5,Spanish Grand Prix,15,Trulli,10,0
128,2002,5,Spanish Grand Prix,23,Schumacher,11,0
128,2002,5,Spanish Grand Prix,18,Button,12,0
129,2002,6,Austrian Grand Prix,30,Schumacher,1,10
129,2002,6,Austrian Grand Prix,22,Barrichello,2,6
129,2002,6,Austrian Grand Prix,31,Pablo Montoya,3,4
129,2002,6,Austrian Grand Prix,23,Schumacher,4,3
129,2002,6,Austrian Grand Prix,21,Fisichella,5,2
129,2002,6,Austrian Grand Prix,14,Coulthard,6,1
129,2002,6,Austrian Grand Prix,18,Button,7,0
129,2002,6,Austrian Grand Prix,63,Salo,8,0
129,2002,6,Austrian Grand Prix,66,McNish,9,0
129,2002,6,Austrian Grand Prix,35,Villeneuve,10,0
129,2002,6,Austrian Grand Prix,49,Frentzen,11,0
129,2002,6,Austrian Grand Prix,17,Webber,12,0
130,2002,7,Monaco Grand Prix,14,Coulthard,1,10
130,2002,7,Monaco Grand Prix,30,Schumacher,2,6
130,2002,7,Monaco Grand Prix,23,Schumacher,3,4
130,2002,7,Monaco Grand Prix,15,Trulli,4,3
130,2002,7,Monaco Grand Prix,21,Fisichella,5,2
130,2002,7,Monaco Grand Prix,49,Frentzen,6,1
130,2002,7,Monaco Grand Prix,22,Barrichello,7,0
130,2002,7,Monaco Grand Prix,2,Heidfeld,8,0
130,2002,7,Monaco Grand Prix,56,Irvine,9,0
130,2002,7,Monaco Grand Prix,37,de la Rosa,10,0
130,2002,7,Monaco Grand Prix,17,Webber,11,0
130,2002,7,Monaco Grand Prix,59,Bernoldi,12,0
131,2002,8,Canadian Grand Prix,30,Schumacher,1,10
131,2002,8,Canadian Grand Prix,14,Coulthard,2,6
131,2002,8,Canadian Grand Prix,22,Barrichello,3,4
131,2002,8,Canadian Grand Prix,8,Räikkönen,4,3
131,2002,8,Canadian Grand Prix,21,Fisichella,5,2
131,2002,8,Canadian Grand Prix,15,Trulli,6,1
131,2002,8,Canadian Grand Prix,23,Schumacher,7,0
131,2002,8,Canadian Grand Prix,44,Panis,8,0
131,2002,8,Canadian Grand Prix,13,Massa,9,0
131,2002,8,Canadian Grand Prix,11,Sato,10,0
131,2002,8,Canadian Grand Prix,17,Webber,11,0
131,2002,8,Canadian Grand Prix,2,Heidfeld,12,0
131,2002,8,Canadian Grand Prix,49,Frentzen,13,0
131,2002,8,Canadian Grand Prix,62,Yoong,14,0
131,2002,8,Canadian Grand Prix,18,Button,15,0
132,2002,9,European Grand Prix,22,Barrichello,1,10
132,2002,9,European Grand Prix,30,Schumacher,2,6
132,2002,9,European Grand Prix,8,Räikkönen,3,4
132,2002,9,European Grand Prix,23,Schumacher,4,3
132,2002,9,European Grand Prix,18,Button,5,2
132,2002,9,European Grand Prix,13,Massa,6,1
132,2002,9,European Grand Prix,2,Heidfeld,7,0
132,2002,9,European Grand Prix,15,Trulli,8,0
132,2002,9,European Grand Prix,44,Panis,9,0
132,2002,9,European Grand Prix,37,de la Rosa,10,0
132,2002,9,European Grand Prix,59,Bernoldi,11,0
132,2002,9,European Grand Prix,35,Villeneuve,12,0
132,2002,9,European Grand Prix,49,Frentzen,13,0
132,2002,9,European Grand Prix,66,McNish,14,0
132,2002,9,European Grand Prix,17,Webber,15,0
132,2002,9,European Grand Prix,11,Sato,16,0
133,2002,10,British Grand Prix,30,Schumacher,1,10
133,2002,10,British Grand Prix,22,Barrichello,2,6
133,2002,10,British Grand Prix,31,Pablo Montoya,3,4
133,2002,10,British Grand Prix,35,Villeneuve,4,3
133,2002,10,British Grand Prix,44,Panis,5,2
133,2002,10,British Grand Prix,2,Heidfeld,6,1
133,2002,10,British Grand Prix,21,Fisichella,7,0
133,2002,10,British Grand Prix,23,Schumacher,8,0
133,2002,10,British Grand Prix,13,Massa,9,0
133,2002,10,British Grand Prix,14,Coulthard,10,0
133,2002,10,British Grand Prix,37,de la Rosa,11,0
133,2002,10,British Grand Prix,18,Button,12,0
134,2002,11,French Grand Prix,30,Schumacher,1,10
134,2002,11,French Grand Prix,8,Räikkönen,2,6
134,2002,11,French Grand Prix,14,Coulthard,3,4
134,2002,11,French Grand Prix,31,Pablo Montoya,4,3
134,2002,11,French Grand Prix,23,Schumacher,5,2
134,2002,11,French Grand Prix,18,Button,6,1
134,2002,11,French Grand Prix,2,Heidfeld,7,0
134,2002,11,French Grand Prix,17,Webber,8,0
134,2002,11,French Grand Prix,37,de la Rosa,9,0
134,2002,11,French Grand Prix,62,Yoong,10,0
134,2002,11,French Grand Prix,66,McNish,11,0
135,2002,12,German Grand Prix,30,Schumacher,1,10
135,2002,12,German Grand Prix,31,Pablo Montoya,2,6
135,2002,12,German Grand Prix,23,Schumacher,3,4
135,2002,12,German Grand Prix,22,Barrichello,4,3
135,2002,12,German Grand Prix,14,Coulthard,5,2
135,2002,12,German Grand Prix,2,Heidfeld,6,1
135,2002,12,German Grand Prix,13,Massa,7,0
135,2002,12,German Grand Prix,11,Sato,8,0
135,2002,12,German Grand Prix,63,Salo,9,0
136,2002,13,Hungarian Grand Prix,22,Barrichello,1,10
136,2002,13,Hungarian Grand Prix,30,Schumacher,2,6
136,2002,13,Hungarian Grand Prix,23,Schumacher,3,4
136,2002,13,Hungarian Grand Prix,8,Räikkönen,4,3
136,2002,13,Hungarian Grand Prix,14,Coulthard,5,2
136,2002,13,Hungarian Grand Prix,21,Fisichella,6,1
136,2002,13,Hungarian Grand Prix,13,Massa,7,0
136,2002,13,Hungarian Grand Prix,15,Trulli,8,0
136,2002,13,Hungarian Grand Prix,2,Heidfeld,9,0
136,2002,13,Hungarian Grand Prix,11,Sato,10,0
136,2002,13,Hungarian Grand Prix,31,Pablo Montoya,11,0
136,2002,13,Hungarian Grand Prix,44,Panis,12,0
136,2002,13,Hungarian Grand Prix,37,de la Rosa,13,0
136,2002,13,Hungarian Grand Prix,66,McNish,14,0
136,2002,13,Hungarian Grand Prix,63,Salo,15,0
136,2002,13,Hungarian Grand Prix,17,Webber,16,0
137,2002,14,Belgian Grand Prix,30,Schumacher,1,10
137,2002,14,Belgian Grand Prix,22,Barrichello,2,6
137,2002,14,Belgian Grand Prix,31,Pablo Montoya,3,4
137,2002,14,Belgian Grand Prix,14,Coulthard,4,3
137,2002,14,Belgian Grand Prix,23,Schumacher,5,2
137,2002,14,Belgian Grand Prix,56,Irvine,6,1
137,2002,14,Belgian Grand Prix,63,Salo,7,0
137,2002,14,Belgian Grand Prix,35,Villeneuve,8,0
137,2002,14,Belgian Grand Prix,66,McNish,9,0
137,2002,14,Belgian Grand Prix,2,Heidfeld,10,0
137,2002,14,Belgian Grand Prix,11,Sato,11,0
137,2002,14,Belgian Grand Prix,44,Panis,12,0
138,2002,15,Italian Grand Prix,22,Barrichello,1,10
138,2002,15,Italian Grand Prix,30,Schumacher,2,6
138,2002,15,Italian Grand Prix,56,Irvine,3,4
138,2002,15,Italian Grand Prix,15,Trulli,4,3
138,2002,15,Italian Grand Prix,18,Button,5,2
138,2002,15,Italian Grand Prix,44,Panis,6,1
138,2002,15,Italian Grand Prix,14,Coulthard,7,0
138,2002,15,Italian Grand Prix,21,Fisichella,8,0
138,2002,15,Italian Grand Prix,35,Villeneuve,9,0
138,2002,15,Italian Grand Prix,2,Heidfeld,10,0
138,2002,15,Italian Grand Prix,63,Salo,11,0
138,2002,15,Italian Grand Prix,11,Sato,12,0
138,2002,15,Italian Grand Prix,62,Yoong,13,0
139,2002,16,United States Grand Prix,22,Barrichello,1,10
139,2002,16,United States Grand Prix,30,Schumacher,2,6
139,2002,16,United States Grand Prix,14,Coulthard,3,4
139,2002,16,United States Grand Prix,31,Pablo Montoya,4,3
139,2002,16,United States Grand Prix,15,Trulli,5,2
139,2002,16,United States Grand Prix,35,Villeneuve,6,1
139,2002,16,United States Grand Prix,21,Fisichella,7,0
139,2002,16,United States Grand Prix,18,Button,8,0
139,2002,16,United States Grand Prix,2,Heidfeld,9,0
139,2002,16,United States Grand Prix,56,Irvine,10,0
139,2002,16,United States Grand Prix,11,Sato,11,0
139,2002,16,United States Grand Prix,44,Panis,12,0
139,2002,16,United States Grand Prix,49,Frentzen,13,0
139,2002,16,United States Grand Prix,63,Salo,14,0
139,2002,16,United States Grand Prix,66,McNish,15,0
139,2002,16,United States Grand Prix,23,Schumacher,16,0
140,2002,17,Japanese Grand Prix,30,Schumacher,1,10
140,2002,17,Japanese Grand Prix,22,Barrichello,2,6
140,2002,17,Japanese Grand Prix,8,Räikkönen,3,4
140,2002,17,Japanese Grand Prix,31,Pablo Montoya,4,3
140,2002,17,Japanese Grand Prix,11,Sato,5,2
140,2002,17,Japanese Grand Prix,18,Button,6,1
140,2002,17,Japanese Grand Prix,2,Heidfeld,7,0
140,2002,17,Japanese Grand Prix,63,Salo,8,0
140,2002,17,Japanese Grand Prix,56,Irvine,9,0
140,2002,17,Japanese Grand Prix,17,Webber,10,0
140,2002,17,Japanese Grand Prix,23,Schumacher,11,0
141,2001,1,Australian Grand Prix,30,Schumacher,1,10
141,2001,1,Australian Grand Prix,14,Coulthard,2,6
141,2001,1,Australian Grand Prix,22,Barrichello,3,4
141,2001,1,Australian Grand Prix,2,Heidfeld,4,3
141,2001,1,Australian Grand Prix,49,Frentzen,5,2
141,2001,1,Australian Grand Prix,8,Räikkönen,6,1
141,2001,1,Australian Grand Prix,44,Panis,7,0
141,2001,1,Australian Grand Prix,54,Burti,8,0
141,2001,1,Australian Grand Prix,55,Alesi,9,0
141,2001,1,Australian Grand Prix,50,Verstappen,10,0
141,2001,1,Australian Grand Prix,56,Irvine,11,0
141,2001,1,Australian Grand Prix,4,Alonso,12,0
141,2001,1,Australian Grand Prix,21,Fisichella,13,0
142,2001,2,Malaysian Grand Prix,30,Schumacher,1,10
142,2001,2,Malaysian Grand Prix,22,Barrichello,2,6
142,2001,2,Malaysian Grand Prix,14,Coulthard,3,4
142,2001,2,Malaysian Grand Prix,49,Frentzen,4,3
142,2001,2,Malaysian Grand Prix,23,Schumacher,5,2
142,2001,2,Malaysian Grand Prix,57,Häkkinen,6,1
142,2001,2,Malaysian Grand Prix,50,Verstappen,7,0
142,2001,2,Malaysian Grand Prix,15,Trulli,8,0
142,2001,2,Malaysian Grand Prix,55,Alesi,9,0
142,2001,2,Malaysian Grand Prix,54,Burti,10,0
142,2001,2,Malaysian Grand Prix,18,Button,11,0
142,2001,2,Malaysian Grand Prix,60,Mazzacane,12,0
142,2001,2,Malaysian Grand Prix,4,Alonso,13,0
142,2001,2,Malaysian Grand Prix,58,Marques,14,0
143,2001,3,Brazilian Grand Prix,14,Coulthard,1,10
143,2001,3,Brazilian Grand Prix,30,Schumacher,2,6
143,2001,3,Brazilian Grand Prix,2,Heidfeld,3,4
143,2001,3,Brazilian Grand Prix,44,Panis,4,3
143,2001,3,Brazilian Grand Prix,15,Trulli,5,2
143,2001,3,Brazilian Grand Prix,21,Fisichella,6,1
143,2001,3,Brazilian Grand Prix,35,Villeneuve,7,0
143,2001,3,Brazilian Grand Prix,55,Alesi,8,0
143,2001,3,Brazilian Grand Prix,58,Marques,9,0
143,2001,3,Brazilian Grand Prix,18,Button,10,0
143,2001,3,Brazilian Grand Prix,49,Frentzen,11,0
144,2001,4,San Marino Grand Prix,23,Schumacher,1,10
144,2001,4,San Marino Grand Prix,14,Coulthard,2,6
144,2001,4,San Marino Grand Prix,22,Barrichello,3,4
144,2001,4,San Marino Grand Prix,57,Häkkinen,4,3
144,2001,4,San Marino Grand Prix,15,Trulli,5,2
144,2001,4,San Marino Grand Prix,49,Frentzen,6,1
144,2001,4,San Marino Grand Prix,2,Heidfeld,7,0
144,2001,4,San Marino Grand Prix,44,Panis,8,0
144,2001,4,San Marino Grand Prix,55,Alesi,9,0
144,2001,4,San Marino Grand Prix,59,Bernoldi,10,0
144,2001,4,San Marino Grand Prix,54,Burti,11,0
144,2001,4,San Marino Grand Prix,18,Button,12,0
145,2001,5,Spanish Grand Prix,30,Schumacher,1,10
145,2001,5,Spanish Grand Prix,31,Pablo Montoya,2,6
145,2001,5,Spanish Grand Prix,35,Villeneuve,3,4
145,2001,5,Spanish Grand Prix,15,Trulli,4,3
145,2001,5,Spanish Grand Prix,14,Coulthard,5,2
145,2001,5,Spanish Grand Prix,2,Heidfeld,6,1
145,2001,5,Spanish Grand Prix,44,Panis,7,0
145,2001,5,Spanish Grand Prix,8,Räikkönen,8,0
145,2001,5,Spanish Grand Prix,57,Häkkinen,9,0
145,2001,5,Spanish Grand Prix,55,Alesi,10,0
145,2001,5,Spanish Grand Prix,54,Burti,11,0
145,2001,5,Spanish Grand Prix,50,Verstappen,12,0
145,2001,5,Spanish Grand Prix,4,Alonso,13,0
145,2001,5,Spanish Grand Prix,21,Fisichella,14,0
145,2001,5,Spanish Grand Prix,18,Button,15,0
145,2001,5,Spanish Grand Prix,58,Marques,16,0
146,2001,6,Austrian Grand Prix,14,Coulthard,1,10
146,2001,6,Austrian Grand Prix,30,Schumacher,2,6
146,2001,6,Austrian Grand Prix,22,Barrichello,3,4
146,2001,6,Austrian Grand Prix,8,Räikkönen,4,3
146,2001,6,Austrian Grand Prix,44,Panis,5,2
146,2001,6,Austrian Grand Prix,50,Verstappen,6,1
146,2001,6,Austrian Grand Prix,56,Irvine,7,0
146,2001,6,Austrian Grand Prix,35,Villeneuve,8,0
146,2001,6,Austrian Grand Prix,2,Heidfeld,9,0
146,2001,6,Austrian Grand Prix,55,Alesi,10,0
146,2001,6,Austrian Grand Prix,54,Burti,11,0
147,2001,7,Monaco Grand Prix,30,Schumacher,1,10
147,2001,7,Monaco Grand Prix,22,Barrichello,2,6
147,2001,7,Monaco Grand Prix,56,Irvine,3,4
147,2001,7,Monaco Grand Prix,35,Villeneuve,4,3
147,2001,7,Monaco Grand Prix,14,Coulthard,5,2
147,2001,7,Monaco Grand Prix,55,Alesi,6,1
147,2001,7,Monaco Grand Prix,18,Button,7,0
147,2001,7,Monaco Grand Prix,50,Verstappen,8,0
147,2001,7,Monaco Grand Prix,59,Bernoldi,9,0
147,2001,7,Monaco Grand Prix,8,Räikkönen,10,0
148,2001,8,Canadian Grand Prix,23,Schumacher,1,10
148,2001,8,Canadian Grand Prix,30,Schumacher,2,6
148,2001,8,Canadian Grand Prix,57,Häkkinen,3,4
148,2001,8,Canadian Grand Prix,8,Räikkönen,4,3
148,2001,8,Canadian Grand Prix,55,Alesi,5,2
148,2001,8,Canadian Grand Prix,37,de la Rosa,6,1
148,2001,8,Canadian Grand Prix,41,Zonta,7,0
148,2001,8,Canadian Grand Prix,54,Burti,8,0
148,2001,8,Canadian Grand Prix,58,Marques,9,0
148,2001,8,Canadian Grand Prix,50,Verstappen,10,0
148,2001,8,Canadian Grand Prix,15,Trulli,11,0
149,2001,9,European Grand Prix,30,Schumacher,1,10
149,2001,9,European Grand Prix,31,Pablo Montoya,2,6
149,2001,9,European Grand Prix,14,Coulthard,3,4
149,2001,9,European Grand Prix,23,Schumacher,4,3
149,2001,9,European Grand Prix,22,Barrichello,5,2
149,2001,9,European Grand Prix,57,Häkkinen,6,1
149,2001,9,European Grand Prix,56,Irvine,7,0
149,2001,9,European Grand Prix,37,de la Rosa,8,0
149,2001,9,European Grand Prix,35,Villeneuve,9,0
149,2001,9,European Grand Prix,8,Räikkönen,10,0
149,2001,9,European Grand Prix,21,Fisichella,11,0
149,2001,9,European Grand Prix,54,Burti,12,0
149,2001,9,European Grand Prix,18,Button,13,0
149,2001,9,European Grand Prix,4,Alonso,14,0
149,2001,9,European Grand Prix,55,Alesi,15,0
150,2001,10,French Grand Prix,30,Schumacher,1,10
150,2001,10,French Grand Prix,23,Schumacher,2,6
150,2001,10,French Grand Prix,22,Barrichello,3,4
150,2001,10,French Grand Prix,14,Coulthard,4,3
150,2001,10,French Grand Prix,15,Trulli,5,2
150,2001,10,French Grand Prix,2,Heidfeld,6,1
150,2001,10,French Grand Prix,8,Räikkönen,7,0
150,2001,10,French Grand Prix,49,Frentzen,8,0
150,2001,10,French Grand Prix,44,Panis,9,0
150,2001,10,French Grand Prix,54,Burti,10,0
150,2001,10,French Grand Prix,21,Fisichella,11,0
150,2001,10,French Grand Prix,55,Alesi,12,0
150,2001,10,French Grand Prix,50,Verstappen,13,0
150,2001,10,French Grand Prix,37,de la Rosa,14,0
150,2001,10,French Grand Prix,58,Marques,15,0
150,2001,10,French Grand Prix,18,Button,16,0
150,2001,10,French Grand Prix,4,Alonso,17,0
151,2001,11,British Grand Prix,57,Häkkinen,1,10
151,2001,11,British Grand Prix,30,Schumacher,2,6
151,2001,11,British Grand Prix,22,Barrichello,3,4
151,2001,11,British Grand Prix,31,Pablo Montoya,4,3
151,2001,11,British Grand Prix,8,Räikkönen,5,2
151,2001,11,British Grand Prix,2,Heidfeld,6,1
151,2001,11,British Grand Prix,49,Frentzen,7,0
151,2001,11,British Grand Prix,35,Villeneuve,8,0
151,2001,11,British Grand Prix,56,Irvine,9,0
151,2001,11,British Grand Prix,50,Verstappen,10,0
151,2001,11,British Grand Prix,55,Alesi,11,0
151,2001,11,British Grand Prix,37,de la Rosa,12,0
151,2001,11,British Grand Prix,21,Fisichella,13,0
151,2001,11,British Grand Prix,59,Bernoldi,14,0
151,2001,11,British Grand Prix,18,Button,15,0
151,2001,11,British Grand Prix,4,Alonso,16,0
152,2001,12,German Grand Prix,23,Schumacher,1,10
152,2001,12,German Grand Prix,22,Barrichello,2,6
152,2001,12,German Grand Prix,35,Villeneuve,3,4
152,2001,12,German Grand Prix,21,Fisichella,4,3
152,2001,12,German Grand Prix,18,Button,5,2
152,2001,12,German Grand Prix,55,Alesi,6,1
152,2001,12,German Grand Prix,44,Panis,7,0
152,2001,12,German Grand Prix,59,Bernoldi,8,0
152,2001,12,German Grand Prix,50,Verstappen,9,0
152,2001,12,German Grand Prix,4,Alonso,10,0
153,2001,13,Hungarian Grand Prix,30,Schumacher,1,10
153,2001,13,Hungarian Grand Prix,22,Barrichello,2,6
153,2001,13,Hungarian Grand Prix,14,Coulthard,3,4
153,2001,13,Hungarian Grand Prix,23,Schumacher,4,3
153,2001,13,Hungarian Grand Prix,57,Häkkinen,5,2
153,2001,13,Hungarian Grand Prix,2,Heidfeld,6,1
153,2001,13,Hungarian Grand Prix,8,Räikkönen,7,0
153,2001,13,Hungarian Grand Prix,31,Pablo Montoya,8,0
153,2001,13,Hungarian Grand Prix,35,Villeneuve,9,0
153,2001,13,Hungarian Grand Prix,55,Alesi,10,0
153,2001,13,Hungarian Grand Prix,37,de la Rosa,11,0
153,2001,13,Hungarian Grand Prix,50,Verstappen,12,0
154,2001,14,Belgian Grand Prix,30,Schumacher,1,10
154,2001,14,Belgian Grand Prix,14,Coulthard,2,6
154,2001,14,Belgian Grand Prix,21,Fisichella,3,4
154,2001,14,Belgian Grand Prix,57,Häkkinen,4,3
154,2001,14,Belgian Grand Prix,22,Barrichello,5,2
154,2001,14,Belgian Grand Prix,55,Alesi,6,1
154,2001,14,Belgian Grand Prix,23,Schumacher,7,0
154,2001,14,Belgian Grand Prix,35,Villeneuve,8,0
154,2001,14,Belgian Grand Prix,49,Frentzen,9,0
154,2001,14,Belgian Grand Prix,50,Verstappen,10,0
154,2001,14,Belgian Grand Prix,44,Panis,11,0
154,2001,14,Belgian Grand Prix,59,Bernoldi,12,0
154,2001,14,Belgian Grand Prix,58,Marques,13,0
155,2001,15,Italian Grand Prix,31,Pablo Montoya,1,10
155,2001,15,Italian Grand Prix,22,Barrichello,2,6
155,2001,15,Italian Grand Prix,23,Schumacher,3,4
155,2001,15,Italian Grand Prix,30,Schumacher,4,3
155,2001,15,Italian Grand Prix,37,de la Rosa,5,2
155,2001,15,Italian Grand Prix,35,Villeneuve,6,1
155,2001,15,Italian Grand Prix,8,Räikkönen,7,0
155,2001,15,Italian Grand Prix,55,Alesi,8,0
155,2001,15,Italian Grand Prix,44,Panis,9,0
155,2001,15,Italian Grand Prix,21,Fisichella,10,0
155,2001,15,Italian Grand Prix,2,Heidfeld,11,0
155,2001,15,Italian Grand Prix,61,Enge,12,0
155,2001,15,Italian Grand Prix,4,Alonso,13,0
156,2001,16,United States Grand Prix,57,Häkkinen,1,10
156,2001,16,United States Grand Prix,30,Schumacher,2,6
156,2001,16,United States Grand Prix,14,Coulthard,3,4
156,2001,16,United States Grand Prix,15,Trulli,4,3
156,2001,16,United States Grand Prix,56,Irvine,5,2
156,2001,16,United States Grand Prix,2,Heidfeld,6,1
156,2001,16,United States Grand Prix,55,Alesi,7,0
156,2001,16,United States Grand Prix,21,Fisichella,8,0
156,2001,16,United States Grand Prix,18,Button,9,0
156,2001,16,United States Grand Prix,49,Frentzen,10,0
156,2001,16,United States Grand Prix,44,Panis,11,0
156,2001,16,United States Grand Prix,37,de la Rosa,12,0
156,2001,16,United States Grand Prix,59,Bernoldi,13,0
156,2001,16,United States Grand Prix,61,Enge,14,0
156,2001,16,United States Grand Prix,22,Barrichello,15,0
157,2001,17,Japanese Grand Prix,30,Schumacher,1,10
157,2001,17,Japanese Grand Prix,31,Pablo Montoya,2,6
157,2001,17,Japanese Grand Prix,14,Coulthard,3,4
157,2001,17,Japanese Grand Prix,57,Häkkinen,4,3
157,2001,17,Japanese Grand Prix,22,Barrichello,5,2
157,2001,17,Japanese Grand Prix,23,Schumacher,6,1
157,2001,17,Japanese Grand Prix,18,Button,7,0
157,2001,17,Japanese Grand Prix,15,Trulli,8,0
157,2001,17,Japanese Grand Prix,2,Heidfeld,9,0
157,2001,17,Japanese Grand Prix,35,Villeneuve,10,0
157,2001,17,Japanese Grand Prix,4,Alonso,11,0
157,2001,17,Japanese Grand Prix,49,Frentzen,12,0
157,2001,17,Japanese Grand Prix,44,Panis,13,0
157,2001,17,Japanese Grand Prix,59,Bernoldi,14,0
157,2001,17,Japanese Grand Prix,50,Verstappen,15,0
157,2001,17,Japanese Grand Prix,62,Yoong,16,0
157,2001,17,Japanese Grand Prix,21,Fisichella,17,0
158,2000,1,Australian Grand Prix,30,Schumacher,1,10
158,2000,1,Australian Grand Prix,22,Barrichello,2,6
158,2000,1,Australian Grand Prix,23,Schumacher,3,4
158,2000,1,Australian Grand Prix,35,Villeneuve,4,3
158,2000,1,Australian Grand Prix,21,Fisichella,5,2
158,2000,1,Australian Grand Prix,41,Zonta,6,1
158,2000,1,Australian Grand Prix,25,Wurz,7,0
158,2000,1,Australian Grand Prix,48,Gené,8,0
158,2000,1,Australian Grand Prix,2,Heidfeld,9,0
159,2000,2,Brazilian Grand Prix,30,Schumacher,1,10
159,2000,2,Brazilian Grand Prix,21,Fisichella,2,6
159,2000,2,Brazilian Grand Prix,49,Frentzen,3,4
159,2000,2,Brazilian Grand Prix,15,Trulli,4,3
159,2000,2,Brazilian Grand Prix,23,Schumacher,5,2
159,2000,2,Brazilian Grand Prix,18,Button,6,1
159,2000,2,Brazilian Grand Prix,50,Verstappen,7,0
159,2000,2,Brazilian Grand Prix,37,de la Rosa,8,0
159,2000,2,Brazilian Grand Prix,41,Zonta,9,0
159,2000,2,Brazilian Grand Prix,60,Mazzacane,10,0
160,2000,3,San Marino Grand Prix,30,Schumacher,1,10
160,2000,3,San Marino Grand Prix,57,Häkkinen,2,6
160,2000,3,San Marino Grand Prix,14,Coulthard,3,4
160,2000,3,San Marino Grand Prix,22,Barrichello,4,3
160,2000,3,San Marino Grand Prix,35,Villeneuve,5,2
160,2000,3,San Marino Grand Prix,63,Salo,6,1
160,2000,3,San Marino Grand Prix,56,Irvine,7,0
160,2000,3,San Marino Grand Prix,64,Diniz,8,0
160,2000,3,San Marino Grand Prix,25,Wurz,9,0
160,2000,3,San Marino Grand Prix,65,Herbert,10,0
160,2000,3,San Marino Grand Prix,21,Fisichella,11,0
160,2000,3,San Marino Grand Prix,41,Zonta,12,0
160,2000,3,San Marino Grand Prix,60,Mazzacane,13,0
160,2000,3,San Marino Grand Prix,50,Verstappen,14,0
160,2000,3,San Marino Grand Prix,15,Trulli,15,0
161,2000,4,British Grand Prix,14,Coulthard,1,10
161,2000,4,British Grand Prix,57,Häkkinen,2,6
161,2000,4,British Grand Prix,30,Schumacher,3,4
161,2000,4,British Grand Prix,23,Schumacher,4,3
161,2000,4,British Grand Prix,18,Button,5,2
161,2000,4,British Grand Prix,15,Trulli,6,1
161,2000,4,British Grand Prix,21,Fisichella,7,0
161,2000,4,British Grand Prix,63,Salo,8,0
161,2000,4,British Grand Prix,25,Wurz,9,0
161,2000,4,British Grand Prix,55,Alesi,10,0
161,2000,4,British Grand Prix,64,Diniz,11,0
161,2000,4,British Grand Prix,65,Herbert,12,0
161,2000,4,British Grand Prix,56,Irvine,13,0
161,2000,4,British Grand Prix,48,Gené,14,0
161,2000,4,British Grand Prix,60,Mazzacane,15,0
161,2000,4,British Grand Prix,35,Villeneuve,16,0
161,2000,4,British Grand Prix,49,Frentzen,17,0
162,2000,5,Spanish Grand Prix,57,Häkkinen,1,10
162,2000,5,Spanish Grand Prix,14,Coulthard,2,6
162,2000,5,Spanish Grand Prix,22,Barrichello,3,4
162,2000,5,Spanish Grand Prix,23,Schumacher,4,3
162,2000,5,Spanish Grand Prix,30,Schumacher,5,2
162,2000,5,Spanish Grand Prix,49,Frentzen,6,1
162,2000,5,Spanish Grand Prix,63,Salo,7,0
162,2000,5,Spanish Grand Prix,41,Zonta,8,0
162,2000,5,Spanish Grand Prix,21,Fisichella,9,0
162,2000,5,Spanish Grand Prix,25,Wurz,10,0
162,2000,5,Spanish Grand Prix,56,Irvine,11,0
162,2000,5,Spanish Grand Prix,15,Trulli,12,0
162,2000,5,Spanish Grand Prix,65,Herbert,13,0
162,2000,5,Spanish Grand Prix,48,Gené,14,0
162,2000,5,Spanish Grand Prix,60,Mazzacane,15,0
162,2000,5,Spanish Grand Prix,2,Heidfeld,16,0
162,2000,5,Spanish Grand Prix,18,Button,17,0
163,2000,6,European Grand Prix,30,Schumacher,1,10
163,2000,6,European Grand Prix,57,Häkkinen,2,6
163,2000,6,European Grand Prix,14,Coulthard,3,4
163,2000,6,European Grand Prix,22,Barrichello,4,3
163,2000,6,European Grand Prix,21,Fisichella,5,2
163,2000,6,European Grand Prix,37,de la Rosa,6,1
163,2000,6,European Grand Prix,64,Diniz,7,0
163,2000,6,European Grand Prix,60,Mazzacane,8,0
163,2000,6,European Grand Prix,55,Alesi,9,0
163,2000,6,European Grand Prix,18,Button,10,0
163,2000,6,European Grand Prix,65,Herbert,11,0
163,2000,6,European Grand Prix,25,Wurz,12,0
164,2000,7,Monaco Grand Prix,14,Coulthard,1,10
164,2000,7,Monaco Grand Prix,22,Barrichello,2,6
164,2000,7,Monaco Grand Prix,21,Fisichella,3,4
164,2000,7,Monaco Grand Prix,56,Irvine,4,3
164,2000,7,Monaco Grand Prix,63,Salo,5,2
164,2000,7,Monaco Grand Prix,57,Häkkinen,6,1
164,2000,7,Monaco Grand Prix,35,Villeneuve,7,0
164,2000,7,Monaco Grand Prix,2,Heidfeld,8,0
164,2000,7,Monaco Grand Prix,65,Herbert,9,0
164,2000,7,Monaco Grand Prix,49,Frentzen,10,0
165,2000,8,Canadian Grand Prix,30,Schumacher,1,10
165,2000,8,Canadian Grand Prix,22,Barrichello,2,6
165,2000,8,Canadian Grand Prix,21,Fisichella,3,4
165,2000,8,Canadian Grand Prix,57,Häkkinen,4,3
165,2000,8,Canadian Grand Prix,50,Verstappen,5,2
165,2000,8,Canadian Grand Prix,15,Trulli,6,1
165,2000,8,Canadian Grand Prix,14,Coulthard,7,0
165,2000,8,Canadian Grand Prix,41,Zonta,8,0
165,2000,8,Canadian Grand Prix,25,Wurz,9,0
165,2000,8,Canadian Grand Prix,64,Diniz,10,0
165,2000,8,Canadian Grand Prix,18,Button,11,0
165,2000,8,Canadian Grand Prix,60,Mazzacane,12,0
165,2000,8,Canadian Grand Prix,56,Irvine,13,0
165,2000,8,Canadian Grand Prix,23,Schumacher,14,0
165,2000,8,Canadian Grand Prix,35,Villeneuve,15,0
165,2000,8,Canadian Grand Prix,48,Gené,16,0
166,2000,9,French Grand Prix,14,Coulthard,1,10
166,2000,9,French Grand Prix,57,Häkkinen,2,6
166,2000,9,French Grand Prix,22,Barrichello,3,4
166,2000,9,French Grand Prix,35,Villeneuve,4,3
166,2000,9,French Grand Prix,23,Schumacher,5,2
166,2000,9,French Grand Prix,15,Trulli,6,1
166,2000,9,French Grand Prix,49,Frentzen,7,0
166,2000,9,French Grand Prix,18,Button,8,0
166,2000,9,French Grand Prix,21,Fisichella,9,0
166,2000,9,French Grand Prix,63,Salo,10,0
166,2000,9,French Grand Prix,64,Diniz,11,0
166,2000,9,French Grand Prix,2,Heidfeld,12,0
166,2000,9,French Grand Prix,56,Irvine,13,0
166,2000,9,French Grand Prix,55,Alesi,14,0
166,2000,9,French Grand Prix,48,Gené,15,0
167,2000,10,Austrian Grand Prix,57,Häkkinen,1,10
167,2000,10,Austrian Grand Prix,14,Coulthard,2,6
167,2000,10,Austrian Grand Prix,22,Barrichello,3,4
167,2000,10,Austrian Grand Prix,35,Villeneuve,4,3
167,2000,10,Austrian Grand Prix,18,Button,5,2
167,2000,10,Austrian Grand Prix,63,Salo,6,1
167,2000,10,Austrian Grand Prix,65,Herbert,7,0
167,2000,10,Austrian Grand Prix,48,Gené,8,0
167,2000,10,Austrian Grand Prix,64,Diniz,9,0
167,2000,10,Austrian Grand Prix,25,Wurz,10,0
167,2000,10,Austrian Grand Prix,54,Burti,11,0
167,2000,10,Austrian Grand Prix,60,Mazzacane,12,0
168,2000,11,German Grand Prix,22,Barrichello,1,10
168,2000,11,German Grand Prix,57,Häkkinen,2,6
168,2000,11,German Grand Prix,14,Coulthard,3,4
168,2000,11,German Grand Prix,18,Button,4,3
168,2000,11,German Grand Prix,63,Salo,5,2
168,2000,11,German Grand Prix,37,de la Rosa,6,1
168,2000,11,German Grand Prix,23,Schumacher,7,0
168,2000,11,German Grand Prix,35,Villeneuve,8,0
168,2000,11,German Grand Prix,15,Trulli,9,0
168,2000,11,German Grand Prix,56,Irvine,10,0
168,2000,11,German Grand Prix,60,Mazzacane,11,0
168,2000,11,German Grand Prix,2,Heidfeld,12,0
169,2000,12,Hungarian Grand Prix,57,Häkkinen,1,10
169,2000,12,Hungarian Grand Prix,30,Schumacher,2,6
169,2000,12,Hungarian Grand Prix,14,Coulthard,3,4
169,2000,12,Hungarian Grand Prix,22,Barrichello,4,3
169,2000,12,Hungarian Grand Prix,23,Schumacher,5,2
169,2000,12,Hungarian Grand Prix,49,Frentzen,6,1
169,2000,12,Hungarian Grand Prix,15,Trulli,7,0
169,2000,12,Hungarian Grand Prix,56,Irvine,8,0
169,2000,12,Hungarian Grand Prix,18,Button,9,0
169,2000,12,Hungarian Grand Prix,63,Salo,10,0
169,2000,12,Hungarian Grand Prix,25,Wurz,11,0
169,2000,12,Hungarian Grand Prix,35,Villeneuve,12,0
169,2000,12,Hungarian Grand Prix,50,Verstappen,13,0
169,2000,12,Hungarian Grand Prix,41,Zonta,14,0
169,2000,12,Hungarian Grand Prix,48,Gené,15,0
169,2000,12,Hungarian Grand Prix,37,de la Rosa,16,0
170,2000,13,Belgian Grand Prix,57,Häkkinen,1,10
170,2000,13,Belgian Grand Prix,30,Schumacher,2,6
170,2000,13,Belgian Grand Prix,23,Schumacher,3,4
170,2000,13,Belgian Grand Prix,14,Coulthard,4,3
170,2000,13,Belgian Grand Prix,18,Button,5,2
170,2000,13,Belgian Grand Prix,49,Frentzen,6,1
170,2000,13,Belgian Grand Prix,35,Villeneuve,7,0
170,2000,13,Belgian Grand Prix,65,Herbert,8,0
170,2000,13,Belgian Grand Prix,63,Salo,9,0
170,2000,13,Belgian Grand Prix,56,Irvine,10,0
170,2000,13,Belgian Grand Prix,64,Diniz,11,0
170,2000,13,Belgian Grand Prix,41,Zonta,12,0
170,2000,13,Belgian Grand Prix,25,Wurz,13,0
170,2000,13,Belgian Grand Prix,48,Gené,14,0
170,2000,13,Belgian Grand Prix,50,Verstappen,15,0
170,2000,13,Belgian Grand Prix,37,de la Rosa,16,0
170,2000,13,Belgian Grand Prix,60,Mazzacane,17,0
171,2000,14,Italian Grand Prix,30,Schumacher,1,10
171,2000,14,Italian Grand Prix,57,Häkkinen,2,6
171,2000,14,Italian Grand Prix,23,Schumacher,3,4
171,2000,14,Italian Grand Prix,50,Verstappen,4,3
171,2000,14,Italian Grand Prix,25,Wurz,5,2
171,2000,14,Italian Grand Prix,41,Zonta,6,1
171,2000,14,Italian Grand Prix,63,Salo,7,0
171,2000,14,Italian Grand Prix,64,Diniz,8,0
171,2000,14,Italian Grand Prix,48,Gené,9,0
171,2000,14,Italian Grand Prix,60,Mazzacane,10,0
171,2000,14,Italian Grand Prix,21,Fisichella,11,0
171,2000,14,Italian Grand Prix,55,Alesi,12,0
172,2000,15,United States Grand Prix,30,Schumacher,1,10
172,2000,15,United States Grand Prix,22,Barrichello,2,6
172,2000,15,United States Grand Prix,49,Frentzen,3,4
172,2000,15,United States Grand Prix,35,Villeneuve,4,3
172,2000,15,United States Grand Prix,14,Coulthard,5,2
172,2000,15,United States Grand Prix,41,Zonta,6,1
172,2000,15,United States Grand Prix,56,Irvine,7,0
172,2000,15,United States Grand Prix,64,Diniz,8,0
172,2000,15,United States Grand Prix,2,Heidfeld,9,0
172,2000,15,United States Grand Prix,25,Wurz,10,0
172,2000,15,United States Grand Prix,65,Herbert,11,0
172,2000,15,United States Grand Prix,48,Gené,12,0
173,2000,16,Japanese Grand Prix,30,Schumacher,1,10
173,2000,16,Japanese Grand Prix,57,Häkkinen,2,6
173,2000,16,Japanese Grand Prix,14,Coulthard,3,4
173,2000,16,Japanese Grand Prix,22,Barrichello,4,3
173,2000,16,Japanese Grand Prix,18,Button,5,2
173,2000,16,Japanese Grand Prix,35,Villeneuve,6,1
173,2000,16,Japanese Grand Prix,65,Herbert,7,0
173,2000,16,Japanese Grand Prix,56,Irvine,8,0
173,2000,16,Japanese Grand Prix,41,Zonta,9,0
173,2000,16,Japanese Grand Prix,63,Salo,10,0
173,2000,16,Japanese Grand Prix,64,Diniz,11,0
173,2000,16,Japanese Grand Prix,37,de la Rosa,12,0
173,2000,16,Japanese Grand Prix,15,Trulli,13,0
173,2000,16,Japanese Grand Prix,21,Fisichella,14,0
173,2000,16,Japanese Grand Prix,60,Mazzacane,15,0
174,2000,17,Malaysian Grand Prix,30,Schumacher,1,10
174,2000,17,Malaysian Grand Prix,14,Coulthard,2,6
174,2000,17,Malaysian Grand Prix,22,Barrichello,3,4
174,2000,17,Malaysian Grand Prix,57,Häkkinen,4,3
174,2000,17,Malaysian Grand Prix,35,Villeneuve,5,2
174,2000,17,Malaysian Grand Prix,56,Irvine,6,1
174,2000,17,Malaysian Grand Prix,25,Wurz,7,0
174,2000,17,Malaysian Grand Prix,63,Salo,8,0
174,2000,17,Malaysian Grand Prix,21,Fisichella,9,0
174,2000,17,Malaysian Grand Prix,50,Verstappen,10,0
174,2000,17,Malaysian Grand Prix,55,Alesi,11,0
174,2000,17,Malaysian Grand Prix,15,Trulli,12,0
174,2000,17,Malaysian Grand Prix,60,Mazzacane,13,0
175,1999,1,Australian Grand Prix,56,Irvine,1,10
175,1999,1,Australian Grand Prix,49,Frentzen,2,6
175,1999,1,Australian Grand Prix,23,Schumacher,3,4
175,1999,1,Australian Grand Prix,21,Fisichella,4,3
175,1999,1,Australian Grand Prix,22,Barrichello,5,2
175,1999,1,Australian Grand Prix,37,de la Rosa,6,1
175,1999,1,Australian Grand Prix,68,Takagi,7,0
175,1999,1,Australian Grand Prix,30,Schumacher,8,0
176,1999,2,Brazilian Grand Prix,57,Häkkinen,1,10
176,1999,2,Brazilian Grand Prix,30,Schumacher,2,6
176,1999,2,Brazilian Grand Prix,49,Frentzen,3,4
176,1999,2,Brazilian Grand Prix,23,Schumacher,4,3
176,1999,2,Brazilian Grand Prix,56,Irvine,5,2
176,1999,2,Brazilian Grand Prix,44,Panis,6,1
176,1999,2,Brazilian Grand Prix,25,Wurz,7,0
176,1999,2,Brazilian Grand Prix,68,Takagi,8,0
176,1999,2,Brazilian Grand Prix,48,Gené,9,0
177,1999,3,San Marino Grand Prix,30,Schumacher,1,10
177,1999,3,San Marino Grand Prix,14,Coulthard,2,6
177,1999,3,San Marino Grand Prix,22,Barrichello,3,4
177,1999,3,San Marino Grand Prix,71,Hill,4,3
177,1999,3,San Marino Grand Prix,21,Fisichella,5,2
177,1999,3,San Marino Grand Prix,55,Alesi,6,1
177,1999,3,San Marino Grand Prix,63,Salo,7,0
177,1999,3,San Marino Grand Prix,69,Badoer,8,0
177,1999,3,San Marino Grand Prix,48,Gené,9,0
177,1999,3,San Marino Grand Prix,65,Herbert,10,0
177,1999,3,San Marino Grand Prix,70,Zanardi,11,0
178,1999,4,Monaco Grand Prix,30,Schumacher,1,10
178,1999,4,Monaco Grand Prix,56,Irvine,2,6
178,1999,4,Monaco Grand Prix,57,Häkkinen,3,4
178,1999,4,Monaco Grand Prix,49,Frentzen,4,3
178,1999,4,Monaco Grand Prix,21,Fisichella,5,2
178,1999,4,Monaco Grand Prix,25,Wurz,6,1
178,1999,4,Monaco Grand Prix,15,Trulli,7,0
178,1999,4,Monaco Grand Prix,70,Zanardi,8,0
178,1999,4,Monaco Grand Prix,22,Barrichello,9,0
179,1999,5,Spanish Grand Prix,57,Häkkinen,1,10
179,1999,5,Spanish Grand Prix,14,Coulthard,2,6
179,1999,5,Spanish Grand Prix,30,Schumacher,3,4
179,1999,5,Spanish Grand Prix,56,Irvine,4,3
179,1999,5,Spanish Grand Prix,23,Schumacher,5,2
179,1999,5,Spanish Grand Prix,15,Trulli,6,1
179,1999,5,Spanish Grand Prix,71,Hill,7,0
179,1999,5,Spanish Grand Prix,63,Salo,8,0
179,1999,5,Spanish Grand Prix,21,Fisichella,9,0
179,1999,5,Spanish Grand Prix,25,Wurz,10,0
179,1999,5,Spanish Grand Prix,37,de la Rosa,11,0
179,1999,5,Spanish Grand Prix,68,Takagi,12,0
180,1999,6,Canadian Grand Prix,57,Häkkinen,1,10
180,1999,6,Canadian Grand Prix,21,Fisichella,2,6
180,1999,6,Canadian Grand Prix,56,Irvine,3,4
180,1999,6,Canadian Grand Prix,23,Schumacher,4,3
180,1999,6,Canadian Grand Prix,65,Herbert,5,2
180,1999,6,Canadian Grand Prix,64,Diniz,6,1
180,1999,6,Canadian Grand Prix,14,Coulthard,7,0
180,1999,6,Canadian Grand Prix,48,Gené,8,0
180,1999,6,Canadian Grand Prix,44,Panis,9,0
180,1999,6,Canadian Grand Prix,69,Badoer,10,0
180,1999,6,Canadian Grand Prix,49,Frentzen,11,0
181,1999,7,French Grand Prix,49,Frentzen,1,10
181,1999,7,French Grand Prix,57,Häkkinen,2,6
181,1999,7,French Grand Prix,22,Barrichello,3,4
181,1999,7,French Grand Prix,23,Schumacher,4,3
181,1999,7,French Grand Prix,30,Schumacher,5,2
181,1999,7,French Grand Prix,56,Irvine,6,1
181,1999,7,French Grand Prix,15,Trulli,7,0
181,1999,7,French Grand Prix,44,Panis,8,0
181,1999,7,French Grand Prix,41,Zonta,9,0
181,1999,7,French Grand Prix,69,Badoer,10,0
181,1999,7,French Grand Prix,37,de la Rosa,11,0
182,1999,8,British Grand Prix,14,Coulthard,1,10
182,1999,8,British Grand Prix,56,Irvine,2,6
182,1999,8,British Grand Prix,23,Schumacher,3,4
182,1999,8,British Grand Prix,49,Frentzen,4,3
182,1999,8,British Grand Prix,71,Hill,5,2
182,1999,8,British Grand Prix,64,Diniz,6,1
182,1999,8,British Grand Prix,21,Fisichella,7,0
182,1999,8,British Grand Prix,22,Barrichello,8,0
182,1999,8,British Grand Prix,15,Trulli,9,0
182,1999,8,British Grand Prix,25,Wurz,10,0
182,1999,8,British Grand Prix,70,Zanardi,11,0
182,1999,8,British Grand Prix,65,Herbert,12,0
182,1999,8,British Grand Prix,44,Panis,13,0
182,1999,8,British Grand Prix,55,Alesi,14,0
182,1999,8,British Grand Prix,48,Gené,15,0
182,1999,8,British Grand Prix,68,Takagi,16,0
183,1999,9,Austrian Grand Prix,56,Irvine,1,10
183,1999,9,Austrian Grand Prix,14,Coulthard,2,6
183,1999,9,Austrian Grand Prix,57,Häkkinen,3,4
183,1999,9,Austrian Grand Prix,49,Frentzen,4,3
183,1999,9,Austrian Grand Prix,25,Wurz,5,2
183,1999,9,Austrian Grand Prix,64,Diniz,6,1
183,1999,9,Austrian Grand Prix,15,Trulli,7,0
183,1999,9,Austrian Grand Prix,71,Hill,8,0
183,1999,9,Austrian Grand Prix,63,Salo,9,0
183,1999,9,Austrian Grand Prix,44,Panis,10,0
183,1999,9,Austrian Grand Prix,48,Gené,11,0
183,1999,9,Austrian Grand Prix,21,Fisichella,12,0
183,1999,9,Austrian Grand Prix,69,Badoer,13,0
183,1999,9,Austrian Grand Prix,65,Herbert,14,0
183,1999,9,Austrian Grand Prix,41,Zonta,15,0
184,1999,10,German Grand Prix,56,Irvine,1,10
184,1999,10,German Grand Prix,63,Salo,2,6
184,1999,10,German Grand Prix,49,Frentzen,3,4
184,1999,10,German Grand Prix,23,Schumacher,4,3
184,1999,10,German Grand Prix,14,Coulthard,5,2
184,1999,10,German Grand Prix,44,Panis,6,1
184,1999,10,German Grand Prix,25,Wurz,7,0
184,1999,10,German Grand Prix,55,Alesi,8,0
184,1999,10,German Grand Prix,48,Gené,9,0
184,1999,10,German Grand Prix,69,Badoer,10,0
184,1999,10,German Grand Prix,65,Herbert,11,0
185,1999,11,Hungarian Grand Prix,57,Häkkinen,1,10
185,1999,11,Hungarian Grand Prix,14,Coulthard,2,6
185,1999,11,Hungarian Grand Prix,56,Irvine,3,4
185,1999,11,Hungarian Grand Prix,49,Frentzen,4,3
185,1999,11,Hungarian Grand Prix,22,Barrichello,5,2
185,1999,11,Hungarian Grand Prix,71,Hill,6,1
185,1999,11,Hungarian Grand Prix,25,Wurz,7,0
185,1999,11,Hungarian Grand Prix,15,Trulli,8,0
185,1999,11,Hungarian Grand Prix,23,Schumacher,9,0
185,1999,11,Hungarian Grand Prix,44,Panis,10,0
185,1999,11,Hungarian Grand Prix,65,Herbert,11,0
185,1999,11,Hungarian Grand Prix,63,Salo,12,0
185,1999,11,Hungarian Grand Prix,41,Zonta,13,0
185,1999,11,Hungarian Grand Prix,69,Badoer,14,0
185,1999,11,Hungarian Grand Prix,37,de la Rosa,15,0
185,1999,11,Hungarian Grand Prix,55,Alesi,16,0
185,1999,11,Hungarian Grand Prix,48,Gené,17,0
186,1999,12,Belgian Grand Prix,14,Coulthard,1,10
186,1999,12,Belgian Grand Prix,57,Häkkinen,2,6
186,1999,12,Belgian Grand Prix,49,Frentzen,3,4
186,1999,12,Belgian Grand Prix,56,Irvine,4,3
186,1999,12,Belgian Grand Prix,23,Schumacher,5,2
186,1999,12,Belgian Grand Prix,71,Hill,6,1
186,1999,12,Belgian Grand Prix,63,Salo,7,0
186,1999,12,Belgian Grand Prix,70,Zanardi,8,0
186,1999,12,Belgian Grand Prix,55,Alesi,9,0
186,1999,12,Belgian Grand Prix,22,Barrichello,10,0
186,1999,12,Belgian Grand Prix,21,Fisichella,11,0
186,1999,12,Belgian Grand Prix,15,Trulli,12,0
186,1999,12,Belgian Grand Prix,44,Panis,13,0
186,1999,12,Belgian Grand Prix,25,Wurz,14,0
186,1999,12,Belgian Grand Prix,35,Villeneuve,15,0
186,1999,12,Belgian Grand Prix,48,Gené,16,0
187,1999,13,Italian Grand Prix,49,Frentzen,1,10
187,1999,13,Italian Grand Prix,23,Schumacher,2,6
187,1999,13,Italian Grand Prix,63,Salo,3,4
187,1999,13,Italian Grand Prix,22,Barrichello,4,3
187,1999,13,Italian Grand Prix,14,Coulthard,5,2
187,1999,13,Italian Grand Prix,56,Irvine,6,1
187,1999,13,Italian Grand Prix,70,Zanardi,7,0
187,1999,13,Italian Grand Prix,35,Villeneuve,8,0
187,1999,13,Italian Grand Prix,55,Alesi,9,0
187,1999,13,Italian Grand Prix,71,Hill,10,0
187,1999,13,Italian Grand Prix,44,Panis,11,0
188,1999,14,European Grand Prix,65,Herbert,1,10
188,1999,14,European Grand Prix,15,Trulli,2,6
188,1999,14,European Grand Prix,22,Barrichello,3,4
188,1999,14,European Grand Prix,23,Schumacher,4,3
188,1999,14,European Grand Prix,57,Häkkinen,5,2
188,1999,14,European Grand Prix,48,Gené,6,1
188,1999,14,European Grand Prix,56,Irvine,7,0
188,1999,14,European Grand Prix,41,Zonta,8,0
188,1999,14,European Grand Prix,44,Panis,9,0
188,1999,14,European Grand Prix,35,Villeneuve,10,0
189,1999,15,Malaysian Grand Prix,56,Irvine,1,10
189,1999,15,Malaysian Grand Prix,30,Schumacher,2,6
189,1999,15,Malaysian Grand Prix,57,Häkkinen,3,4
189,1999,15,Malaysian Grand Prix,65,Herbert,4,3
189,1999,15,Malaysian Grand Prix,22,Barrichello,5,2
189,1999,15,Malaysian Grand Prix,49,Frentzen,6,1
189,1999,15,Malaysian Grand Prix,55,Alesi,7,0
189,1999,15,Malaysian Grand Prix,25,Wurz,8,0
189,1999,15,Malaysian Grand Prix,48,Gené,9,0
189,1999,15,Malaysian Grand Prix,70,Zanardi,10,0
189,1999,15,Malaysian Grand Prix,21,Fisichella,11,0
190,1999,16,Japanese Grand Prix,57,Häkkinen,1,10
190,1999,16,Japanese Grand Prix,30,Schumacher,2,6
190,1999,16,Japanese Grand Prix,56,Irvine,3,4
190,1999,16,Japanese Grand Prix,49,Frentzen,4,3
190,1999,16,Japanese Grand Prix,23,Schumacher,5,2
190,1999,16,Japanese Grand Prix,55,Alesi,6,1
190,1999,16,Japanese Grand Prix,65,Herbert,7,0
190,1999,16,Japanese Grand Prix,22,Barrichello,8,0
190,1999,16,Japanese Grand Prix,35,Villeneuve,9,0
190,1999,16,Japanese Grand Prix,25,Wurz,10,0
190,1999,16,Japanese Grand Prix,64,Diniz,11,0
190,1999,16,Japanese Grand Prix,41,Zonta,12,0
190,1999,16,Japanese Grand Prix,37,de la Rosa,13,0
190,1999,16,Japanese Grand Prix,21,Fisichella,14,0
191,1998,1,Australian Grand Prix,57,Häkkinen,1,10
191,1998,1,Australian Grand Prix,14,Coulthard,2,6
191,1998,1,Australian Grand Prix,49,Frentzen,3,4
191,1998,1,Australian Grand Prix,56,Irvine,4,3
191,1998,1,Australian Grand Prix,35,Villeneuve,5,2
191,1998,1,Australian Grand Prix,65,Herbert,6,1
191,1998,1,Australian Grand Prix,25,Wurz,7,0
191,1998,1,Australian Grand Prix,71,Hill,8,0
191,1998,1,Australian Grand Prix,44,Panis,9,0
192,1998,2,Brazilian Grand Prix,57,Häkkinen,1,10
192,1998,2,Brazilian Grand Prix,14,Coulthard,2,6
192,1998,2,Brazilian Grand Prix,30,Schumacher,3,4
192,1998,2,Brazilian Grand Prix,25,Wurz,4,3
192,1998,2,Brazilian Grand Prix,49,Frentzen,5,2
192,1998,2,Brazilian Grand Prix,21,Fisichella,6,1
192,1998,2,Brazilian Grand Prix,35,Villeneuve,7,0
192,1998,2,Brazilian Grand Prix,56,Irvine,8,0
192,1998,2,Brazilian Grand Prix,55,Alesi,9,0
192,1998,2,Brazilian Grand Prix,76,Magnussen,10,0
192,1998,2,Brazilian Grand Prix,65,Herbert,11,0
193,1998,3,Argentine Grand Prix,30,Schumacher,1,10
193,1998,3,Argentine Grand Prix,57,Häkkinen,2,6
193,1998,3,Argentine Grand Prix,56,Irvine,3,4
193,1998,3,Argentine Grand Prix,25,Wurz,4,3
193,1998,3,Argentine Grand Prix,55,Alesi,5,2
193,1998,3,Argentine Grand Prix,14,Coulthard,6,1
193,1998,3,Argentine Grand Prix,21,Fisichella,7,0
193,1998,3,Argentine Grand Prix,71,Hill,8,0
193,1998,3,Argentine Grand Prix,49,Frentzen,9,0
193,1998,3,Argentine Grand Prix,22,Barrichello,10,0
193,1998,3,Argentine Grand Prix,15,Trulli,11,0
193,1998,3,Argentine Grand Prix,68,Takagi,12,0
193,1998,3,Argentine Grand Prix,75,Nakano,13,0
193,1998,3,Argentine Grand Prix,73,Rosset,14,0
193,1998,3,Argentine Grand Prix,44,Panis,15,0
194,1998,4,San Marino Grand Prix,14,Coulthard,1,10
194,1998,4,San Marino Grand Prix,30,Schumacher,2,6
194,1998,4,San Marino Grand Prix,56,Irvine,3,4
194,1998,4,San Marino Grand Prix,35,Villeneuve,4,3
194,1998,4,San Marino Grand Prix,49,Frentzen,5,2
194,1998,4,San Marino Grand Prix,55,Alesi,6,1
194,1998,4,San Marino Grand Prix,23,Schumacher,7,0
194,1998,4,San Marino Grand Prix,74,Tuero,8,0
194,1998,4,San Marino Grand Prix,63,Salo,9,0
194,1998,4,San Marino Grand Prix,71,Hill,10,0
194,1998,4,San Marino Grand Prix,44,Panis,11,0
195,1998,5,Spanish Grand Prix,57,Häkkinen,1,10
195,1998,5,Spanish Grand Prix,14,Coulthard,2,6
195,1998,5,Spanish Grand Prix,30,Schumacher,3,4
195,1998,5,Spanish Grand Prix,25,Wurz,4,3
195,1998,5,Spanish Grand Prix,22,Barrichello,5,2
195,1998,5,Spanish Grand Prix,35,Villeneuve,6,1
195,1998,5,Spanish Grand Prix,65,Herbert,7,0
195,1998,5,Spanish Grand Prix,49,Frentzen,8,0
195,1998,5,Spanish Grand Prix,15,Trulli,9,0
195,1998,5,Spanish Grand Prix,55,Alesi,10,0
195,1998,5,Spanish Grand Prix,23,Schumacher,11,0
195,1998,5,Spanish Grand Prix,76,Magnussen,12,0
195,1998,5,Spanish Grand Prix,68,Takagi,13,0
195,1998,5,Spanish Grand Prix,75,Nakano,14,0
195,1998,5,Spanish Grand Prix,74,Tuero,15,0
195,1998,5,Spanish Grand Prix,44,Panis,16,0
196,1998,6,Monaco Grand Prix,57,Häkkinen,1,10
196,1998,6,Monaco Grand Prix,21,Fisichella,2,6
196,1998,6,Monaco Grand Prix,56,Irvine,3,4
196,1998,6,Monaco Grand Prix,63,Salo,4,3
196,1998,6,Monaco Grand Prix,35,Villeneuve,5,2
196,1998,6,Monaco Grand Prix,64,Diniz,6,1
196,1998,6,Monaco Grand Prix,65,Herbert,7,0
196,1998,6,Monaco Grand Prix,71,Hill,8,0
196,1998,6,Monaco Grand Prix,75,Nakano,9,0
196,1998,6,Monaco Grand Prix,30,Schumacher,10,0
196,1998,6,Monaco Grand Prix,68,Takagi,11,0
196,1998,6,Monaco Grand Prix,55,Alesi,12,0
197,1998,7,Canadian Grand Prix,30,Schumacher,1,10
197,1998,7,Canadian Grand Prix,21,Fisichella,2,6
197,1998,7,Canadian Grand Prix,56,Irvine,3,4
197,1998,7,Canadian Grand Prix,25,Wurz,4,3
197,1998,7,Canadian Grand Prix,22,Barrichello,5,2
197,1998,7,Canadian Grand Prix,76,Magnussen,6,1
197,1998,7,Canadian Grand Prix,75,Nakano,7,0
197,1998,7,Canadian Grand Prix,73,Rosset,8,0
197,1998,7,Canadian Grand Prix,64,Diniz,9,0
197,1998,7,Canadian Grand Prix,35,Villeneuve,10,0
198,1998,8,French Grand Prix,30,Schumacher,1,10
198,1998,8,French Grand Prix,56,Irvine,2,6
198,1998,8,French Grand Prix,57,Häkkinen,3,4
198,1998,8,French Grand Prix,35,Villeneuve,4,3
198,1998,8,French Grand Prix,25,Wurz,5,2
198,1998,8,French Grand Prix,14,Coulthard,6,1
198,1998,8,French Grand Prix,55,Alesi,7,0
198,1998,8,French Grand Prix,65,Herbert,8,0
198,1998,8,French Grand Prix,21,Fisichella,9,0
198,1998,8,French Grand Prix,22,Barrichello,10,0
198,1998,8,French Grand Prix,44,Panis,11,0
198,1998,8,French Grand Prix,50,Verstappen,12,0
198,1998,8,French Grand Prix,63,Salo,13,0
198,1998,8,French Grand Prix,64,Diniz,14,0
198,1998,8,French Grand Prix,49,Frentzen,15,0
198,1998,8,French Grand Prix,23,Schumacher,16,0
198,1998,8,French Grand Prix,75,Nakano,17,0
199,1998,9,British Grand Prix,30,Schumacher,1,10
199,1998,9,British Grand Prix,57,Häkkinen,2,6
199,1998,9,British Grand Prix,56,Irvine,3,4
199,1998,9,British Grand Prix,25,Wurz,4,3
199,1998,9,British Grand Prix,21,Fisichella,5,2
199,1998,9,British Grand Prix,23,Schumacher,6,1
199,1998,9,British Grand Prix,35,Villeneuve,7,0
199,1998,9,British Grand Prix,75,Nakano,8,0
199,1998,9,British Grand Prix,68,Takagi,9,0
200,1998,10,Austrian Grand Prix,57,Häkkinen,1,10
200,1998,10,Austrian Grand Prix,14,Coulthard,2,6
200,1998,10,Austrian Grand Prix,30,Schumacher,3,4
200,1998,10,Austrian Grand Prix,56,Irvine,4,3
200,1998,10,Austrian Grand Prix,23,Schumacher,5,2
200,1998,10,Austrian Grand Prix,35,Villeneuve,6,1
200,1998,10,Austrian Grand Prix,71,Hill,7,0
200,1998,10,Austrian Grand Prix,65,Herbert,8,0
200,1998,10,Austrian Grand Prix,25,Wurz,9,0
200,1998,10,Austrian Grand Prix,15,Trulli,10,0
200,1998,10,Austrian Grand Prix,75,Nakano,11,0
200,1998,10,Austrian Grand Prix,73,Rosset,12,0
201,1998,11,German Grand Prix,57,Häkkinen,1,10
201,1998,11,German Grand Prix,14,Coulthard,2,6
201,1998,11,German Grand Prix,35,Villeneuve,3,4
201,1998,11,German Grand Prix,71,Hill,4,3
201,1998,11,German Grand Prix,30,Schumacher,5,2
201,1998,11,German Grand Prix,23,Schumacher,6,1
201,1998,11,German Grand Prix,21,Fisichella,7,0
201,1998,11,German Grand Prix,56,Irvine,8,0
201,1998,11,German Grand Prix,49,Frentzen,9,0
201,1998,11,German Grand Prix,55,Alesi,10,0
201,1998,11,German Grand Prix,25,Wurz,11,0
201,1998,11,German Grand Prix,15,Trulli,12,0
201,1998,11,German Grand Prix,68,Takagi,13,0
201,1998,11,German Grand Prix,63,Salo,14,0
201,1998,11,German Grand Prix,44,Panis,15,0
201,1998,11,German Grand Prix,74,Tuero,16,0
202,1998,12,Hungarian Grand Prix,30,Schumacher,1,10
202,1998,12,Hungarian Grand Prix,14,Coulthard,2,6
202,1998,12,Hungarian Grand Prix,35,Villeneuve,3,4
202,1998,12,Hungarian Grand Prix,71,Hill,4,3
202,1998,12,Hungarian Grand Prix,49,Frentzen,5,2
202,1998,12,Hungarian Grand Prix,57,Häkkinen,6,1
202,1998,12,Hungarian Grand Prix,55,Alesi,7,0
202,1998,12,Hungarian Grand Prix,21,Fisichella,8,0
202,1998,12,Hungarian Grand Prix,23,Schumacher,9,0
202,1998,12,Hungarian Grand Prix,65,Herbert,10,0
202,1998,12,Hungarian Grand Prix,64,Diniz,11,0
202,1998,12,Hungarian Grand Prix,44,Panis,12,0
202,1998,12,Hungarian Grand Prix,50,Verstappen,13,0
202,1998,12,Hungarian Grand Prix,68,Takagi,14,0
202,1998,12,Hungarian Grand Prix,75,Nakano,15,0
203,1998,13,Belgian Grand Prix,71,Hill,1,10
203,1998,13,Belgian Grand Prix,23,Schumacher,2,6
203,1998,13,Belgian Grand Prix,55,Alesi,3,4
203,1998,13,Belgian Grand Prix,49,Frentzen,4,3
203,1998,13,Belgian Grand Prix,64,Diniz,5,2
203,1998,13,Belgian Grand Prix,15,Trulli,6,1
203,1998,13,Belgian Grand Prix,14,Coulthard,7,0
203,1998,13,Belgian Grand Prix,75,Nakano,8,0
204,1998,14,Italian Grand Prix,30,Schumacher,1,10
204,1998,14,Italian Grand Prix,56,Irvine,2,6
204,1998,14,Italian Grand Prix,23,Schumacher,3,4
204,1998,14,Italian Grand Prix,57,Häkkinen,4,3
204,1998,14,Italian Grand Prix,55,Alesi,5,2
204,1998,14,Italian Grand Prix,71,Hill,6,1
204,1998,14,Italian Grand Prix,49,Frentzen,7,0
204,1998,14,Italian Grand Prix,21,Fisichella,8,0
204,1998,14,Italian Grand Prix,68,Takagi,9,0
204,1998,14,Italian Grand Prix,22,Barrichello,10,0
204,1998,14,Italian Grand Prix,74,Tuero,11,0
204,1998,14,Italian Grand Prix,73,Rosset,12,0
204,1998,14,Italian Grand Prix,15,Trulli,13,0
205,1998,15,Luxembourg Grand Prix,57,Häkkinen,1,10
205,1998,15,Luxembourg Grand Prix,30,Schumacher,2,6
205,1998,15,Luxembourg Grand Prix,14,Coulthard,3,4
205,1998,15,Luxembourg Grand Prix,56,Irvine,4,3
205,1998,15,Luxembourg Grand Prix,49,Frentzen,5,2
205,1998,15,Luxembourg Grand Prix,21,Fisichella,6,1
205,1998,15,Luxembourg Grand Prix,25,Wurz,7,0
205,1998,15,Luxembourg Grand Prix,35,Villeneuve,8,0
205,1998,15,Luxembourg Grand Prix,71,Hill,9,0
205,1998,15,Luxembourg Grand Prix,55,Alesi,10,0
205,1998,15,Luxembourg Grand Prix,22,Barrichello,11,0
205,1998,15,Luxembourg Grand Prix,44,Panis,12,0
205,1998,15,Luxembourg Grand Prix,50,Verstappen,13,0
205,1998,15,Luxembourg Grand Prix,63,Salo,14,0
205,1998,15,Luxembourg Grand Prix,75,Nakano,15,0
205,1998,15,Luxembourg Grand Prix,68,Takagi,16,0
206,1998,16,Japanese Grand Prix,57,Häkkinen,1,10
206,1998,16,Japanese Grand Prix,56,Irvine,2,6
206,1998,16,Japanese Grand Prix,14,Coulthard,3,4
206,1998,16,Japanese Grand Prix,71,Hill,4,3
206,1998,16,Japanese Grand Prix,49,Frentzen,5,2
206,1998,16,Japanese Grand Prix,35,Villeneuve,6,1
206,1998,16,Japanese Grand Prix,55,Alesi,7,0
206,1998,16,Japanese Grand Prix,21,Fisichella,8,0
206,1998,16,Japanese Grand Prix,25,Wurz,9,0
206,1998,16,Japanese Grand Prix,65,Herbert,10,0
206,1998,16,Japanese Grand Prix,44,Panis,11,0
206,1998,16,Japanese Grand Prix,15,Trulli,12,0
207,1997,1,Australian Grand Prix,14,Coulthard,1,10
207,1997,1,Australian Grand Prix,30,Schumacher,2,6
207,1997,1,Australian Grand Prix,57,Häkkinen,3,4
207,1997,1,Australian Grand Prix,77,Berger,4,3
207,1997,1,Australian Grand Prix,44,Panis,5,2
207,1997,1,Australian Grand Prix,78,Larini,6,1
207,1997,1,Australian Grand Prix,75,Nakano,7,0
207,1997,1,Australian Grand Prix,49,Frentzen,8,0
207,1997,1,Australian Grand Prix,15,Trulli,9,0
207,1997,1,Australian Grand Prix,64,Diniz,10,0
208,1997,2,Brazilian Grand Prix,35,Villeneuve,1,10
208,1997,2,Brazilian Grand Prix,77,Berger,2,6
208,1997,2,Brazilian Grand Prix,44,Panis,3,4
208,1997,2,Brazilian Grand Prix,57,Häkkinen,4,3
208,1997,2,Brazilian Grand Prix,30,Schumacher,5,2
208,1997,2,Brazilian Grand Prix,55,Alesi,6,1
208,1997,2,Brazilian Grand Prix,65,Herbert,7,0
208,1997,2,Brazilian Grand Prix,21,Fisichella,8,0
208,1997,2,Brazilian Grand Prix,49,Frentzen,9,0
208,1997,2,Brazilian Grand Prix,14,Coulthard,10,0
208,1997,2,Brazilian Grand Prix,78,Larini,11,0
208,1997,2,Brazilian Grand Prix,15,Trulli,12,0
208,1997,2,Brazilian Grand Prix,63,Salo,13,0
208,1997,2,Brazilian Grand Prix,75,Nakano,14,0
208,1997,2,Brazilian Grand Prix,50,Verstappen,15,0
208,1997,2,Brazilian Grand Prix,56,Irvine,16,0
208,1997,2,Brazilian Grand Prix,71,Hill,17,0
208,1997,2,Brazilian Grand Prix,79,Katayama,18,0
209,1997,3,Argentine Grand Prix,35,Villeneuve,1,10
209,1997,3,Argentine Grand Prix,56,Irvine,2,6
209,1997,3,Argentine Grand Prix,23,Schumacher,3,4
209,1997,3,Argentine Grand Prix,65,Herbert,4,3
209,1997,3,Argentine Grand Prix,57,Häkkinen,5,2
209,1997,3,Argentine Grand Prix,77,Berger,6,1
209,1997,3,Argentine Grand Prix,55,Alesi,7,0
209,1997,3,Argentine Grand Prix,63,Salo,8,0
209,1997,3,Argentine Grand Prix,15,Trulli,9,0
209,1997,3,Argentine Grand Prix,76,Magnussen,10,0
210,1997,4,San Marino Grand Prix,49,Frentzen,1,10
210,1997,4,San Marino Grand Prix,30,Schumacher,2,6
210,1997,4,San Marino Grand Prix,56,Irvine,3,4
210,1997,4,San Marino Grand Prix,21,Fisichella,4,3
210,1997,4,San Marino Grand Prix,55,Alesi,5,2
210,1997,4,San Marino Grand Prix,57,Häkkinen,6,1
210,1997,4,San Marino Grand Prix,78,Larini,7,0
210,1997,4,San Marino Grand Prix,44,Panis,8,0
210,1997,4,San Marino Grand Prix,63,Salo,9,0
210,1997,4,San Marino Grand Prix,50,Verstappen,10,0
210,1997,4,San Marino Grand Prix,79,Katayama,11,0
211,1997,5,Monaco Grand Prix,30,Schumacher,1,10
211,1997,5,Monaco Grand Prix,22,Barrichello,2,6
211,1997,5,Monaco Grand Prix,56,Irvine,3,4
211,1997,5,Monaco Grand Prix,44,Panis,4,3
211,1997,5,Monaco Grand Prix,63,Salo,5,2
211,1997,5,Monaco Grand Prix,21,Fisichella,6,1
211,1997,5,Monaco Grand Prix,76,Magnussen,7,0
211,1997,5,Monaco Grand Prix,50,Verstappen,8,0
211,1997,5,Monaco Grand Prix,77,Berger,9,0
211,1997,5,Monaco Grand Prix,79,Katayama,10,0
212,1997,6,Spanish Grand Prix,35,Villeneuve,1,10
212,1997,6,Spanish Grand Prix,44,Panis,2,6
212,1997,6,Spanish Grand Prix,55,Alesi,3,4
212,1997,6,Spanish Grand Prix,30,Schumacher,4,3
212,1997,6,Spanish Grand Prix,65,Herbert,5,2
212,1997,6,Spanish Grand Prix,14,Coulthard,6,1
212,1997,6,Spanish Grand Prix,57,Häkkinen,7,0
212,1997,6,Spanish Grand Prix,49,Frentzen,8,0
212,1997,6,Spanish Grand Prix,21,Fisichella,9,0
212,1997,6,Spanish Grand Prix,77,Berger,10,0
212,1997,6,Spanish Grand Prix,50,Verstappen,11,0
212,1997,6,Spanish Grand Prix,56,Irvine,12,0
212,1997,6,Spanish Grand Prix,76,Magnussen,13,0
212,1997,6,Spanish Grand Prix,81,Morbidelli,14,0
212,1997,6,Spanish Grand Prix,15,Trulli,15,0
213,1997,7,Canadian Grand Prix,30,Schumacher,1,10
213,1997,7,Canadian Grand Prix,55,Alesi,2,6
213,1997,7,Canadian Grand Prix,21,Fisichella,3,4
213,1997,7,Canadian Grand Prix,49,Frentzen,4,3
213,1997,7,Canadian Grand Prix,65,Herbert,5,2
213,1997,7,Canadian Grand Prix,75,Nakano,6,1
213,1997,7,Canadian Grand Prix,14,Coulthard,7,0
213,1997,7,Canadian Grand Prix,64,Diniz,8,0
213,1997,7,Canadian Grand Prix,71,Hill,9,0
213,1997,7,Canadian Grand Prix,81,Morbidelli,10,0
213,1997,7,Canadian Grand Prix,44,Panis,11,0
214,1997,8,French Grand Prix,30,Schumacher,1,10
214,1997,8,French Grand Prix,49,Frentzen,2,6
214,1997,8,French Grand Prix,56,Irvine,3,4
214,1997,8,French Grand Prix,35,Villeneuve,4,3
214,1997,8,French Grand Prix,55,Alesi,5,2
214,1997,8,French Grand Prix,23,Schumacher,6,1
214,1997,8,French Grand Prix,14,Coulthard,7,0
214,1997,8,French Grand Prix,65,Herbert,8,0
214,1997,8,French Grand Prix,21,Fisichella,9,0
214,1997,8,French Grand Prix,15,Trulli,10,0
214,1997,8,French Grand Prix,79,Katayama,11,0
214,1997,8,French Grand Prix,71,Hill,12,0
215,1997,9,British Grand Prix,35,Villeneuve,1,10
215,1997,9,British Grand Prix,55,Alesi,2,6
215,1997,9,British Grand Prix,25,Wurz,3,4
215,1997,9,British Grand Prix,14,Coulthard,4,3
215,1997,9,British Grand Prix,23,Schumacher,5,2
215,1997,9,British Grand Prix,71,Hill,6,1
215,1997,9,British Grand Prix,21,Fisichella,7,0
215,1997,9,British Grand Prix,15,Trulli,8,0
215,1997,9,British Grand Prix,82,Fontana,9,0
215,1997,9,British Grand Prix,58,Marques,10,0
215,1997,9,British Grand Prix,75,Nakano,11,0
216,1997,10,German Grand Prix,77,Berger,1,10
216,1997,10,German Grand Prix,30,Schumacher,2,6
216,1997,10,German Grand Prix,57,Häkkinen,3,4
216,1997,10,German Grand Prix,15,Trulli,4,3
216,1997,10,German Grand Prix,23,Schumacher,5,2
216,1997,10,German Grand Prix,55,Alesi,6,1
216,1997,10,German Grand Prix,75,Nakano,7,0
216,1997,10,German Grand Prix,71,Hill,8,0
216,1997,10,German Grand Prix,82,Fontana,9,0
216,1997,10,German Grand Prix,50,Verstappen,10,0
216,1997,10,German Grand Prix,21,Fisichella,11,0
217,1997,11,Hungarian Grand Prix,35,Villeneuve,1,10
217,1997,11,Hungarian Grand Prix,71,Hill,2,6
217,1997,11,Hungarian Grand Prix,65,Herbert,3,4
217,1997,11,Hungarian Grand Prix,30,Schumacher,4,3
217,1997,11,Hungarian Grand Prix,23,Schumacher,5,2
217,1997,11,Hungarian Grand Prix,75,Nakano,6,1
217,1997,11,Hungarian Grand Prix,15,Trulli,7,0
217,1997,11,Hungarian Grand Prix,77,Berger,8,0
217,1997,11,Hungarian Grand Prix,56,Irvine,9,0
217,1997,11,Hungarian Grand Prix,79,Katayama,10,0
217,1997,11,Hungarian Grand Prix,55,Alesi,11,0
217,1997,11,Hungarian Grand Prix,58,Marques,12,0
217,1997,11,Hungarian Grand Prix,63,Salo,13,0
218,1997,12,Belgian Grand Prix,30,Schumacher,1,10
218,1997,12,Belgian Grand Prix,21,Fisichella,2,6
218,1997,12,Belgian Grand Prix,49,Frentzen,3,4
218,1997,12,Belgian Grand Prix,65,Herbert,4,3
218,1997,12,Belgian Grand Prix,35,Villeneuve,5,2
218,1997,12,Belgian Grand Prix,77,Berger,6,1
218,1997,12,Belgian Grand Prix,64,Diniz,7,0
218,1997,12,Belgian Grand Prix,55,Alesi,8,0
218,1997,12,Belgian Grand Prix,81,Morbidelli,9,0
218,1997,12,Belgian Grand Prix,56,Irvine,10,0
218,1997,12,Belgian Grand Prix,63,Salo,11,0
218,1997,12,Belgian Grand Prix,76,Magnussen,12,0
218,1997,12,Belgian Grand Prix,71,Hill,13,0
218,1997,12,Belgian Grand Prix,79,Katayama,14,0
218,1997,12,Belgian Grand Prix,15,Trulli,15,0
219,1997,13,Italian Grand Prix,14,Coulthard,1,10
219,1997,13,Italian Grand Prix,55,Alesi,2,6
219,1997,13,Italian Grand Prix,49,Frentzen,3,4
219,1997,13,Italian Grand Prix,21,Fisichella,4,3
219,1997,13,Italian Grand Prix,35,Villeneuve,5,2
219,1997,13,Italian Grand Prix,30,Schumacher,6,1
219,1997,13,Italian Grand Prix,77,Berger,7,0
219,1997,13,Italian Grand Prix,56,Irvine,8,0
219,1997,13,Italian Grand Prix,57,Häkkinen,9,0
219,1997,13,Italian Grand Prix,15,Trulli,10,0
219,1997,13,Italian Grand Prix,75,Nakano,11,0
219,1997,13,Italian Grand Prix,81,Morbidelli,12,0
219,1997,13,Italian Grand Prix,22,Barrichello,13,0
219,1997,13,Italian Grand Prix,58,Marques,14,0
220,1997,14,Austrian Grand Prix,35,Villeneuve,1,10
220,1997,14,Austrian Grand Prix,14,Coulthard,2,6
220,1997,14,Austrian Grand Prix,49,Frentzen,3,4
220,1997,14,Austrian Grand Prix,21,Fisichella,4,3
220,1997,14,Austrian Grand Prix,23,Schumacher,5,2
220,1997,14,Austrian Grand Prix,30,Schumacher,6,1
220,1997,14,Austrian Grand Prix,71,Hill,7,0
220,1997,14,Austrian Grand Prix,65,Herbert,8,0
220,1997,14,Austrian Grand Prix,81,Morbidelli,9,0
220,1997,14,Austrian Grand Prix,77,Berger,10,0
220,1997,14,Austrian Grand Prix,79,Katayama,11,0
220,1997,14,Austrian Grand Prix,50,Verstappen,12,0
220,1997,14,Austrian Grand Prix,64,Diniz,13,0
220,1997,14,Austrian Grand Prix,22,Barrichello,14,0
221,1997,15,Luxembourg Grand Prix,35,Villeneuve,1,10
221,1997,15,Luxembourg Grand Prix,55,Alesi,2,6
221,1997,15,Luxembourg Grand Prix,49,Frentzen,3,4
221,1997,15,Luxembourg Grand Prix,77,Berger,4,3
221,1997,15,Luxembourg Grand Prix,64,Diniz,5,2
221,1997,15,Luxembourg Grand Prix,44,Panis,6,1
221,1997,15,Luxembourg Grand Prix,65,Herbert,7,0
221,1997,15,Luxembourg Grand Prix,71,Hill,8,0
221,1997,15,Luxembourg Grand Prix,81,Morbidelli,9,0
221,1997,15,Luxembourg Grand Prix,63,Salo,10,0
222,1997,16,Japanese Grand Prix,30,Schumacher,1,10
222,1997,16,Japanese Grand Prix,49,Frentzen,2,6
222,1997,16,Japanese Grand Prix,56,Irvine,3,4
222,1997,16,Japanese Grand Prix,57,Häkkinen,4,3
222,1997,16,Japanese Grand Prix,55,Alesi,5,2
222,1997,16,Japanese Grand Prix,65,Herbert,6,1
222,1997,16,Japanese Grand Prix,21,Fisichella,7,0
222,1997,16,Japanese Grand Prix,77,Berger,8,0
222,1997,16,Japanese Grand Prix,23,Schumacher,9,0
222,1997,16,Japanese Grand Prix,14,Coulthard,10,0
222,1997,16,Japanese Grand Prix,71,Hill,11,0
222,1997,16,Japanese Grand Prix,64,Diniz,12,0
222,1997,16,Japanese Grand Prix,50,Verstappen,13,0
223,1997,17,European Grand Prix,57,Häkkinen,1,10
223,1997,17,European Grand Prix,14,Coulthard,2,6
223,1997,17,European Grand Prix,35,Villeneuve,3,4
223,1997,17,European Grand Prix,77,Berger,4,3
223,1997,17,European Grand Prix,56,Irvine,5,2
223,1997,17,European Grand Prix,49,Frentzen,6,1
223,1997,17,European Grand Prix,44,Panis,7,0
223,1997,17,European Grand Prix,65,Herbert,8,0
223,1997,17,European Grand Prix,76,Magnussen,9,0
223,1997,17,European Grand Prix,75,Nakano,10,0
223,1997,17,European Grand Prix,21,Fisichella,11,0
223,1997,17,European Grand Prix,63,Salo,12,0
223,1997,17,European Grand Prix,55,Alesi,13,0
223,1997,17,European Grand Prix,82,Fontana,14,0
223,1997,17,European Grand Prix,58,Marques,15,0
223,1997,17,European Grand Prix,50,Verstappen,16,0
223,1997,17,European Grand Prix,79,Katayama,17,0
224,1996,1,Australian Grand Prix,71,Hill,1,10
224,1996,1,Australian Grand Prix,35,Villeneuve,2,6
224,1996,1,Australian Grand Prix,56,Irvine,3,4
224,1996,1,Australian Grand Prix,77,Berger,4,3
224,1996,1,Australian Grand Prix,57,Häkkinen,5,2
224,1996,1,Australian Grand Prix,63,Salo,6,1
224,1996,1,Australian Grand Prix,44,Panis,7,0
224,1996,1,Australian Grand Prix,49,Frentzen,8,0
224,1996,1,Australian Grand Prix,73,Rosset,9,0
224,1996,1,Australian Grand Prix,64,Diniz,10,0
224,1996,1,Australian Grand Prix,79,Katayama,11,0
225,1996,2,Brazilian Grand Prix,71,Hill,1,10
225,1996,2,Brazilian Grand Prix,55,Alesi,2,6
225,1996,2,Brazilian Grand Prix,30,Schumacher,3,4
225,1996,2,Brazilian Grand Prix,57,Häkkinen,4,3
225,1996,2,Brazilian Grand Prix,63,Salo,5,2
225,1996,2,Brazilian Grand Prix,44,Panis,6,1
225,1996,2,Brazilian Grand Prix,56,Irvine,7,0
225,1996,2,Brazilian Grand Prix,64,Diniz,8,0
225,1996,2,Brazilian Grand Prix,79,Katayama,9,0
225,1996,2,Brazilian Grand Prix,83,Lamy,10,0
225,1996,2,Brazilian Grand Prix,69,Badoer,11,0
225,1996,2,Brazilian Grand Prix,84,Brundle,12,0
226,1996,3,Argentine Grand Prix,71,Hill,1,10
226,1996,3,Argentine Grand Prix,35,Villeneuve,2,6
226,1996,3,Argentine Grand Prix,55,Alesi,3,4
226,1996,3,Argentine Grand Prix,22,Barrichello,4,3
226,1996,3,Argentine Grand Prix,56,Irvine,5,2
226,1996,3,Argentine Grand Prix,50,Verstappen,6,1
226,1996,3,Argentine Grand Prix,14,Coulthard,7,0
226,1996,3,Argentine Grand Prix,44,Panis,8,0
226,1996,3,Argentine Grand Prix,65,Herbert,9,0
226,1996,3,Argentine Grand Prix,85,Montermini,10,0
227,1996,4,European Grand Prix,35,Villeneuve,1,10
227,1996,4,European Grand Prix,30,Schumacher,2,6
227,1996,4,European Grand Prix,14,Coulthard,3,4
227,1996,4,European Grand Prix,71,Hill,4,3
227,1996,4,European Grand Prix,22,Barrichello,5,2
227,1996,4,European Grand Prix,84,Brundle,6,1
227,1996,4,European Grand Prix,65,Herbert,7,0
227,1996,4,European Grand Prix,57,Häkkinen,8,0
227,1996,4,European Grand Prix,77,Berger,9,0
227,1996,4,European Grand Prix,64,Diniz,10,0
227,1996,4,European Grand Prix,73,Rosset,11,0
227,1996,4,European Grand Prix,83,Lamy,12,0
227,1996,4,European Grand Prix,21,Fisichella,13,0
228,1996,5,San Marino Grand Prix,71,Hill,1,10
228,1996,5,San Marino Grand Prix,30,Schumacher,2,6
228,1996,5,San Marino Grand Prix,77,Berger,3,4
228,1996,5,San Marino Grand Prix,56,Irvine,4,3
228,1996,5,San Marino Grand Prix,22,Barrichello,5,2
228,1996,5,San Marino Grand Prix,55,Alesi,6,1
228,1996,5,San Marino Grand Prix,64,Diniz,7,0
228,1996,5,San Marino Grand Prix,57,Häkkinen,8,0
228,1996,5,San Marino Grand Prix,83,Lamy,9,0
228,1996,5,San Marino Grand Prix,69,Badoer,10,0
228,1996,5,San Marino Grand Prix,35,Villeneuve,11,0
229,1996,6,Monaco Grand Prix,44,Panis,1,10
229,1996,6,Monaco Grand Prix,14,Coulthard,2,6
229,1996,6,Monaco Grand Prix,65,Herbert,3,4
229,1996,6,Monaco Grand Prix,49,Frentzen,4,3
229,1996,6,Monaco Grand Prix,63,Salo,5,2
229,1996,6,Monaco Grand Prix,57,Häkkinen,6,1
229,1996,6,Monaco Grand Prix,56,Irvine,7,0
230,1996,7,Spanish Grand Prix,30,Schumacher,1,10
230,1996,7,Spanish Grand Prix,55,Alesi,2,6
230,1996,7,Spanish Grand Prix,35,Villeneuve,3,4
230,1996,7,Spanish Grand Prix,49,Frentzen,4,3
230,1996,7,Spanish Grand Prix,57,Häkkinen,5,2
230,1996,7,Spanish Grand Prix,64,Diniz,6,1
231,1996,8,Canadian Grand Prix,71,Hill,1,10
231,1996,8,Canadian Grand Prix,35,Villeneuve,2,6
231,1996,8,Canadian Grand Prix,55,Alesi,3,4
231,1996,8,Canadian Grand Prix,14,Coulthard,4,3
231,1996,8,Canadian Grand Prix,57,Häkkinen,5,2
231,1996,8,Canadian Grand Prix,84,Brundle,6,1
231,1996,8,Canadian Grand Prix,65,Herbert,7,0
231,1996,8,Canadian Grand Prix,21,Fisichella,8,0
232,1996,9,French Grand Prix,71,Hill,1,10
232,1996,9,French Grand Prix,35,Villeneuve,2,6
232,1996,9,French Grand Prix,55,Alesi,3,4
232,1996,9,French Grand Prix,77,Berger,4,3
232,1996,9,French Grand Prix,57,Häkkinen,5,2
232,1996,9,French Grand Prix,14,Coulthard,6,1
232,1996,9,French Grand Prix,44,Panis,7,0
232,1996,9,French Grand Prix,84,Brundle,8,0
232,1996,9,French Grand Prix,22,Barrichello,9,0
232,1996,9,French Grand Prix,63,Salo,10,0
232,1996,9,French Grand Prix,73,Rosset,11,0
232,1996,9,French Grand Prix,83,Lamy,12,0
233,1996,10,British Grand Prix,35,Villeneuve,1,10
233,1996,10,British Grand Prix,77,Berger,2,6
233,1996,10,British Grand Prix,57,Häkkinen,3,4
233,1996,10,British Grand Prix,22,Barrichello,4,3
233,1996,10,British Grand Prix,14,Coulthard,5,2
233,1996,10,British Grand Prix,84,Brundle,6,1
233,1996,10,British Grand Prix,63,Salo,7,0
233,1996,10,British Grand Prix,49,Frentzen,8,0
233,1996,10,British Grand Prix,65,Herbert,9,0
233,1996,10,British Grand Prix,50,Verstappen,10,0
233,1996,10,British Grand Prix,21,Fisichella,11,0
234,1996,11,German Grand Prix,71,Hill,1,10
234,1996,11,German Grand Prix,55,Alesi,2,6
234,1996,11,German Grand Prix,35,Villeneuve,3,4
234,1996,11,German Grand Prix,30,Schumacher,4,3
234,1996,11,German Grand Prix,14,Coulthard,5,2
234,1996,11,German Grand Prix,22,Barrichello,6,1
234,1996,11,German Grand Prix,44,Panis,7,0
234,1996,11,German Grand Prix,49,Frentzen,8,0
234,1996,11,German Grand Prix,63,Salo,9,0
234,1996,11,German Grand Prix,84,Brundle,10,0
234,1996,11,German Grand Prix,73,Rosset,11,0
234,1996,11,German Grand Prix,83,Lamy,12,0
234,1996,11,German Grand Prix,77,Berger,13,0
235,1996,12,Hungarian Grand Prix,35,Villeneuve,1,10
235,1996,12,Hungarian Grand Prix,71,Hill,2,6
235,1996,12,Hungarian Grand Prix,55,Alesi,3,4
235,1996,12,Hungarian Grand Prix,57,Häkkinen,4,3
235,1996,12,Hungarian Grand Prix,44,Panis,5,2
235,1996,12,Hungarian Grand Prix,22,Barrichello,6,1
235,1996,12,Hungarian Grand Prix,79,Katayama,7,0
235,1996,12,Hungarian Grand Prix,73,Rosset,8,0
235,1996,12,Hungarian Grand Prix,30,Schumacher,9,0
235,1996,12,Hungarian Grand Prix,86,Lavaggi,10,0
236,1996,13,Belgian Grand Prix,30,Schumacher,1,10
236,1996,13,Belgian Grand Prix,35,Villeneuve,2,6
236,1996,13,Belgian Grand Prix,57,Häkkinen,3,4
236,1996,13,Belgian Grand Prix,55,Alesi,4,3
236,1996,13,Belgian Grand Prix,71,Hill,5,2
236,1996,13,Belgian Grand Prix,77,Berger,6,1
236,1996,13,Belgian Grand Prix,63,Salo,7,0
236,1996,13,Belgian Grand Prix,79,Katayama,8,0
236,1996,13,Belgian Grand Prix,73,Rosset,9,0
236,1996,13,Belgian Grand Prix,83,Lamy,10,0
237,1996,14,Italian Grand Prix,30,Schumacher,1,10
237,1996,14,Italian Grand Prix,55,Alesi,2,6
237,1996,14,Italian Grand Prix,57,Häkkinen,3,4
237,1996,14,Italian Grand Prix,84,Brundle,4,3
237,1996,14,Italian Grand Prix,22,Barrichello,5,2
237,1996,14,Italian Grand Prix,64,Diniz,6,1
237,1996,14,Italian Grand Prix,35,Villeneuve,7,0
237,1996,14,Italian Grand Prix,50,Verstappen,8,0
237,1996,14,Italian Grand Prix,65,Herbert,9,0
237,1996,14,Italian Grand Prix,79,Katayama,10,0
238,1996,15,Portuguese Grand Prix,35,Villeneuve,1,10
238,1996,15,Portuguese Grand Prix,71,Hill,2,6
238,1996,15,Portuguese Grand Prix,30,Schumacher,3,4
238,1996,15,Portuguese Grand Prix,55,Alesi,4,3
238,1996,15,Portuguese Grand Prix,56,Irvine,5,2
238,1996,15,Portuguese Grand Prix,77,Berger,6,1
238,1996,15,Portuguese Grand Prix,49,Frentzen,7,0
238,1996,15,Portuguese Grand Prix,65,Herbert,8,0
238,1996,15,Portuguese Grand Prix,84,Brundle,9,0
238,1996,15,Portuguese Grand Prix,44,Panis,10,0
238,1996,15,Portuguese Grand Prix,63,Salo,11,0
238,1996,15,Portuguese Grand Prix,79,Katayama,12,0
238,1996,15,Portuguese Grand Prix,14,Coulthard,13,0
238,1996,15,Portuguese Grand Prix,73,Rosset,14,0
238,1996,15,Portuguese Grand Prix,86,Lavaggi,15,0
238,1996,15,Portuguese Grand Prix,83,Lamy,16,0
239,1996,16,Japanese Grand Prix,71,Hill,1,10
239,1996,16,Japanese Grand Prix,30,Schumacher,2,6
239,1996,16,Japanese Grand Prix,57,Häkkinen,3,4
239,1996,16,Japanese Grand Prix,77,Berger,4,3
239,1996,16,Japanese Grand Prix,84,Brundle,5,2
239,1996,16,Japanese Grand Prix,49,Frentzen,6,1
239,1996,16,Japanese Grand Prix,44,Panis,7,0
239,1996,16,Japanese Grand Prix,14,Coulthard,8,0
239,1996,16,Japanese Grand Prix,22,Barrichello,9,0
239,1996,16,Japanese Grand Prix,65,Herbert,10,0
239,1996,16,Japanese Grand Prix,50,Verstappen,11,0
239,1996,16,Japanese Grand Prix,83,Lamy,12,0
239,1996,16,Japanese Grand Prix,73,Rosset,13,0
240,1995,1,Brazilian Grand Prix,30,Schumacher,1,10
240,1995,1,Brazilian Grand Prix,14,Coulthard,2,6
240,1995,1,Brazilian Grand Prix,77,Berger,3,4
240,1995,1,Brazilian Grand Prix,57,Häkkinen,4,3
240,1995,1,Brazilian Grand Prix,55,Alesi,5,2
240,1995,1,Brazilian Grand Prix,87,Blundell,6,1
240,1995,1,Brazilian Grand Prix,63,Salo,7,0
240,1995,1,Brazilian Grand Prix,88,Suzuki,8,0
240,1995,1,Brazilian Grand Prix,85,Montermini,9,0
240,1995,1,Brazilian Grand Prix,64,Diniz,10,0
241,1995,2,Argentine Grand Prix,71,Hill,1,10
241,1995,2,Argentine Grand Prix,55,Alesi,2,6
241,1995,2,Argentine Grand Prix,30,Schumacher,3,4
241,1995,2,Argentine Grand Prix,65,Herbert,4,3
241,1995,2,Argentine Grand Prix,49,Frentzen,5,2
241,1995,2,Argentine Grand Prix,77,Berger,6,1
241,1995,2,Argentine Grand Prix,44,Panis,7,0
241,1995,2,Argentine Grand Prix,79,Katayama,8,0
241,1995,2,Argentine Grand Prix,93,Schiattarella,9,0
242,1995,3,San Marino Grand Prix,71,Hill,1,10
242,1995,3,San Marino Grand Prix,55,Alesi,2,6
242,1995,3,San Marino Grand Prix,77,Berger,3,4
242,1995,3,San Marino Grand Prix,14,Coulthard,4,3
242,1995,3,San Marino Grand Prix,57,Häkkinen,5,2
242,1995,3,San Marino Grand Prix,49,Frentzen,6,1
242,1995,3,San Marino Grand Prix,65,Herbert,7,0
242,1995,3,San Marino Grand Prix,56,Irvine,8,0
242,1995,3,San Marino Grand Prix,44,Panis,9,0
242,1995,3,San Marino Grand Prix,95,Mansell,10,0
242,1995,3,San Marino Grand Prix,88,Suzuki,11,0
242,1995,3,San Marino Grand Prix,94,Martini,12,0
242,1995,3,San Marino Grand Prix,81,Morbidelli,13,0
242,1995,3,San Marino Grand Prix,69,Badoer,14,0
243,1995,4,Spanish Grand Prix,30,Schumacher,1,10
243,1995,4,Spanish Grand Prix,65,Herbert,2,6
243,1995,4,Spanish Grand Prix,77,Berger,3,4
243,1995,4,Spanish Grand Prix,71,Hill,4,3
243,1995,4,Spanish Grand Prix,56,Irvine,5,2
243,1995,4,Spanish Grand Prix,44,Panis,6,1
243,1995,4,Spanish Grand Prix,22,Barrichello,7,0
243,1995,4,Spanish Grand Prix,49,Frentzen,8,0
243,1995,4,Spanish Grand Prix,84,Brundle,9,0
243,1995,4,Spanish Grand Prix,63,Salo,10,0
243,1995,4,Spanish Grand Prix,81,Morbidelli,11,0
243,1995,4,Spanish Grand Prix,50,Verstappen,12,0
243,1995,4,Spanish Grand Prix,91,Wendlinger,13,0
243,1995,4,Spanish Grand Prix,94,Martini,14,0
243,1995,4,Spanish Grand Prix,93,Schiattarella,15,0
244,1995,5,Monaco Grand Prix,30,Schumacher,1,10
244,1995,5,Monaco Grand Prix,71,Hill,2,6
244,1995,5,Monaco Grand Prix,77,Berger,3,4
244,1995,5,Monaco Grand Prix,65,Herbert,4,3
244,1995,5,Monaco Grand Prix,87,Blundell,5,2
244,1995,5,Monaco Grand Prix,49,Frentzen,6,1
244,1995,5,Monaco Grand Prix,94,Martini,7,0
244,1995,5,Monaco Grand Prix,96,Boullion,8,0
244,1995,5,Monaco Grand Prix,81,Morbidelli,9,0
244,1995,5,Monaco Grand Prix,64,Diniz,10,0
245,1995,6,Canadian Grand Prix,55,Alesi,1,10
245,1995,6,Canadian Grand Prix,22,Barrichello,2,6
245,1995,6,Canadian Grand Prix,56,Irvine,3,4
245,1995,6,Canadian Grand Prix,44,Panis,4,3
245,1995,6,Canadian Grand Prix,30,Schumacher,5,2
245,1995,6,Canadian Grand Prix,81,Morbidelli,6,1
245,1995,6,Canadian Grand Prix,63,Salo,7,0
245,1995,6,Canadian Grand Prix,69,Badoer,8,0
245,1995,6,Canadian Grand Prix,89,Inoue,9,0
245,1995,6,Canadian Grand Prix,84,Brundle,10,0
245,1995,6,Canadian Grand Prix,77,Berger,11,0
246,1995,7,French Grand Prix,30,Schumacher,1,10
246,1995,7,French Grand Prix,71,Hill,2,6
246,1995,7,French Grand Prix,14,Coulthard,3,4
246,1995,7,French Grand Prix,84,Brundle,4,3
246,1995,7,French Grand Prix,55,Alesi,5,2
246,1995,7,French Grand Prix,22,Barrichello,6,1
246,1995,7,French Grand Prix,57,Häkkinen,7,0
246,1995,7,French Grand Prix,44,Panis,8,0
246,1995,7,French Grand Prix,56,Irvine,9,0
246,1995,7,French Grand Prix,49,Frentzen,10,0
246,1995,7,French Grand Prix,87,Blundell,11,0
246,1995,7,French Grand Prix,77,Berger,12,0
246,1995,7,French Grand Prix,69,Badoer,13,0
246,1995,7,French Grand Prix,81,Morbidelli,14,0
246,1995,7,French Grand Prix,63,Salo,15,0
246,1995,7,French Grand Prix,90,Moreno,16,0
247,1995,8,British Grand Prix,65,Herbert,1,10
247,1995,8,British Grand Prix,55,Alesi,2,6
247,1995,8,British Grand Prix,14,Coulthard,3,4
247,1995,8,British Grand Prix,44,Panis,4,3
247,1995,8,British Grand Prix,87,Blundell,5,2
247,1995,8,British Grand Prix,49,Frentzen,6,1
247,1995,8,British Grand Prix,94,Martini,7,0
247,1995,8,British Grand Prix,63,Salo,8,0
247,1995,8,British Grand Prix,96,Boullion,9,0
247,1995,8,British Grand Prix,69,Badoer,10,0
247,1995,8,British Grand Prix,22,Barrichello,11,0
247,1995,8,British Grand Prix,92,Gachot,12,0
248,1995,9,German Grand Prix,30,Schumacher,1,10
248,1995,9,German Grand Prix,14,Coulthard,2,6
248,1995,9,German Grand Prix,77,Berger,3,4
248,1995,9,German Grand Prix,65,Herbert,4,3
248,1995,9,German Grand Prix,96,Boullion,5,2
248,1995,9,German Grand Prix,88,Suzuki,6,1
248,1995,9,German Grand Prix,79,Katayama,7,0
248,1995,9,German Grand Prix,85,Montermini,8,0
248,1995,9,German Grand Prix,56,Irvine,9,0
249,1995,10,Hungarian Grand Prix,71,Hill,1,10
249,1995,10,Hungarian Grand Prix,14,Coulthard,2,6
249,1995,10,Hungarian Grand Prix,77,Berger,3,4
249,1995,10,Hungarian Grand Prix,65,Herbert,4,3
249,1995,10,Hungarian Grand Prix,49,Frentzen,5,2
249,1995,10,Hungarian Grand Prix,44,Panis,6,1
249,1995,10,Hungarian Grand Prix,22,Barrichello,7,0
249,1995,10,Hungarian Grand Prix,69,Badoer,8,0
249,1995,10,Hungarian Grand Prix,83,Lamy,9,0
249,1995,10,Hungarian Grand Prix,96,Boullion,10,0
249,1995,10,Hungarian Grand Prix,30,Schumacher,11,0
249,1995,10,Hungarian Grand Prix,85,Montermini,12,0
250,1995,11,Belgian Grand Prix,30,Schumacher,1,10
250,1995,11,Belgian Grand Prix,71,Hill,2,6
250,1995,11,Belgian Grand Prix,84,Brundle,3,4
250,1995,11,Belgian Grand Prix,49,Frentzen,4,3
250,1995,11,Belgian Grand Prix,87,Blundell,5,2
250,1995,11,Belgian Grand Prix,22,Barrichello,6,1
250,1995,11,Belgian Grand Prix,65,Herbert,7,0
250,1995,11,Belgian Grand Prix,63,Salo,8,0
250,1995,11,Belgian Grand Prix,44,Panis,9,0
250,1995,11,Belgian Grand Prix,83,Lamy,10,0
250,1995,11,Belgian Grand Prix,96,Boullion,11,0
250,1995,11,Belgian Grand Prix,89,Inoue,12,0
250,1995,11,Belgian Grand Prix,64,Diniz,13,0
250,1995,11,Belgian Grand Prix,90,Moreno,14,0
251,1995,12,Italian Grand Prix,65,Herbert,1,10
251,1995,12,Italian Grand Prix,57,Häkkinen,2,6
251,1995,12,Italian Grand Prix,49,Frentzen,3,4
251,1995,12,Italian Grand Prix,87,Blundell,4,3
251,1995,12,Italian Grand Prix,63,Salo,5,2
251,1995,12,Italian Grand Prix,96,Boullion,6,1
251,1995,12,Italian Grand Prix,97,Papis,7,0
251,1995,12,Italian Grand Prix,89,Inoue,8,0
251,1995,12,Italian Grand Prix,64,Diniz,9,0
251,1995,12,Italian Grand Prix,79,Katayama,10,0
252,1995,13,Portuguese Grand Prix,14,Coulthard,1,10
252,1995,13,Portuguese Grand Prix,30,Schumacher,2,6
252,1995,13,Portuguese Grand Prix,71,Hill,3,4
252,1995,13,Portuguese Grand Prix,77,Berger,4,3
252,1995,13,Portuguese Grand Prix,55,Alesi,5,2
252,1995,13,Portuguese Grand Prix,49,Frentzen,6,1
252,1995,13,Portuguese Grand Prix,65,Herbert,7,0
252,1995,13,Portuguese Grand Prix,84,Brundle,8,0
252,1995,13,Portuguese Grand Prix,87,Blundell,9,0
252,1995,13,Portuguese Grand Prix,56,Irvine,10,0
252,1995,13,Portuguese Grand Prix,22,Barrichello,11,0
252,1995,13,Portuguese Grand Prix,96,Boullion,12,0
252,1995,13,Portuguese Grand Prix,63,Salo,13,0
252,1995,13,Portuguese Grand Prix,69,Badoer,14,0
252,1995,13,Portuguese Grand Prix,89,Inoue,15,0
252,1995,13,Portuguese Grand Prix,64,Diniz,16,0
252,1995,13,Portuguese Grand Prix,90,Moreno,17,0
253,1995,14,European Grand Prix,30,Schumacher,1,10
253,1995,14,European Grand Prix,55,Alesi,2,6
253,1995,14,European Grand Prix,14,Coulthard,3,4
253,1995,14,European Grand Prix,22,Barrichello,4,3
253,1995,14,European Grand Prix,65,Herbert,5,2
253,1995,14,European Grand Prix,56,Irvine,6,1
253,1995,14,European Grand Prix,84,Brundle,7,0
253,1995,14,European Grand Prix,57,Häkkinen,8,0
253,1995,14,European Grand Prix,83,Lamy,9,0
253,1995,14,European Grand Prix,63,Salo,10,0
253,1995,14,European Grand Prix,69,Badoer,11,0
253,1995,14,European Grand Prix,97,Papis,12,0
253,1995,14,European Grand Prix,64,Diniz,13,0
253,1995,14,European Grand Prix,99,Tarquini,14,0
253,1995,14,European Grand Prix,98,Délétraz,15,0
254,1995,15,Pacific Grand Prix,30,Schumacher,1,10
254,1995,15,Pacific Grand Prix,14,Coulthard,2,6
254,1995,15,Pacific Grand Prix,71,Hill,3,4
254,1995,15,Pacific Grand Prix,77,Berger,4,3
254,1995,15,Pacific Grand Prix,55,Alesi,5,2
254,1995,15,Pacific Grand Prix,65,Herbert,6,1
254,1995,15,Pacific Grand Prix,49,Frentzen,7,0
254,1995,15,Pacific Grand Prix,44,Panis,8,0
254,1995,15,Pacific Grand Prix,87,Blundell,9,0
254,1995,15,Pacific Grand Prix,76,Magnussen,10,0
254,1995,15,Pacific Grand Prix,56,Irvine,11,0
254,1995,15,Pacific Grand Prix,63,Salo,12,0
254,1995,15,Pacific Grand Prix,83,Lamy,13,0
254,1995,15,Pacific Grand Prix,79,Katayama,14,0
254,1995,15,Pacific Grand Prix,69,Badoer,15,0
254,1995,15,Pacific Grand Prix,90,Moreno,16,0
254,1995,15,Pacific Grand Prix,64,Diniz,17,0
255,1995,16,Japanese Grand Prix,30,Schumacher,1,10
255,1995,16,Japanese Grand Prix,57,Häkkinen,2,6
255,1995,16,Japanese Grand Prix,65,Herbert,3,4
255,1995,16,Japanese Grand Prix,56,Irvine,4,3
255,1995,16,Japanese Grand Prix,44,Panis,5,2
255,1995,16,Japanese Grand Prix,63,Salo,6,1
255,1995,16,Japanese Grand Prix,87,Blundell,7,0
255,1995,16,Japanese Grand Prix,49,Frentzen,8,0
255,1995,16,Japanese Grand Prix,69,Badoer,9,0
255,1995,16,Japanese Grand Prix,91,Wendlinger,10,0
255,1995,16,Japanese Grand Prix,83,Lamy,11,0
255,1995,16,Japanese Grand Prix,89,Inoue,12,0
256,1995,17,Australian Grand Prix,71,Hill,1,10
256,1995,17,Australian Grand Prix,44,Panis,2,6
256,1995,17,Australian Grand Prix,81,Morbidelli,3,4
256,1995,17,Australian Grand Prix,87,Blundell,4,3
256,1995,17,Australian Grand Prix,63,Salo,5,2
256,1995,17,Australian Grand Prix,83,Lamy,6,1
256,1995,17,Australian Grand Prix,64,Diniz,7,0
256,1995,17,Australian Grand Prix,92,Gachot,8,0
257,1994,1,Brazilian Grand Prix,30,Schumacher,1,10
257,1994,1,Brazilian Grand Prix,71,Hill,2,6
257,1994,1,Brazilian Grand Prix,55,Alesi,3,4
257,1994,1,Brazilian Grand Prix,22,Barrichello,4,3
257,1994,1,Brazilian Grand Prix,79,Katayama,5,2
257,1994,1,Brazilian Grand Prix,91,Wendlinger,6,1
257,1994,1,Brazilian Grand Prix,65,Herbert,7,0
257,1994,1,Brazilian Grand Prix,94,Martini,8,0
257,1994,1,Brazilian Grand Prix,100,Comas,9,0
257,1994,1,Brazilian Grand Prix,83,Lamy,10,0
257,1994,1,Brazilian Grand Prix,44,Panis,11,0
257,1994,1,Brazilian Grand Prix,101,Brabham,12,0
258,1994,2,Pacific Grand Prix,30,Schumacher,1,10
258,1994,2,Pacific Grand Prix,77,Berger,2,6
258,1994,2,Pacific Grand Prix,22,Barrichello,3,4
258,1994,2,Pacific Grand Prix,104,Fittipaldi,4,3
258,1994,2,Pacific Grand Prix,49,Frentzen,5,2
258,1994,2,Pacific Grand Prix,100,Comas,6,1
258,1994,2,Pacific Grand Prix,65,Herbert,7,0
258,1994,2,Pacific Grand Prix,83,Lamy,8,0
258,1994,2,Pacific Grand Prix,44,Panis,9,0
258,1994,2,Pacific Grand Prix,103,Bernard,10,0
258,1994,2,Pacific Grand Prix,107,Ratzenberger,11,0
259,1994,3,San Marino Grand Prix,30,Schumacher,1,10
259,1994,3,San Marino Grand Prix,78,Larini,2,6
259,1994,3,San Marino Grand Prix,57,Häkkinen,3,4
259,1994,3,San Marino Grand Prix,91,Wendlinger,4,3
259,1994,3,San Marino Grand Prix,79,Katayama,5,2
259,1994,3,San Marino Grand Prix,71,Hill,6,1
259,1994,3,San Marino Grand Prix,49,Frentzen,7,0
259,1994,3,San Marino Grand Prix,84,Brundle,8,0
259,1994,3,San Marino Grand Prix,87,Blundell,9,0
259,1994,3,San Marino Grand Prix,65,Herbert,10,0
259,1994,3,San Marino Grand Prix,44,Panis,11,0
259,1994,3,San Marino Grand Prix,103,Bernard,12,0
259,1994,3,San Marino Grand Prix,104,Fittipaldi,13,0
260,1994,4,Monaco Grand Prix,30,Schumacher,1,10
260,1994,4,Monaco Grand Prix,84,Brundle,2,6
260,1994,4,Monaco Grand Prix,77,Berger,3,4
260,1994,4,Monaco Grand Prix,110,de Cesaris,4,3
260,1994,4,Monaco Grand Prix,55,Alesi,5,2
260,1994,4,Monaco Grand Prix,105,Alboreto,6,1
260,1994,4,Monaco Grand Prix,109,Järvilehto,7,0
260,1994,4,Monaco Grand Prix,106,Beretta,8,0
260,1994,4,Monaco Grand Prix,44,Panis,9,0
260,1994,4,Monaco Grand Prix,100,Comas,10,0
260,1994,4,Monaco Grand Prix,83,Lamy,11,0
261,1994,5,Spanish Grand Prix,71,Hill,1,10
261,1994,5,Spanish Grand Prix,30,Schumacher,2,6
261,1994,5,Spanish Grand Prix,87,Blundell,3,4
261,1994,5,Spanish Grand Prix,55,Alesi,4,3
261,1994,5,Spanish Grand Prix,94,Martini,5,2
261,1994,5,Spanish Grand Prix,56,Irvine,6,1
261,1994,5,Spanish Grand Prix,44,Panis,7,0
261,1994,5,Spanish Grand Prix,103,Bernard,8,0
261,1994,5,Spanish Grand Prix,70,Zanardi,9,0
261,1994,5,Spanish Grand Prix,101,Brabham,10,0
261,1994,5,Spanish Grand Prix,84,Brundle,11,0
262,1994,6,Canadian Grand Prix,30,Schumacher,1,10
262,1994,6,Canadian Grand Prix,71,Hill,2,6
262,1994,6,Canadian Grand Prix,55,Alesi,3,4
262,1994,6,Canadian Grand Prix,77,Berger,4,3
262,1994,6,Canadian Grand Prix,14,Coulthard,5,2
262,1994,6,Canadian Grand Prix,109,Järvilehto,6,1
262,1994,6,Canadian Grand Prix,22,Barrichello,7,0
262,1994,6,Canadian Grand Prix,65,Herbert,8,0
262,1994,6,Canadian Grand Prix,94,Martini,9,0
262,1994,6,Canadian Grand Prix,87,Blundell,10,0
262,1994,6,Canadian Grand Prix,105,Alboreto,11,0
262,1994,6,Canadian Grand Prix,44,Panis,12,0
262,1994,6,Canadian Grand Prix,103,Bernard,13,0
262,1994,6,Canadian Grand Prix,101,Brabham,14,0
262,1994,6,Canadian Grand Prix,70,Zanardi,15,0
263,1994,7,French Grand Prix,30,Schumacher,1,10
263,1994,7,French Grand Prix,71,Hill,2,6
263,1994,7,French Grand Prix,77,Berger,3,4
263,1994,7,French Grand Prix,49,Frentzen,4,3
263,1994,7,French Grand Prix,94,Martini,5,2
263,1994,7,French Grand Prix,110,de Cesaris,6,1
263,1994,7,French Grand Prix,65,Herbert,7,0
263,1994,7,French Grand Prix,104,Fittipaldi,8,0
263,1994,7,French Grand Prix,111,Gounon,9,0
263,1994,7,French Grand Prix,87,Blundell,10,0
263,1994,7,French Grand Prix,100,Comas,11,0
264,1994,8,British Grand Prix,71,Hill,1,10
264,1994,8,British Grand Prix,55,Alesi,2,6
264,1994,8,British Grand Prix,57,Häkkinen,3,4
264,1994,8,British Grand Prix,22,Barrichello,4,3
264,1994,8,British Grand Prix,14,Coulthard,5,2
264,1994,8,British Grand Prix,79,Katayama,6,1
264,1994,8,British Grand Prix,49,Frentzen,7,0
264,1994,8,British Grand Prix,50,Verstappen,8,0
264,1994,8,British Grand Prix,104,Fittipaldi,9,0
264,1994,8,British Grand Prix,94,Martini,10,0
264,1994,8,British Grand Prix,65,Herbert,11,0
264,1994,8,British Grand Prix,44,Panis,12,0
264,1994,8,British Grand Prix,103,Bernard,13,0
264,1994,8,British Grand Prix,106,Beretta,14,0
264,1994,8,British Grand Prix,101,Brabham,15,0
264,1994,8,British Grand Prix,111,Gounon,16,0
265,1994,9,German Grand Prix,77,Berger,1,10
265,1994,9,German Grand Prix,44,Panis,2,6
265,1994,9,German Grand Prix,103,Bernard,3,4
265,1994,9,German Grand Prix,104,Fittipaldi,4,3
265,1994,9,German Grand Prix,81,Morbidelli,5,2
265,1994,9,German Grand Prix,100,Comas,6,1
265,1994,9,German Grand Prix,106,Beretta,7,0
265,1994,9,German Grand Prix,71,Hill,8,0
266,1994,10,Hungarian Grand Prix,30,Schumacher,1,10
266,1994,10,Hungarian Grand Prix,71,Hill,2,6
266,1994,10,Hungarian Grand Prix,50,Verstappen,3,4
266,1994,10,Hungarian Grand Prix,84,Brundle,4,3
266,1994,10,Hungarian Grand Prix,87,Blundell,5,2
266,1994,10,Hungarian Grand Prix,44,Panis,6,1
266,1994,10,Hungarian Grand Prix,105,Alboreto,7,0
266,1994,10,Hungarian Grand Prix,100,Comas,8,0
266,1994,10,Hungarian Grand Prix,106,Beretta,9,0
266,1994,10,Hungarian Grand Prix,103,Bernard,10,0
266,1994,10,Hungarian Grand Prix,101,Brabham,11,0
266,1994,10,Hungarian Grand Prix,77,Berger,12,0
266,1994,10,Hungarian Grand Prix,70,Zanardi,13,0
266,1994,10,Hungarian Grand Prix,104,Fittipaldi,14,0
267,1994,11,Belgian Grand Prix,71,Hill,1,10
267,1994,11,Belgian Grand Prix,57,Häkkinen,2,6
267,1994,11,Belgian Grand Prix,50,Verstappen,3,4
267,1994,11,Belgian Grand Prix,14,Coulthard,4,3
267,1994,11,Belgian Grand Prix,87,Blundell,5,2
267,1994,11,Belgian Grand Prix,81,Morbidelli,6,1
267,1994,11,Belgian Grand Prix,44,Panis,7,0
267,1994,11,Belgian Grand Prix,94,Martini,8,0
267,1994,11,Belgian Grand Prix,105,Alboreto,9,0
267,1994,11,Belgian Grand Prix,103,Bernard,10,0
267,1994,11,Belgian Grand Prix,111,Gounon,11,0
267,1994,11,Belgian Grand Prix,65,Herbert,12,0
267,1994,11,Belgian Grand Prix,56,Irvine,13,0
268,1994,12,Italian Grand Prix,71,Hill,1,10
268,1994,12,Italian Grand Prix,77,Berger,2,6
268,1994,12,Italian Grand Prix,57,Häkkinen,3,4
268,1994,12,Italian Grand Prix,22,Barrichello,4,3
268,1994,12,Italian Grand Prix,84,Brundle,5,2
268,1994,12,Italian Grand Prix,14,Coulthard,6,1
268,1994,12,Italian Grand Prix,103,Bernard,7,0
268,1994,12,Italian Grand Prix,100,Comas,8,0
268,1994,12,Italian Grand Prix,109,Järvilehto,9,0
268,1994,12,Italian Grand Prix,44,Panis,10,0
269,1994,13,Portuguese Grand Prix,71,Hill,1,10
269,1994,13,Portuguese Grand Prix,14,Coulthard,2,6
269,1994,13,Portuguese Grand Prix,57,Häkkinen,3,4
269,1994,13,Portuguese Grand Prix,22,Barrichello,4,3
269,1994,13,Portuguese Grand Prix,50,Verstappen,5,2
269,1994,13,Portuguese Grand Prix,84,Brundle,6,1
269,1994,13,Portuguese Grand Prix,56,Irvine,7,0
269,1994,13,Portuguese Grand Prix,104,Fittipaldi,8,0
269,1994,13,Portuguese Grand Prix,81,Morbidelli,9,0
269,1994,13,Portuguese Grand Prix,103,Bernard,10,0
269,1994,13,Portuguese Grand Prix,65,Herbert,11,0
269,1994,13,Portuguese Grand Prix,94,Martini,12,0
269,1994,13,Portuguese Grand Prix,105,Alboreto,13,0
269,1994,13,Portuguese Grand Prix,114,Dalmas,14,0
269,1994,13,Portuguese Grand Prix,111,Gounon,15,0
269,1994,13,Portuguese Grand Prix,113,Adams,16,0
270,1994,14,European Grand Prix,30,Schumacher,1,10
270,1994,14,European Grand Prix,71,Hill,2,6
270,1994,14,European Grand Prix,57,Häkkinen,3,4
270,1994,14,European Grand Prix,56,Irvine,4,3
270,1994,14,European Grand Prix,77,Berger,5,2
270,1994,14,European Grand Prix,49,Frentzen,6,1
270,1994,14,European Grand Prix,79,Katayama,7,0
270,1994,14,European Grand Prix,65,Herbert,8,0
270,1994,14,European Grand Prix,44,Panis,9,0
270,1994,14,European Grand Prix,55,Alesi,10,0
270,1994,14,European Grand Prix,81,Morbidelli,11,0
270,1994,14,European Grand Prix,22,Barrichello,12,0
270,1994,14,European Grand Prix,87,Blundell,13,0
270,1994,14,European Grand Prix,105,Alboreto,14,0
270,1994,14,European Grand Prix,94,Martini,15,0
270,1994,14,European Grand Prix,70,Zanardi,16,0
270,1994,14,European Grand Prix,104,Fittipaldi,17,0
270,1994,14,European Grand Prix,103,Bernard,18,0
270,1994,14,European Grand Prix,93,Schiattarella,19,0
271,1994,15,Japanese Grand Prix,71,Hill,1,10
271,1994,15,Japanese Grand Prix,30,Schumacher,2,6
271,1994,15,Japanese Grand Prix,55,Alesi,3,4
271,1994,15,Japanese Grand Prix,95,Mansell,4,3
271,1994,15,Japanese Grand Prix,56,Irvine,5,2
271,1994,15,Japanese Grand Prix,49,Frentzen,6,1
271,1994,15,Japanese Grand Prix,57,Häkkinen,7,0
271,1994,15,Japanese Grand Prix,104,Fittipaldi,8,0
271,1994,15,Japanese Grand Prix,100,Comas,9,0
271,1994,15,Japanese Grand Prix,63,Salo,10,0
271,1994,15,Japanese Grand Prix,44,Panis,11,0
271,1994,15,Japanese Grand Prix,101,Brabham,12,0
271,1994,15,Japanese Grand Prix,70,Zanardi,13,0
272,1994,16,Australian Grand Prix,95,Mansell,1,10
272,1994,16,Australian Grand Prix,77,Berger,2,6
272,1994,16,Australian Grand Prix,84,Brundle,3,4
272,1994,16,Australian Grand Prix,22,Barrichello,4,3
272,1994,16,Australian Grand Prix,44,Panis,5,2
272,1994,16,Australian Grand Prix,55,Alesi,6,1
272,1994,16,Australian Grand Prix,49,Frentzen,7,0
272,1994,16,Australian Grand Prix,104,Fittipaldi,8,0
272,1994,16,Australian Grand Prix,94,Martini,9,0
272,1994,16,Australian Grand Prix,109,Järvilehto,10,0
272,1994,16,Australian Grand Prix,116,Lagorce,11,0
272,1994,16,Australian Grand Prix,57,Häkkinen,12,0
273,1993,1,South African Grand Prix,117,Prost,1,10
273,1993,1,South African Grand Prix,102,Senna,2,6
273,1993,1,South African Grand Prix,87,Blundell,3,4
273,1993,1,South African Grand Prix,104,Fittipaldi,4,3
273,1993,1,South African Grand Prix,109,Järvilehto,5,2
273,1993,1,South African Grand Prix,77,Berger,6,1
273,1993,1,South African Grand Prix,118,Warwick,7,0
274,1993,2,Brazilian Grand Prix,102,Senna,1,10
274,1993,2,Brazilian Grand Prix,71,Hill,2,6
274,1993,2,Brazilian Grand Prix,30,Schumacher,3,4
274,1993,2,Brazilian Grand Prix,65,Herbert,4,3
274,1993,2,Brazilian Grand Prix,87,Blundell,5,2
274,1993,2,Brazilian Grand Prix,70,Zanardi,6,1
274,1993,2,Brazilian Grand Prix,112,Alliot,7,0
274,1993,2,Brazilian Grand Prix,55,Alesi,8,0
274,1993,2,Brazilian Grand Prix,118,Warwick,9,0
274,1993,2,Brazilian Grand Prix,100,Comas,10,0
274,1993,2,Brazilian Grand Prix,105,Alboreto,11,0
274,1993,2,Brazilian Grand Prix,69,Badoer,12,0
275,1993,3,European Grand Prix,102,Senna,1,10
275,1993,3,European Grand Prix,71,Hill,2,6
275,1993,3,European Grand Prix,117,Prost,3,4
275,1993,3,European Grand Prix,65,Herbert,4,3
275,1993,3,European Grand Prix,119,Patrese,5,2
275,1993,3,European Grand Prix,120,Barbazza,6,1
275,1993,3,European Grand Prix,104,Fittipaldi,7,0
275,1993,3,European Grand Prix,70,Zanardi,8,0
275,1993,3,European Grand Prix,100,Comas,9,0
275,1993,3,European Grand Prix,22,Barrichello,10,0
275,1993,3,European Grand Prix,105,Alboreto,11,0
276,1993,4,San Marino Grand Prix,117,Prost,1,10
276,1993,4,San Marino Grand Prix,30,Schumacher,2,6
276,1993,4,San Marino Grand Prix,84,Brundle,3,4
276,1993,4,San Marino Grand Prix,109,Järvilehto,4,3
276,1993,4,San Marino Grand Prix,112,Alliot,5,2
276,1993,4,San Marino Grand Prix,120,Barbazza,6,1
276,1993,4,San Marino Grand Prix,69,Badoer,7,0
276,1993,4,San Marino Grand Prix,65,Herbert,8,0
276,1993,4,San Marino Grand Prix,88,Suzuki,9,0
277,1993,5,Spanish Grand Prix,117,Prost,1,10
277,1993,5,Spanish Grand Prix,102,Senna,2,6
277,1993,5,Spanish Grand Prix,30,Schumacher,3,4
277,1993,5,Spanish Grand Prix,119,Patrese,4,3
277,1993,5,Spanish Grand Prix,121,Andretti,5,2
277,1993,5,Spanish Grand Prix,77,Berger,6,1
277,1993,5,Spanish Grand Prix,87,Blundell,7,0
277,1993,5,Spanish Grand Prix,104,Fittipaldi,8,0
277,1993,5,Spanish Grand Prix,100,Comas,9,0
277,1993,5,Spanish Grand Prix,88,Suzuki,10,0
277,1993,5,Spanish Grand Prix,123,Boutsen,11,0
277,1993,5,Spanish Grand Prix,22,Barrichello,12,0
277,1993,5,Spanish Grand Prix,118,Warwick,13,0
277,1993,5,Spanish Grand Prix,70,Zanardi,14,0
278,1993,6,Monaco Grand Prix,102,Senna,1,10
278,1993,6,Monaco Grand Prix,71,Hill,2,6
278,1993,6,Monaco Grand Prix,55,Alesi,3,4
278,1993,6,Monaco Grand Prix,117,Prost,4,3
278,1993,6,Monaco Grand Prix,104,Fittipaldi,5,2
278,1993,6,Monaco Grand Prix,84,Brundle,6,1
278,1993,6,Monaco Grand Prix,70,Zanardi,7,0
278,1993,6,Monaco Grand Prix,121,Andretti,8,0
278,1993,6,Monaco Grand Prix,22,Barrichello,9,0
278,1993,6,Monaco Grand Prix,110,de Cesaris,10,0
278,1993,6,Monaco Grand Prix,120,Barbazza,11,0
278,1993,6,Monaco Grand Prix,112,Alliot,12,0
278,1993,6,Monaco Grand Prix,91,Wendlinger,13,0
278,1993,6,Monaco Grand Prix,77,Berger,14,0
279,1993,7,Canadian Grand Prix,117,Prost,1,10
279,1993,7,Canadian Grand Prix,30,Schumacher,2,6
279,1993,7,Canadian Grand Prix,71,Hill,3,4
279,1993,7,Canadian Grand Prix,77,Berger,4,3
279,1993,7,Canadian Grand Prix,84,Brundle,5,2
279,1993,7,Canadian Grand Prix,91,Wendlinger,6,1
279,1993,7,Canadian Grand Prix,109,Järvilehto,7,0
279,1993,7,Canadian Grand Prix,100,Comas,8,0
279,1993,7,Canadian Grand Prix,104,Fittipaldi,9,0
279,1993,7,Canadian Grand Prix,65,Herbert,10,0
279,1993,7,Canadian Grand Prix,70,Zanardi,11,0
279,1993,7,Canadian Grand Prix,123,Boutsen,12,0
279,1993,7,Canadian Grand Prix,88,Suzuki,13,0
279,1993,7,Canadian Grand Prix,121,Andretti,14,0
279,1993,7,Canadian Grand Prix,69,Badoer,15,0
279,1993,7,Canadian Grand Prix,118,Warwick,16,0
279,1993,7,Canadian Grand Prix,79,Katayama,17,0
279,1993,7,Canadian Grand Prix,102,Senna,18,0
280,1993,8,French Grand Prix,117,Prost,1,10
280,1993,8,French Grand Prix,71,Hill,2,6
280,1993,8,French Grand Prix,30,Schumacher,3,4
280,1993,8,French Grand Prix,102,Senna,4,3
280,1993,8,French Grand Prix,84,Brundle,5,2
280,1993,8,French Grand Prix,121,Andretti,6,1
280,1993,8,French Grand Prix,22,Barrichello,7,0
280,1993,8,French Grand Prix,104,Fittipaldi,8,0
280,1993,8,French Grand Prix,112,Alliot,9,0
280,1993,8,French Grand Prix,119,Patrese,10,0
280,1993,8,French Grand Prix,123,Boutsen,11,0
280,1993,8,French Grand Prix,88,Suzuki,12,0
280,1993,8,French Grand Prix,118,Warwick,13,0
280,1993,8,French Grand Prix,77,Berger,14,0
280,1993,8,French Grand Prix,110,de Cesaris,15,0
280,1993,8,French Grand Prix,100,Comas,16,0
281,1993,9,British Grand Prix,117,Prost,1,10
281,1993,9,British Grand Prix,30,Schumacher,2,6
281,1993,9,British Grand Prix,119,Patrese,3,4
281,1993,9,British Grand Prix,65,Herbert,4,3
281,1993,9,British Grand Prix,102,Senna,5,2
281,1993,9,British Grand Prix,118,Warwick,6,1
281,1993,9,British Grand Prix,87,Blundell,7,0
281,1993,9,British Grand Prix,109,Järvilehto,8,0
281,1993,9,British Grand Prix,55,Alesi,9,0
281,1993,9,British Grand Prix,22,Barrichello,10,0
281,1993,9,British Grand Prix,112,Alliot,11,0
281,1993,9,British Grand Prix,104,Fittipaldi,12,0
281,1993,9,British Grand Prix,79,Katayama,13,0
281,1993,9,British Grand Prix,84,Brundle,14,0
282,1993,10,German Grand Prix,117,Prost,1,10
282,1993,10,German Grand Prix,30,Schumacher,2,6
282,1993,10,German Grand Prix,87,Blundell,3,4
282,1993,10,German Grand Prix,102,Senna,4,3
282,1993,10,German Grand Prix,119,Patrese,5,2
282,1993,10,German Grand Prix,77,Berger,6,1
282,1993,10,German Grand Prix,55,Alesi,7,0
282,1993,10,German Grand Prix,84,Brundle,8,0
282,1993,10,German Grand Prix,91,Wendlinger,9,0
282,1993,10,German Grand Prix,65,Herbert,10,0
282,1993,10,German Grand Prix,104,Fittipaldi,11,0
282,1993,10,German Grand Prix,112,Alliot,12,0
282,1993,10,German Grand Prix,123,Boutsen,13,0
282,1993,10,German Grand Prix,94,Martini,14,0
282,1993,10,German Grand Prix,71,Hill,15,0
282,1993,10,German Grand Prix,105,Alboreto,16,0
282,1993,10,German Grand Prix,118,Warwick,17,0
283,1993,11,Hungarian Grand Prix,71,Hill,1,10
283,1993,11,Hungarian Grand Prix,119,Patrese,2,6
283,1993,11,Hungarian Grand Prix,77,Berger,3,4
283,1993,11,Hungarian Grand Prix,118,Warwick,4,3
283,1993,11,Hungarian Grand Prix,84,Brundle,5,2
283,1993,11,Hungarian Grand Prix,91,Wendlinger,6,1
283,1993,11,Hungarian Grand Prix,87,Blundell,7,0
283,1993,11,Hungarian Grand Prix,112,Alliot,8,0
283,1993,11,Hungarian Grand Prix,123,Boutsen,9,0
283,1993,11,Hungarian Grand Prix,79,Katayama,10,0
283,1993,11,Hungarian Grand Prix,110,de Cesaris,11,0
283,1993,11,Hungarian Grand Prix,117,Prost,12,0
284,1993,12,Belgian Grand Prix,71,Hill,1,10
284,1993,12,Belgian Grand Prix,30,Schumacher,2,6
284,1993,12,Belgian Grand Prix,117,Prost,3,4
284,1993,12,Belgian Grand Prix,102,Senna,4,3
284,1993,12,Belgian Grand Prix,65,Herbert,5,2
284,1993,12,Belgian Grand Prix,119,Patrese,6,1
284,1993,12,Belgian Grand Prix,84,Brundle,7,0
284,1993,12,Belgian Grand Prix,121,Andretti,8,0
284,1993,12,Belgian Grand Prix,109,Järvilehto,9,0
284,1993,12,Belgian Grand Prix,77,Berger,10,0
284,1993,12,Belgian Grand Prix,87,Blundell,11,0
284,1993,12,Belgian Grand Prix,112,Alliot,12,0
284,1993,12,Belgian Grand Prix,69,Badoer,13,0
284,1993,12,Belgian Grand Prix,105,Alboreto,14,0
284,1993,12,Belgian Grand Prix,79,Katayama,15,0
285,1993,13,Italian Grand Prix,71,Hill,1,10
285,1993,13,Italian Grand Prix,55,Alesi,2,6
285,1993,13,Italian Grand Prix,121,Andretti,3,4
285,1993,13,Italian Grand Prix,91,Wendlinger,4,3
285,1993,13,Italian Grand Prix,119,Patrese,5,2
285,1993,13,Italian Grand Prix,100,Comas,6,1
285,1993,13,Italian Grand Prix,94,Martini,7,0
285,1993,13,Italian Grand Prix,104,Fittipaldi,8,0
285,1993,13,Italian Grand Prix,112,Alliot,9,0
285,1993,13,Italian Grand Prix,69,Badoer,10,0
285,1993,13,Italian Grand Prix,83,Lamy,11,0
285,1993,13,Italian Grand Prix,117,Prost,12,0
285,1993,13,Italian Grand Prix,110,de Cesaris,13,0
285,1993,13,Italian Grand Prix,79,Katayama,14,0
286,1993,14,Portuguese Grand Prix,30,Schumacher,1,10
286,1993,14,Portuguese Grand Prix,117,Prost,2,6
286,1993,14,Portuguese Grand Prix,71,Hill,3,4
286,1993,14,Portuguese Grand Prix,55,Alesi,4,3
286,1993,14,Portuguese Grand Prix,91,Wendlinger,5,2
286,1993,14,Portuguese Grand Prix,84,Brundle,6,1
286,1993,14,Portuguese Grand Prix,109,Järvilehto,7,0
286,1993,14,Portuguese Grand Prix,94,Martini,8,0
286,1993,14,Portuguese Grand Prix,104,Fittipaldi,9,0
286,1993,14,Portuguese Grand Prix,112,Alliot,10,0
286,1993,14,Portuguese Grand Prix,100,Comas,11,0
286,1993,14,Portuguese Grand Prix,110,de Cesaris,12,0
286,1993,14,Portuguese Grand Prix,22,Barrichello,13,0
286,1993,14,Portuguese Grand Prix,69,Badoer,14,0
286,1993,14,Portuguese Grand Prix,118,Warwick,15,0
286,1993,14,Portuguese Grand Prix,119,Patrese,16,0
287,1993,15,Japanese Grand Prix,102,Senna,1,10
287,1993,15,Japanese Grand Prix,117,Prost,2,6
287,1993,15,Japanese Grand Prix,57,Häkkinen,3,4
287,1993,15,Japanese Grand Prix,71,Hill,4,3
287,1993,15,Japanese Grand Prix,22,Barrichello,5,2
287,1993,15,Japanese Grand Prix,56,Irvine,6,1
287,1993,15,Japanese Grand Prix,87,Blundell,7,0
287,1993,15,Japanese Grand Prix,109,Järvilehto,8,0
287,1993,15,Japanese Grand Prix,84,Brundle,9,0
287,1993,15,Japanese Grand Prix,94,Martini,10,0
287,1993,15,Japanese Grand Prix,65,Herbert,11,0
287,1993,15,Japanese Grand Prix,126,Suzuki,12,0
287,1993,15,Japanese Grand Prix,83,Lamy,13,0
287,1993,15,Japanese Grand Prix,118,Warwick,14,0
288,1993,16,Australian Grand Prix,102,Senna,1,10
288,1993,16,Australian Grand Prix,117,Prost,2,6
288,1993,16,Australian Grand Prix,71,Hill,3,4
288,1993,16,Australian Grand Prix,55,Alesi,4,3
288,1993,16,Australian Grand Prix,77,Berger,5,2
288,1993,16,Australian Grand Prix,84,Brundle,6,1
288,1993,16,Australian Grand Prix,88,Suzuki,7,0
288,1993,16,Australian Grand Prix,119,Patrese,8,0
288,1993,16,Australian Grand Prix,87,Blundell,9,0
288,1993,16,Australian Grand Prix,118,Warwick,10,0
288,1993,16,Australian Grand Prix,22,Barrichello,11,0
288,1993,16,Australian Grand Prix,100,Comas,12,0
288,1993,16,Australian Grand Prix,110,de Cesaris,13,0
288,1993,16,Australian Grand Prix,126,Suzuki,14,0
288,1993,16,Australian Grand Prix,91,Wendlinger,15,0
289,1992,1,South African Grand Prix,95,Mansell,1,10
289,1992,1,South African Grand Prix,119,Patrese,2,6
289,1992,1,South African Grand Prix,102,Senna,3,4
289,1992,1,South African Grand Prix,30,Schumacher,4,3
289,1992,1,South African Grand Prix,77,Berger,5,2
289,1992,1,South African Grand Prix,65,Herbert,6,1
289,1992,1,South African Grand Prix,100,Comas,7,0
289,1992,1,South African Grand Prix,88,Suzuki,8,0
289,1992,1,South African Grand Prix,57,Häkkinen,9,0
289,1992,1,South African Grand Prix,105,Alboreto,10,0
289,1992,1,South African Grand Prix,127,Gugelmin,11,0
289,1992,1,South African Grand Prix,79,Katayama,12,0
289,1992,1,South African Grand Prix,128,van de Poele,13,0
290,1992,2,Mexican Grand Prix,95,Mansell,1,10
290,1992,2,Mexican Grand Prix,119,Patrese,2,6
290,1992,2,Mexican Grand Prix,30,Schumacher,3,4
290,1992,2,Mexican Grand Prix,77,Berger,4,3
290,1992,2,Mexican Grand Prix,110,de Cesaris,5,2
290,1992,2,Mexican Grand Prix,57,Häkkinen,6,1
290,1992,2,Mexican Grand Prix,65,Herbert,7,0
290,1992,2,Mexican Grand Prix,109,Järvilehto,8,0
290,1992,2,Mexican Grand Prix,100,Comas,9,0
290,1992,2,Mexican Grand Prix,123,Boutsen,10,0
290,1992,2,Mexican Grand Prix,92,Gachot,11,0
290,1992,2,Mexican Grand Prix,79,Katayama,12,0
290,1992,2,Mexican Grand Prix,105,Alboreto,13,0
291,1992,3,Brazilian Grand Prix,95,Mansell,1,10
291,1992,3,Brazilian Grand Prix,119,Patrese,2,6
291,1992,3,Brazilian Grand Prix,30,Schumacher,3,4
291,1992,3,Brazilian Grand Prix,55,Alesi,4,3
291,1992,3,Brazilian Grand Prix,122,Capelli,5,2
291,1992,3,Brazilian Grand Prix,105,Alboreto,6,1
291,1992,3,Brazilian Grand Prix,81,Morbidelli,7,0
291,1992,3,Brazilian Grand Prix,109,Järvilehto,8,0
291,1992,3,Brazilian Grand Prix,79,Katayama,9,0
291,1992,3,Brazilian Grand Prix,57,Häkkinen,10,0
292,1992,4,Spanish Grand Prix,95,Mansell,1,10
292,1992,4,Spanish Grand Prix,30,Schumacher,2,6
292,1992,4,Spanish Grand Prix,55,Alesi,3,4
292,1992,4,Spanish Grand Prix,77,Berger,4,3
292,1992,4,Spanish Grand Prix,105,Alboreto,5,2
292,1992,4,Spanish Grand Prix,94,Martini,6,1
292,1992,4,Spanish Grand Prix,88,Suzuki,7,0
292,1992,4,Spanish Grand Prix,91,Wendlinger,8,0
292,1992,4,Spanish Grand Prix,102,Senna,9,0
292,1992,4,Spanish Grand Prix,122,Capelli,10,0
292,1992,4,Spanish Grand Prix,104,Fittipaldi,11,0
292,1992,4,Spanish Grand Prix,108,Belmondo,12,0
293,1992,5,San Marino Grand Prix,95,Mansell,1,10
293,1992,5,San Marino Grand Prix,119,Patrese,2,6
293,1992,5,San Marino Grand Prix,102,Senna,3,4
293,1992,5,San Marino Grand Prix,84,Brundle,4,3
293,1992,5,San Marino Grand Prix,105,Alboreto,5,2
293,1992,5,San Marino Grand Prix,94,Martini,6,1
293,1992,5,San Marino Grand Prix,127,Gugelmin,7,0
293,1992,5,San Marino Grand Prix,129,Grouillard,8,0
293,1992,5,San Marino Grand Prix,100,Comas,9,0
293,1992,5,San Marino Grand Prix,88,Suzuki,10,0
293,1992,5,San Marino Grand Prix,109,Järvilehto,11,0
293,1992,5,San Marino Grand Prix,91,Wendlinger,12,0
293,1992,5,San Marino Grand Prix,108,Belmondo,13,0
293,1992,5,San Marino Grand Prix,110,de Cesaris,14,0
294,1992,6,Monaco Grand Prix,102,Senna,1,10
294,1992,6,Monaco Grand Prix,95,Mansell,2,6
294,1992,6,Monaco Grand Prix,119,Patrese,3,4
294,1992,6,Monaco Grand Prix,30,Schumacher,4,3
294,1992,6,Monaco Grand Prix,84,Brundle,5,2
294,1992,6,Monaco Grand Prix,92,Gachot,6,1
294,1992,6,Monaco Grand Prix,105,Alboreto,7,0
294,1992,6,Monaco Grand Prix,104,Fittipaldi,8,0
294,1992,6,Monaco Grand Prix,109,Järvilehto,9,0
294,1992,6,Monaco Grand Prix,100,Comas,10,0
294,1992,6,Monaco Grand Prix,88,Suzuki,11,0
294,1992,6,Monaco Grand Prix,123,Boutsen,12,0
295,1992,7,Canadian Grand Prix,77,Berger,1,10
295,1992,7,Canadian Grand Prix,30,Schumacher,2,6
295,1992,7,Canadian Grand Prix,55,Alesi,3,4
295,1992,7,Canadian Grand Prix,91,Wendlinger,4,3
295,1992,7,Canadian Grand Prix,110,de Cesaris,5,2
295,1992,7,Canadian Grand Prix,100,Comas,6,1
295,1992,7,Canadian Grand Prix,105,Alboreto,7,0
295,1992,7,Canadian Grand Prix,94,Martini,8,0
295,1992,7,Canadian Grand Prix,109,Järvilehto,9,0
295,1992,7,Canadian Grand Prix,123,Boutsen,10,0
295,1992,7,Canadian Grand Prix,81,Morbidelli,11,0
295,1992,7,Canadian Grand Prix,129,Grouillard,12,0
295,1992,7,Canadian Grand Prix,104,Fittipaldi,13,0
295,1992,7,Canadian Grand Prix,108,Belmondo,14,0
296,1992,8,French Grand Prix,95,Mansell,1,10
296,1992,8,French Grand Prix,119,Patrese,2,6
296,1992,8,French Grand Prix,84,Brundle,3,4
296,1992,8,French Grand Prix,57,Häkkinen,4,3
296,1992,8,French Grand Prix,100,Comas,5,2
296,1992,8,French Grand Prix,65,Herbert,6,1
296,1992,8,French Grand Prix,105,Alboreto,7,0
296,1992,8,French Grand Prix,81,Morbidelli,8,0
296,1992,8,French Grand Prix,109,Järvilehto,9,0
296,1992,8,French Grand Prix,94,Martini,10,0
296,1992,8,French Grand Prix,129,Grouillard,11,0
297,1992,9,British Grand Prix,95,Mansell,1,10
297,1992,9,British Grand Prix,119,Patrese,2,6
297,1992,9,British Grand Prix,84,Brundle,3,4
297,1992,9,British Grand Prix,30,Schumacher,4,3
297,1992,9,British Grand Prix,77,Berger,5,2
297,1992,9,British Grand Prix,57,Häkkinen,6,1
297,1992,9,British Grand Prix,105,Alboreto,7,0
297,1992,9,British Grand Prix,100,Comas,8,0
297,1992,9,British Grand Prix,122,Capelli,9,0
297,1992,9,British Grand Prix,123,Boutsen,10,0
297,1992,9,British Grand Prix,129,Grouillard,11,0
297,1992,9,British Grand Prix,88,Suzuki,12,0
297,1992,9,British Grand Prix,109,Järvilehto,13,0
297,1992,9,British Grand Prix,99,Tarquini,14,0
297,1992,9,British Grand Prix,94,Martini,15,0
297,1992,9,British Grand Prix,71,Hill,16,0
297,1992,9,British Grand Prix,81,Morbidelli,17,0
298,1992,10,German Grand Prix,95,Mansell,1,10
298,1992,10,German Grand Prix,102,Senna,2,6
298,1992,10,German Grand Prix,30,Schumacher,3,4
298,1992,10,German Grand Prix,84,Brundle,4,3
298,1992,10,German Grand Prix,55,Alesi,5,2
298,1992,10,German Grand Prix,100,Comas,6,1
298,1992,10,German Grand Prix,123,Boutsen,7,0
298,1992,10,German Grand Prix,119,Patrese,8,0
298,1992,10,German Grand Prix,105,Alboreto,9,0
298,1992,10,German Grand Prix,109,Järvilehto,10,0
298,1992,10,German Grand Prix,94,Martini,11,0
298,1992,10,German Grand Prix,81,Morbidelli,12,0
298,1992,10,German Grand Prix,108,Belmondo,13,0
298,1992,10,German Grand Prix,92,Gachot,14,0
298,1992,10,German Grand Prix,127,Gugelmin,15,0
298,1992,10,German Grand Prix,91,Wendlinger,16,0
299,1992,11,Hungarian Grand Prix,102,Senna,1,10
299,1992,11,Hungarian Grand Prix,95,Mansell,2,6
299,1992,11,Hungarian Grand Prix,77,Berger,3,4
299,1992,11,Hungarian Grand Prix,57,Häkkinen,4,3
299,1992,11,Hungarian Grand Prix,84,Brundle,5,2
299,1992,11,Hungarian Grand Prix,122,Capelli,6,1
299,1992,11,Hungarian Grand Prix,105,Alboreto,7,0
299,1992,11,Hungarian Grand Prix,110,de Cesaris,8,0
299,1992,11,Hungarian Grand Prix,108,Belmondo,9,0
299,1992,11,Hungarian Grand Prix,127,Gugelmin,10,0
299,1992,11,Hungarian Grand Prix,71,Hill,11,0
300,1992,12,Belgian Grand Prix,30,Schumacher,1,10
300,1992,12,Belgian Grand Prix,95,Mansell,2,6
300,1992,12,Belgian Grand Prix,119,Patrese,3,4
300,1992,12,Belgian Grand Prix,84,Brundle,4,3
300,1992,12,Belgian Grand Prix,102,Senna,5,2
300,1992,12,Belgian Grand Prix,57,Häkkinen,6,1
300,1992,12,Belgian Grand Prix,109,Järvilehto,7,0
300,1992,12,Belgian Grand Prix,110,de Cesaris,8,0
300,1992,12,Belgian Grand Prix,88,Suzuki,9,0
300,1992,12,Belgian Grand Prix,128,van de Poele,10,0
300,1992,12,Belgian Grand Prix,91,Wendlinger,11,0
300,1992,12,Belgian Grand Prix,125,Naspetti,12,0
300,1992,12,Belgian Grand Prix,65,Herbert,13,0
300,1992,12,Belgian Grand Prix,127,Gugelmin,14,0
300,1992,12,Belgian Grand Prix,131,Modena,15,0
300,1992,12,Belgian Grand Prix,81,Morbidelli,16,0
300,1992,12,Belgian Grand Prix,79,Katayama,17,0
300,1992,12,Belgian Grand Prix,92,Gachot,18,0
301,1992,13,Italian Grand Prix,102,Senna,1,10
301,1992,13,Italian Grand Prix,84,Brundle,2,6
301,1992,13,Italian Grand Prix,30,Schumacher,3,4
301,1992,13,Italian Grand Prix,77,Berger,4,3
301,1992,13,Italian Grand Prix,119,Patrese,5,2
301,1992,13,Italian Grand Prix,110,de Cesaris,6,1
301,1992,13,Italian Grand Prix,105,Alboreto,7,0
301,1992,13,Italian Grand Prix,94,Martini,8,0
301,1992,13,Italian Grand Prix,79,Katayama,9,0
301,1992,13,Italian Grand Prix,91,Wendlinger,10,0
301,1992,13,Italian Grand Prix,109,Järvilehto,11,0
302,1992,14,Portuguese Grand Prix,95,Mansell,1,10
302,1992,14,Portuguese Grand Prix,77,Berger,2,6
302,1992,14,Portuguese Grand Prix,102,Senna,3,4
302,1992,14,Portuguese Grand Prix,84,Brundle,4,3
302,1992,14,Portuguese Grand Prix,57,Häkkinen,5,2
302,1992,14,Portuguese Grand Prix,105,Alboreto,6,1
302,1992,14,Portuguese Grand Prix,30,Schumacher,7,0
302,1992,14,Portuguese Grand Prix,123,Boutsen,8,0
302,1992,14,Portuguese Grand Prix,110,de Cesaris,9,0
302,1992,14,Portuguese Grand Prix,88,Suzuki,10,0
302,1992,14,Portuguese Grand Prix,125,Naspetti,11,0
302,1992,14,Portuguese Grand Prix,104,Fittipaldi,12,0
302,1992,14,Portuguese Grand Prix,131,Modena,13,0
302,1992,14,Portuguese Grand Prix,81,Morbidelli,14,0
303,1992,15,Japanese Grand Prix,119,Patrese,1,10
303,1992,15,Japanese Grand Prix,77,Berger,2,6
303,1992,15,Japanese Grand Prix,84,Brundle,3,4
303,1992,15,Japanese Grand Prix,110,de Cesaris,4,3
303,1992,15,Japanese Grand Prix,55,Alesi,5,2
303,1992,15,Japanese Grand Prix,104,Fittipaldi,6,1
303,1992,15,Japanese Grand Prix,131,Modena,7,0
303,1992,15,Japanese Grand Prix,88,Suzuki,8,0
303,1992,15,Japanese Grand Prix,109,Järvilehto,9,0
303,1992,15,Japanese Grand Prix,94,Martini,10,0
303,1992,15,Japanese Grand Prix,79,Katayama,11,0
303,1992,15,Japanese Grand Prix,78,Larini,12,0
303,1992,15,Japanese Grand Prix,125,Naspetti,13,0
303,1992,15,Japanese Grand Prix,81,Morbidelli,14,0
303,1992,15,Japanese Grand Prix,105,Alboreto,15,0
304,1992,16,Australian Grand Prix,77,Berger,1,10
304,1992,16,Australian Grand Prix,30,Schumacher,2,6
304,1992,16,Australian Grand Prix,84,Brundle,3,4
304,1992,16,Australian Grand Prix,55,Alesi,4,3
304,1992,16,Australian Grand Prix,123,Boutsen,5,2
304,1992,16,Australian Grand Prix,131,Modena,6,1
304,1992,16,Australian Grand Prix,57,Häkkinen,7,0
304,1992,16,Australian Grand Prix,88,Suzuki,8,0
304,1992,16,Australian Grand Prix,104,Fittipaldi,9,0
304,1992,16,Australian Grand Prix,81,Morbidelli,10,0
304,1992,16,Australian Grand Prix,78,Larini,11,0
304,1992,16,Australian Grand Prix,136,Lammers,12,0
304,1992,16,Australian Grand Prix,65,Herbert,13,0
305,1991,1,United States Grand Prix,102,Senna,1,10
305,1991,1,United States Grand Prix,117,Prost,2,6
305,1991,1,United States Grand Prix,137,Piquet,3,4
305,1991,1,United States Grand Prix,131,Modena,4,3
305,1991,1,United States Grand Prix,138,Nakajima,5,2
305,1991,1,United States Grand Prix,88,Suzuki,6,1
305,1991,1,United States Grand Prix,78,Larini,7,0
305,1991,1,United States Grand Prix,99,Tarquini,8,0
305,1991,1,United States Grand Prix,94,Martini,9,0
305,1991,1,United States Grand Prix,92,Gachot,10,0
305,1991,1,United States Grand Prix,84,Brundle,11,0
305,1991,1,United States Grand Prix,55,Alesi,12,0
305,1991,1,United States Grand Prix,57,Häkkinen,13,0
306,1991,2,Brazilian Grand Prix,102,Senna,1,10
306,1991,2,Brazilian Grand Prix,119,Patrese,2,6
306,1991,2,Brazilian Grand Prix,77,Berger,3,4
306,1991,2,Brazilian Grand Prix,117,Prost,4,3
306,1991,2,Brazilian Grand Prix,137,Piquet,5,2
306,1991,2,Brazilian Grand Prix,55,Alesi,6,1
306,1991,2,Brazilian Grand Prix,90,Moreno,7,0
306,1991,2,Brazilian Grand Prix,81,Morbidelli,8,0
306,1991,2,Brazilian Grand Prix,57,Häkkinen,9,0
306,1991,2,Brazilian Grand Prix,123,Boutsen,10,0
306,1991,2,Brazilian Grand Prix,139,Pirro,11,0
306,1991,2,Brazilian Grand Prix,84,Brundle,12,0
306,1991,2,Brazilian Grand Prix,92,Gachot,13,0
307,1991,3,San Marino Grand Prix,102,Senna,1,10
307,1991,3,San Marino Grand Prix,77,Berger,2,6
307,1991,3,San Marino Grand Prix,109,Järvilehto,3,4
307,1991,3,San Marino Grand Prix,94,Martini,4,3
307,1991,3,San Marino Grand Prix,57,Häkkinen,5,2
307,1991,3,San Marino Grand Prix,141,Bailey,6,1
307,1991,3,San Marino Grand Prix,123,Boutsen,7,0
307,1991,3,San Marino Grand Prix,87,Blundell,8,0
307,1991,3,San Marino Grand Prix,128,van de Poele,9,0
307,1991,3,San Marino Grand Prix,100,Comas,10,0
307,1991,3,San Marino Grand Prix,84,Brundle,11,0
307,1991,3,San Marino Grand Prix,127,Gugelmin,12,0
307,1991,3,San Marino Grand Prix,90,Moreno,13,0
308,1991,4,Monaco Grand Prix,102,Senna,1,10
308,1991,4,Monaco Grand Prix,95,Mansell,2,6
308,1991,4,Monaco Grand Prix,55,Alesi,3,4
308,1991,4,Monaco Grand Prix,90,Moreno,4,3
308,1991,4,Monaco Grand Prix,117,Prost,5,2
308,1991,4,Monaco Grand Prix,139,Pirro,6,1
308,1991,4,Monaco Grand Prix,123,Boutsen,7,0
308,1991,4,Monaco Grand Prix,92,Gachot,8,0
308,1991,4,Monaco Grand Prix,103,Bernard,9,0
308,1991,4,Monaco Grand Prix,100,Comas,10,0
308,1991,4,Monaco Grand Prix,109,Järvilehto,11,0
308,1991,4,Monaco Grand Prix,94,Martini,12,0
309,1991,5,Canadian Grand Prix,137,Piquet,1,10
309,1991,5,Canadian Grand Prix,131,Modena,2,6
309,1991,5,Canadian Grand Prix,119,Patrese,3,4
309,1991,5,Canadian Grand Prix,110,de Cesaris,4,3
309,1991,5,Canadian Grand Prix,92,Gachot,5,2
309,1991,5,Canadian Grand Prix,95,Mansell,6,1
309,1991,5,Canadian Grand Prix,94,Martini,7,0
309,1991,5,Canadian Grand Prix,100,Comas,8,0
309,1991,5,Canadian Grand Prix,139,Pirro,9,0
309,1991,5,Canadian Grand Prix,138,Nakajima,10,0
310,1991,6,Mexican Grand Prix,119,Patrese,1,10
310,1991,6,Mexican Grand Prix,95,Mansell,2,6
310,1991,6,Mexican Grand Prix,102,Senna,3,4
310,1991,6,Mexican Grand Prix,110,de Cesaris,4,3
310,1991,6,Mexican Grand Prix,90,Moreno,5,2
310,1991,6,Mexican Grand Prix,103,Bernard,6,1
310,1991,6,Mexican Grand Prix,81,Morbidelli,7,0
310,1991,6,Mexican Grand Prix,123,Boutsen,8,0
310,1991,6,Mexican Grand Prix,57,Häkkinen,9,0
310,1991,6,Mexican Grand Prix,65,Herbert,10,0
310,1991,6,Mexican Grand Prix,131,Modena,11,0
310,1991,6,Mexican Grand Prix,138,Nakajima,12,0
311,1991,7,French Grand Prix,95,Mansell,1,10
311,1991,7,French Grand Prix,117,Prost,2,6
311,1991,7,French Grand Prix,102,Senna,3,4
311,1991,7,French Grand Prix,55,Alesi,4,3
311,1991,7,French Grand Prix,119,Patrese,5,2
311,1991,7,French Grand Prix,110,de Cesaris,6,1
311,1991,7,French Grand Prix,127,Gugelmin,7,0
311,1991,7,French Grand Prix,137,Piquet,8,0
311,1991,7,French Grand Prix,94,Martini,9,0
311,1991,7,French Grand Prix,65,Herbert,10,0
311,1991,7,French Grand Prix,100,Comas,11,0
311,1991,7,French Grand Prix,123,Boutsen,12,0
312,1991,8,British Grand Prix,95,Mansell,1,10
312,1991,8,British Grand Prix,77,Berger,2,6
312,1991,8,British Grand Prix,117,Prost,3,4
312,1991,8,British Grand Prix,102,Senna,4,3
312,1991,8,British Grand Prix,137,Piquet,5,2
312,1991,8,British Grand Prix,92,Gachot,6,1
312,1991,8,British Grand Prix,131,Modena,7,0
312,1991,8,British Grand Prix,138,Nakajima,8,0
312,1991,8,British Grand Prix,94,Martini,9,0
312,1991,8,British Grand Prix,139,Pirro,10,0
312,1991,8,British Grand Prix,81,Morbidelli,11,0
312,1991,8,British Grand Prix,57,Häkkinen,12,0
312,1991,8,British Grand Prix,109,Järvilehto,13,0
312,1991,8,British Grand Prix,65,Herbert,14,0
313,1991,9,German Grand Prix,95,Mansell,1,10
313,1991,9,German Grand Prix,119,Patrese,2,6
313,1991,9,German Grand Prix,55,Alesi,3,4
313,1991,9,German Grand Prix,77,Berger,4,3
313,1991,9,German Grand Prix,110,de Cesaris,5,2
313,1991,9,German Grand Prix,92,Gachot,6,1
313,1991,9,German Grand Prix,102,Senna,7,0
313,1991,9,German Grand Prix,90,Moreno,8,0
313,1991,9,German Grand Prix,123,Boutsen,9,0
313,1991,9,German Grand Prix,139,Pirro,10,0
313,1991,9,German Grand Prix,84,Brundle,11,0
313,1991,9,German Grand Prix,87,Blundell,12,0
313,1991,9,German Grand Prix,131,Modena,13,0
314,1991,10,Hungarian Grand Prix,102,Senna,1,10
314,1991,10,Hungarian Grand Prix,95,Mansell,2,6
314,1991,10,Hungarian Grand Prix,119,Patrese,3,4
314,1991,10,Hungarian Grand Prix,77,Berger,4,3
314,1991,10,Hungarian Grand Prix,55,Alesi,5,2
314,1991,10,Hungarian Grand Prix,122,Capelli,6,1
314,1991,10,Hungarian Grand Prix,110,de Cesaris,7,0
314,1991,10,Hungarian Grand Prix,90,Moreno,8,0
314,1991,10,Hungarian Grand Prix,92,Gachot,9,0
314,1991,10,Hungarian Grand Prix,100,Comas,10,0
314,1991,10,Hungarian Grand Prix,127,Gugelmin,11,0
314,1991,10,Hungarian Grand Prix,131,Modena,12,0
314,1991,10,Hungarian Grand Prix,81,Morbidelli,13,0
314,1991,10,Hungarian Grand Prix,57,Häkkinen,14,0
314,1991,10,Hungarian Grand Prix,138,Nakajima,15,0
314,1991,10,Hungarian Grand Prix,78,Larini,16,0
314,1991,10,Hungarian Grand Prix,123,Boutsen,17,0
315,1991,11,Belgian Grand Prix,102,Senna,1,10
315,1991,11,Belgian Grand Prix,77,Berger,2,6
315,1991,11,Belgian Grand Prix,137,Piquet,3,4
315,1991,11,Belgian Grand Prix,90,Moreno,4,3
315,1991,11,Belgian Grand Prix,119,Patrese,5,2
315,1991,11,Belgian Grand Prix,87,Blundell,6,1
315,1991,11,Belgian Grand Prix,65,Herbert,7,0
315,1991,11,Belgian Grand Prix,139,Pirro,8,0
315,1991,11,Belgian Grand Prix,84,Brundle,9,0
315,1991,11,Belgian Grand Prix,129,Grouillard,10,0
315,1991,11,Belgian Grand Prix,123,Boutsen,11,0
315,1991,11,Belgian Grand Prix,94,Martini,12,0
315,1991,11,Belgian Grand Prix,110,de Cesaris,13,0
316,1991,12,Italian Grand Prix,95,Mansell,1,10
316,1991,12,Italian Grand Prix,102,Senna,2,6
316,1991,12,Italian Grand Prix,117,Prost,3,4
316,1991,12,Italian Grand Prix,77,Berger,4,3
316,1991,12,Italian Grand Prix,30,Schumacher,5,2
316,1991,12,Italian Grand Prix,137,Piquet,6,1
316,1991,12,Italian Grand Prix,110,de Cesaris,7,0
316,1991,12,Italian Grand Prix,122,Capelli,8,0
316,1991,12,Italian Grand Prix,81,Morbidelli,9,0
316,1991,12,Italian Grand Prix,139,Pirro,10,0
316,1991,12,Italian Grand Prix,100,Comas,11,0
316,1991,12,Italian Grand Prix,87,Blundell,12,0
316,1991,12,Italian Grand Prix,84,Brundle,13,0
316,1991,12,Italian Grand Prix,57,Häkkinen,14,0
316,1991,12,Italian Grand Prix,127,Gugelmin,15,0
316,1991,12,Italian Grand Prix,78,Larini,16,0
317,1991,13,Portuguese Grand Prix,119,Patrese,1,10
317,1991,13,Portuguese Grand Prix,102,Senna,2,6
317,1991,13,Portuguese Grand Prix,55,Alesi,3,4
317,1991,13,Portuguese Grand Prix,94,Martini,4,3
317,1991,13,Portuguese Grand Prix,137,Piquet,5,2
317,1991,13,Portuguese Grand Prix,30,Schumacher,6,1
317,1991,13,Portuguese Grand Prix,127,Gugelmin,7,0
317,1991,13,Portuguese Grand Prix,110,de Cesaris,8,0
317,1991,13,Portuguese Grand Prix,81,Morbidelli,9,0
317,1991,13,Portuguese Grand Prix,90,Moreno,10,0
317,1991,13,Portuguese Grand Prix,100,Comas,11,0
317,1991,13,Portuguese Grand Prix,84,Brundle,12,0
317,1991,13,Portuguese Grand Prix,138,Nakajima,13,0
317,1991,13,Portuguese Grand Prix,57,Häkkinen,14,0
317,1991,13,Portuguese Grand Prix,105,Alboreto,15,0
317,1991,13,Portuguese Grand Prix,123,Boutsen,16,0
317,1991,13,Portuguese Grand Prix,122,Capelli,17,0
318,1991,14,Spanish Grand Prix,95,Mansell,1,10
318,1991,14,Spanish Grand Prix,117,Prost,2,6
318,1991,14,Spanish Grand Prix,119,Patrese,3,4
318,1991,14,Spanish Grand Prix,55,Alesi,4,3
318,1991,14,Spanish Grand Prix,102,Senna,5,2
318,1991,14,Spanish Grand Prix,30,Schumacher,6,1
318,1991,14,Spanish Grand Prix,127,Gugelmin,7,0
318,1991,14,Spanish Grand Prix,109,Järvilehto,8,0
318,1991,14,Spanish Grand Prix,70,Zanardi,9,0
318,1991,14,Spanish Grand Prix,84,Brundle,10,0
318,1991,14,Spanish Grand Prix,137,Piquet,11,0
318,1991,14,Spanish Grand Prix,99,Tarquini,12,0
318,1991,14,Spanish Grand Prix,94,Martini,13,0
318,1991,14,Spanish Grand Prix,81,Morbidelli,14,0
318,1991,14,Spanish Grand Prix,139,Pirro,15,0
318,1991,14,Spanish Grand Prix,131,Modena,16,0
318,1991,14,Spanish Grand Prix,138,Nakajima,17,0
319,1991,15,Japanese Grand Prix,77,Berger,1,10
319,1991,15,Japanese Grand Prix,102,Senna,2,6
319,1991,15,Japanese Grand Prix,119,Patrese,3,4
319,1991,15,Japanese Grand Prix,117,Prost,4,3
319,1991,15,Japanese Grand Prix,84,Brundle,5,2
319,1991,15,Japanese Grand Prix,131,Modena,6,1
319,1991,15,Japanese Grand Prix,137,Piquet,7,0
319,1991,15,Japanese Grand Prix,127,Gugelmin,8,0
319,1991,15,Japanese Grand Prix,123,Boutsen,9,0
319,1991,15,Japanese Grand Prix,133,Caffi,10,0
319,1991,15,Japanese Grand Prix,99,Tarquini,11,0
320,1991,16,Australian Grand Prix,102,Senna,1,5
320,1991,16,Australian Grand Prix,95,Mansell,2,3
320,1991,16,Australian Grand Prix,77,Berger,3,2
320,1991,16,Australian Grand Prix,137,Piquet,4,1.5
320,1991,16,Australian Grand Prix,119,Patrese,5,1
320,1991,16,Australian Grand Prix,81,Morbidelli,6,0.5
320,1991,16,Australian Grand Prix,139,Pirro,7,0
320,1991,16,Australian Grand Prix,110,de Cesaris,8,0
320,1991,16,Australian Grand Prix,70,Zanardi,9,0
320,1991,16,Australian Grand Prix,131,Modena,10,0
320,1991,16,Australian Grand Prix,65,Herbert,11,0
320,1991,16,Australian Grand Prix,109,Järvilehto,12,0
320,1991,16,Australian Grand Prix,105,Alboreto,13,0
320,1991,16,Australian Grand Prix,127,Gugelmin,14,0
320,1991,16,Australian Grand Prix,133,Caffi,15,0
320,1991,16,Australian Grand Prix,90,Moreno,16,0
320,1991,16,Australian Grand Prix,87,Blundell,17,0
320,1991,16,Australian Grand Prix,100,Comas,18,0
320,1991,16,Australian Grand Prix,57,Häkkinen,19,0
320,1991,16,Australian Grand Prix,91,Wendlinger,20,0
321,1990,1,United States Grand Prix,102,Senna,1,9
321,1990,1,United States Grand Prix,55,Alesi,2,6
321,1990,1,United States Grand Prix,123,Boutsen,3,4
321,1990,1,United States Grand Prix,137,Piquet,4,3
321,1990,1,United States Grand Prix,131,Modena,5,2
321,1990,1,United States Grand Prix,138,Nakajima,6,1
321,1990,1,United States Grand Prix,94,Martini,7,0
321,1990,1,United States Grand Prix,103,Bernard,8,0
321,1990,1,United States Grand Prix,119,Patrese,9,0
321,1990,1,United States Grand Prix,105,Alboreto,10,0
321,1990,1,United States Grand Prix,145,Nannini,11,0
321,1990,1,United States Grand Prix,146,Schneider,12,0
321,1990,1,United States Grand Prix,90,Moreno,13,0
321,1990,1,United States Grand Prix,127,Gugelmin,14,0
322,1990,2,Brazilian Grand Prix,117,Prost,1,9
322,1990,2,Brazilian Grand Prix,77,Berger,2,6
322,1990,2,Brazilian Grand Prix,102,Senna,3,4
322,1990,2,Brazilian Grand Prix,95,Mansell,4,3
322,1990,2,Brazilian Grand Prix,123,Boutsen,5,2
322,1990,2,Brazilian Grand Prix,137,Piquet,6,1
322,1990,2,Brazilian Grand Prix,55,Alesi,7,0
322,1990,2,Brazilian Grand Prix,138,Nakajima,8,0
322,1990,2,Brazilian Grand Prix,94,Martini,9,0
322,1990,2,Brazilian Grand Prix,145,Nannini,10,0
322,1990,2,Brazilian Grand Prix,78,Larini,11,0
322,1990,2,Brazilian Grand Prix,112,Alliot,12,0
322,1990,2,Brazilian Grand Prix,119,Patrese,13,0
322,1990,2,Brazilian Grand Prix,81,Morbidelli,14,0
323,1990,3,San Marino Grand Prix,119,Patrese,1,9
323,1990,3,San Marino Grand Prix,77,Berger,2,6
323,1990,3,San Marino Grand Prix,145,Nannini,3,4
323,1990,3,San Marino Grand Prix,117,Prost,4,3
323,1990,3,San Marino Grand Prix,137,Piquet,5,2
323,1990,3,San Marino Grand Prix,55,Alesi,6,1
323,1990,3,San Marino Grand Prix,118,Warwick,7,0
323,1990,3,San Marino Grand Prix,151,Donnelly,8,0
323,1990,3,San Marino Grand Prix,112,Alliot,9,0
323,1990,3,San Marino Grand Prix,78,Larini,10,0
323,1990,3,San Marino Grand Prix,147,Barilla,11,0
323,1990,3,San Marino Grand Prix,109,Järvilehto,12,0
323,1990,3,San Marino Grand Prix,103,Bernard,13,0
324,1990,4,Monaco Grand Prix,102,Senna,1,9
324,1990,4,Monaco Grand Prix,55,Alesi,2,6
324,1990,4,Monaco Grand Prix,77,Berger,3,4
324,1990,4,Monaco Grand Prix,123,Boutsen,4,3
324,1990,4,Monaco Grand Prix,133,Caffi,5,2
324,1990,4,Monaco Grand Prix,103,Bernard,6,1
324,1990,4,Monaco Grand Prix,148,Foitek,7,0
325,1990,5,Canadian Grand Prix,102,Senna,1,9
325,1990,5,Canadian Grand Prix,137,Piquet,2,6
325,1990,5,Canadian Grand Prix,95,Mansell,3,4
325,1990,5,Canadian Grand Prix,77,Berger,4,3
325,1990,5,Canadian Grand Prix,117,Prost,5,2
325,1990,5,Canadian Grand Prix,118,Warwick,6,1
325,1990,5,Canadian Grand Prix,131,Modena,7,0
325,1990,5,Canadian Grand Prix,133,Caffi,8,0
325,1990,5,Canadian Grand Prix,103,Bernard,9,0
325,1990,5,Canadian Grand Prix,122,Capelli,10,0
325,1990,5,Canadian Grand Prix,138,Nakajima,11,0
325,1990,5,Canadian Grand Prix,88,Suzuki,12,0
325,1990,5,Canadian Grand Prix,129,Grouillard,13,0
326,1990,6,Mexican Grand Prix,117,Prost,1,9
326,1990,6,Mexican Grand Prix,95,Mansell,2,6
326,1990,6,Mexican Grand Prix,77,Berger,3,4
326,1990,6,Mexican Grand Prix,145,Nannini,4,3
326,1990,6,Mexican Grand Prix,123,Boutsen,5,2
326,1990,6,Mexican Grand Prix,137,Piquet,6,1
326,1990,6,Mexican Grand Prix,55,Alesi,7,0
326,1990,6,Mexican Grand Prix,151,Donnelly,8,0
326,1990,6,Mexican Grand Prix,119,Patrese,9,0
326,1990,6,Mexican Grand Prix,118,Warwick,10,0
326,1990,6,Mexican Grand Prix,131,Modena,11,0
326,1990,6,Mexican Grand Prix,94,Martini,12,0
326,1990,6,Mexican Grand Prix,110,de Cesaris,13,0
326,1990,6,Mexican Grand Prix,147,Barilla,14,0
326,1990,6,Mexican Grand Prix,148,Foitek,15,0
326,1990,6,Mexican Grand Prix,78,Larini,16,0
326,1990,6,Mexican Grand Prix,105,Alboreto,17,0
326,1990,6,Mexican Grand Prix,112,Alliot,18,0
326,1990,6,Mexican Grand Prix,129,Grouillard,19,0
326,1990,6,Mexican Grand Prix,102,Senna,20,0
327,1990,7,French Grand Prix,117,Prost,1,9
327,1990,7,French Grand Prix,122,Capelli,2,6
327,1990,7,French Grand Prix,102,Senna,3,4
327,1990,7,French Grand Prix,137,Piquet,4,3
327,1990,7,French Grand Prix,77,Berger,5,2
327,1990,7,French Grand Prix,119,Patrese,6,1
327,1990,7,French Grand Prix,88,Suzuki,7,0
327,1990,7,French Grand Prix,103,Bernard,8,0
327,1990,7,French Grand Prix,112,Alliot,9,0
327,1990,7,French Grand Prix,105,Alboreto,10,0
327,1990,7,French Grand Prix,118,Warwick,11,0
327,1990,7,French Grand Prix,151,Donnelly,12,0
327,1990,7,French Grand Prix,131,Modena,13,0
327,1990,7,French Grand Prix,78,Larini,14,0
327,1990,7,French Grand Prix,101,Brabham,15,0
327,1990,7,French Grand Prix,145,Nannini,16,0
327,1990,7,French Grand Prix,114,Dalmas,17,0
327,1990,7,French Grand Prix,95,Mansell,18,0
328,1990,8,British Grand Prix,117,Prost,1,9
328,1990,8,British Grand Prix,123,Boutsen,2,6
328,1990,8,British Grand Prix,102,Senna,3,4
328,1990,8,British Grand Prix,103,Bernard,4,3
328,1990,8,British Grand Prix,137,Piquet,5,2
328,1990,8,British Grand Prix,88,Suzuki,6,1
328,1990,8,British Grand Prix,133,Caffi,7,0
328,1990,8,British Grand Prix,55,Alesi,8,0
328,1990,8,British Grand Prix,131,Modena,9,0
328,1990,8,British Grand Prix,78,Larini,10,0
328,1990,8,British Grand Prix,139,Pirro,11,0
328,1990,8,British Grand Prix,147,Barilla,12,0
328,1990,8,British Grand Prix,112,Alliot,13,0
328,1990,8,British Grand Prix,77,Berger,14,0
329,1990,9,German Grand Prix,102,Senna,1,9
329,1990,9,German Grand Prix,145,Nannini,2,6
329,1990,9,German Grand Prix,77,Berger,3,4
329,1990,9,German Grand Prix,117,Prost,4,3
329,1990,9,German Grand Prix,119,Patrese,5,2
329,1990,9,German Grand Prix,123,Boutsen,6,1
329,1990,9,German Grand Prix,122,Capelli,7,0
329,1990,9,German Grand Prix,118,Warwick,8,0
329,1990,9,German Grand Prix,133,Caffi,9,0
329,1990,9,German Grand Prix,78,Larini,10,0
329,1990,9,German Grand Prix,55,Alesi,11,0
330,1990,10,Hungarian Grand Prix,123,Boutsen,1,9
330,1990,10,Hungarian Grand Prix,102,Senna,2,6
330,1990,10,Hungarian Grand Prix,137,Piquet,3,4
330,1990,10,Hungarian Grand Prix,119,Patrese,4,3
330,1990,10,Hungarian Grand Prix,118,Warwick,5,2
330,1990,10,Hungarian Grand Prix,103,Bernard,6,1
330,1990,10,Hungarian Grand Prix,151,Donnelly,7,0
330,1990,10,Hungarian Grand Prix,127,Gugelmin,8,0
330,1990,10,Hungarian Grand Prix,133,Caffi,9,0
330,1990,10,Hungarian Grand Prix,139,Pirro,10,0
330,1990,10,Hungarian Grand Prix,78,Larini,11,0
330,1990,10,Hungarian Grand Prix,105,Alboreto,12,0
330,1990,10,Hungarian Grand Prix,99,Tarquini,13,0
330,1990,10,Hungarian Grand Prix,112,Alliot,14,0
330,1990,10,Hungarian Grand Prix,147,Barilla,15,0
330,1990,10,Hungarian Grand Prix,77,Berger,16,0
330,1990,10,Hungarian Grand Prix,95,Mansell,17,0
331,1990,11,Belgian Grand Prix,102,Senna,1,9
331,1990,11,Belgian Grand Prix,117,Prost,2,6
331,1990,11,Belgian Grand Prix,77,Berger,3,4
331,1990,11,Belgian Grand Prix,145,Nannini,4,3
331,1990,11,Belgian Grand Prix,137,Piquet,5,2
331,1990,11,Belgian Grand Prix,127,Gugelmin,6,1
331,1990,11,Belgian Grand Prix,122,Capelli,7,0
331,1990,11,Belgian Grand Prix,55,Alesi,8,0
331,1990,11,Belgian Grand Prix,103,Bernard,9,0
331,1990,11,Belgian Grand Prix,133,Caffi,10,0
331,1990,11,Belgian Grand Prix,118,Warwick,11,0
331,1990,11,Belgian Grand Prix,151,Donnelly,12,0
331,1990,11,Belgian Grand Prix,105,Alboreto,13,0
331,1990,11,Belgian Grand Prix,78,Larini,14,0
331,1990,11,Belgian Grand Prix,94,Martini,15,0
331,1990,11,Belgian Grand Prix,129,Grouillard,16,0
331,1990,11,Belgian Grand Prix,131,Modena,17,0
332,1990,12,Italian Grand Prix,102,Senna,1,9
332,1990,12,Italian Grand Prix,117,Prost,2,6
332,1990,12,Italian Grand Prix,77,Berger,3,4
332,1990,12,Italian Grand Prix,95,Mansell,4,3
332,1990,12,Italian Grand Prix,119,Patrese,5,2
332,1990,12,Italian Grand Prix,138,Nakajima,6,1
332,1990,12,Italian Grand Prix,137,Piquet,7,0
332,1990,12,Italian Grand Prix,145,Nannini,8,0
332,1990,12,Italian Grand Prix,133,Caffi,9,0
332,1990,12,Italian Grand Prix,110,de Cesaris,10,0
332,1990,12,Italian Grand Prix,78,Larini,11,0
332,1990,12,Italian Grand Prix,105,Alboreto,12,0
332,1990,12,Italian Grand Prix,112,Alliot,13,0
333,1990,13,Portuguese Grand Prix,95,Mansell,1,9
333,1990,13,Portuguese Grand Prix,102,Senna,2,6
333,1990,13,Portuguese Grand Prix,117,Prost,3,4
333,1990,13,Portuguese Grand Prix,77,Berger,4,3
333,1990,13,Portuguese Grand Prix,137,Piquet,5,2
333,1990,13,Portuguese Grand Prix,145,Nannini,6,1
333,1990,13,Portuguese Grand Prix,119,Patrese,7,0
333,1990,13,Portuguese Grand Prix,55,Alesi,8,0
333,1990,13,Portuguese Grand Prix,105,Alboreto,9,0
333,1990,13,Portuguese Grand Prix,78,Larini,10,0
333,1990,13,Portuguese Grand Prix,94,Martini,11,0
333,1990,13,Portuguese Grand Prix,127,Gugelmin,12,0
333,1990,13,Portuguese Grand Prix,133,Caffi,13,0
333,1990,13,Portuguese Grand Prix,88,Suzuki,14,0
333,1990,13,Portuguese Grand Prix,139,Pirro,15,0
334,1990,14,Spanish Grand Prix,117,Prost,1,9
334,1990,14,Spanish Grand Prix,95,Mansell,2,6
334,1990,14,Spanish Grand Prix,145,Nannini,3,4
334,1990,14,Spanish Grand Prix,123,Boutsen,4,3
334,1990,14,Spanish Grand Prix,119,Patrese,5,2
334,1990,14,Spanish Grand Prix,88,Suzuki,6,1
334,1990,14,Spanish Grand Prix,78,Larini,7,0
334,1990,14,Spanish Grand Prix,127,Gugelmin,8,0
334,1990,14,Spanish Grand Prix,114,Dalmas,9,0
334,1990,14,Spanish Grand Prix,105,Alboreto,10,0
335,1990,15,Japanese Grand Prix,137,Piquet,1,9
335,1990,15,Japanese Grand Prix,90,Moreno,2,6
335,1990,15,Japanese Grand Prix,88,Suzuki,3,4
335,1990,15,Japanese Grand Prix,119,Patrese,4,3
335,1990,15,Japanese Grand Prix,123,Boutsen,5,2
335,1990,15,Japanese Grand Prix,138,Nakajima,6,1
335,1990,15,Japanese Grand Prix,78,Larini,7,0
335,1990,15,Japanese Grand Prix,94,Martini,8,0
335,1990,15,Japanese Grand Prix,133,Caffi,9,0
335,1990,15,Japanese Grand Prix,112,Alliot,10,0
336,1990,16,Australian Grand Prix,137,Piquet,1,9
336,1990,16,Australian Grand Prix,95,Mansell,2,6
336,1990,16,Australian Grand Prix,117,Prost,3,4
336,1990,16,Australian Grand Prix,77,Berger,4,3
336,1990,16,Australian Grand Prix,123,Boutsen,5,2
336,1990,16,Australian Grand Prix,119,Patrese,6,1
336,1990,16,Australian Grand Prix,90,Moreno,7,0
336,1990,16,Australian Grand Prix,55,Alesi,8,0
336,1990,16,Australian Grand Prix,94,Martini,9,0
336,1990,16,Australian Grand Prix,78,Larini,10,0
336,1990,16,Australian Grand Prix,112,Alliot,11,0
336,1990,16,Australian Grand Prix,131,Modena,12,0
336,1990,16,Australian Grand Prix,129,Grouillard,13,0
1,2009,1,Australian Grand Prix,18,Button,1,10
1,2009,1,Australian Grand Prix,22,Barrichello,2,8
1,2009,1,Australian Grand Prix,15,Trulli,3,6
1,2009,1,Australian Grand Prix,10,Glock,4,5
1,2009,1,Australian Grand Prix,4,Alonso,5,4
1,2009,1,Australian Grand Prix,3,Rosberg,6,3
1,2009,1,Australian Grand Prix,67,Buemi,7,2
1,2009,1,Australian Grand Prix,7,Bourdais,8,1
1,2009,1,Australian Grand Prix,16,Sutil,9,0
1,2009,1,Australian Grand Prix,2,Heidfeld,10,0
1,2009,1,Australian Grand Prix,21,Fisichella,11,0
1,2009,1,Australian Grand Prix,17,Webber,12,0
1,2009,1,Australian Grand Prix,20,Vettel,13,0
1,2009,1,Australian Grand Prix,9,Kubica,14,0
1,2009,1,Australian Grand Prix,8,Räikkönen,15,0
2,2009,2,Malaysian Grand Prix,18,Button,1,5
2,2009,2,Malaysian Grand Prix,2,Heidfeld,2,4
2,2009,2,Malaysian Grand Prix,10,Glock,3,3
2,2009,2,Malaysian Grand Prix,15,Trulli,4,2.5
2,2009,2,Malaysian Grand Prix,22,Barrichello,5,2
2,2009,2,Malaysian Grand Prix,17,Webber,6,1.5
2,2009,2,Malaysian Grand Prix,1,Hamilton,7,1
2,2009,2,Malaysian Grand Prix,3,Rosberg,8,0.5
2,2009,2,Malaysian Grand Prix,13,Massa,9,0
2,2009,2,Malaysian Grand Prix,7,Bourdais,10,0
2,2009,2,Malaysian Grand Prix,4,Alonso,11,0
2,2009,2,Malaysian Grand Prix,6,Nakajima,12,0
2,2009,2,Malaysian Grand Prix,12,Piquet Jr.,13,0
2,2009,2,Malaysian Grand Prix,8,Räikkönen,14,0
2,2009,2,Malaysian Grand Prix,20,Vettel,15,0
2,2009,2,Malaysian Grand Prix,67,Buemi,16,0
2,2009,2,Malaysian Grand Prix,16,Sutil,17,0
2,2009,2,Malaysian Grand Prix,21,Fisichella,18,0
3,2009,3,Chinese Grand Prix,20,Vettel,1,10
3,2009,3,Chinese Grand Prix,17,Webber,2,8
3,2009,3,Chinese Grand Prix,18,Button,3,6
3,2009,3,Chinese Grand Prix,22,Barrichello,4,5
3,2009,3,Chinese Grand Prix,5,Kovalainen,5,4
3,2009,3,Chinese Grand Prix,1,Hamilton,6,3
3,2009,3,Chinese Grand Prix,10,Glock,7,2
3,2009,3,Chinese Grand Prix,67,Buemi,8,1
3,2009,3,Chinese Grand Prix,4,Alonso,9,0
3,2009,3,Chinese Grand Prix,8,Räikkönen,10,0
3,2009,3,Chinese Grand Prix,7,Bourdais,11,0
3,2009,3,Chinese Grand Prix,2,Heidfeld,12,0
3,2009,3,Chinese Grand Prix,9,Kubica,13,0
3,2009,3,Chinese Grand Prix,21,Fisichella,14,0
3,2009,3,Chinese Grand Prix,3,Rosberg,15,0
3,2009,3,Chinese Grand Prix,12,Piquet Jr.,16,0
3,2009,3,Chinese Grand Prix,16,Sutil,17,0
4,2009,4,Bahrain Grand Prix,18,Button,1,10
4,2009,4,Bahrain Grand Prix,20,Vettel,2,8
4,2009,4,Bahrain Grand Prix,15,Trulli,3,6
4,2009,4,Bahrain Grand Prix,1,Hamilton,4,5
4,2009,4,Bahrain Grand Prix,22,Barrichello,5,4
4,2009,4,Bahrain Grand Prix,8,Räikkönen,6,3
4,2009,4,Bahrain Grand Prix,10,Glock,7,2
4,2009,4,Bahrain Grand Prix,4,Alonso,8,1
4,2009,4,Bahrain Grand Prix,3,Rosberg,9,0
4,2009,4,Bahrain Grand Prix,12,Piquet Jr.,10,0
4,2009,4,Bahrain Grand Prix,17,Webber,11,0
4,2009,4,Bahrain Grand Prix,5,Kovalainen,12,0
4,2009,4,Bahrain Grand Prix,7,Bourdais,13,0
4,2009,4,Bahrain Grand Prix,13,Massa,14,0
4,2009,4,Bahrain Grand Prix,21,Fisichella,15,0
4,2009,4,Bahrain Grand Prix,16,Sutil,16,0
4,2009,4,Bahrain Grand Prix,67,Buemi,17,0
4,2009,4,Bahrain Grand Prix,9,Kubica,18,0
4,2009,4,Bahrain Grand Prix,2,Heidfeld,19,0
5,2009,5,Spanish Grand Prix,18,Button,1,10
5,2009,5,Spanish Grand Prix,22,Barrichello,2,8
5,2009,5,Spanish Grand Prix,17,Webber,3,6
5,2009,5,Spanish Grand Prix,20,Vettel,4,5
5,2009,5,Spanish Grand Prix,4,Alonso,5,4
5,2009,5,Spanish Grand Prix,13,Massa,6,3
5,2009,5,Spanish Grand Prix,2,Heidfeld,7,2
5,2009,5,Spanish Grand Prix,3,Rosberg,8,1
5,2009,5,Spanish Grand Prix,1,Hamilton,9,0
5,2009,5,Spanish Grand Prix,10,Glock,10,0
5,2009,5,Spanish Grand Prix,9,Kubica,11,0
5,2009,5,Spanish Grand Prix,12,Piquet Jr.,12,0
5,2009,5,Spanish Grand Prix,6,Nakajima,13,0
5,2009,5,Spanish Grand Prix,21,Fisichella,14,0
6,2009,6,Monaco Grand Prix,18,Button,1,10
6,2009,6,Monaco Grand Prix,22,Barrichello,2,8
6,2009,6,Monaco Grand Prix,8,Räikkönen,3,6
6,2009,6,Monaco Grand Prix,13,Massa,4,5
6,2009,6,Monaco Grand Prix,17,Webber,5,4
6,2009,6,Monaco Grand Prix,3,Rosberg,6,3
6,2009,6,Monaco Grand Prix,4,Alonso,7,2
6,2009,6,Monaco Grand Prix,7,Bourdais,8,1
6,2009,6,Monaco Grand Prix,21,Fisichella,9,0
6,2009,6,Monaco Grand Prix,10,Glock,10,0
6,2009,6,Monaco Grand Prix,2,Heidfeld,11,0
6,2009,6,Monaco Grand Prix,1,Hamilton,12,0
6,2009,6,Monaco Grand Prix,15,Trulli,13,0
6,2009,6,Monaco Grand Prix,16,Sutil,14,0
6,2009,6,Monaco Grand Prix,6,Nakajima,15,0
7,2009,7,Turkish Grand Prix,18,Button,1,10
7,2009,7,Turkish Grand Prix,17,Webber,2,8
7,2009,7,Turkish Grand Prix,20,Vettel,3,6
7,2009,7,Turkish Grand Prix,15,Trulli,4,5
7,2009,7,Turkish Grand Prix,3,Rosberg,5,4
7,2009,7,Turkish Grand Prix,13,Massa,6,3
7,2009,7,Turkish Grand Prix,9,Kubica,7,2
7,2009,7,Turkish Grand Prix,10,Glock,8,1
7,2009,7,Turkish Grand Prix,8,Räikkönen,9,0
7,2009,7,Turkish Grand Prix,4,Alonso,10,0
7,2009,7,Turkish Grand Prix,2,Heidfeld,11,0
7,2009,7,Turkish Grand Prix,6,Nakajima,12,0
7,2009,7,Turkish Grand Prix,1,Hamilton,13,0
7,2009,7,Turkish Grand Prix,5,Kovalainen,14,0
7,2009,7,Turkish Grand Prix,67,Buemi,15,0
7,2009,7,Turkish Grand Prix,12,Piquet Jr.,16,0
7,2009,7,Turkish Grand Prix,16,Sutil,17,0
7,2009,7,Turkish Grand Prix,7,Bourdais,18,0
8,2009,8,British Grand Prix,20,Vettel,1,10
8,2009,8,British Grand Prix,17,Webber,2,8
8,2009,8,British Grand Prix,22,Barrichello,3,6
8,2009,8,British Grand Prix,13,Massa,4,5
8,2009,8,British Grand Prix,3,Rosberg,5,4
8,2009,8,British Grand Prix,18,Button,6,3
8,2009,8,British Grand Prix,15,Trulli,7,2
8,2009,8,British Grand Prix,8,Räikkönen,8,1
8,2009,8,British Grand Prix,10,Glock,9,0
8,2009,8,British Grand Prix,21,Fisichella,10,0
8,2009,8,British Grand Prix,6,Nakajima,11,0
8,2009,8,British Grand Prix,12,Piquet Jr.,12,0
8,2009,8,British Grand Prix,9,Kubica,13,0
8,2009,8,British Grand Prix,4,Alonso,14,0
8,2009,8,British Grand Prix,2,Heidfeld,15,0
8,2009,8,British Grand Prix,1,Hamilton,16,0
8,2009,8,British Grand Prix,16,Sutil,17,0
8,2009,8,British Grand Prix,67,Buemi,18,0
9,2009,9,German Grand Prix,17,Webber,1,10
9,2009,9,German Grand Prix,20,Vettel,2,8
9,2009,9,German Grand Prix,13,Massa,3,6
9,2009,9,German Grand Prix,3,Rosberg,4,5
9,2009,9,German Grand Prix,18,Button,5,4
9,2009,9,German Grand Prix,22,Barrichello,6,3
9,2009,9,German Grand Prix,4,Alonso,7,2
9,2009,9,German Grand Prix,5,Kovalainen,8,1
9,2009,9,German Grand Prix,10,Glock,9,0
9,2009,9,German Grand Prix,2,Heidfeld,10,0
9,2009,9,German Grand Prix,21,Fisichella,11,0
9,2009,9,German Grand Prix,6,Nakajima,12,0
9,2009,9,German Grand Prix,12,Piquet Jr.,13,0
9,2009,9,German Grand Prix,9,Kubica,14,0
9,2009,9,German Grand Prix,16,Sutil,15,0
9,2009,9,German Grand Prix,67,Buemi,16,0
9,2009,9,German Grand Prix,15,Trulli,17,0
9,2009,9,German Grand Prix,1,Hamilton,18,0
10,2009,10,Hungarian Grand Prix,1,Hamilton,1,10
10,2009,10,Hungarian Grand Prix,8,Räikkönen,2,8
10,2009,10,Hungarian Grand Prix,17,Webber,3,6
10,2009,10,Hungarian Grand Prix,3,Rosberg,4,5
10,2009,10,Hungarian Grand Prix,5,Kovalainen,5,4
10,2009,10,Hungarian Grand Prix,10,Glock,6,3
10,2009,10,Hungarian Grand Prix,18,Button,7,2
10,2009,10,Hungarian Grand Prix,15,Trulli,8,1
10,2009,10,Hungarian Grand Prix,6,Nakajima,9,0
10,2009,10,Hungarian Grand Prix,22,Barrichello,10,0
10,2009,10,Hungarian Grand Prix,2,Heidfeld,11,0
10,2009,10,Hungarian Grand Prix,12,Piquet Jr.,12,0
10,2009,10,Hungarian Grand Prix,9,Kubica,13,0
10,2009,10,Hungarian Grand Prix,21,Fisichella,14,0
10,2009,10,Hungarian Grand Prix,153,Alguersuari,15,0
10,2009,10,Hungarian Grand Prix,67,Buemi,16,0
11,2009,11,European Grand Prix,22,Barrichello,1,10
11,2009,11,European Grand Prix,1,Hamilton,2,8
11,2009,11,European Grand Prix,8,Räikkönen,3,6
11,2009,11,European Grand Prix,5,Kovalainen,4,5
11,2009,11,European Grand Prix,3,Rosberg,5,4
11,2009,11,European Grand Prix,4,Alonso,6,3
11,2009,11,European Grand Prix,18,Button,7,2
11,2009,11,European Grand Prix,9,Kubica,8,1
11,2009,11,European Grand Prix,17,Webber,9,0
11,2009,11,European Grand Prix,16,Sutil,10,0
11,2009,11,European Grand Prix,2,Heidfeld,11,0
11,2009,11,European Grand Prix,21,Fisichella,12,0
11,2009,11,European Grand Prix,15,Trulli,13,0
11,2009,11,European Grand Prix,10,Glock,14,0
11,2009,11,European Grand Prix,154,Grosjean,15,0
11,2009,11,European Grand Prix,153,Alguersuari,16,0
11,2009,11,European Grand Prix,69,Badoer,17,0
11,2009,11,European Grand Prix,6,Nakajima,18,0
12,2009,12,Belgian Grand Prix,8,Räikkönen,1,10
12,2009,12,Belgian Grand Prix,21,Fisichella,2,8
12,2009,12,Belgian Grand Prix,20,Vettel,3,6
12,2009,12,Belgian Grand Prix,9,Kubica,4,5
12,2009,12,Belgian Grand Prix,2,Heidfeld,5,4
12,2009,12,Belgian Grand Prix,5,Kovalainen,6,3
12,2009,12,Belgian Grand Prix,22,Barrichello,7,2
12,2009,12,Belgian Grand Prix,3,Rosberg,8,1
12,2009,12,Belgian Grand Prix,17,Webber,9,0
12,2009,12,Belgian Grand Prix,10,Glock,10,0
12,2009,12,Belgian Grand Prix,16,Sutil,11,0
12,2009,12,Belgian Grand Prix,67,Buemi,12,0
12,2009,12,Belgian Grand Prix,6,Nakajima,13,0
12,2009,12,Belgian Grand Prix,69,Badoer,14,0
13,2009,13,Italian Grand Prix,22,Barrichello,1,10
13,2009,13,Italian Grand Prix,18,Button,2,8
13,2009,13,Italian Grand Prix,8,Räikkönen,3,6
13,2009,13,Italian Grand Prix,16,Sutil,4,5
13,2009,13,Italian Grand Prix,4,Alonso,5,4
13,2009,13,Italian Grand Prix,5,Kovalainen,6,3
13,2009,13,Italian Grand Prix,2,Heidfeld,7,2
13,2009,13,Italian Grand Prix,20,Vettel,8,1
13,2009,13,Italian Grand Prix,21,Fisichella,9,0
13,2009,13,Italian Grand Prix,6,Nakajima,10,0
13,2009,13,Italian Grand Prix,10,Glock,11,0
13,2009,13,Italian Grand Prix,1,Hamilton,12,0
13,2009,13,Italian Grand Prix,67,Buemi,13,0
13,2009,13,Italian Grand Prix,15,Trulli,14,0
13,2009,13,Italian Grand Prix,154,Grosjean,15,0
13,2009,13,Italian Grand Prix,3,Rosberg,16,0
14,2009,14,Singapore Grand Prix,1,Hamilton,1,10
14,2009,14,Singapore Grand Prix,10,Glock,2,8
14,2009,14,Singapore Grand Prix,4,Alonso,3,6
14,2009,14,Singapore Grand Prix,20,Vettel,4,5
14,2009,14,Singapore Grand Prix,18,Button,5,4
14,2009,14,Singapore Grand Prix,22,Barrichello,6,3
14,2009,14,Singapore Grand Prix,5,Kovalainen,7,2
14,2009,14,Singapore Grand Prix,9,Kubica,8,1
14,2009,14,Singapore Grand Prix,6,Nakajima,9,0
14,2009,14,Singapore Grand Prix,8,Räikkönen,10,0
14,2009,14,Singapore Grand Prix,3,Rosberg,11,0
14,2009,14,Singapore Grand Prix,15,Trulli,12,0
14,2009,14,Singapore Grand Prix,21,Fisichella,13,0
14,2009,14,Singapore Grand Prix,24,Liuzzi,14,0
15,2009,15,Japanese Grand Prix,20,Vettel,1,10
15,2009,15,Japanese Grand Prix,15,Trulli,2,8
15,2009,15,Japanese Grand Prix,1,Hamilton,3,6
15,2009,15,Japanese Grand Prix,8,Räikkönen,4,5
15,2009,15,Japanese Grand Prix,3,Rosberg,5,4
15,2009,15,Japanese Grand Prix,2,Heidfeld,6,3
15,2009,15,Japanese Grand Prix,22,Barrichello,7,2
15,2009,15,Japanese Grand Prix,18,Button,8,1
15,2009,15,Japanese Grand Prix,9,Kubica,9,0
15,2009,15,Japanese Grand Prix,4,Alonso,10,0
15,2009,15,Japanese Grand Prix,5,Kovalainen,11,0
15,2009,15,Japanese Grand Prix,21,Fisichella,12,0
15,2009,15,Japanese Grand Prix,16,Sutil,13,0
15,2009,15,Japanese Grand Prix,24,Liuzzi,14,0
15,2009,15,Japanese Grand Prix,6,Nakajima,15,0
15,2009,15,Japanese Grand Prix,154,Grosjean,16,0
15,2009,15,Japanese Grand Prix,17,Webber,17,0
16,2009,16,Brazilian Grand Prix,17,Webber,1,10
16,2009,16,Brazilian Grand Prix,9,Kubica,2,8
16,2009,16,Brazilian Grand Prix,1,Hamilton,3,6
16,2009,16,Brazilian Grand Prix,20,Vettel,4,5
16,2009,16,Brazilian Grand Prix,18,Button,5,4
16,2009,16,Brazilian Grand Prix,8,Räikkönen,6,3
16,2009,16,Brazilian Grand Prix,67,Buemi,7,2
16,2009,16,Brazilian Grand Prix,22,Barrichello,8,1
16,2009,16,Brazilian Grand Prix,5,Kovalainen,9,0
16,2009,16,Brazilian Grand Prix,155,Kobayashi,10,0
16,2009,16,Brazilian Grand Prix,21,Fisichella,11,0
16,2009,16,Brazilian Grand Prix,24,Liuzzi,12,0
16,2009,16,Brazilian Grand Prix,154,Grosjean,13,0
16,2009,16,Brazilian Grand Prix,153,Alguersuari,14,0
356,1989,1,Brazilian Grand Prix,95,Mansell,1,9
356,1989,1,Brazilian Grand Prix,117,Prost,2,6
356,1989,1,Brazilian Grand Prix,127,Gugelmin,3,4
356,1989,1,Brazilian Grand Prix,65,Herbert,4,3
356,1989,1,Brazilian Grand Prix,118,Warwick,5,2
356,1989,1,Brazilian Grand Prix,145,Nannini,6,1
356,1989,1,Brazilian Grand Prix,156,Palmer,7,0
356,1989,1,Brazilian Grand Prix,138,Nakajima,8,0
356,1989,1,Brazilian Grand Prix,129,Grouillard,9,0
356,1989,1,Brazilian Grand Prix,105,Alboreto,10,0
356,1989,1,Brazilian Grand Prix,102,Senna,11,0
356,1989,1,Brazilian Grand Prix,112,Alliot,12,0
356,1989,1,Brazilian Grand Prix,110,de Cesaris,13,0
356,1989,1,Brazilian Grand Prix,157,Danner,14,0
356,1989,1,Brazilian Grand Prix,119,Patrese,15,0
357,1989,2,San Marino Grand Prix,102,Senna,1,9
357,1989,2,San Marino Grand Prix,117,Prost,2,6
357,1989,2,San Marino Grand Prix,145,Nannini,3,4
357,1989,2,San Marino Grand Prix,123,Boutsen,4,3
357,1989,2,San Marino Grand Prix,118,Warwick,5,2
357,1989,2,San Marino Grand Prix,156,Palmer,6,1
357,1989,2,San Marino Grand Prix,133,Caffi,7,0
357,1989,2,San Marino Grand Prix,99,Tarquini,8,0
357,1989,2,San Marino Grand Prix,158,Cheever,9,0
357,1989,2,San Marino Grand Prix,110,de Cesaris,10,0
357,1989,2,San Marino Grand Prix,65,Herbert,11,0
357,1989,2,San Marino Grand Prix,78,Larini,12,0
358,1989,3,Monaco Grand Prix,102,Senna,1,9
358,1989,3,Monaco Grand Prix,117,Prost,2,6
358,1989,3,Monaco Grand Prix,131,Modena,3,4
358,1989,3,Monaco Grand Prix,133,Caffi,4,3
358,1989,3,Monaco Grand Prix,105,Alboreto,5,2
358,1989,3,Monaco Grand Prix,84,Brundle,6,1
358,1989,3,Monaco Grand Prix,158,Cheever,7,0
358,1989,3,Monaco Grand Prix,145,Nannini,8,0
358,1989,3,Monaco Grand Prix,156,Palmer,9,0
358,1989,3,Monaco Grand Prix,123,Boutsen,10,0
358,1989,3,Monaco Grand Prix,122,Capelli,11,0
358,1989,3,Monaco Grand Prix,163,Arnoux,12,0
358,1989,3,Monaco Grand Prix,110,de Cesaris,13,0
358,1989,3,Monaco Grand Prix,65,Herbert,14,0
358,1989,3,Monaco Grand Prix,119,Patrese,15,0
359,1989,4,Mexican Grand Prix,102,Senna,1,9
359,1989,4,Mexican Grand Prix,119,Patrese,2,6
359,1989,4,Mexican Grand Prix,105,Alboreto,3,4
359,1989,4,Mexican Grand Prix,145,Nannini,4,3
359,1989,4,Mexican Grand Prix,117,Prost,5,2
359,1989,4,Mexican Grand Prix,99,Tarquini,6,1
359,1989,4,Mexican Grand Prix,158,Cheever,7,0
359,1989,4,Mexican Grand Prix,129,Grouillard,8,0
359,1989,4,Mexican Grand Prix,84,Brundle,9,0
359,1989,4,Mexican Grand Prix,131,Modena,10,0
359,1989,4,Mexican Grand Prix,137,Piquet,11,0
359,1989,4,Mexican Grand Prix,157,Danner,12,0
359,1989,4,Mexican Grand Prix,133,Caffi,13,0
359,1989,4,Mexican Grand Prix,163,Arnoux,14,0
359,1989,4,Mexican Grand Prix,65,Herbert,15,0
360,1989,5,United States Grand Prix,117,Prost,1,9
360,1989,5,United States Grand Prix,119,Patrese,2,6
360,1989,5,United States Grand Prix,158,Cheever,3,4
360,1989,5,United States Grand Prix,157,Danner,4,3
360,1989,5,United States Grand Prix,65,Herbert,5,2
360,1989,5,United States Grand Prix,123,Boutsen,6,1
360,1989,5,United States Grand Prix,99,Tarquini,7,0
360,1989,5,United States Grand Prix,110,de Cesaris,8,0
360,1989,5,United States Grand Prix,156,Palmer,9,0
361,1989,6,Canadian Grand Prix,123,Boutsen,1,9
361,1989,6,Canadian Grand Prix,119,Patrese,2,6
361,1989,6,Canadian Grand Prix,110,de Cesaris,3,4
361,1989,6,Canadian Grand Prix,137,Piquet,4,3
361,1989,6,Canadian Grand Prix,163,Arnoux,5,2
361,1989,6,Canadian Grand Prix,133,Caffi,6,1
361,1989,6,Canadian Grand Prix,102,Senna,7,0
361,1989,6,Canadian Grand Prix,157,Danner,8,0
362,1989,7,French Grand Prix,117,Prost,1,9
362,1989,7,French Grand Prix,95,Mansell,2,6
362,1989,7,French Grand Prix,119,Patrese,3,4
362,1989,7,French Grand Prix,55,Alesi,4,3
362,1989,7,French Grand Prix,140,Johansson,5,2
362,1989,7,French Grand Prix,129,Grouillard,6,1
362,1989,7,French Grand Prix,158,Cheever,7,0
362,1989,7,French Grand Prix,137,Piquet,8,0
362,1989,7,French Grand Prix,139,Pirro,9,0
362,1989,7,French Grand Prix,156,Palmer,10,0
362,1989,7,French Grand Prix,103,Bernard,11,0
362,1989,7,French Grand Prix,151,Donnelly,12,0
362,1989,7,French Grand Prix,92,Gachot,13,0
363,1989,8,British Grand Prix,117,Prost,1,9
363,1989,8,British Grand Prix,95,Mansell,2,6
363,1989,8,British Grand Prix,145,Nannini,3,4
363,1989,8,British Grand Prix,137,Piquet,4,3
363,1989,8,British Grand Prix,94,Martini,5,2
363,1989,8,British Grand Prix,159,Pérez-Sala,6,1
363,1989,8,British Grand Prix,129,Grouillard,7,0
363,1989,8,British Grand Prix,138,Nakajima,8,0
363,1989,8,British Grand Prix,118,Warwick,9,0
363,1989,8,British Grand Prix,123,Boutsen,10,0
363,1989,8,British Grand Prix,139,Pirro,11,0
363,1989,8,British Grand Prix,92,Gachot,12,0
364,1989,9,German Grand Prix,102,Senna,1,9
364,1989,9,German Grand Prix,117,Prost,2,6
364,1989,9,German Grand Prix,95,Mansell,3,4
364,1989,9,German Grand Prix,119,Patrese,4,3
364,1989,9,German Grand Prix,137,Piquet,5,2
364,1989,9,German Grand Prix,118,Warwick,6,1
364,1989,9,German Grand Prix,110,de Cesaris,7,0
364,1989,9,German Grand Prix,84,Brundle,8,0
364,1989,9,German Grand Prix,94,Martini,9,0
364,1989,9,German Grand Prix,55,Alesi,10,0
364,1989,9,German Grand Prix,163,Arnoux,11,0
364,1989,9,German Grand Prix,158,Cheever,12,0
365,1989,10,Hungarian Grand Prix,95,Mansell,1,9
365,1989,10,Hungarian Grand Prix,102,Senna,2,6
365,1989,10,Hungarian Grand Prix,123,Boutsen,3,4
365,1989,10,Hungarian Grand Prix,117,Prost,4,3
365,1989,10,Hungarian Grand Prix,158,Cheever,5,2
365,1989,10,Hungarian Grand Prix,137,Piquet,6,1
365,1989,10,Hungarian Grand Prix,133,Caffi,7,0
365,1989,10,Hungarian Grand Prix,139,Pirro,8,0
365,1989,10,Hungarian Grand Prix,55,Alesi,9,0
365,1989,10,Hungarian Grand Prix,118,Warwick,10,0
365,1989,10,Hungarian Grand Prix,131,Modena,11,0
365,1989,10,Hungarian Grand Prix,84,Brundle,12,0
365,1989,10,Hungarian Grand Prix,156,Palmer,13,0
366,1989,11,Belgian Grand Prix,102,Senna,1,9
366,1989,11,Belgian Grand Prix,117,Prost,2,6
366,1989,11,Belgian Grand Prix,95,Mansell,3,4
366,1989,11,Belgian Grand Prix,123,Boutsen,4,3
366,1989,11,Belgian Grand Prix,145,Nannini,5,2
366,1989,11,Belgian Grand Prix,118,Warwick,6,1
366,1989,11,Belgian Grand Prix,127,Gugelmin,7,0
366,1989,11,Belgian Grand Prix,140,Johansson,8,0
366,1989,11,Belgian Grand Prix,94,Martini,9,0
366,1989,11,Belgian Grand Prix,139,Pirro,10,0
366,1989,11,Belgian Grand Prix,110,de Cesaris,11,0
366,1989,11,Belgian Grand Prix,122,Capelli,12,0
366,1989,11,Belgian Grand Prix,129,Grouillard,13,0
366,1989,11,Belgian Grand Prix,156,Palmer,14,0
366,1989,11,Belgian Grand Prix,159,Pérez-Sala,15,0
366,1989,11,Belgian Grand Prix,112,Alliot,16,0
367,1989,12,Italian Grand Prix,117,Prost,1,9
367,1989,12,Italian Grand Prix,77,Berger,2,6
367,1989,12,Italian Grand Prix,123,Boutsen,3,4
367,1989,12,Italian Grand Prix,119,Patrese,4,3
367,1989,12,Italian Grand Prix,55,Alesi,5,2
367,1989,12,Italian Grand Prix,84,Brundle,6,1
367,1989,12,Italian Grand Prix,94,Martini,7,0
367,1989,12,Italian Grand Prix,159,Pérez-Sala,8,0
367,1989,12,Italian Grand Prix,163,Arnoux,9,0
367,1989,12,Italian Grand Prix,138,Nakajima,10,0
367,1989,12,Italian Grand Prix,133,Caffi,11,0
368,1989,13,Portuguese Grand Prix,77,Berger,1,9
368,1989,13,Portuguese Grand Prix,117,Prost,2,6
368,1989,13,Portuguese Grand Prix,140,Johansson,3,4
368,1989,13,Portuguese Grand Prix,145,Nannini,4,3
368,1989,13,Portuguese Grand Prix,94,Martini,5,2
368,1989,13,Portuguese Grand Prix,156,Palmer,6,1
368,1989,13,Portuguese Grand Prix,138,Nakajima,7,0
368,1989,13,Portuguese Grand Prix,84,Brundle,8,0
368,1989,13,Portuguese Grand Prix,112,Alliot,9,0
368,1989,13,Portuguese Grand Prix,127,Gugelmin,10,0
368,1989,13,Portuguese Grand Prix,105,Alboreto,11,0
368,1989,13,Portuguese Grand Prix,159,Pérez-Sala,12,0
368,1989,13,Portuguese Grand Prix,163,Arnoux,13,0
368,1989,13,Portuguese Grand Prix,131,Modena,14,0
369,1989,14,Spanish Grand Prix,102,Senna,1,9
369,1989,14,Spanish Grand Prix,77,Berger,2,6
369,1989,14,Spanish Grand Prix,117,Prost,3,4
369,1989,14,Spanish Grand Prix,55,Alesi,4,3
369,1989,14,Spanish Grand Prix,119,Patrese,5,2
369,1989,14,Spanish Grand Prix,112,Alliot,6,1
369,1989,14,Spanish Grand Prix,110,de Cesaris,7,0
369,1989,14,Spanish Grand Prix,137,Piquet,8,0
369,1989,14,Spanish Grand Prix,118,Warwick,9,0
369,1989,14,Spanish Grand Prix,156,Palmer,10,0
370,1989,15,Japanese Grand Prix,145,Nannini,1,9
370,1989,15,Japanese Grand Prix,119,Patrese,2,6
370,1989,15,Japanese Grand Prix,123,Boutsen,3,4
370,1989,15,Japanese Grand Prix,137,Piquet,4,3
370,1989,15,Japanese Grand Prix,84,Brundle,5,2
370,1989,15,Japanese Grand Prix,118,Warwick,6,1
370,1989,15,Japanese Grand Prix,127,Gugelmin,7,0
370,1989,15,Japanese Grand Prix,158,Cheever,8,0
370,1989,15,Japanese Grand Prix,133,Caffi,9,0
370,1989,15,Japanese Grand Prix,110,de Cesaris,10,0
371,1989,16,Australian Grand Prix,123,Boutsen,1,9
371,1989,16,Australian Grand Prix,145,Nannini,2,6
371,1989,16,Australian Grand Prix,119,Patrese,3,4
371,1989,16,Australian Grand Prix,138,Nakajima,4,3
371,1989,16,Australian Grand Prix,139,Pirro,5,2
371,1989,16,Australian Grand Prix,94,Martini,6,1
371,1989,16,Australian Grand Prix,127,Gugelmin,7,0
371,1989,16,Australian Grand Prix,131,Modena,8,0
372,1988,1,Brazilian Grand Prix,117,Prost,1,9
372,1988,1,Brazilian Grand Prix,77,Berger,2,6
372,1988,1,Brazilian Grand Prix,137,Piquet,3,4
372,1988,1,Brazilian Grand Prix,118,Warwick,4,3
372,1988,1,Brazilian Grand Prix,105,Alboreto,5,2
372,1988,1,Brazilian Grand Prix,138,Nakajima,6,1
372,1988,1,Brazilian Grand Prix,123,Boutsen,7,0
372,1988,1,Brazilian Grand Prix,158,Cheever,8,0
372,1988,1,Brazilian Grand Prix,140,Johansson,9,0
373,1988,2,San Marino Grand Prix,102,Senna,1,9
373,1988,2,San Marino Grand Prix,117,Prost,2,6
373,1988,2,San Marino Grand Prix,137,Piquet,3,4
373,1988,2,San Marino Grand Prix,123,Boutsen,4,3
373,1988,2,San Marino Grand Prix,77,Berger,5,2
373,1988,2,San Marino Grand Prix,145,Nannini,6,1
373,1988,2,San Marino Grand Prix,158,Cheever,7,0
373,1988,2,San Marino Grand Prix,138,Nakajima,8,0
373,1988,2,San Marino Grand Prix,118,Warwick,9,0
373,1988,2,San Marino Grand Prix,166,Streiff,10,0
373,1988,2,San Marino Grand Prix,159,Pérez-Sala,11,0
373,1988,2,San Marino Grand Prix,114,Dalmas,12,0
373,1988,2,San Marino Grand Prix,119,Patrese,13,0
373,1988,2,San Marino Grand Prix,156,Palmer,14,0
373,1988,2,San Marino Grand Prix,127,Gugelmin,15,0
373,1988,2,San Marino Grand Prix,167,Campos,16,0
373,1988,2,San Marino Grand Prix,112,Alliot,17,0
373,1988,2,San Marino Grand Prix,105,Alboreto,18,0
374,1988,3,Monaco Grand Prix,117,Prost,1,9
374,1988,3,Monaco Grand Prix,77,Berger,2,6
374,1988,3,Monaco Grand Prix,105,Alboreto,3,4
374,1988,3,Monaco Grand Prix,118,Warwick,4,3
374,1988,3,Monaco Grand Prix,156,Palmer,5,2
374,1988,3,Monaco Grand Prix,119,Patrese,6,1
374,1988,3,Monaco Grand Prix,114,Dalmas,7,0
374,1988,3,Monaco Grand Prix,123,Boutsen,8,0
374,1988,3,Monaco Grand Prix,78,Larini,9,0
374,1988,3,Monaco Grand Prix,122,Capelli,10,0
375,1988,4,Mexican Grand Prix,117,Prost,1,9
375,1988,4,Mexican Grand Prix,102,Senna,2,6
375,1988,4,Mexican Grand Prix,77,Berger,3,4
375,1988,4,Mexican Grand Prix,105,Alboreto,4,3
375,1988,4,Mexican Grand Prix,118,Warwick,5,2
375,1988,4,Mexican Grand Prix,158,Cheever,6,1
375,1988,4,Mexican Grand Prix,145,Nannini,7,0
375,1988,4,Mexican Grand Prix,123,Boutsen,8,0
375,1988,4,Mexican Grand Prix,114,Dalmas,9,0
375,1988,4,Mexican Grand Prix,140,Johansson,10,0
375,1988,4,Mexican Grand Prix,159,Pérez-Sala,11,0
375,1988,4,Mexican Grand Prix,166,Streiff,12,0
375,1988,4,Mexican Grand Prix,165,Larrauri,13,0
375,1988,4,Mexican Grand Prix,99,Tarquini,14,0
375,1988,4,Mexican Grand Prix,160,Ghinzani,15,0
375,1988,4,Mexican Grand Prix,122,Capelli,16,0
376,1988,5,Canadian Grand Prix,102,Senna,1,9
376,1988,5,Canadian Grand Prix,117,Prost,2,6
376,1988,5,Canadian Grand Prix,123,Boutsen,3,4
376,1988,5,Canadian Grand Prix,137,Piquet,4,3
376,1988,5,Canadian Grand Prix,122,Capelli,5,2
376,1988,5,Canadian Grand Prix,156,Palmer,6,1
376,1988,5,Canadian Grand Prix,118,Warwick,7,0
376,1988,5,Canadian Grand Prix,99,Tarquini,8,0
376,1988,5,Canadian Grand Prix,110,de Cesaris,9,0
376,1988,5,Canadian Grand Prix,112,Alliot,10,0
376,1988,5,Canadian Grand Prix,138,Nakajima,11,0
376,1988,5,Canadian Grand Prix,131,Modena,12,0
376,1988,5,Canadian Grand Prix,159,Pérez-Sala,13,0
376,1988,5,Canadian Grand Prix,160,Ghinzani,14,0
377,1988,6,Detroit Grand Prix,102,Senna,1,9
377,1988,6,Detroit Grand Prix,117,Prost,2,6
377,1988,6,Detroit Grand Prix,123,Boutsen,3,4
377,1988,6,Detroit Grand Prix,110,de Cesaris,4,3
377,1988,6,Detroit Grand Prix,156,Palmer,5,2
377,1988,6,Detroit Grand Prix,94,Martini,6,1
377,1988,6,Detroit Grand Prix,114,Dalmas,7,0
377,1988,6,Detroit Grand Prix,133,Caffi,8,0
377,1988,6,Detroit Grand Prix,141,Bailey,9,0
378,1988,7,French Grand Prix,117,Prost,1,9
378,1988,7,French Grand Prix,102,Senna,2,6
378,1988,7,French Grand Prix,105,Alboreto,3,4
378,1988,7,French Grand Prix,77,Berger,4,3
378,1988,7,French Grand Prix,137,Piquet,5,2
378,1988,7,French Grand Prix,145,Nannini,6,1
378,1988,7,French Grand Prix,138,Nakajima,7,0
378,1988,7,French Grand Prix,127,Gugelmin,8,0
378,1988,7,French Grand Prix,122,Capelli,9,0
378,1988,7,French Grand Prix,110,de Cesaris,10,0
378,1988,7,French Grand Prix,158,Cheever,11,0
378,1988,7,French Grand Prix,133,Caffi,12,0
378,1988,7,French Grand Prix,114,Dalmas,13,0
378,1988,7,French Grand Prix,131,Modena,14,0
378,1988,7,French Grand Prix,94,Martini,15,0
379,1988,8,British Grand Prix,102,Senna,1,9
379,1988,8,British Grand Prix,95,Mansell,2,6
379,1988,8,British Grand Prix,145,Nannini,3,4
379,1988,8,British Grand Prix,127,Gugelmin,4,3
379,1988,8,British Grand Prix,137,Piquet,5,2
379,1988,8,British Grand Prix,118,Warwick,6,1
379,1988,8,British Grand Prix,158,Cheever,7,0
379,1988,8,British Grand Prix,119,Patrese,8,0
379,1988,8,British Grand Prix,77,Berger,9,0
379,1988,8,British Grand Prix,138,Nakajima,10,0
379,1988,8,British Grand Prix,133,Caffi,11,0
379,1988,8,British Grand Prix,131,Modena,12,0
379,1988,8,British Grand Prix,114,Dalmas,13,0
379,1988,8,British Grand Prix,112,Alliot,14,0
379,1988,8,British Grand Prix,94,Martini,15,0
379,1988,8,British Grand Prix,141,Bailey,16,0
379,1988,8,British Grand Prix,105,Alboreto,17,0
379,1988,8,British Grand Prix,163,Arnoux,18,0
379,1988,8,British Grand Prix,78,Larini,19,0
380,1988,9,German Grand Prix,102,Senna,1,9
380,1988,9,German Grand Prix,117,Prost,2,6
380,1988,9,German Grand Prix,77,Berger,3,4
380,1988,9,German Grand Prix,105,Alboreto,4,3
380,1988,9,German Grand Prix,122,Capelli,5,2
380,1988,9,German Grand Prix,123,Boutsen,6,1
380,1988,9,German Grand Prix,118,Warwick,7,0
380,1988,9,German Grand Prix,127,Gugelmin,8,0
380,1988,9,German Grand Prix,138,Nakajima,9,0
380,1988,9,German Grand Prix,158,Cheever,10,0
380,1988,9,German Grand Prix,156,Palmer,11,0
380,1988,9,German Grand Prix,146,Schneider,12,0
380,1988,9,German Grand Prix,110,de Cesaris,13,0
380,1988,9,German Grand Prix,160,Ghinzani,14,0
380,1988,9,German Grand Prix,133,Caffi,15,0
380,1988,9,German Grand Prix,165,Larrauri,16,0
380,1988,9,German Grand Prix,163,Arnoux,17,0
380,1988,9,German Grand Prix,145,Nannini,18,0
380,1988,9,German Grand Prix,114,Dalmas,19,0
381,1988,10,Hungarian Grand Prix,102,Senna,1,9
381,1988,10,Hungarian Grand Prix,117,Prost,2,6
381,1988,10,Hungarian Grand Prix,123,Boutsen,3,4
381,1988,10,Hungarian Grand Prix,77,Berger,4,3
381,1988,10,Hungarian Grand Prix,127,Gugelmin,5,2
381,1988,10,Hungarian Grand Prix,119,Patrese,6,1
381,1988,10,Hungarian Grand Prix,138,Nakajima,7,0
381,1988,10,Hungarian Grand Prix,137,Piquet,8,0
381,1988,10,Hungarian Grand Prix,114,Dalmas,9,0
381,1988,10,Hungarian Grand Prix,159,Pérez-Sala,10,0
381,1988,10,Hungarian Grand Prix,131,Modena,11,0
381,1988,10,Hungarian Grand Prix,112,Alliot,12,0
381,1988,10,Hungarian Grand Prix,99,Tarquini,13,0
382,1988,11,Belgian Grand Prix,102,Senna,1,9
382,1988,11,Belgian Grand Prix,117,Prost,2,6
382,1988,11,Belgian Grand Prix,122,Capelli,3,4
382,1988,11,Belgian Grand Prix,137,Piquet,4,3
382,1988,11,Belgian Grand Prix,118,Warwick,5,2
382,1988,11,Belgian Grand Prix,158,Cheever,6,1
382,1988,11,Belgian Grand Prix,84,Brundle,7,0
382,1988,11,Belgian Grand Prix,133,Caffi,8,0
382,1988,11,Belgian Grand Prix,112,Alliot,9,0
382,1988,11,Belgian Grand Prix,166,Streiff,10,0
382,1988,11,Belgian Grand Prix,140,Johansson,11,0
382,1988,11,Belgian Grand Prix,156,Palmer,12,0
382,1988,11,Belgian Grand Prix,146,Schneider,13,0
383,1988,12,Italian Grand Prix,77,Berger,1,9
383,1988,12,Italian Grand Prix,105,Alboreto,2,6
383,1988,12,Italian Grand Prix,158,Cheever,3,4
383,1988,12,Italian Grand Prix,118,Warwick,4,3
383,1988,12,Italian Grand Prix,122,Capelli,5,2
383,1988,12,Italian Grand Prix,123,Boutsen,6,1
383,1988,12,Italian Grand Prix,119,Patrese,7,0
383,1988,12,Italian Grand Prix,127,Gugelmin,8,0
383,1988,12,Italian Grand Prix,145,Nannini,9,0
383,1988,12,Italian Grand Prix,102,Senna,10,0
383,1988,12,Italian Grand Prix,168,Schlesser,11,0
383,1988,12,Italian Grand Prix,141,Bailey,12,0
383,1988,12,Italian Grand Prix,163,Arnoux,13,0
384,1988,13,Portuguese Grand Prix,117,Prost,1,9
384,1988,13,Portuguese Grand Prix,122,Capelli,2,6
384,1988,13,Portuguese Grand Prix,123,Boutsen,3,4
384,1988,13,Portuguese Grand Prix,118,Warwick,4,3
384,1988,13,Portuguese Grand Prix,105,Alboreto,5,2
384,1988,13,Portuguese Grand Prix,102,Senna,6,1
384,1988,13,Portuguese Grand Prix,133,Caffi,7,0
384,1988,13,Portuguese Grand Prix,159,Pérez-Sala,8,0
384,1988,13,Portuguese Grand Prix,166,Streiff,9,0
384,1988,13,Portuguese Grand Prix,163,Arnoux,10,0
384,1988,13,Portuguese Grand Prix,99,Tarquini,11,0
384,1988,13,Portuguese Grand Prix,78,Larini,12,0
385,1988,14,Spanish Grand Prix,117,Prost,1,9
385,1988,14,Spanish Grand Prix,95,Mansell,2,6
385,1988,14,Spanish Grand Prix,145,Nannini,3,4
385,1988,14,Spanish Grand Prix,102,Senna,4,3
385,1988,14,Spanish Grand Prix,119,Patrese,5,2
385,1988,14,Spanish Grand Prix,77,Berger,6,1
385,1988,14,Spanish Grand Prix,127,Gugelmin,7,0
385,1988,14,Spanish Grand Prix,137,Piquet,8,0
385,1988,14,Spanish Grand Prix,123,Boutsen,9,0
385,1988,14,Spanish Grand Prix,133,Caffi,10,0
385,1988,14,Spanish Grand Prix,114,Dalmas,11,0
385,1988,14,Spanish Grand Prix,159,Pérez-Sala,12,0
385,1988,14,Spanish Grand Prix,131,Modena,13,0
385,1988,14,Spanish Grand Prix,112,Alliot,14,0
386,1988,15,Japanese Grand Prix,102,Senna,1,9
386,1988,15,Japanese Grand Prix,117,Prost,2,6
386,1988,15,Japanese Grand Prix,123,Boutsen,3,4
386,1988,15,Japanese Grand Prix,77,Berger,4,3
386,1988,15,Japanese Grand Prix,145,Nannini,5,2
386,1988,15,Japanese Grand Prix,119,Patrese,6,1
386,1988,15,Japanese Grand Prix,138,Nakajima,7,0
386,1988,15,Japanese Grand Prix,166,Streiff,8,0
386,1988,15,Japanese Grand Prix,112,Alliot,9,0
386,1988,15,Japanese Grand Prix,127,Gugelmin,10,0
386,1988,15,Japanese Grand Prix,105,Alboreto,11,0
386,1988,15,Japanese Grand Prix,156,Palmer,12,0
386,1988,15,Japanese Grand Prix,94,Martini,13,0
386,1988,15,Japanese Grand Prix,141,Bailey,14,0
386,1988,15,Japanese Grand Prix,159,Pérez-Sala,15,0
386,1988,15,Japanese Grand Prix,88,Suzuki,16,0
386,1988,15,Japanese Grand Prix,163,Arnoux,17,0
387,1988,16,Australian Grand Prix,117,Prost,1,9
387,1988,16,Australian Grand Prix,102,Senna,2,6
387,1988,16,Australian Grand Prix,137,Piquet,3,4
387,1988,16,Australian Grand Prix,119,Patrese,4,3
387,1988,16,Australian Grand Prix,123,Boutsen,5,2
387,1988,16,Australian Grand Prix,122,Capelli,6,1
387,1988,16,Australian Grand Prix,94,Martini,7,0
387,1988,16,Australian Grand Prix,110,de Cesaris,8,0
387,1988,16,Australian Grand Prix,140,Johansson,9,0
387,1988,16,Australian Grand Prix,112,Alliot,10,0
387,1988,16,Australian Grand Prix,166,Streiff,11,0
388,1987,1,Brazilian Grand Prix,117,Prost,1,9
388,1987,1,Brazilian Grand Prix,137,Piquet,2,6
388,1987,1,Brazilian Grand Prix,140,Johansson,3,4
388,1987,1,Brazilian Grand Prix,77,Berger,4,3
388,1987,1,Brazilian Grand Prix,123,Boutsen,5,2
388,1987,1,Brazilian Grand Prix,95,Mansell,6,1
388,1987,1,Brazilian Grand Prix,138,Nakajima,7,0
388,1987,1,Brazilian Grand Prix,105,Alboreto,8,0
388,1987,1,Brazilian Grand Prix,157,Danner,9,0
388,1987,1,Brazilian Grand Prix,156,Palmer,10,0
388,1987,1,Brazilian Grand Prix,166,Streiff,11,0
388,1987,1,Brazilian Grand Prix,169,Fabre,12,0
389,1987,2,San Marino Grand Prix,95,Mansell,1,9
389,1987,2,San Marino Grand Prix,102,Senna,2,6
389,1987,2,San Marino Grand Prix,105,Alboreto,3,4
389,1987,2,San Marino Grand Prix,140,Johansson,4,3
389,1987,2,San Marino Grand Prix,84,Brundle,5,2
389,1987,2,San Marino Grand Prix,138,Nakajima,6,1
389,1987,2,San Marino Grand Prix,157,Danner,7,0
389,1987,2,San Marino Grand Prix,166,Streiff,8,0
389,1987,2,San Marino Grand Prix,119,Patrese,9,0
389,1987,2,San Marino Grand Prix,112,Alliot,10,0
389,1987,2,San Marino Grand Prix,118,Warwick,11,0
389,1987,2,San Marino Grand Prix,133,Caffi,12,0
389,1987,2,San Marino Grand Prix,169,Fabre,13,0
390,1987,3,Belgian Grand Prix,117,Prost,1,9
390,1987,3,Belgian Grand Prix,140,Johansson,2,6
390,1987,3,Belgian Grand Prix,110,de Cesaris,3,4
390,1987,3,Belgian Grand Prix,158,Cheever,4,3
390,1987,3,Belgian Grand Prix,138,Nakajima,5,2
390,1987,3,Belgian Grand Prix,163,Arnoux,6,1
390,1987,3,Belgian Grand Prix,160,Ghinzani,7,0
390,1987,3,Belgian Grand Prix,112,Alliot,8,0
390,1987,3,Belgian Grand Prix,166,Streiff,9,0
390,1987,3,Belgian Grand Prix,169,Fabre,10,0
391,1987,4,Monaco Grand Prix,102,Senna,1,9
391,1987,4,Monaco Grand Prix,137,Piquet,2,6
391,1987,4,Monaco Grand Prix,105,Alboreto,3,4
391,1987,4,Monaco Grand Prix,77,Berger,4,3
391,1987,4,Monaco Grand Prix,156,Palmer,5,2
391,1987,4,Monaco Grand Prix,122,Capelli,6,1
391,1987,4,Monaco Grand Prix,84,Brundle,7,0
391,1987,4,Monaco Grand Prix,170,Fabi,8,0
391,1987,4,Monaco Grand Prix,117,Prost,9,0
391,1987,4,Monaco Grand Prix,138,Nakajima,10,0
391,1987,4,Monaco Grand Prix,163,Arnoux,11,0
391,1987,4,Monaco Grand Prix,160,Ghinzani,12,0
391,1987,4,Monaco Grand Prix,169,Fabre,13,0
392,1987,5,Detroit Grand Prix,102,Senna,1,9
392,1987,5,Detroit Grand Prix,137,Piquet,2,6
392,1987,5,Detroit Grand Prix,117,Prost,3,4
392,1987,5,Detroit Grand Prix,77,Berger,4,3
392,1987,5,Detroit Grand Prix,95,Mansell,5,2
392,1987,5,Detroit Grand Prix,158,Cheever,6,1
392,1987,5,Detroit Grand Prix,140,Johansson,7,0
392,1987,5,Detroit Grand Prix,157,Danner,8,0
392,1987,5,Detroit Grand Prix,119,Patrese,9,0
392,1987,5,Detroit Grand Prix,163,Arnoux,10,0
392,1987,5,Detroit Grand Prix,156,Palmer,11,0
392,1987,5,Detroit Grand Prix,169,Fabre,12,0
393,1987,6,French Grand Prix,95,Mansell,1,9
393,1987,6,French Grand Prix,137,Piquet,2,6
393,1987,6,French Grand Prix,117,Prost,3,4
393,1987,6,French Grand Prix,102,Senna,4,3
393,1987,6,French Grand Prix,170,Fabi,5,2
393,1987,6,French Grand Prix,166,Streiff,6,1
393,1987,6,French Grand Prix,156,Palmer,7,0
393,1987,6,French Grand Prix,140,Johansson,8,0
393,1987,6,French Grand Prix,169,Fabre,9,0
394,1987,7,British Grand Prix,95,Mansell,1,9
394,1987,7,British Grand Prix,137,Piquet,2,6
394,1987,7,British Grand Prix,102,Senna,3,4
394,1987,7,British Grand Prix,138,Nakajima,4,3
394,1987,7,British Grand Prix,118,Warwick,5,2
394,1987,7,British Grand Prix,170,Fabi,6,1
394,1987,7,British Grand Prix,123,Boutsen,7,0
394,1987,7,British Grand Prix,156,Palmer,8,0
394,1987,7,British Grand Prix,169,Fabre,9,0
395,1987,8,German Grand Prix,137,Piquet,1,9
395,1987,8,German Grand Prix,140,Johansson,2,6
395,1987,8,German Grand Prix,102,Senna,3,4
395,1987,8,German Grand Prix,166,Streiff,4,3
395,1987,8,German Grand Prix,156,Palmer,5,2
395,1987,8,German Grand Prix,112,Alliot,6,1
395,1987,8,German Grand Prix,117,Prost,7,0
396,1987,9,Hungarian Grand Prix,137,Piquet,1,9
396,1987,9,Hungarian Grand Prix,102,Senna,2,6
396,1987,9,Hungarian Grand Prix,117,Prost,3,4
396,1987,9,Hungarian Grand Prix,123,Boutsen,4,3
396,1987,9,Hungarian Grand Prix,119,Patrese,5,2
396,1987,9,Hungarian Grand Prix,118,Warwick,6,1
396,1987,9,Hungarian Grand Prix,156,Palmer,7,0
396,1987,9,Hungarian Grand Prix,158,Cheever,8,0
396,1987,9,Hungarian Grand Prix,166,Streiff,9,0
396,1987,9,Hungarian Grand Prix,122,Capelli,10,0
396,1987,9,Hungarian Grand Prix,145,Nannini,11,0
396,1987,9,Hungarian Grand Prix,160,Ghinzani,12,0
396,1987,9,Hungarian Grand Prix,169,Fabre,13,0
396,1987,9,Hungarian Grand Prix,95,Mansell,14,0
397,1987,10,Austrian Grand Prix,95,Mansell,1,9
397,1987,10,Austrian Grand Prix,137,Piquet,2,6
397,1987,10,Austrian Grand Prix,170,Fabi,3,4
397,1987,10,Austrian Grand Prix,123,Boutsen,4,3
397,1987,10,Austrian Grand Prix,102,Senna,5,2
397,1987,10,Austrian Grand Prix,117,Prost,6,1
397,1987,10,Austrian Grand Prix,140,Johansson,7,0
397,1987,10,Austrian Grand Prix,160,Ghinzani,8,0
397,1987,10,Austrian Grand Prix,157,Danner,9,0
397,1987,10,Austrian Grand Prix,163,Arnoux,10,0
397,1987,10,Austrian Grand Prix,122,Capelli,11,0
397,1987,10,Austrian Grand Prix,112,Alliot,12,0
397,1987,10,Austrian Grand Prix,138,Nakajima,13,0
397,1987,10,Austrian Grand Prix,156,Palmer,14,0
398,1987,11,Italian Grand Prix,137,Piquet,1,9
398,1987,11,Italian Grand Prix,102,Senna,2,6
398,1987,11,Italian Grand Prix,95,Mansell,3,4
398,1987,11,Italian Grand Prix,77,Berger,4,3
398,1987,11,Italian Grand Prix,123,Boutsen,5,2
398,1987,11,Italian Grand Prix,140,Johansson,6,1
398,1987,11,Italian Grand Prix,170,Fabi,7,0
398,1987,11,Italian Grand Prix,160,Ghinzani,8,0
398,1987,11,Italian Grand Prix,157,Danner,9,0
398,1987,11,Italian Grand Prix,163,Arnoux,10,0
398,1987,11,Italian Grand Prix,138,Nakajima,11,0
398,1987,11,Italian Grand Prix,166,Streiff,12,0
398,1987,11,Italian Grand Prix,122,Capelli,13,0
398,1987,11,Italian Grand Prix,156,Palmer,14,0
398,1987,11,Italian Grand Prix,117,Prost,15,0
398,1987,11,Italian Grand Prix,145,Nannini,16,0
399,1987,12,Portuguese Grand Prix,117,Prost,1,9
399,1987,12,Portuguese Grand Prix,77,Berger,2,6
399,1987,12,Portuguese Grand Prix,137,Piquet,3,4
399,1987,12,Portuguese Grand Prix,170,Fabi,4,3
399,1987,12,Portuguese Grand Prix,140,Johansson,5,2
399,1987,12,Portuguese Grand Prix,158,Cheever,6,1
399,1987,12,Portuguese Grand Prix,102,Senna,7,0
399,1987,12,Portuguese Grand Prix,138,Nakajima,8,0
399,1987,12,Portuguese Grand Prix,122,Capelli,9,0
399,1987,12,Portuguese Grand Prix,156,Palmer,10,0
399,1987,12,Portuguese Grand Prix,145,Nannini,11,0
399,1987,12,Portuguese Grand Prix,166,Streiff,12,0
399,1987,12,Portuguese Grand Prix,118,Warwick,13,0
399,1987,12,Portuguese Grand Prix,123,Boutsen,14,0
400,1987,13,Spanish Grand Prix,95,Mansell,1,9
400,1987,13,Spanish Grand Prix,117,Prost,2,6
400,1987,13,Spanish Grand Prix,140,Johansson,3,4
400,1987,13,Spanish Grand Prix,137,Piquet,4,3
400,1987,13,Spanish Grand Prix,102,Senna,5,2
400,1987,13,Spanish Grand Prix,112,Alliot,6,1
400,1987,13,Spanish Grand Prix,166,Streiff,7,0
400,1987,13,Spanish Grand Prix,158,Cheever,8,0
400,1987,13,Spanish Grand Prix,138,Nakajima,9,0
400,1987,13,Spanish Grand Prix,118,Warwick,10,0
400,1987,13,Spanish Grand Prix,84,Brundle,11,0
400,1987,13,Spanish Grand Prix,122,Capelli,12,0
400,1987,13,Spanish Grand Prix,119,Patrese,13,0
400,1987,13,Spanish Grand Prix,167,Campos,14,0
400,1987,13,Spanish Grand Prix,105,Alboreto,15,0
400,1987,13,Spanish Grand Prix,123,Boutsen,16,0
401,1987,14,Mexican Grand Prix,95,Mansell,1,9
401,1987,14,Mexican Grand Prix,137,Piquet,2,6
401,1987,14,Mexican Grand Prix,119,Patrese,3,4
401,1987,14,Mexican Grand Prix,158,Cheever,4,3
401,1987,14,Mexican Grand Prix,170,Fabi,5,2
401,1987,14,Mexican Grand Prix,112,Alliot,6,1
401,1987,14,Mexican Grand Prix,156,Palmer,7,0
401,1987,14,Mexican Grand Prix,166,Streiff,8,0
401,1987,14,Mexican Grand Prix,114,Dalmas,9,0
402,1987,15,Japanese Grand Prix,77,Berger,1,9
402,1987,15,Japanese Grand Prix,102,Senna,2,6
402,1987,15,Japanese Grand Prix,140,Johansson,3,4
402,1987,15,Japanese Grand Prix,105,Alboreto,4,3
402,1987,15,Japanese Grand Prix,123,Boutsen,5,2
402,1987,15,Japanese Grand Prix,138,Nakajima,6,1
402,1987,15,Japanese Grand Prix,117,Prost,7,0
402,1987,15,Japanese Grand Prix,156,Palmer,8,0
402,1987,15,Japanese Grand Prix,158,Cheever,9,0
402,1987,15,Japanese Grand Prix,118,Warwick,10,0
402,1987,15,Japanese Grand Prix,119,Patrese,11,0
402,1987,15,Japanese Grand Prix,166,Streiff,12,0
402,1987,15,Japanese Grand Prix,160,Ghinzani,13,0
402,1987,15,Japanese Grand Prix,114,Dalmas,14,0
402,1987,15,Japanese Grand Prix,137,Piquet,15,0
403,1987,16,Australian Grand Prix,77,Berger,1,9
403,1987,16,Australian Grand Prix,105,Alboreto,2,6
403,1987,16,Australian Grand Prix,123,Boutsen,3,4
403,1987,16,Australian Grand Prix,156,Palmer,4,3
403,1987,16,Australian Grand Prix,114,Dalmas,5,0
403,1987,16,Australian Grand Prix,90,Moreno,6,1
403,1987,16,Australian Grand Prix,157,Danner,7,0
403,1987,16,Australian Grand Prix,110,de Cesaris,8,0
403,1987,16,Australian Grand Prix,119,Patrese,9,0
404,1986,1,Brazilian Grand Prix,137,Piquet,1,9
404,1986,1,Brazilian Grand Prix,102,Senna,2,6
404,1986,1,Brazilian Grand Prix,172,Laffite,3,4
404,1986,1,Brazilian Grand Prix,163,Arnoux,4,3
404,1986,1,Brazilian Grand Prix,84,Brundle,5,2
404,1986,1,Brazilian Grand Prix,77,Berger,6,1
404,1986,1,Brazilian Grand Prix,166,Streiff,7,0
404,1986,1,Brazilian Grand Prix,173,de Angelis,8,0
404,1986,1,Brazilian Grand Prix,174,Dumfries,9,0
404,1986,1,Brazilian Grand Prix,170,Fabi,10,0
405,1986,2,Spanish Grand Prix,102,Senna,1,9
405,1986,2,Spanish Grand Prix,95,Mansell,2,6
405,1986,2,Spanish Grand Prix,117,Prost,3,4
405,1986,2,Spanish Grand Prix,177,Rosberg,4,3
405,1986,2,Spanish Grand Prix,170,Fabi,5,2
405,1986,2,Spanish Grand Prix,77,Berger,6,1
405,1986,2,Spanish Grand Prix,123,Boutsen,7,0
405,1986,2,Spanish Grand Prix,175,Tambay,8,0
406,1986,3,San Marino Grand Prix,117,Prost,1,9
406,1986,3,San Marino Grand Prix,137,Piquet,2,6
406,1986,3,San Marino Grand Prix,77,Berger,3,4
406,1986,3,San Marino Grand Prix,140,Johansson,4,3
406,1986,3,San Marino Grand Prix,177,Rosberg,5,2
406,1986,3,San Marino Grand Prix,119,Patrese,6,1
406,1986,3,San Marino Grand Prix,123,Boutsen,7,0
406,1986,3,San Marino Grand Prix,84,Brundle,8,0
406,1986,3,San Marino Grand Prix,176,Surer,9,0
406,1986,3,San Marino Grand Prix,105,Alboreto,10,0
407,1986,4,Monaco Grand Prix,117,Prost,1,9
407,1986,4,Monaco Grand Prix,177,Rosberg,2,6
407,1986,4,Monaco Grand Prix,102,Senna,3,4
407,1986,4,Monaco Grand Prix,95,Mansell,4,3
407,1986,4,Monaco Grand Prix,163,Arnoux,5,2
407,1986,4,Monaco Grand Prix,172,Laffite,6,1
407,1986,4,Monaco Grand Prix,137,Piquet,7,0
407,1986,4,Monaco Grand Prix,123,Boutsen,8,0
407,1986,4,Monaco Grand Prix,176,Surer,9,0
407,1986,4,Monaco Grand Prix,140,Johansson,10,0
407,1986,4,Monaco Grand Prix,166,Streiff,11,0
407,1986,4,Monaco Grand Prix,156,Palmer,12,0
408,1986,5,Belgian Grand Prix,95,Mansell,1,9
408,1986,5,Belgian Grand Prix,102,Senna,2,6
408,1986,5,Belgian Grand Prix,140,Johansson,3,4
408,1986,5,Belgian Grand Prix,105,Alboreto,4,3
408,1986,5,Belgian Grand Prix,172,Laffite,5,2
408,1986,5,Belgian Grand Prix,117,Prost,6,1
408,1986,5,Belgian Grand Prix,170,Fabi,7,0
408,1986,5,Belgian Grand Prix,119,Patrese,8,0
408,1986,5,Belgian Grand Prix,176,Surer,9,0
408,1986,5,Belgian Grand Prix,77,Berger,10,0
408,1986,5,Belgian Grand Prix,178,Jones,11,0
408,1986,5,Belgian Grand Prix,166,Streiff,12,0
408,1986,5,Belgian Grand Prix,156,Palmer,13,0
409,1986,6,Canadian Grand Prix,95,Mansell,1,9
409,1986,6,Canadian Grand Prix,117,Prost,2,6
409,1986,6,Canadian Grand Prix,137,Piquet,3,4
409,1986,6,Canadian Grand Prix,177,Rosberg,4,3
409,1986,6,Canadian Grand Prix,102,Senna,5,2
409,1986,6,Canadian Grand Prix,163,Arnoux,6,1
409,1986,6,Canadian Grand Prix,172,Laffite,7,0
409,1986,6,Canadian Grand Prix,105,Alboreto,8,0
409,1986,6,Canadian Grand Prix,84,Brundle,9,0
409,1986,6,Canadian Grand Prix,178,Jones,10,0
409,1986,6,Canadian Grand Prix,166,Streiff,11,0
409,1986,6,Canadian Grand Prix,179,Rothengatter,12,0
410,1986,7,Detroit Grand Prix,102,Senna,1,9
410,1986,7,Detroit Grand Prix,172,Laffite,2,6
410,1986,7,Detroit Grand Prix,117,Prost,3,4
410,1986,7,Detroit Grand Prix,105,Alboreto,4,3
410,1986,7,Detroit Grand Prix,95,Mansell,5,2
410,1986,7,Detroit Grand Prix,119,Patrese,6,1
410,1986,7,Detroit Grand Prix,174,Dumfries,7,0
410,1986,7,Detroit Grand Prix,156,Palmer,8,0
410,1986,7,Detroit Grand Prix,166,Streiff,9,0
410,1986,7,Detroit Grand Prix,118,Warwick,10,0
411,1986,8,French Grand Prix,95,Mansell,1,9
411,1986,8,French Grand Prix,117,Prost,2,6
411,1986,8,French Grand Prix,137,Piquet,3,4
411,1986,8,French Grand Prix,177,Rosberg,4,3
411,1986,8,French Grand Prix,163,Arnoux,5,2
411,1986,8,French Grand Prix,172,Laffite,6,1
411,1986,8,French Grand Prix,119,Patrese,7,0
411,1986,8,French Grand Prix,105,Alboreto,8,0
411,1986,8,French Grand Prix,118,Warwick,9,0
411,1986,8,French Grand Prix,84,Brundle,10,0
411,1986,8,French Grand Prix,157,Danner,11,0
412,1986,9,British Grand Prix,95,Mansell,1,9
412,1986,9,British Grand Prix,137,Piquet,2,6
412,1986,9,British Grand Prix,117,Prost,3,4
412,1986,9,British Grand Prix,163,Arnoux,4,3
412,1986,9,British Grand Prix,84,Brundle,5,2
412,1986,9,British Grand Prix,166,Streiff,6,1
412,1986,9,British Grand Prix,174,Dumfries,7,0
412,1986,9,British Grand Prix,118,Warwick,8,0
412,1986,9,British Grand Prix,156,Palmer,9,0
413,1986,10,German Grand Prix,137,Piquet,1,9
413,1986,10,German Grand Prix,102,Senna,2,6
413,1986,10,German Grand Prix,95,Mansell,3,4
413,1986,10,German Grand Prix,163,Arnoux,4,3
413,1986,10,German Grand Prix,177,Rosberg,5,2
413,1986,10,German Grand Prix,117,Prost,6,1
413,1986,10,German Grand Prix,118,Warwick,7,0
413,1986,10,German Grand Prix,175,Tambay,8,0
413,1986,10,German Grand Prix,178,Jones,9,0
413,1986,10,German Grand Prix,77,Berger,10,0
413,1986,10,German Grand Prix,140,Johansson,11,0
413,1986,10,German Grand Prix,180,Berg,12,0
414,1986,11,Hungarian Grand Prix,137,Piquet,1,9
414,1986,11,Hungarian Grand Prix,102,Senna,2,6
414,1986,11,Hungarian Grand Prix,95,Mansell,3,4
414,1986,11,Hungarian Grand Prix,140,Johansson,4,3
414,1986,11,Hungarian Grand Prix,174,Dumfries,5,2
414,1986,11,Hungarian Grand Prix,84,Brundle,6,1
414,1986,11,Hungarian Grand Prix,175,Tambay,7,0
414,1986,11,Hungarian Grand Prix,166,Streiff,8,0
414,1986,11,Hungarian Grand Prix,112,Alliot,9,0
414,1986,11,Hungarian Grand Prix,156,Palmer,10,0
415,1986,12,Austrian Grand Prix,117,Prost,1,9
415,1986,12,Austrian Grand Prix,105,Alboreto,2,6
415,1986,12,Austrian Grand Prix,140,Johansson,3,4
415,1986,12,Austrian Grand Prix,178,Jones,4,3
415,1986,12,Austrian Grand Prix,175,Tambay,5,2
415,1986,12,Austrian Grand Prix,157,Danner,6,1
415,1986,12,Austrian Grand Prix,77,Berger,7,0
415,1986,12,Austrian Grand Prix,179,Rothengatter,8,0
415,1986,12,Austrian Grand Prix,177,Rosberg,9,0
415,1986,12,Austrian Grand Prix,163,Arnoux,10,0
415,1986,12,Austrian Grand Prix,160,Ghinzani,11,0
416,1986,13,Italian Grand Prix,137,Piquet,1,9
416,1986,13,Italian Grand Prix,95,Mansell,2,6
416,1986,13,Italian Grand Prix,140,Johansson,3,4
416,1986,13,Italian Grand Prix,177,Rosberg,4,3
416,1986,13,Italian Grand Prix,77,Berger,5,2
416,1986,13,Italian Grand Prix,178,Jones,6,1
416,1986,13,Italian Grand Prix,123,Boutsen,7,0
416,1986,13,Italian Grand Prix,157,Danner,8,0
416,1986,13,Italian Grand Prix,166,Streiff,9,0
416,1986,13,Italian Grand Prix,84,Brundle,10,0
417,1986,14,Portuguese Grand Prix,95,Mansell,1,9
417,1986,14,Portuguese Grand Prix,117,Prost,2,6
417,1986,14,Portuguese Grand Prix,137,Piquet,3,4
417,1986,14,Portuguese Grand Prix,102,Senna,4,3
417,1986,14,Portuguese Grand Prix,105,Alboreto,5,2
417,1986,14,Portuguese Grand Prix,140,Johansson,6,1
417,1986,14,Portuguese Grand Prix,163,Arnoux,7,0
417,1986,14,Portuguese Grand Prix,170,Fabi,8,0
417,1986,14,Portuguese Grand Prix,174,Dumfries,9,0
417,1986,14,Portuguese Grand Prix,123,Boutsen,10,0
417,1986,14,Portuguese Grand Prix,157,Danner,11,0
417,1986,14,Portuguese Grand Prix,156,Palmer,12,0
417,1986,14,Portuguese Grand Prix,180,Berg,13,0
418,1986,15,Mexican Grand Prix,77,Berger,1,9
418,1986,15,Mexican Grand Prix,117,Prost,2,6
418,1986,15,Mexican Grand Prix,102,Senna,3,4
418,1986,15,Mexican Grand Prix,137,Piquet,4,3
418,1986,15,Mexican Grand Prix,95,Mansell,5,2
418,1986,15,Mexican Grand Prix,112,Alliot,6,1
418,1986,15,Mexican Grand Prix,123,Boutsen,7,0
418,1986,15,Mexican Grand Prix,110,de Cesaris,8,0
418,1986,15,Mexican Grand Prix,157,Danner,9,0
418,1986,15,Mexican Grand Prix,156,Palmer,10,0
418,1986,15,Mexican Grand Prix,84,Brundle,11,0
418,1986,15,Mexican Grand Prix,140,Johansson,12,0
418,1986,15,Mexican Grand Prix,119,Patrese,13,0
418,1986,15,Mexican Grand Prix,145,Nannini,14,0
418,1986,15,Mexican Grand Prix,163,Arnoux,15,0
418,1986,15,Mexican Grand Prix,180,Berg,16,0
419,1986,16,Australian Grand Prix,117,Prost,1,9
419,1986,16,Australian Grand Prix,137,Piquet,2,6
419,1986,16,Australian Grand Prix,140,Johansson,3,4
419,1986,16,Australian Grand Prix,84,Brundle,4,3
419,1986,16,Australian Grand Prix,166,Streiff,5,2
419,1986,16,Australian Grand Prix,174,Dumfries,6,1
419,1986,16,Australian Grand Prix,163,Arnoux,7,0
419,1986,16,Australian Grand Prix,112,Alliot,8,0
419,1986,16,Australian Grand Prix,156,Palmer,9,0
419,1986,16,Australian Grand Prix,170,Fabi,10,0
420,1985,1,Brazilian Grand Prix,117,Prost,1,9
420,1985,1,Brazilian Grand Prix,105,Alboreto,2,6
420,1985,1,Brazilian Grand Prix,173,de Angelis,3,4
420,1985,1,Brazilian Grand Prix,163,Arnoux,4,3
420,1985,1,Brazilian Grand Prix,175,Tambay,5,2
420,1985,1,Brazilian Grand Prix,172,Laffite,6,1
420,1985,1,Brazilian Grand Prix,140,Johansson,7,0
420,1985,1,Brazilian Grand Prix,84,Brundle,8,0
420,1985,1,Brazilian Grand Prix,112,Alliot,9,0
420,1985,1,Brazilian Grand Prix,118,Warwick,10,0
420,1985,1,Brazilian Grand Prix,123,Boutsen,11,0
420,1985,1,Brazilian Grand Prix,160,Ghinzani,12,0
420,1985,1,Brazilian Grand Prix,181,Winkelhock,13,0
421,1985,2,Portuguese Grand Prix,102,Senna,1,9
421,1985,2,Portuguese Grand Prix,105,Alboreto,2,6
421,1985,2,Portuguese Grand Prix,175,Tambay,3,4
421,1985,2,Portuguese Grand Prix,173,de Angelis,4,3
421,1985,2,Portuguese Grand Prix,95,Mansell,5,2
421,1985,2,Portuguese Grand Prix,185,Bellof,6,1
421,1985,2,Portuguese Grand Prix,118,Warwick,7,0
421,1985,2,Portuguese Grand Prix,140,Johansson,8,0
421,1985,2,Portuguese Grand Prix,160,Ghinzani,9,0
422,1985,3,San Marino Grand Prix,173,de Angelis,1,9
422,1985,3,San Marino Grand Prix,123,Boutsen,2,6
422,1985,3,San Marino Grand Prix,175,Tambay,3,4
422,1985,3,San Marino Grand Prix,182,Lauda,4,3
422,1985,3,San Marino Grand Prix,95,Mansell,5,2
422,1985,3,San Marino Grand Prix,140,Johansson,6,1
422,1985,3,San Marino Grand Prix,102,Senna,7,0
422,1985,3,San Marino Grand Prix,137,Piquet,8,0
422,1985,3,San Marino Grand Prix,84,Brundle,9,0
422,1985,3,San Marino Grand Prix,118,Warwick,10,0
423,1985,4,Monaco Grand Prix,117,Prost,1,9
423,1985,4,Monaco Grand Prix,105,Alboreto,2,6
423,1985,4,Monaco Grand Prix,173,de Angelis,3,4
423,1985,4,Monaco Grand Prix,110,de Cesaris,4,3
423,1985,4,Monaco Grand Prix,118,Warwick,5,2
423,1985,4,Monaco Grand Prix,172,Laffite,6,1
423,1985,4,Monaco Grand Prix,95,Mansell,7,0
423,1985,4,Monaco Grand Prix,177,Rosberg,8,0
423,1985,4,Monaco Grand Prix,123,Boutsen,9,0
423,1985,4,Monaco Grand Prix,84,Brundle,10,0
423,1985,4,Monaco Grand Prix,156,Palmer,11,0
424,1985,5,Canadian Grand Prix,105,Alboreto,1,9
424,1985,5,Canadian Grand Prix,140,Johansson,2,6
424,1985,5,Canadian Grand Prix,117,Prost,3,4
424,1985,5,Canadian Grand Prix,177,Rosberg,4,3
424,1985,5,Canadian Grand Prix,173,de Angelis,5,2
424,1985,5,Canadian Grand Prix,95,Mansell,6,1
424,1985,5,Canadian Grand Prix,175,Tambay,7,0
424,1985,5,Canadian Grand Prix,172,Laffite,8,0
424,1985,5,Canadian Grand Prix,123,Boutsen,9,0
424,1985,5,Canadian Grand Prix,119,Patrese,10,0
424,1985,5,Canadian Grand Prix,185,Bellof,11,0
424,1985,5,Canadian Grand Prix,84,Brundle,12,0
424,1985,5,Canadian Grand Prix,77,Berger,13,0
424,1985,5,Canadian Grand Prix,110,de Cesaris,14,0
424,1985,5,Canadian Grand Prix,176,Surer,15,0
424,1985,5,Canadian Grand Prix,102,Senna,16,0
424,1985,5,Canadian Grand Prix,158,Cheever,17,0
425,1985,6,Detroit Grand Prix,177,Rosberg,1,9
425,1985,6,Detroit Grand Prix,140,Johansson,2,6
425,1985,6,Detroit Grand Prix,105,Alboreto,3,4
425,1985,6,Detroit Grand Prix,185,Bellof,4,3
425,1985,6,Detroit Grand Prix,173,de Angelis,5,2
425,1985,6,Detroit Grand Prix,137,Piquet,6,1
425,1985,6,Detroit Grand Prix,123,Boutsen,7,0
425,1985,6,Detroit Grand Prix,176,Surer,8,0
425,1985,6,Detroit Grand Prix,158,Cheever,9,0
425,1985,6,Detroit Grand Prix,110,de Cesaris,10,0
425,1985,6,Detroit Grand Prix,77,Berger,11,0
425,1985,6,Detroit Grand Prix,172,Laffite,12,0
426,1985,7,French Grand Prix,137,Piquet,1,9
426,1985,7,French Grand Prix,177,Rosberg,2,6
426,1985,7,French Grand Prix,117,Prost,3,4
426,1985,7,French Grand Prix,140,Johansson,4,3
426,1985,7,French Grand Prix,173,de Angelis,5,2
426,1985,7,French Grand Prix,175,Tambay,6,1
426,1985,7,French Grand Prix,118,Warwick,7,0
426,1985,7,French Grand Prix,176,Surer,8,0
426,1985,7,French Grand Prix,123,Boutsen,9,0
426,1985,7,French Grand Prix,158,Cheever,10,0
426,1985,7,French Grand Prix,119,Patrese,11,0
426,1985,7,French Grand Prix,181,Winkelhock,12,0
426,1985,7,French Grand Prix,185,Bellof,13,0
426,1985,7,French Grand Prix,170,Fabi,14,0
426,1985,7,French Grand Prix,160,Ghinzani,15,0
427,1985,8,British Grand Prix,117,Prost,1,9
427,1985,8,British Grand Prix,105,Alboreto,2,6
427,1985,8,British Grand Prix,172,Laffite,3,4
427,1985,8,British Grand Prix,137,Piquet,4,3
427,1985,8,British Grand Prix,118,Warwick,5,2
427,1985,8,British Grand Prix,176,Surer,6,1
427,1985,8,British Grand Prix,84,Brundle,7,0
427,1985,8,British Grand Prix,77,Berger,8,0
427,1985,8,British Grand Prix,119,Patrese,9,0
427,1985,8,British Grand Prix,102,Senna,10,0
427,1985,8,British Grand Prix,185,Bellof,11,0
428,1985,9,German Grand Prix,105,Alboreto,1,9
428,1985,9,German Grand Prix,117,Prost,2,6
428,1985,9,German Grand Prix,172,Laffite,3,4
428,1985,9,German Grand Prix,123,Boutsen,4,3
428,1985,9,German Grand Prix,182,Lauda,5,2
428,1985,9,German Grand Prix,95,Mansell,6,1
428,1985,9,German Grand Prix,77,Berger,7,0
428,1985,9,German Grand Prix,185,Bellof,8,0
428,1985,9,German Grand Prix,140,Johansson,9,0
428,1985,9,German Grand Prix,84,Brundle,10,0
428,1985,9,German Grand Prix,94,Martini,11,0
428,1985,9,German Grand Prix,177,Rosberg,12,0
429,1985,10,Austrian Grand Prix,117,Prost,1,9
429,1985,10,Austrian Grand Prix,102,Senna,2,6
429,1985,10,Austrian Grand Prix,105,Alboreto,3,4
429,1985,10,Austrian Grand Prix,140,Johansson,4,3
429,1985,10,Austrian Grand Prix,173,de Angelis,5,2
429,1985,10,Austrian Grand Prix,176,Surer,6,1
429,1985,10,Austrian Grand Prix,185,Bellof,7,0
429,1985,10,Austrian Grand Prix,123,Boutsen,8,0
429,1985,10,Austrian Grand Prix,179,Rothengatter,9,0
429,1985,10,Austrian Grand Prix,175,Tambay,10,0
430,1985,11,Dutch Grand Prix,182,Lauda,1,9
430,1985,11,Dutch Grand Prix,117,Prost,2,6
430,1985,11,Dutch Grand Prix,102,Senna,3,4
430,1985,11,Dutch Grand Prix,105,Alboreto,4,3
430,1985,11,Dutch Grand Prix,173,de Angelis,5,2
430,1985,11,Dutch Grand Prix,95,Mansell,6,1
430,1985,11,Dutch Grand Prix,84,Brundle,7,0
430,1985,11,Dutch Grand Prix,137,Piquet,8,0
430,1985,11,Dutch Grand Prix,77,Berger,9,0
430,1985,11,Dutch Grand Prix,176,Surer,10,0
431,1985,12,Italian Grand Prix,117,Prost,1,9
431,1985,12,Italian Grand Prix,137,Piquet,2,6
431,1985,12,Italian Grand Prix,102,Senna,3,4
431,1985,12,Italian Grand Prix,176,Surer,4,3
431,1985,12,Italian Grand Prix,140,Johansson,5,2
431,1985,12,Italian Grand Prix,173,de Angelis,6,1
431,1985,12,Italian Grand Prix,175,Tambay,7,0
431,1985,12,Italian Grand Prix,84,Brundle,8,0
431,1985,12,Italian Grand Prix,123,Boutsen,9,0
431,1985,12,Italian Grand Prix,166,Streiff,10,0
431,1985,12,Italian Grand Prix,95,Mansell,11,0
431,1985,12,Italian Grand Prix,170,Fabi,12,0
431,1985,12,Italian Grand Prix,105,Alboreto,13,0
432,1985,13,Belgian Grand Prix,102,Senna,1,9
432,1985,13,Belgian Grand Prix,95,Mansell,2,6
432,1985,13,Belgian Grand Prix,117,Prost,3,4
432,1985,13,Belgian Grand Prix,177,Rosberg,4,3
432,1985,13,Belgian Grand Prix,137,Piquet,5,2
432,1985,13,Belgian Grand Prix,118,Warwick,6,1
432,1985,13,Belgian Grand Prix,77,Berger,7,0
432,1985,13,Belgian Grand Prix,176,Surer,8,0
432,1985,13,Belgian Grand Prix,166,Streiff,9,0
432,1985,13,Belgian Grand Prix,123,Boutsen,10,0
432,1985,13,Belgian Grand Prix,172,Laffite,11,0
432,1985,13,Belgian Grand Prix,94,Martini,12,0
432,1985,13,Belgian Grand Prix,84,Brundle,13,0
433,1985,14,European Grand Prix,95,Mansell,1,9
433,1985,14,European Grand Prix,102,Senna,2,6
433,1985,14,European Grand Prix,177,Rosberg,3,4
433,1985,14,European Grand Prix,117,Prost,4,3
433,1985,14,European Grand Prix,173,de Angelis,5,2
433,1985,14,European Grand Prix,123,Boutsen,6,1
433,1985,14,European Grand Prix,187,Watson,7,0
433,1985,14,European Grand Prix,166,Streiff,8,0
433,1985,14,European Grand Prix,119,Patrese,9,0
433,1985,14,European Grand Prix,77,Berger,10,0
433,1985,14,European Grand Prix,158,Cheever,11,0
433,1985,14,European Grand Prix,175,Tambay,12,0
433,1985,14,European Grand Prix,176,Surer,13,0
434,1985,15,South African Grand Prix,95,Mansell,1,9
434,1985,15,South African Grand Prix,177,Rosberg,2,6
434,1985,15,South African Grand Prix,117,Prost,3,4
434,1985,15,South African Grand Prix,140,Johansson,4,3
434,1985,15,South African Grand Prix,77,Berger,5,2
434,1985,15,South African Grand Prix,123,Boutsen,6,1
434,1985,15,South African Grand Prix,84,Brundle,7,0
435,1985,16,Australian Grand Prix,177,Rosberg,1,9
435,1985,16,Australian Grand Prix,172,Laffite,2,6
435,1985,16,Australian Grand Prix,166,Streiff,3,4
435,1985,16,Australian Grand Prix,122,Capelli,4,3
435,1985,16,Australian Grand Prix,140,Johansson,5,2
435,1985,16,Australian Grand Prix,77,Berger,6,1
435,1985,16,Australian Grand Prix,179,Rothengatter,7,0
435,1985,16,Australian Grand Prix,94,Martini,8,0
436,1984,1,Brazilian Grand Prix,117,Prost,1,9
436,1984,1,Brazilian Grand Prix,177,Rosberg,2,6
436,1984,1,Brazilian Grand Prix,173,de Angelis,3,4
436,1984,1,Brazilian Grand Prix,158,Cheever,4,3
436,1984,1,Brazilian Grand Prix,175,Tambay,5,2
436,1984,1,Brazilian Grand Prix,123,Boutsen,6,1
436,1984,1,Brazilian Grand Prix,176,Surer,7,0
436,1984,1,Brazilian Grand Prix,156,Palmer,8,0
437,1984,2,South African Grand Prix,182,Lauda,1,9
437,1984,2,South African Grand Prix,117,Prost,2,6
437,1984,2,South African Grand Prix,118,Warwick,3,4
437,1984,2,South African Grand Prix,119,Patrese,4,3
437,1984,2,South African Grand Prix,110,de Cesaris,5,2
437,1984,2,South African Grand Prix,102,Senna,6,1
437,1984,2,South African Grand Prix,173,de Angelis,7,0
437,1984,2,South African Grand Prix,184,Baldi,8,0
437,1984,2,South African Grand Prix,176,Surer,9,0
437,1984,2,South African Grand Prix,183,Hesnault,10,0
437,1984,2,South African Grand Prix,105,Alboreto,11,0
437,1984,2,South African Grand Prix,123,Boutsen,12,0
438,1984,3,Belgian Grand Prix,105,Alboreto,1,9
438,1984,3,Belgian Grand Prix,118,Warwick,2,6
438,1984,3,Belgian Grand Prix,163,Arnoux,3,4
438,1984,3,Belgian Grand Prix,177,Rosberg,4,3
438,1984,3,Belgian Grand Prix,173,de Angelis,5,2
438,1984,3,Belgian Grand Prix,102,Senna,6,1
438,1984,3,Belgian Grand Prix,175,Tambay,7,0
438,1984,3,Belgian Grand Prix,176,Surer,8,0
438,1984,3,Belgian Grand Prix,137,Piquet,9,0
438,1984,3,Belgian Grand Prix,156,Palmer,10,0
439,1984,4,San Marino Grand Prix,117,Prost,1,9
439,1984,4,San Marino Grand Prix,163,Arnoux,2,6
439,1984,4,San Marino Grand Prix,173,de Angelis,3,4
439,1984,4,San Marino Grand Prix,118,Warwick,4,3
439,1984,4,San Marino Grand Prix,123,Boutsen,5,2
439,1984,4,San Marino Grand Prix,110,de Cesaris,6,1
439,1984,4,San Marino Grand Prix,158,Cheever,7,0
439,1984,4,San Marino Grand Prix,184,Baldi,8,0
439,1984,4,San Marino Grand Prix,156,Palmer,9,0
440,1984,5,French Grand Prix,182,Lauda,1,9
440,1984,5,French Grand Prix,175,Tambay,2,6
440,1984,5,French Grand Prix,95,Mansell,3,4
440,1984,5,French Grand Prix,163,Arnoux,4,3
440,1984,5,French Grand Prix,173,de Angelis,5,2
440,1984,5,French Grand Prix,177,Rosberg,6,1
440,1984,5,French Grand Prix,117,Prost,7,0
440,1984,5,French Grand Prix,172,Laffite,8,0
440,1984,5,French Grand Prix,170,Fabi,9,0
440,1984,5,French Grand Prix,110,de Cesaris,10,0
440,1984,5,French Grand Prix,123,Boutsen,11,0
440,1984,5,French Grand Prix,160,Ghinzani,12,0
440,1984,5,French Grand Prix,156,Palmer,13,0
441,1984,6,Monaco Grand Prix,117,Prost,1,4.5
441,1984,6,Monaco Grand Prix,102,Senna,2,3
441,1984,6,Monaco Grand Prix,163,Arnoux,3,2
441,1984,6,Monaco Grand Prix,177,Rosberg,4,1.5
441,1984,6,Monaco Grand Prix,173,de Angelis,5,1
441,1984,6,Monaco Grand Prix,105,Alboreto,6,0.5
441,1984,6,Monaco Grand Prix,160,Ghinzani,7,0
441,1984,6,Monaco Grand Prix,172,Laffite,8,0
442,1984,7,Canadian Grand Prix,137,Piquet,1,9
442,1984,7,Canadian Grand Prix,182,Lauda,2,6
442,1984,7,Canadian Grand Prix,117,Prost,3,4
442,1984,7,Canadian Grand Prix,173,de Angelis,4,3
442,1984,7,Canadian Grand Prix,163,Arnoux,5,2
442,1984,7,Canadian Grand Prix,95,Mansell,6,1
442,1984,7,Canadian Grand Prix,102,Senna,7,0
442,1984,7,Canadian Grand Prix,181,Winkelhock,8,0
442,1984,7,Canadian Grand Prix,188,Cecotto,9,0
442,1984,7,Canadian Grand Prix,112,Alliot,10,0
442,1984,7,Canadian Grand Prix,158,Cheever,11,0
443,1984,8,Detroit Grand Prix,137,Piquet,1,9
443,1984,8,Detroit Grand Prix,173,de Angelis,2,6
443,1984,8,Detroit Grand Prix,170,Fabi,3,4
443,1984,8,Detroit Grand Prix,117,Prost,4,3
443,1984,8,Detroit Grand Prix,172,Laffite,5,2
444,1984,9,Dallas Grand Prix,177,Rosberg,1,9
444,1984,9,Dallas Grand Prix,163,Arnoux,2,6
444,1984,9,Dallas Grand Prix,173,de Angelis,3,4
444,1984,9,Dallas Grand Prix,172,Laffite,4,3
444,1984,9,Dallas Grand Prix,160,Ghinzani,5,2
444,1984,9,Dallas Grand Prix,95,Mansell,6,1
444,1984,9,Dallas Grand Prix,190,Fabi,7,0
444,1984,9,Dallas Grand Prix,181,Winkelhock,8,0
445,1984,10,British Grand Prix,182,Lauda,1,9
445,1984,10,British Grand Prix,118,Warwick,2,6
445,1984,10,British Grand Prix,102,Senna,3,4
445,1984,10,British Grand Prix,173,de Angelis,4,3
445,1984,10,British Grand Prix,105,Alboreto,5,2
445,1984,10,British Grand Prix,163,Arnoux,6,1
445,1984,10,British Grand Prix,137,Piquet,7,0
445,1984,10,British Grand Prix,175,Tambay,8,0
445,1984,10,British Grand Prix,160,Ghinzani,9,0
445,1984,10,British Grand Prix,110,de Cesaris,10,0
445,1984,10,British Grand Prix,176,Surer,11,0
445,1984,10,British Grand Prix,119,Patrese,12,0
446,1984,11,German Grand Prix,117,Prost,1,9
446,1984,11,German Grand Prix,182,Lauda,2,6
446,1984,11,German Grand Prix,118,Warwick,3,4
446,1984,11,German Grand Prix,95,Mansell,4,3
446,1984,11,German Grand Prix,175,Tambay,5,2
446,1984,11,German Grand Prix,163,Arnoux,6,1
446,1984,11,German Grand Prix,110,de Cesaris,7,0
446,1984,11,German Grand Prix,183,Hesnault,8,0
446,1984,11,German Grand Prix,179,Rothengatter,9,0
447,1984,12,Austrian Grand Prix,182,Lauda,1,9
447,1984,12,Austrian Grand Prix,137,Piquet,2,6
447,1984,12,Austrian Grand Prix,105,Alboreto,3,4
447,1984,12,Austrian Grand Prix,170,Fabi,4,3
447,1984,12,Austrian Grand Prix,123,Boutsen,5,2
447,1984,12,Austrian Grand Prix,176,Surer,6,1
447,1984,12,Austrian Grand Prix,163,Arnoux,7,0
447,1984,12,Austrian Grand Prix,183,Hesnault,8,0
447,1984,12,Austrian Grand Prix,156,Palmer,9,0
447,1984,12,Austrian Grand Prix,119,Patrese,10,0
447,1984,12,Austrian Grand Prix,112,Alliot,11,0
447,1984,12,Austrian Grand Prix,77,Berger,12,0
448,1984,13,Dutch Grand Prix,117,Prost,1,9
448,1984,13,Dutch Grand Prix,182,Lauda,2,6
448,1984,13,Dutch Grand Prix,95,Mansell,3,4
448,1984,13,Dutch Grand Prix,173,de Angelis,4,3
448,1984,13,Dutch Grand Prix,170,Fabi,5,2
448,1984,13,Dutch Grand Prix,175,Tambay,6,1
448,1984,13,Dutch Grand Prix,183,Hesnault,7,0
448,1984,13,Dutch Grand Prix,177,Rosberg,8,0
448,1984,13,Dutch Grand Prix,156,Palmer,9,0
448,1984,13,Dutch Grand Prix,112,Alliot,10,0
448,1984,13,Dutch Grand Prix,163,Arnoux,11,0
448,1984,13,Dutch Grand Prix,189,Gartner,12,0
448,1984,13,Dutch Grand Prix,158,Cheever,13,0
449,1984,14,Italian Grand Prix,182,Lauda,1,9
449,1984,14,Italian Grand Prix,105,Alboreto,2,6
449,1984,14,Italian Grand Prix,119,Patrese,3,4
449,1984,14,Italian Grand Prix,140,Johansson,4,3
449,1984,14,Italian Grand Prix,189,Gartner,5,0
449,1984,14,Italian Grand Prix,77,Berger,6,0
449,1984,14,Italian Grand Prix,160,Ghinzani,7,0
449,1984,14,Italian Grand Prix,179,Rothengatter,8,0
449,1984,14,Italian Grand Prix,158,Cheever,9,0
449,1984,14,Italian Grand Prix,123,Boutsen,10,0
450,1984,15,European Grand Prix,117,Prost,1,9
450,1984,15,European Grand Prix,105,Alboreto,2,6
450,1984,15,European Grand Prix,137,Piquet,3,4
450,1984,15,European Grand Prix,182,Lauda,4,3
450,1984,15,European Grand Prix,163,Arnoux,5,2
450,1984,15,European Grand Prix,119,Patrese,6,1
450,1984,15,European Grand Prix,110,de Cesaris,7,0
450,1984,15,European Grand Prix,184,Baldi,8,0
450,1984,15,European Grand Prix,123,Boutsen,9,0
450,1984,15,European Grand Prix,183,Hesnault,10,0
450,1984,15,European Grand Prix,118,Warwick,11,0
451,1984,16,Portuguese Grand Prix,117,Prost,1,9
451,1984,16,Portuguese Grand Prix,182,Lauda,2,6
451,1984,16,Portuguese Grand Prix,102,Senna,3,4
451,1984,16,Portuguese Grand Prix,105,Alboreto,4,3
451,1984,16,Portuguese Grand Prix,173,de Angelis,5,2
451,1984,16,Portuguese Grand Prix,137,Piquet,6,1
451,1984,16,Portuguese Grand Prix,175,Tambay,7,0
451,1984,16,Portuguese Grand Prix,119,Patrese,8,0
451,1984,16,Portuguese Grand Prix,163,Arnoux,9,0
451,1984,16,Portuguese Grand Prix,181,Winkelhock,10,0
451,1984,16,Portuguese Grand Prix,140,Johansson,11,0
451,1984,16,Portuguese Grand Prix,110,de Cesaris,12,0
451,1984,16,Portuguese Grand Prix,77,Berger,13,0
451,1984,16,Portuguese Grand Prix,172,Laffite,14,0
451,1984,16,Portuguese Grand Prix,184,Baldi,15,0
451,1984,16,Portuguese Grand Prix,189,Gartner,16,0
451,1984,16,Portuguese Grand Prix,158,Cheever,17,0
452,1983,1,Brazilian Grand Prix,137,Piquet,1,9
452,1983,1,Brazilian Grand Prix,182,Lauda,3,4
452,1983,1,Brazilian Grand Prix,172,Laffite,4,3
452,1983,1,Brazilian Grand Prix,175,Tambay,5,2
452,1983,1,Brazilian Grand Prix,176,Surer,6,1
452,1983,1,Brazilian Grand Prix,117,Prost,7,0
452,1983,1,Brazilian Grand Prix,118,Warwick,8,0
452,1983,1,Brazilian Grand Prix,192,Serra,9,0
452,1983,1,Brazilian Grand Prix,163,Arnoux,10,0
452,1983,1,Brazilian Grand Prix,193,Sullivan,11,0
452,1983,1,Brazilian Grand Prix,95,Mansell,12,0
452,1983,1,Brazilian Grand Prix,188,Cecotto,13,0
452,1983,1,Brazilian Grand Prix,194,Salazar,14,0
452,1983,1,Brazilian Grand Prix,181,Winkelhock,15,0
453,1983,2,United States Grand Prix West,187,Watson,1,9
453,1983,2,United States Grand Prix West,182,Lauda,2,6
453,1983,2,United States Grand Prix West,163,Arnoux,3,4
453,1983,2,United States Grand Prix West,172,Laffite,4,3
453,1983,2,United States Grand Prix West,176,Surer,5,2
453,1983,2,United States Grand Prix West,188,Cecotto,6,1
453,1983,2,United States Grand Prix West,196,Boesel,7,0
453,1983,2,United States Grand Prix West,193,Sullivan,8,0
453,1983,2,United States Grand Prix West,105,Alboreto,9,0
453,1983,2,United States Grand Prix West,119,Patrese,10,0
453,1983,2,United States Grand Prix West,117,Prost,11,0
453,1983,2,United States Grand Prix West,95,Mansell,12,0
453,1983,2,United States Grand Prix West,158,Cheever,13,0
454,1983,3,French Grand Prix,117,Prost,1,9
454,1983,3,French Grand Prix,137,Piquet,2,6
454,1983,3,French Grand Prix,158,Cheever,3,4
454,1983,3,French Grand Prix,175,Tambay,4,3
454,1983,3,French Grand Prix,177,Rosberg,5,2
454,1983,3,French Grand Prix,172,Laffite,6,1
454,1983,3,French Grand Prix,163,Arnoux,7,0
454,1983,3,French Grand Prix,105,Alboreto,8,0
454,1983,3,French Grand Prix,197,Jarier,9,0
454,1983,3,French Grand Prix,176,Surer,10,0
454,1983,3,French Grand Prix,188,Cecotto,11,0
454,1983,3,French Grand Prix,110,de Cesaris,12,0
454,1983,3,French Grand Prix,152,Giacomelli,13,0
455,1983,4,San Marino Grand Prix,175,Tambay,1,9
455,1983,4,San Marino Grand Prix,117,Prost,2,6
455,1983,4,San Marino Grand Prix,163,Arnoux,3,4
455,1983,4,San Marino Grand Prix,177,Rosberg,4,3
455,1983,4,San Marino Grand Prix,187,Watson,5,2
455,1983,4,San Marino Grand Prix,176,Surer,6,1
455,1983,4,San Marino Grand Prix,172,Laffite,7,0
455,1983,4,San Marino Grand Prix,192,Serra,8,0
455,1983,4,San Marino Grand Prix,196,Boesel,9,0
455,1983,4,San Marino Grand Prix,184,Baldi,10,0
455,1983,4,San Marino Grand Prix,181,Winkelhock,11,0
455,1983,4,San Marino Grand Prix,95,Mansell,12,0
456,1983,5,Monaco Grand Prix,177,Rosberg,1,9
456,1983,5,Monaco Grand Prix,137,Piquet,2,6
456,1983,5,Monaco Grand Prix,117,Prost,3,4
456,1983,5,Monaco Grand Prix,175,Tambay,4,3
456,1983,5,Monaco Grand Prix,193,Sullivan,5,2
456,1983,5,Monaco Grand Prix,184,Baldi,6,1
456,1983,5,Monaco Grand Prix,192,Serra,7,0
457,1983,6,Belgian Grand Prix,117,Prost,1,9
457,1983,6,Belgian Grand Prix,175,Tambay,2,6
457,1983,6,Belgian Grand Prix,158,Cheever,3,4
457,1983,6,Belgian Grand Prix,137,Piquet,4,3
457,1983,6,Belgian Grand Prix,177,Rosberg,5,2
457,1983,6,Belgian Grand Prix,172,Laffite,6,1
457,1983,6,Belgian Grand Prix,118,Warwick,7,0
457,1983,6,Belgian Grand Prix,152,Giacomelli,8,0
457,1983,6,Belgian Grand Prix,173,de Angelis,9,0
457,1983,6,Belgian Grand Prix,188,Cecotto,10,0
457,1983,6,Belgian Grand Prix,176,Surer,11,0
457,1983,6,Belgian Grand Prix,193,Sullivan,12,0
457,1983,6,Belgian Grand Prix,196,Boesel,13,0
457,1983,6,Belgian Grand Prix,105,Alboreto,14,0
458,1983,7,Detroit Grand Prix,105,Alboreto,1,9
458,1983,7,Detroit Grand Prix,177,Rosberg,2,6
458,1983,7,Detroit Grand Prix,187,Watson,3,4
458,1983,7,Detroit Grand Prix,137,Piquet,4,3
458,1983,7,Detroit Grand Prix,172,Laffite,5,2
458,1983,7,Detroit Grand Prix,95,Mansell,6,1
458,1983,7,Detroit Grand Prix,123,Boutsen,7,0
458,1983,7,Detroit Grand Prix,117,Prost,8,0
458,1983,7,Detroit Grand Prix,152,Giacomelli,9,0
458,1983,7,Detroit Grand Prix,196,Boesel,10,0
458,1983,7,Detroit Grand Prix,176,Surer,11,0
458,1983,7,Detroit Grand Prix,184,Baldi,12,0
458,1983,7,Detroit Grand Prix,182,Lauda,13,0
459,1983,8,Canadian Grand Prix,163,Arnoux,1,9
459,1983,8,Canadian Grand Prix,158,Cheever,2,6
459,1983,8,Canadian Grand Prix,175,Tambay,3,4
459,1983,8,Canadian Grand Prix,177,Rosberg,4,3
459,1983,8,Canadian Grand Prix,117,Prost,5,2
459,1983,8,Canadian Grand Prix,187,Watson,6,1
459,1983,8,Canadian Grand Prix,123,Boutsen,7,0
459,1983,8,Canadian Grand Prix,105,Alboreto,8,0
459,1983,8,Canadian Grand Prix,181,Winkelhock,9,0
459,1983,8,Canadian Grand Prix,184,Baldi,10,0
460,1983,9,British Grand Prix,117,Prost,1,9
460,1983,9,British Grand Prix,137,Piquet,2,6
460,1983,9,British Grand Prix,175,Tambay,3,4
460,1983,9,British Grand Prix,95,Mansell,4,3
460,1983,9,British Grand Prix,163,Arnoux,5,2
460,1983,9,British Grand Prix,182,Lauda,6,1
460,1983,9,British Grand Prix,184,Baldi,7,0
460,1983,9,British Grand Prix,110,de Cesaris,8,0
460,1983,9,British Grand Prix,187,Watson,9,0
460,1983,9,British Grand Prix,197,Jarier,10,0
460,1983,9,British Grand Prix,177,Rosberg,11,0
460,1983,9,British Grand Prix,172,Laffite,12,0
460,1983,9,British Grand Prix,105,Alboreto,13,0
460,1983,9,British Grand Prix,193,Sullivan,14,0
460,1983,9,British Grand Prix,123,Boutsen,15,0
460,1983,9,British Grand Prix,195,Guerrero,16,0
460,1983,9,British Grand Prix,176,Surer,17,0
461,1983,10,German Grand Prix,163,Arnoux,1,9
461,1983,10,German Grand Prix,110,de Cesaris,2,6
461,1983,10,German Grand Prix,119,Patrese,3,4
461,1983,10,German Grand Prix,117,Prost,4,3
461,1983,10,German Grand Prix,187,Watson,5,2
461,1983,10,German Grand Prix,172,Laffite,6,1
461,1983,10,German Grand Prix,176,Surer,7,0
461,1983,10,German Grand Prix,197,Jarier,8,0
461,1983,10,German Grand Prix,123,Boutsen,9,0
461,1983,10,German Grand Prix,177,Rosberg,10,0
461,1983,10,German Grand Prix,188,Cecotto,11,0
461,1983,10,German Grand Prix,193,Sullivan,12,0
461,1983,10,German Grand Prix,137,Piquet,13,0
462,1983,11,Austrian Grand Prix,117,Prost,1,9
462,1983,11,Austrian Grand Prix,163,Arnoux,2,6
462,1983,11,Austrian Grand Prix,137,Piquet,3,4
462,1983,11,Austrian Grand Prix,158,Cheever,4,3
462,1983,11,Austrian Grand Prix,95,Mansell,5,2
462,1983,11,Austrian Grand Prix,182,Lauda,6,1
462,1983,11,Austrian Grand Prix,197,Jarier,7,0
462,1983,11,Austrian Grand Prix,177,Rosberg,8,0
462,1983,11,Austrian Grand Prix,187,Watson,9,0
462,1983,11,Austrian Grand Prix,190,Fabi,10,0
462,1983,11,Austrian Grand Prix,160,Ghinzani,11,0
462,1983,11,Austrian Grand Prix,140,Johansson,12,0
462,1983,11,Austrian Grand Prix,123,Boutsen,13,0
463,1983,12,Dutch Grand Prix,163,Arnoux,1,9
463,1983,12,Dutch Grand Prix,175,Tambay,2,6
463,1983,12,Dutch Grand Prix,187,Watson,3,4
463,1983,12,Dutch Grand Prix,118,Warwick,4,3
463,1983,12,Dutch Grand Prix,184,Baldi,5,2
463,1983,12,Dutch Grand Prix,105,Alboreto,6,1
463,1983,12,Dutch Grand Prix,140,Johansson,7,0
463,1983,12,Dutch Grand Prix,176,Surer,8,0
463,1983,12,Dutch Grand Prix,119,Patrese,9,0
463,1983,12,Dutch Grand Prix,196,Boesel,10,0
463,1983,12,Dutch Grand Prix,190,Fabi,11,0
463,1983,12,Dutch Grand Prix,195,Guerrero,12,0
463,1983,12,Dutch Grand Prix,152,Giacomelli,13,0
463,1983,12,Dutch Grand Prix,123,Boutsen,14,0
464,1983,13,Italian Grand Prix,137,Piquet,1,9
464,1983,13,Italian Grand Prix,163,Arnoux,2,6
464,1983,13,Italian Grand Prix,158,Cheever,3,4
464,1983,13,Italian Grand Prix,175,Tambay,4,3
464,1983,13,Italian Grand Prix,173,de Angelis,5,2
464,1983,13,Italian Grand Prix,118,Warwick,6,1
464,1983,13,Italian Grand Prix,152,Giacomelli,7,0
464,1983,13,Italian Grand Prix,95,Mansell,8,0
464,1983,13,Italian Grand Prix,197,Jarier,9,0
464,1983,13,Italian Grand Prix,176,Surer,10,0
464,1983,13,Italian Grand Prix,177,Rosberg,11,0
464,1983,13,Italian Grand Prix,188,Cecotto,12,0
464,1983,13,Italian Grand Prix,195,Guerrero,13,0
465,1983,14,European Grand Prix,137,Piquet,1,9
465,1983,14,European Grand Prix,117,Prost,2,6
465,1983,14,European Grand Prix,95,Mansell,3,4
465,1983,14,European Grand Prix,110,de Cesaris,4,3
465,1983,14,European Grand Prix,118,Warwick,5,2
465,1983,14,European Grand Prix,152,Giacomelli,6,1
465,1983,14,European Grand Prix,119,Patrese,7,0
465,1983,14,European Grand Prix,181,Winkelhock,8,0
465,1983,14,European Grand Prix,163,Arnoux,9,0
465,1983,14,European Grand Prix,158,Cheever,10,0
465,1983,14,European Grand Prix,123,Boutsen,11,0
465,1983,14,European Grand Prix,195,Guerrero,12,0
465,1983,14,European Grand Prix,156,Palmer,13,0
465,1983,14,European Grand Prix,140,Johansson,14,0
465,1983,14,European Grand Prix,196,Boesel,15,0
466,1983,15,South African Grand Prix,119,Patrese,1,9
466,1983,15,South African Grand Prix,110,de Cesaris,2,6
466,1983,15,South African Grand Prix,137,Piquet,3,4
466,1983,15,South African Grand Prix,118,Warwick,4,3
466,1983,15,South African Grand Prix,177,Rosberg,5,2
466,1983,15,South African Grand Prix,158,Cheever,6,1
466,1983,15,South African Grand Prix,193,Sullivan,7,0
466,1983,15,South African Grand Prix,176,Surer,8,0
466,1983,15,South African Grand Prix,123,Boutsen,9,0
466,1983,15,South African Grand Prix,197,Jarier,10,0
466,1983,15,South African Grand Prix,182,Lauda,11,0
466,1983,15,South African Grand Prix,186,Acheson,12,0
467,1982,1,South African Grand Prix,117,Prost,1,9
467,1982,1,South African Grand Prix,199,Reutemann,2,6
467,1982,1,South African Grand Prix,163,Arnoux,3,4
467,1982,1,South African Grand Prix,182,Lauda,4,3
467,1982,1,South African Grand Prix,177,Rosberg,5,2
467,1982,1,South African Grand Prix,187,Watson,6,1
467,1982,1,South African Grand Prix,105,Alboreto,7,0
467,1982,1,South African Grand Prix,173,de Angelis,8,0
467,1982,1,South African Grand Prix,194,Salazar,9,0
467,1982,1,South African Grand Prix,181,Winkelhock,10,0
467,1982,1,South African Grand Prix,152,Giacomelli,11,0
467,1982,1,South African Grand Prix,200,Mass,12,0
467,1982,1,South African Grand Prix,110,de Cesaris,13,0
467,1982,1,South African Grand Prix,206,Daly,14,0
467,1982,1,South African Grand Prix,196,Boesel,15,0
467,1982,1,South African Grand Prix,201,Borgudd,16,0
467,1982,1,South African Grand Prix,192,Serra,17,0
467,1982,1,South African Grand Prix,202,Pironi,18,0
468,1982,2,Brazilian Grand Prix,117,Prost,1,9
468,1982,2,Brazilian Grand Prix,187,Watson,2,6
468,1982,2,Brazilian Grand Prix,95,Mansell,3,4
468,1982,2,Brazilian Grand Prix,105,Alboreto,4,3
468,1982,2,Brazilian Grand Prix,181,Winkelhock,5,2
468,1982,2,Brazilian Grand Prix,202,Pironi,6,1
468,1982,2,Brazilian Grand Prix,201,Borgudd,7,0
468,1982,2,Brazilian Grand Prix,200,Mass,8,0
468,1982,2,Brazilian Grand Prix,197,Jarier,9,0
468,1982,2,Brazilian Grand Prix,184,Baldi,10,0
469,1982,3,United States Grand Prix West,182,Lauda,1,9
469,1982,3,United States Grand Prix West,177,Rosberg,2,6
469,1982,3,United States Grand Prix West,119,Patrese,3,4
469,1982,3,United States Grand Prix West,105,Alboreto,4,3
469,1982,3,United States Grand Prix West,173,de Angelis,5,2
469,1982,3,United States Grand Prix West,187,Watson,6,1
469,1982,3,United States Grand Prix West,95,Mansell,7,0
469,1982,3,United States Grand Prix West,200,Mass,8,0
469,1982,3,United States Grand Prix West,196,Boesel,9,0
469,1982,3,United States Grand Prix West,201,Borgudd,10,0
470,1982,4,San Marino Grand Prix,202,Pironi,1,9
470,1982,4,San Marino Grand Prix,203,Villeneuve,2,6
470,1982,4,San Marino Grand Prix,105,Alboreto,3,4
470,1982,4,San Marino Grand Prix,197,Jarier,4,3
470,1982,4,San Marino Grand Prix,194,Salazar,5,2
471,1982,5,Belgian Grand Prix,187,Watson,1,9
471,1982,5,Belgian Grand Prix,177,Rosberg,2,6
471,1982,5,Belgian Grand Prix,158,Cheever,3,4
471,1982,5,Belgian Grand Prix,173,de Angelis,4,3
471,1982,5,Belgian Grand Prix,137,Piquet,5,2
471,1982,5,Belgian Grand Prix,192,Serra,6,1
471,1982,5,Belgian Grand Prix,176,Surer,7,0
471,1982,5,Belgian Grand Prix,196,Boesel,8,0
471,1982,5,Belgian Grand Prix,172,Laffite,9,0
472,1982,6,Monaco Grand Prix,119,Patrese,1,9
472,1982,6,Monaco Grand Prix,202,Pironi,2,6
472,1982,6,Monaco Grand Prix,110,de Cesaris,3,4
472,1982,6,Monaco Grand Prix,95,Mansell,4,3
472,1982,6,Monaco Grand Prix,173,de Angelis,5,2
472,1982,6,Monaco Grand Prix,206,Daly,6,1
472,1982,6,Monaco Grand Prix,117,Prost,7,0
472,1982,6,Monaco Grand Prix,205,Henton,8,0
472,1982,6,Monaco Grand Prix,176,Surer,9,0
472,1982,6,Monaco Grand Prix,105,Alboreto,10,0
473,1982,7,Detroit Grand Prix,187,Watson,1,9
473,1982,7,Detroit Grand Prix,158,Cheever,2,6
473,1982,7,Detroit Grand Prix,202,Pironi,3,4
473,1982,7,Detroit Grand Prix,177,Rosberg,4,3
473,1982,7,Detroit Grand Prix,206,Daly,5,2
473,1982,7,Detroit Grand Prix,172,Laffite,6,1
473,1982,7,Detroit Grand Prix,200,Mass,7,0
473,1982,7,Detroit Grand Prix,176,Surer,8,0
473,1982,7,Detroit Grand Prix,205,Henton,9,0
473,1982,7,Detroit Grand Prix,163,Arnoux,10,0
473,1982,7,Detroit Grand Prix,192,Serra,11,0
474,1982,8,Canadian Grand Prix,137,Piquet,1,9
474,1982,8,Canadian Grand Prix,119,Patrese,2,6
474,1982,8,Canadian Grand Prix,187,Watson,3,4
474,1982,8,Canadian Grand Prix,173,de Angelis,4,3
474,1982,8,Canadian Grand Prix,176,Surer,5,2
474,1982,8,Canadian Grand Prix,110,de Cesaris,6,1
474,1982,8,Canadian Grand Prix,206,Daly,7,0
474,1982,8,Canadian Grand Prix,184,Baldi,8,0
474,1982,8,Canadian Grand Prix,202,Pironi,9,0
474,1982,8,Canadian Grand Prix,158,Cheever,10,0
474,1982,8,Canadian Grand Prix,200,Mass,11,0
475,1982,9,Dutch Grand Prix,202,Pironi,1,9
475,1982,9,Dutch Grand Prix,137,Piquet,2,6
475,1982,9,Dutch Grand Prix,177,Rosberg,3,4
475,1982,9,Dutch Grand Prix,182,Lauda,4,3
475,1982,9,Dutch Grand Prix,206,Daly,5,2
475,1982,9,Dutch Grand Prix,184,Baldi,6,1
475,1982,9,Dutch Grand Prix,105,Alboreto,7,0
475,1982,9,Dutch Grand Prix,175,Tambay,8,0
475,1982,9,Dutch Grand Prix,187,Watson,9,0
475,1982,9,Dutch Grand Prix,176,Surer,10,0
475,1982,9,Dutch Grand Prix,152,Giacomelli,11,0
475,1982,9,Dutch Grand Prix,181,Winkelhock,12,0
475,1982,9,Dutch Grand Prix,194,Salazar,13,0
475,1982,9,Dutch Grand Prix,197,Jarier,14,0
475,1982,9,Dutch Grand Prix,119,Patrese,15,0
476,1982,10,British Grand Prix,182,Lauda,1,9
476,1982,10,British Grand Prix,202,Pironi,2,6
476,1982,10,British Grand Prix,175,Tambay,3,4
476,1982,10,British Grand Prix,173,de Angelis,4,3
476,1982,10,British Grand Prix,206,Daly,5,2
476,1982,10,British Grand Prix,117,Prost,6,1
476,1982,10,British Grand Prix,152,Giacomelli,7,0
476,1982,10,British Grand Prix,205,Henton,8,0
476,1982,10,British Grand Prix,184,Baldi,9,0
476,1982,10,British Grand Prix,200,Mass,10,0
477,1982,11,French Grand Prix,163,Arnoux,1,9
477,1982,11,French Grand Prix,117,Prost,2,6
477,1982,11,French Grand Prix,202,Pironi,3,4
477,1982,11,French Grand Prix,175,Tambay,4,3
477,1982,11,French Grand Prix,177,Rosberg,5,2
477,1982,11,French Grand Prix,105,Alboreto,6,1
477,1982,11,French Grand Prix,206,Daly,7,0
477,1982,11,French Grand Prix,182,Lauda,8,0
477,1982,11,French Grand Prix,152,Giacomelli,9,0
477,1982,11,French Grand Prix,205,Henton,10,0
477,1982,11,French Grand Prix,181,Winkelhock,11,0
477,1982,11,French Grand Prix,209,Lees,12,0
477,1982,11,French Grand Prix,176,Surer,13,0
477,1982,11,French Grand Prix,172,Laffite,14,0
477,1982,11,French Grand Prix,118,Warwick,15,0
477,1982,11,French Grand Prix,158,Cheever,16,0
478,1982,12,German Grand Prix,175,Tambay,1,9
478,1982,12,German Grand Prix,163,Arnoux,2,6
478,1982,12,German Grand Prix,177,Rosberg,3,4
478,1982,12,German Grand Prix,105,Alboreto,4,3
478,1982,12,German Grand Prix,152,Giacomelli,5,2
478,1982,12,German Grand Prix,176,Surer,6,1
478,1982,12,German Grand Prix,205,Henton,7,0
478,1982,12,German Grand Prix,195,Guerrero,8,0
478,1982,12,German Grand Prix,95,Mansell,9,0
478,1982,12,German Grand Prix,118,Warwick,10,0
478,1982,12,German Grand Prix,192,Serra,11,0
479,1982,13,Austrian Grand Prix,173,de Angelis,1,9
479,1982,13,Austrian Grand Prix,177,Rosberg,2,6
479,1982,13,Austrian Grand Prix,172,Laffite,3,4
479,1982,13,Austrian Grand Prix,175,Tambay,4,3
479,1982,13,Austrian Grand Prix,182,Lauda,5,2
479,1982,13,Austrian Grand Prix,184,Baldi,6,1
479,1982,13,Austrian Grand Prix,192,Serra,7,0
479,1982,13,Austrian Grand Prix,117,Prost,8,0
479,1982,13,Austrian Grand Prix,187,Watson,9,0
480,1982,14,Swiss Grand Prix,177,Rosberg,1,9
480,1982,14,Swiss Grand Prix,117,Prost,2,6
480,1982,14,Swiss Grand Prix,182,Lauda,3,4
480,1982,14,Swiss Grand Prix,137,Piquet,4,3
480,1982,14,Swiss Grand Prix,119,Patrese,5,2
480,1982,14,Swiss Grand Prix,173,de Angelis,6,1
480,1982,14,Swiss Grand Prix,105,Alboreto,7,0
480,1982,14,Swiss Grand Prix,95,Mansell,8,0
480,1982,14,Swiss Grand Prix,206,Daly,9,0
480,1982,14,Swiss Grand Prix,110,de Cesaris,10,0
480,1982,14,Swiss Grand Prix,205,Henton,11,0
480,1982,14,Swiss Grand Prix,152,Giacomelli,12,0
480,1982,14,Swiss Grand Prix,187,Watson,13,0
480,1982,14,Swiss Grand Prix,194,Salazar,14,0
480,1982,14,Swiss Grand Prix,176,Surer,15,0
480,1982,14,Swiss Grand Prix,163,Arnoux,16,0
481,1982,15,Italian Grand Prix,163,Arnoux,1,9
481,1982,15,Italian Grand Prix,175,Tambay,2,6
481,1982,15,Italian Grand Prix,207,Andretti,3,4
481,1982,15,Italian Grand Prix,187,Watson,4,3
481,1982,15,Italian Grand Prix,105,Alboreto,5,2
481,1982,15,Italian Grand Prix,158,Cheever,6,1
481,1982,15,Italian Grand Prix,95,Mansell,7,0
481,1982,15,Italian Grand Prix,177,Rosberg,8,0
481,1982,15,Italian Grand Prix,194,Salazar,9,0
481,1982,15,Italian Grand Prix,110,de Cesaris,10,0
481,1982,15,Italian Grand Prix,192,Serra,11,0
481,1982,15,Italian Grand Prix,184,Baldi,12,0
482,1982,16,Caesars Palace Grand Prix,105,Alboreto,1,9
482,1982,16,Caesars Palace Grand Prix,187,Watson,2,6
482,1982,16,Caesars Palace Grand Prix,158,Cheever,3,4
482,1982,16,Caesars Palace Grand Prix,117,Prost,4,3
482,1982,16,Caesars Palace Grand Prix,177,Rosberg,5,2
482,1982,16,Caesars Palace Grand Prix,206,Daly,6,1
482,1982,16,Caesars Palace Grand Prix,176,Surer,7,0
482,1982,16,Caesars Palace Grand Prix,205,Henton,8,0
482,1982,16,Caesars Palace Grand Prix,110,de Cesaris,9,0
482,1982,16,Caesars Palace Grand Prix,152,Giacomelli,10,0
482,1982,16,Caesars Palace Grand Prix,184,Baldi,11,0
482,1982,16,Caesars Palace Grand Prix,211,Keegan,12,0
482,1982,16,Caesars Palace Grand Prix,196,Boesel,13,0
483,1981,1,United States Grand Prix West,178,Jones,1,9
483,1981,1,United States Grand Prix West,199,Reutemann,2,6
483,1981,1,United States Grand Prix West,137,Piquet,3,4
483,1981,1,United States Grand Prix West,207,Andretti,4,3
483,1981,1,United States Grand Prix West,158,Cheever,5,2
483,1981,1,United States Grand Prix West,175,Tambay,6,1
483,1981,1,United States Grand Prix West,192,Serra,7,0
483,1981,1,United States Grand Prix West,163,Arnoux,8,0
484,1981,2,Brazilian Grand Prix,199,Reutemann,1,9
484,1981,2,Brazilian Grand Prix,178,Jones,2,6
484,1981,2,Brazilian Grand Prix,119,Patrese,3,4
484,1981,2,Brazilian Grand Prix,176,Surer,4,3
484,1981,2,Brazilian Grand Prix,173,de Angelis,5,2
484,1981,2,Brazilian Grand Prix,172,Laffite,6,1
484,1981,2,Brazilian Grand Prix,197,Jarier,7,0
484,1981,2,Brazilian Grand Prix,187,Watson,8,0
484,1981,2,Brazilian Grand Prix,177,Rosberg,9,0
484,1981,2,Brazilian Grand Prix,175,Tambay,10,0
484,1981,2,Brazilian Grand Prix,95,Mansell,11,0
484,1981,2,Brazilian Grand Prix,137,Piquet,12,0
484,1981,2,Brazilian Grand Prix,217,Zunino,13,0
485,1981,3,Argentine Grand Prix,137,Piquet,1,9
485,1981,3,Argentine Grand Prix,199,Reutemann,2,6
485,1981,3,Argentine Grand Prix,117,Prost,3,4
485,1981,3,Argentine Grand Prix,178,Jones,4,3
485,1981,3,Argentine Grand Prix,163,Arnoux,5,2
485,1981,3,Argentine Grand Prix,173,de Angelis,6,1
485,1981,3,Argentine Grand Prix,119,Patrese,7,0
485,1981,3,Argentine Grand Prix,207,Andretti,8,0
485,1981,3,Argentine Grand Prix,216,Stohr,9,0
485,1981,3,Argentine Grand Prix,152,Giacomelli,10,0
485,1981,3,Argentine Grand Prix,110,de Cesaris,11,0
485,1981,3,Argentine Grand Prix,136,Lammers,12,0
485,1981,3,Argentine Grand Prix,217,Zunino,13,0
486,1981,4,San Marino Grand Prix,137,Piquet,1,9
486,1981,4,San Marino Grand Prix,119,Patrese,2,6
486,1981,4,San Marino Grand Prix,199,Reutemann,3,4
486,1981,4,San Marino Grand Prix,212,Rebaque,4,3
486,1981,4,San Marino Grand Prix,202,Pironi,5,2
486,1981,4,San Marino Grand Prix,110,de Cesaris,6,1
486,1981,4,San Marino Grand Prix,203,Villeneuve,7,0
486,1981,4,San Marino Grand Prix,163,Arnoux,8,0
486,1981,4,San Marino Grand Prix,176,Surer,9,0
486,1981,4,San Marino Grand Prix,187,Watson,10,0
486,1981,4,San Marino Grand Prix,175,Tambay,11,0
486,1981,4,San Marino Grand Prix,178,Jones,12,0
486,1981,4,San Marino Grand Prix,201,Borgudd,13,0
487,1981,5,Belgian Grand Prix,199,Reutemann,1,9
487,1981,5,Belgian Grand Prix,172,Laffite,2,6
487,1981,5,Belgian Grand Prix,95,Mansell,3,4
487,1981,5,Belgian Grand Prix,203,Villeneuve,4,3
487,1981,5,Belgian Grand Prix,173,de Angelis,5,2
487,1981,5,Belgian Grand Prix,158,Cheever,6,1
487,1981,5,Belgian Grand Prix,187,Watson,7,0
487,1981,5,Belgian Grand Prix,202,Pironi,8,0
487,1981,5,Belgian Grand Prix,152,Giacomelli,9,0
487,1981,5,Belgian Grand Prix,207,Andretti,10,0
487,1981,5,Belgian Grand Prix,176,Surer,11,0
487,1981,5,Belgian Grand Prix,105,Alboreto,12,0
487,1981,5,Belgian Grand Prix,160,Ghinzani,13,0
488,1981,6,Monaco Grand Prix,203,Villeneuve,1,9
488,1981,6,Monaco Grand Prix,178,Jones,2,6
488,1981,6,Monaco Grand Prix,172,Laffite,3,4
488,1981,6,Monaco Grand Prix,202,Pironi,4,3
488,1981,6,Monaco Grand Prix,158,Cheever,5,2
488,1981,6,Monaco Grand Prix,176,Surer,6,1
488,1981,6,Monaco Grand Prix,175,Tambay,7,0
489,1981,7,Spanish Grand Prix,203,Villeneuve,1,9
489,1981,7,Spanish Grand Prix,172,Laffite,2,6
489,1981,7,Spanish Grand Prix,187,Watson,3,4
489,1981,7,Spanish Grand Prix,199,Reutemann,4,3
489,1981,7,Spanish Grand Prix,173,de Angelis,5,2
489,1981,7,Spanish Grand Prix,95,Mansell,6,1
489,1981,7,Spanish Grand Prix,178,Jones,7,0
489,1981,7,Spanish Grand Prix,207,Andretti,8,0
489,1981,7,Spanish Grand Prix,163,Arnoux,9,0
489,1981,7,Spanish Grand Prix,152,Giacomelli,10,0
489,1981,7,Spanish Grand Prix,192,Serra,11,0
489,1981,7,Spanish Grand Prix,177,Rosberg,12,0
489,1981,7,Spanish Grand Prix,175,Tambay,13,0
489,1981,7,Spanish Grand Prix,194,Salazar,14,0
489,1981,7,Spanish Grand Prix,202,Pironi,15,0
489,1981,7,Spanish Grand Prix,206,Daly,16,0
490,1981,8,French Grand Prix,117,Prost,1,9
490,1981,8,French Grand Prix,187,Watson,2,6
490,1981,8,French Grand Prix,137,Piquet,3,4
490,1981,8,French Grand Prix,163,Arnoux,4,3
490,1981,8,French Grand Prix,202,Pironi,5,2
490,1981,8,French Grand Prix,173,de Angelis,6,1
490,1981,8,French Grand Prix,95,Mansell,7,0
490,1981,8,French Grand Prix,207,Andretti,8,0
490,1981,8,French Grand Prix,212,Rebaque,9,0
490,1981,8,French Grand Prix,199,Reutemann,10,0
490,1981,8,French Grand Prix,110,de Cesaris,11,0
490,1981,8,French Grand Prix,176,Surer,12,0
490,1981,8,French Grand Prix,158,Cheever,13,0
490,1981,8,French Grand Prix,119,Patrese,14,0
490,1981,8,French Grand Prix,152,Giacomelli,15,0
490,1981,8,French Grand Prix,105,Alboreto,16,0
490,1981,8,French Grand Prix,178,Jones,17,0
491,1981,9,British Grand Prix,187,Watson,1,9
491,1981,9,British Grand Prix,199,Reutemann,2,6
491,1981,9,British Grand Prix,172,Laffite,3,4
491,1981,9,British Grand Prix,158,Cheever,4,3
491,1981,9,British Grand Prix,212,Rebaque,5,2
491,1981,9,British Grand Prix,201,Borgudd,6,1
491,1981,9,British Grand Prix,206,Daly,7,0
491,1981,9,British Grand Prix,197,Jarier,8,0
491,1981,9,British Grand Prix,163,Arnoux,9,0
491,1981,9,British Grand Prix,119,Patrese,10,0
491,1981,9,British Grand Prix,176,Surer,11,0
492,1981,10,German Grand Prix,137,Piquet,1,9
492,1981,10,German Grand Prix,117,Prost,2,6
492,1981,10,German Grand Prix,172,Laffite,3,4
492,1981,10,German Grand Prix,212,Rebaque,4,3
492,1981,10,German Grand Prix,158,Cheever,5,2
492,1981,10,German Grand Prix,187,Watson,6,1
492,1981,10,German Grand Prix,173,de Angelis,7,0
492,1981,10,German Grand Prix,197,Jarier,8,0
492,1981,10,German Grand Prix,207,Andretti,9,0
492,1981,10,German Grand Prix,203,Villeneuve,10,0
492,1981,10,German Grand Prix,178,Jones,11,0
492,1981,10,German Grand Prix,216,Stohr,12,0
492,1981,10,German Grand Prix,163,Arnoux,13,0
492,1981,10,German Grand Prix,176,Surer,14,0
492,1981,10,German Grand Prix,152,Giacomelli,15,0
493,1981,11,Austrian Grand Prix,172,Laffite,1,9
493,1981,11,Austrian Grand Prix,163,Arnoux,2,6
493,1981,11,Austrian Grand Prix,137,Piquet,3,4
493,1981,11,Austrian Grand Prix,178,Jones,4,3
493,1981,11,Austrian Grand Prix,199,Reutemann,5,2
493,1981,11,Austrian Grand Prix,187,Watson,6,1
493,1981,11,Austrian Grand Prix,173,de Angelis,7,0
493,1981,11,Austrian Grand Prix,110,de Cesaris,8,0
493,1981,11,Austrian Grand Prix,202,Pironi,9,0
493,1981,11,Austrian Grand Prix,197,Jarier,10,0
493,1981,11,Austrian Grand Prix,206,Daly,11,0
494,1981,12,Dutch Grand Prix,117,Prost,1,9
494,1981,12,Dutch Grand Prix,137,Piquet,2,6
494,1981,12,Dutch Grand Prix,178,Jones,3,4
494,1981,12,Dutch Grand Prix,212,Rebaque,4,3
494,1981,12,Dutch Grand Prix,173,de Angelis,5,2
494,1981,12,Dutch Grand Prix,194,Salazar,6,1
494,1981,12,Dutch Grand Prix,216,Stohr,7,0
494,1981,12,Dutch Grand Prix,176,Surer,8,0
494,1981,12,Dutch Grand Prix,105,Alboreto,9,0
494,1981,12,Dutch Grand Prix,201,Borgudd,10,0
495,1981,13,Italian Grand Prix,117,Prost,1,9
495,1981,13,Italian Grand Prix,178,Jones,2,6
495,1981,13,Italian Grand Prix,199,Reutemann,3,4
495,1981,13,Italian Grand Prix,173,de Angelis,4,3
495,1981,13,Italian Grand Prix,202,Pironi,5,2
495,1981,13,Italian Grand Prix,137,Piquet,6,1
495,1981,13,Italian Grand Prix,110,de Cesaris,7,0
495,1981,13,Italian Grand Prix,152,Giacomelli,8,0
495,1981,13,Italian Grand Prix,197,Jarier,9,0
495,1981,13,Italian Grand Prix,205,Henton,10,0
496,1981,14,Canadian Grand Prix,172,Laffite,1,9
496,1981,14,Canadian Grand Prix,187,Watson,2,6
496,1981,14,Canadian Grand Prix,203,Villeneuve,3,4
496,1981,14,Canadian Grand Prix,152,Giacomelli,4,3
496,1981,14,Canadian Grand Prix,137,Piquet,5,2
496,1981,14,Canadian Grand Prix,173,de Angelis,6,1
496,1981,14,Canadian Grand Prix,207,Andretti,7,0
496,1981,14,Canadian Grand Prix,206,Daly,8,0
496,1981,14,Canadian Grand Prix,176,Surer,9,0
496,1981,14,Canadian Grand Prix,199,Reutemann,10,0
496,1981,14,Canadian Grand Prix,105,Alboreto,11,0
496,1981,14,Canadian Grand Prix,158,Cheever,12,0
497,1981,15,Caesars Palace Grand Prix,178,Jones,1,9
497,1981,15,Caesars Palace Grand Prix,117,Prost,2,6
497,1981,15,Caesars Palace Grand Prix,152,Giacomelli,3,4
497,1981,15,Caesars Palace Grand Prix,95,Mansell,4,3
497,1981,15,Caesars Palace Grand Prix,137,Piquet,5,2
497,1981,15,Caesars Palace Grand Prix,172,Laffite,6,1
497,1981,15,Caesars Palace Grand Prix,187,Watson,7,0
497,1981,15,Caesars Palace Grand Prix,199,Reutemann,8,0
497,1981,15,Caesars Palace Grand Prix,202,Pironi,9,0
497,1981,15,Caesars Palace Grand Prix,177,Rosberg,10,0
497,1981,15,Caesars Palace Grand Prix,119,Patrese,11,0
497,1981,15,Caesars Palace Grand Prix,110,de Cesaris,12,0
497,1981,15,Caesars Palace Grand Prix,105,Alboreto,13,0
498,1980,1,Argentine Grand Prix,178,Jones,1,9
498,1980,1,Argentine Grand Prix,137,Piquet,2,6
498,1980,1,Argentine Grand Prix,177,Rosberg,3,4
498,1980,1,Argentine Grand Prix,206,Daly,4,3
498,1980,1,Argentine Grand Prix,152,Giacomelli,5,2
498,1980,1,Argentine Grand Prix,117,Prost,6,1
498,1980,1,Argentine Grand Prix,217,Zunino,7,0
499,1980,2,Brazilian Grand Prix,163,Arnoux,1,9
499,1980,2,Brazilian Grand Prix,173,de Angelis,2,6
499,1980,2,Brazilian Grand Prix,178,Jones,3,4
499,1980,2,Brazilian Grand Prix,202,Pironi,4,3
499,1980,2,Brazilian Grand Prix,117,Prost,5,2
499,1980,2,Brazilian Grand Prix,119,Patrese,6,1
499,1980,2,Brazilian Grand Prix,176,Surer,7,0
499,1980,2,Brazilian Grand Prix,217,Zunino,8,0
499,1980,2,Brazilian Grand Prix,177,Rosberg,9,0
499,1980,2,Brazilian Grand Prix,200,Mass,10,0
499,1980,2,Brazilian Grand Prix,187,Watson,11,0
499,1980,2,Brazilian Grand Prix,197,Jarier,12,0
499,1980,2,Brazilian Grand Prix,152,Giacomelli,13,0
499,1980,2,Brazilian Grand Prix,206,Daly,14,0
499,1980,2,Brazilian Grand Prix,224,Fittipaldi,15,0
499,1980,2,Brazilian Grand Prix,203,Villeneuve,16,0
500,1980,3,South African Grand Prix,163,Arnoux,1,9
500,1980,3,South African Grand Prix,172,Laffite,2,6
500,1980,3,South African Grand Prix,202,Pironi,3,4
500,1980,3,South African Grand Prix,137,Piquet,4,3
500,1980,3,South African Grand Prix,199,Reutemann,5,2
500,1980,3,South African Grand Prix,200,Mass,6,1
500,1980,3,South African Grand Prix,197,Jarier,7,0
500,1980,3,South African Grand Prix,224,Fittipaldi,8,0
500,1980,3,South African Grand Prix,223,Regazzoni,9,0
500,1980,3,South African Grand Prix,217,Zunino,10,0
500,1980,3,South African Grand Prix,187,Watson,11,0
500,1980,3,South African Grand Prix,207,Andretti,12,0
500,1980,3,South African Grand Prix,209,Lees,13,0
501,1980,4,United States Grand Prix West,137,Piquet,1,9
501,1980,4,United States Grand Prix West,119,Patrese,2,6
501,1980,4,United States Grand Prix West,224,Fittipaldi,3,4
501,1980,4,United States Grand Prix West,187,Watson,4,3
501,1980,4,United States Grand Prix West,222,Scheckter,5,2
501,1980,4,United States Grand Prix West,202,Pironi,6,1
501,1980,4,United States Grand Prix West,200,Mass,7,0
501,1980,4,United States Grand Prix West,206,Daly,8,0
501,1980,4,United States Grand Prix West,163,Arnoux,9,0
501,1980,4,United States Grand Prix West,219,Jabouille,10,0
502,1980,5,Belgian Grand Prix,202,Pironi,1,9
502,1980,5,Belgian Grand Prix,178,Jones,2,6
502,1980,5,Belgian Grand Prix,199,Reutemann,3,4
502,1980,5,Belgian Grand Prix,163,Arnoux,4,3
502,1980,5,Belgian Grand Prix,197,Jarier,5,2
502,1980,5,Belgian Grand Prix,203,Villeneuve,6,1
502,1980,5,Belgian Grand Prix,177,Rosberg,7,0
502,1980,5,Belgian Grand Prix,222,Scheckter,8,0
502,1980,5,Belgian Grand Prix,206,Daly,9,0
502,1980,5,Belgian Grand Prix,173,de Angelis,10,0
502,1980,5,Belgian Grand Prix,172,Laffite,11,0
502,1980,5,Belgian Grand Prix,136,Lammers,12,0
503,1980,6,Monaco Grand Prix,199,Reutemann,1,9
503,1980,6,Monaco Grand Prix,172,Laffite,2,6
503,1980,6,Monaco Grand Prix,137,Piquet,3,4
503,1980,6,Monaco Grand Prix,200,Mass,4,3
503,1980,6,Monaco Grand Prix,203,Villeneuve,5,2
503,1980,6,Monaco Grand Prix,224,Fittipaldi,6,1
503,1980,6,Monaco Grand Prix,207,Andretti,7,0
503,1980,6,Monaco Grand Prix,119,Patrese,8,0
503,1980,6,Monaco Grand Prix,173,de Angelis,9,0
504,1980,7,French Grand Prix,178,Jones,1,9
504,1980,7,French Grand Prix,202,Pironi,2,6
504,1980,7,French Grand Prix,172,Laffite,3,4
504,1980,7,French Grand Prix,137,Piquet,4,3
504,1980,7,French Grand Prix,163,Arnoux,5,2
504,1980,7,French Grand Prix,199,Reutemann,6,1
504,1980,7,French Grand Prix,187,Watson,7,0
504,1980,7,French Grand Prix,203,Villeneuve,8,0
504,1980,7,French Grand Prix,119,Patrese,9,0
504,1980,7,French Grand Prix,200,Mass,10,0
504,1980,7,French Grand Prix,206,Daly,11,0
504,1980,7,French Grand Prix,222,Scheckter,12,0
505,1980,8,British Grand Prix,178,Jones,1,9
505,1980,8,British Grand Prix,137,Piquet,2,6
505,1980,8,British Grand Prix,199,Reutemann,3,4
505,1980,8,British Grand Prix,206,Daly,4,3
505,1980,8,British Grand Prix,197,Jarier,5,2
505,1980,8,British Grand Prix,117,Prost,6,1
505,1980,8,British Grand Prix,212,Rebaque,7,0
505,1980,8,British Grand Prix,187,Watson,8,0
505,1980,8,British Grand Prix,119,Patrese,9,0
505,1980,8,British Grand Prix,222,Scheckter,10,0
505,1980,8,British Grand Prix,211,Keegan,11,0
505,1980,8,British Grand Prix,224,Fittipaldi,12,0
505,1980,8,British Grand Prix,200,Mass,13,0
506,1980,9,German Grand Prix,172,Laffite,1,9
506,1980,9,German Grand Prix,199,Reutemann,2,6
506,1980,9,German Grand Prix,178,Jones,3,4
506,1980,9,German Grand Prix,137,Piquet,4,3
506,1980,9,German Grand Prix,152,Giacomelli,5,2
506,1980,9,German Grand Prix,203,Villeneuve,6,1
506,1980,9,German Grand Prix,207,Andretti,7,0
506,1980,9,German Grand Prix,200,Mass,8,0
506,1980,9,German Grand Prix,119,Patrese,9,0
506,1980,9,German Grand Prix,206,Daly,10,0
506,1980,9,German Grand Prix,117,Prost,11,0
506,1980,9,German Grand Prix,176,Surer,12,0
506,1980,9,German Grand Prix,222,Scheckter,13,0
506,1980,9,German Grand Prix,136,Lammers,14,0
506,1980,9,German Grand Prix,197,Jarier,15,0
506,1980,9,German Grand Prix,173,de Angelis,16,0
507,1980,10,Austrian Grand Prix,219,Jabouille,1,9
507,1980,10,Austrian Grand Prix,178,Jones,2,6
507,1980,10,Austrian Grand Prix,199,Reutemann,3,4
507,1980,10,Austrian Grand Prix,172,Laffite,4,3
507,1980,10,Austrian Grand Prix,137,Piquet,5,2
507,1980,10,Austrian Grand Prix,173,de Angelis,6,1
507,1980,10,Austrian Grand Prix,117,Prost,7,0
507,1980,10,Austrian Grand Prix,203,Villeneuve,8,0
507,1980,10,Austrian Grand Prix,163,Arnoux,9,0
507,1980,10,Austrian Grand Prix,212,Rebaque,10,0
507,1980,10,Austrian Grand Prix,224,Fittipaldi,11,0
507,1980,10,Austrian Grand Prix,176,Surer,12,0
507,1980,10,Austrian Grand Prix,222,Scheckter,13,0
507,1980,10,Austrian Grand Prix,119,Patrese,14,0
507,1980,10,Austrian Grand Prix,211,Keegan,15,0
507,1980,10,Austrian Grand Prix,177,Rosberg,16,0
508,1980,11,Dutch Grand Prix,137,Piquet,1,9
508,1980,11,Dutch Grand Prix,163,Arnoux,2,6
508,1980,11,Dutch Grand Prix,172,Laffite,3,4
508,1980,11,Dutch Grand Prix,199,Reutemann,4,3
508,1980,11,Dutch Grand Prix,197,Jarier,5,2
508,1980,11,Dutch Grand Prix,117,Prost,6,1
508,1980,11,Dutch Grand Prix,203,Villeneuve,7,0
508,1980,11,Dutch Grand Prix,207,Andretti,8,0
508,1980,11,Dutch Grand Prix,222,Scheckter,9,0
508,1980,11,Dutch Grand Prix,176,Surer,10,0
508,1980,11,Dutch Grand Prix,178,Jones,11,0
509,1980,12,Italian Grand Prix,137,Piquet,1,9
509,1980,12,Italian Grand Prix,178,Jones,2,6
509,1980,12,Italian Grand Prix,199,Reutemann,3,4
509,1980,12,Italian Grand Prix,173,de Angelis,4,3
509,1980,12,Italian Grand Prix,177,Rosberg,5,2
509,1980,12,Italian Grand Prix,202,Pironi,6,1
509,1980,12,Italian Grand Prix,117,Prost,7,0
509,1980,12,Italian Grand Prix,222,Scheckter,8,0
509,1980,12,Italian Grand Prix,172,Laffite,9,0
509,1980,12,Italian Grand Prix,163,Arnoux,10,0
509,1980,12,Italian Grand Prix,211,Keegan,11,0
509,1980,12,Italian Grand Prix,158,Cheever,12,0
509,1980,12,Italian Grand Prix,197,Jarier,13,0
510,1980,13,Canadian Grand Prix,178,Jones,1,9
510,1980,13,Canadian Grand Prix,199,Reutemann,2,6
510,1980,13,Canadian Grand Prix,202,Pironi,3,4
510,1980,13,Canadian Grand Prix,187,Watson,4,3
510,1980,13,Canadian Grand Prix,203,Villeneuve,5,2
510,1980,13,Canadian Grand Prix,212,Rebaque,6,1
510,1980,13,Canadian Grand Prix,197,Jarier,7,0
510,1980,13,Canadian Grand Prix,172,Laffite,8,0
510,1980,13,Canadian Grand Prix,177,Rosberg,9,0
510,1980,13,Canadian Grand Prix,173,de Angelis,10,0
510,1980,13,Canadian Grand Prix,200,Mass,11,0
510,1980,13,Canadian Grand Prix,136,Lammers,12,0
511,1980,14,United States Grand Prix,178,Jones,1,9
511,1980,14,United States Grand Prix,199,Reutemann,2,6
511,1980,14,United States Grand Prix,202,Pironi,3,4
511,1980,14,United States Grand Prix,173,de Angelis,4,3
511,1980,14,United States Grand Prix,172,Laffite,5,2
511,1980,14,United States Grand Prix,207,Andretti,6,1
511,1980,14,United States Grand Prix,163,Arnoux,7,0
511,1980,14,United States Grand Prix,176,Surer,8,0
511,1980,14,United States Grand Prix,211,Keegan,9,0
511,1980,14,United States Grand Prix,177,Rosberg,10,0
511,1980,14,United States Grand Prix,222,Scheckter,11,0
512,1979,1,Argentine Grand Prix,172,Laffite,1,9
512,1979,1,Argentine Grand Prix,199,Reutemann,2,6
512,1979,1,Argentine Grand Prix,187,Watson,3,4
512,1979,1,Argentine Grand Prix,221,Depailler,4,3
512,1979,1,Argentine Grand Prix,207,Andretti,5,2
512,1979,1,Argentine Grand Prix,224,Fittipaldi,6,1
512,1979,1,Argentine Grand Prix,173,de Angelis,7,0
512,1979,1,Argentine Grand Prix,200,Mass,8,0
512,1979,1,Argentine Grand Prix,178,Jones,9,0
512,1979,1,Argentine Grand Prix,223,Regazzoni,10,0
512,1979,1,Argentine Grand Prix,206,Daly,11,0
513,1979,2,Brazilian Grand Prix,172,Laffite,1,9
513,1979,2,Brazilian Grand Prix,221,Depailler,2,6
513,1979,2,Brazilian Grand Prix,199,Reutemann,3,4
513,1979,2,Brazilian Grand Prix,202,Pironi,4,3
513,1979,2,Brazilian Grand Prix,203,Villeneuve,5,2
513,1979,2,Brazilian Grand Prix,222,Scheckter,6,1
513,1979,2,Brazilian Grand Prix,200,Mass,7,0
513,1979,2,Brazilian Grand Prix,187,Watson,8,0
513,1979,2,Brazilian Grand Prix,119,Patrese,9,0
513,1979,2,Brazilian Grand Prix,219,Jabouille,10,0
513,1979,2,Brazilian Grand Prix,224,Fittipaldi,11,0
513,1979,2,Brazilian Grand Prix,173,de Angelis,12,0
513,1979,2,Brazilian Grand Prix,206,Daly,13,0
513,1979,2,Brazilian Grand Prix,136,Lammers,14,0
513,1979,2,Brazilian Grand Prix,223,Regazzoni,15,0
514,1979,3,South African Grand Prix,203,Villeneuve,1,9
514,1979,3,South African Grand Prix,222,Scheckter,2,6
514,1979,3,South African Grand Prix,197,Jarier,3,4
514,1979,3,South African Grand Prix,207,Andretti,4,3
514,1979,3,South African Grand Prix,199,Reutemann,5,2
514,1979,3,South African Grand Prix,182,Lauda,6,1
514,1979,3,South African Grand Prix,137,Piquet,7,0
514,1979,3,South African Grand Prix,231,Hunt,8,0
514,1979,3,South African Grand Prix,223,Regazzoni,9,0
514,1979,3,South African Grand Prix,175,Tambay,10,0
514,1979,3,South African Grand Prix,119,Patrese,11,0
514,1979,3,South African Grand Prix,200,Mass,12,0
514,1979,3,South African Grand Prix,224,Fittipaldi,13,0
515,1979,4,United States Grand Prix West,203,Villeneuve,1,9
515,1979,4,United States Grand Prix West,222,Scheckter,2,6
515,1979,4,United States Grand Prix West,178,Jones,3,4
515,1979,4,United States Grand Prix West,207,Andretti,4,3
515,1979,4,United States Grand Prix West,221,Depailler,5,2
515,1979,4,United States Grand Prix West,197,Jarier,6,1
515,1979,4,United States Grand Prix West,173,de Angelis,7,0
515,1979,4,United States Grand Prix West,137,Piquet,8,0
515,1979,4,United States Grand Prix West,200,Mass,9,0
516,1979,5,Spanish Grand Prix,221,Depailler,1,9
516,1979,5,Spanish Grand Prix,199,Reutemann,2,6
516,1979,5,Spanish Grand Prix,207,Andretti,3,4
516,1979,5,Spanish Grand Prix,222,Scheckter,4,3
516,1979,5,Spanish Grand Prix,197,Jarier,5,2
516,1979,5,Spanish Grand Prix,202,Pironi,6,1
516,1979,5,Spanish Grand Prix,203,Villeneuve,7,0
516,1979,5,Spanish Grand Prix,200,Mass,8,0
516,1979,5,Spanish Grand Prix,163,Arnoux,9,0
516,1979,5,Spanish Grand Prix,119,Patrese,10,0
516,1979,5,Spanish Grand Prix,224,Fittipaldi,11,0
516,1979,5,Spanish Grand Prix,136,Lammers,12,0
516,1979,5,Spanish Grand Prix,175,Tambay,13,0
516,1979,5,Spanish Grand Prix,233,Stuck,14,0
517,1979,6,Belgian Grand Prix,222,Scheckter,1,9
517,1979,6,Belgian Grand Prix,172,Laffite,2,6
517,1979,6,Belgian Grand Prix,202,Pironi,3,4
517,1979,6,Belgian Grand Prix,199,Reutemann,4,3
517,1979,6,Belgian Grand Prix,119,Patrese,5,2
517,1979,6,Belgian Grand Prix,187,Watson,6,1
517,1979,6,Belgian Grand Prix,203,Villeneuve,7,0
517,1979,6,Belgian Grand Prix,233,Stuck,8,0
517,1979,6,Belgian Grand Prix,224,Fittipaldi,9,0
517,1979,6,Belgian Grand Prix,136,Lammers,10,0
517,1979,6,Belgian Grand Prix,197,Jarier,11,0
518,1979,7,Monaco Grand Prix,222,Scheckter,1,9
518,1979,7,Monaco Grand Prix,223,Regazzoni,2,6
518,1979,7,Monaco Grand Prix,199,Reutemann,3,4
518,1979,7,Monaco Grand Prix,187,Watson,4,3
518,1979,7,Monaco Grand Prix,221,Depailler,5,2
518,1979,7,Monaco Grand Prix,200,Mass,6,1
519,1979,8,French Grand Prix,219,Jabouille,1,9
519,1979,8,French Grand Prix,203,Villeneuve,2,6
519,1979,8,French Grand Prix,163,Arnoux,3,4
519,1979,8,French Grand Prix,178,Jones,4,3
519,1979,8,French Grand Prix,197,Jarier,5,2
519,1979,8,French Grand Prix,223,Regazzoni,6,1
519,1979,8,French Grand Prix,222,Scheckter,7,0
519,1979,8,French Grand Prix,172,Laffite,8,0
519,1979,8,French Grand Prix,177,Rosberg,9,0
519,1979,8,French Grand Prix,175,Tambay,10,0
519,1979,8,French Grand Prix,187,Watson,11,0
519,1979,8,French Grand Prix,212,Rebaque,12,0
519,1979,8,French Grand Prix,199,Reutemann,13,0
519,1979,8,French Grand Prix,119,Patrese,14,0
519,1979,8,French Grand Prix,200,Mass,15,0
519,1979,8,French Grand Prix,173,de Angelis,16,0
519,1979,8,French Grand Prix,152,Giacomelli,17,0
519,1979,8,French Grand Prix,136,Lammers,18,0
520,1979,9,British Grand Prix,223,Regazzoni,1,9
520,1979,9,British Grand Prix,163,Arnoux,2,6
520,1979,9,British Grand Prix,197,Jarier,3,4
520,1979,9,British Grand Prix,187,Watson,4,3
520,1979,9,British Grand Prix,222,Scheckter,5,2
520,1979,9,British Grand Prix,235,Ickx,6,1
520,1979,9,British Grand Prix,175,Tambay,7,0
520,1979,9,British Grand Prix,199,Reutemann,8,0
520,1979,9,British Grand Prix,212,Rebaque,9,0
520,1979,9,British Grand Prix,202,Pironi,10,0
520,1979,9,British Grand Prix,136,Lammers,11,0
520,1979,9,British Grand Prix,173,de Angelis,12,0
520,1979,9,British Grand Prix,236,Gaillard,13,0
520,1979,9,British Grand Prix,203,Villeneuve,14,0
521,1979,10,German Grand Prix,178,Jones,1,9
521,1979,10,German Grand Prix,223,Regazzoni,2,6
521,1979,10,German Grand Prix,172,Laffite,3,4
521,1979,10,German Grand Prix,222,Scheckter,4,3
521,1979,10,German Grand Prix,187,Watson,5,2
521,1979,10,German Grand Prix,200,Mass,6,1
521,1979,10,German Grand Prix,209,Lees,7,0
521,1979,10,German Grand Prix,203,Villeneuve,8,0
521,1979,10,German Grand Prix,202,Pironi,9,0
521,1979,10,German Grand Prix,136,Lammers,10,0
521,1979,10,German Grand Prix,173,de Angelis,11,0
521,1979,10,German Grand Prix,137,Piquet,12,0
522,1979,11,Austrian Grand Prix,178,Jones,1,9
522,1979,11,Austrian Grand Prix,203,Villeneuve,2,6
522,1979,11,Austrian Grand Prix,172,Laffite,3,4
522,1979,11,Austrian Grand Prix,222,Scheckter,4,3
522,1979,11,Austrian Grand Prix,223,Regazzoni,5,2
522,1979,11,Austrian Grand Prix,163,Arnoux,6,1
522,1979,11,Austrian Grand Prix,202,Pironi,7,0
522,1979,11,Austrian Grand Prix,206,Daly,8,0
522,1979,11,Austrian Grand Prix,187,Watson,9,0
522,1979,11,Austrian Grand Prix,175,Tambay,10,0
523,1979,12,Dutch Grand Prix,178,Jones,1,9
523,1979,12,Dutch Grand Prix,222,Scheckter,2,6
523,1979,12,Dutch Grand Prix,172,Laffite,3,4
523,1979,12,Dutch Grand Prix,137,Piquet,4,3
523,1979,12,Dutch Grand Prix,235,Ickx,5,2
523,1979,12,Dutch Grand Prix,200,Mass,6,1
523,1979,12,Dutch Grand Prix,212,Rebaque,7,0
524,1979,13,Italian Grand Prix,222,Scheckter,1,9
524,1979,13,Italian Grand Prix,203,Villeneuve,2,6
524,1979,13,Italian Grand Prix,223,Regazzoni,3,4
524,1979,13,Italian Grand Prix,182,Lauda,4,3
524,1979,13,Italian Grand Prix,207,Andretti,5,2
524,1979,13,Italian Grand Prix,197,Jarier,6,1
524,1979,13,Italian Grand Prix,199,Reutemann,7,0
524,1979,13,Italian Grand Prix,224,Fittipaldi,8,0
524,1979,13,Italian Grand Prix,178,Jones,9,0
524,1979,13,Italian Grand Prix,202,Pironi,10,0
524,1979,13,Italian Grand Prix,233,Stuck,11,0
524,1979,13,Italian Grand Prix,230,Brambilla,12,0
524,1979,13,Italian Grand Prix,119,Patrese,13,0
524,1979,13,Italian Grand Prix,219,Jabouille,14,0
525,1979,14,Canadian Grand Prix,178,Jones,1,9
525,1979,14,Canadian Grand Prix,203,Villeneuve,2,6
525,1979,14,Canadian Grand Prix,223,Regazzoni,3,4
525,1979,14,Canadian Grand Prix,222,Scheckter,4,3
525,1979,14,Canadian Grand Prix,202,Pironi,5,2
525,1979,14,Canadian Grand Prix,187,Watson,6,1
525,1979,14,Canadian Grand Prix,217,Zunino,7,0
525,1979,14,Canadian Grand Prix,224,Fittipaldi,8,0
525,1979,14,Canadian Grand Prix,136,Lammers,9,0
525,1979,14,Canadian Grand Prix,207,Andretti,10,0
526,1979,15,United States Grand Prix,203,Villeneuve,1,9
526,1979,15,United States Grand Prix,163,Arnoux,2,6
526,1979,15,United States Grand Prix,202,Pironi,3,4
526,1979,15,United States Grand Prix,173,de Angelis,4,3
526,1979,15,United States Grand Prix,233,Stuck,5,2
526,1979,15,United States Grand Prix,187,Watson,6,1
526,1979,15,United States Grand Prix,224,Fittipaldi,7,0
527,1978,1,Argentine Grand Prix,207,Andretti,1,9
527,1978,1,Argentine Grand Prix,182,Lauda,2,6
527,1978,1,Argentine Grand Prix,221,Depailler,3,4
527,1978,1,Argentine Grand Prix,231,Hunt,4,3
527,1978,1,Argentine Grand Prix,238,Peterson,5,2
527,1978,1,Argentine Grand Prix,175,Tambay,6,1
527,1978,1,Argentine Grand Prix,199,Reutemann,7,0
527,1978,1,Argentine Grand Prix,203,Villeneuve,8,0
527,1978,1,Argentine Grand Prix,224,Fittipaldi,9,0
527,1978,1,Argentine Grand Prix,222,Scheckter,10,0
527,1978,1,Argentine Grand Prix,200,Mass,11,0
527,1978,1,Argentine Grand Prix,197,Jarier,12,0
527,1978,1,Argentine Grand Prix,239,Lunger,13,0
527,1978,1,Argentine Grand Prix,202,Pironi,14,0
527,1978,1,Argentine Grand Prix,223,Regazzoni,15,0
527,1978,1,Argentine Grand Prix,172,Laffite,16,0
527,1978,1,Argentine Grand Prix,233,Stuck,17,0
527,1978,1,Argentine Grand Prix,230,Brambilla,18,0
528,1978,2,Brazilian Grand Prix,199,Reutemann,1,9
528,1978,2,Brazilian Grand Prix,224,Fittipaldi,2,6
528,1978,2,Brazilian Grand Prix,182,Lauda,3,4
528,1978,2,Brazilian Grand Prix,207,Andretti,4,3
528,1978,2,Brazilian Grand Prix,223,Regazzoni,5,2
528,1978,2,Brazilian Grand Prix,202,Pironi,6,1
528,1978,2,Brazilian Grand Prix,200,Mass,7,0
528,1978,2,Brazilian Grand Prix,187,Watson,8,0
528,1978,2,Brazilian Grand Prix,172,Laffite,9,0
528,1978,2,Brazilian Grand Prix,119,Patrese,10,0
528,1978,2,Brazilian Grand Prix,178,Jones,11,0
529,1978,3,South African Grand Prix,238,Peterson,1,9
529,1978,3,South African Grand Prix,221,Depailler,2,6
529,1978,3,South African Grand Prix,187,Watson,3,4
529,1978,3,South African Grand Prix,178,Jones,4,3
529,1978,3,South African Grand Prix,172,Laffite,5,2
529,1978,3,South African Grand Prix,202,Pironi,6,1
529,1978,3,South African Grand Prix,207,Andretti,7,0
529,1978,3,South African Grand Prix,197,Jarier,8,0
529,1978,3,South African Grand Prix,243,Stommelen,9,0
529,1978,3,South African Grand Prix,212,Rebaque,10,0
529,1978,3,South African Grand Prix,239,Lunger,11,0
529,1978,3,South African Grand Prix,230,Brambilla,12,0
530,1978,4,United States Grand Prix West,199,Reutemann,1,9
530,1978,4,United States Grand Prix West,207,Andretti,2,6
530,1978,4,United States Grand Prix West,221,Depailler,3,4
530,1978,4,United States Grand Prix West,238,Peterson,4,3
530,1978,4,United States Grand Prix West,172,Laffite,5,2
530,1978,4,United States Grand Prix West,119,Patrese,6,1
530,1978,4,United States Grand Prix West,178,Jones,7,0
530,1978,4,United States Grand Prix West,224,Fittipaldi,8,0
530,1978,4,United States Grand Prix West,243,Stommelen,9,0
530,1978,4,United States Grand Prix West,223,Regazzoni,10,0
530,1978,4,United States Grand Prix West,197,Jarier,11,0
530,1978,4,United States Grand Prix West,175,Tambay,12,0
531,1978,5,Monaco Grand Prix,221,Depailler,1,9
531,1978,5,Monaco Grand Prix,182,Lauda,2,6
531,1978,5,Monaco Grand Prix,222,Scheckter,3,4
531,1978,5,Monaco Grand Prix,187,Watson,4,3
531,1978,5,Monaco Grand Prix,202,Pironi,5,2
531,1978,5,Monaco Grand Prix,119,Patrese,6,1
531,1978,5,Monaco Grand Prix,175,Tambay,7,0
531,1978,5,Monaco Grand Prix,199,Reutemann,8,0
531,1978,5,Monaco Grand Prix,224,Fittipaldi,9,0
531,1978,5,Monaco Grand Prix,219,Jabouille,10,0
531,1978,5,Monaco Grand Prix,207,Andretti,11,0
532,1978,6,Belgian Grand Prix,207,Andretti,1,9
532,1978,6,Belgian Grand Prix,238,Peterson,2,6
532,1978,6,Belgian Grand Prix,199,Reutemann,3,4
532,1978,6,Belgian Grand Prix,203,Villeneuve,4,3
532,1978,6,Belgian Grand Prix,172,Laffite,5,2
532,1978,6,Belgian Grand Prix,202,Pironi,6,1
532,1978,6,Belgian Grand Prix,239,Lunger,7,0
532,1978,6,Belgian Grand Prix,152,Giacomelli,8,0
532,1978,6,Belgian Grand Prix,163,Arnoux,9,0
532,1978,6,Belgian Grand Prix,178,Jones,10,0
532,1978,6,Belgian Grand Prix,200,Mass,11,0
532,1978,6,Belgian Grand Prix,235,Ickx,12,0
532,1978,6,Belgian Grand Prix,230,Brambilla,13,0
533,1978,7,Spanish Grand Prix,207,Andretti,1,9
533,1978,7,Spanish Grand Prix,238,Peterson,2,6
533,1978,7,Spanish Grand Prix,172,Laffite,3,4
533,1978,7,Spanish Grand Prix,222,Scheckter,4,3
533,1978,7,Spanish Grand Prix,187,Watson,5,2
533,1978,7,Spanish Grand Prix,231,Hunt,6,1
533,1978,7,Spanish Grand Prix,230,Brambilla,7,0
533,1978,7,Spanish Grand Prix,178,Jones,8,0
533,1978,7,Spanish Grand Prix,200,Mass,9,0
533,1978,7,Spanish Grand Prix,203,Villeneuve,10,0
533,1978,7,Spanish Grand Prix,211,Keegan,11,0
533,1978,7,Spanish Grand Prix,202,Pironi,12,0
533,1978,7,Spanish Grand Prix,219,Jabouille,13,0
533,1978,7,Spanish Grand Prix,243,Stommelen,14,0
533,1978,7,Spanish Grand Prix,223,Regazzoni,15,0
534,1978,8,Swedish Grand Prix,182,Lauda,1,9
534,1978,8,Swedish Grand Prix,119,Patrese,2,6
534,1978,8,Swedish Grand Prix,238,Peterson,3,4
534,1978,8,Swedish Grand Prix,175,Tambay,4,3
534,1978,8,Swedish Grand Prix,223,Regazzoni,5,2
534,1978,8,Swedish Grand Prix,224,Fittipaldi,6,1
534,1978,8,Swedish Grand Prix,172,Laffite,7,0
534,1978,8,Swedish Grand Prix,231,Hunt,8,0
534,1978,8,Swedish Grand Prix,203,Villeneuve,9,0
534,1978,8,Swedish Grand Prix,199,Reutemann,10,0
534,1978,8,Swedish Grand Prix,233,Stuck,11,0
534,1978,8,Swedish Grand Prix,212,Rebaque,12,0
534,1978,8,Swedish Grand Prix,200,Mass,13,0
534,1978,8,Swedish Grand Prix,243,Stommelen,14,0
534,1978,8,Swedish Grand Prix,177,Rosberg,15,0
535,1978,9,French Grand Prix,207,Andretti,1,9
535,1978,9,French Grand Prix,238,Peterson,2,6
535,1978,9,French Grand Prix,231,Hunt,3,4
535,1978,9,French Grand Prix,187,Watson,4,3
535,1978,9,French Grand Prix,178,Jones,5,2
535,1978,9,French Grand Prix,222,Scheckter,6,1
535,1978,9,French Grand Prix,172,Laffite,7,0
535,1978,9,French Grand Prix,119,Patrese,8,0
535,1978,9,French Grand Prix,175,Tambay,9,0
535,1978,9,French Grand Prix,202,Pironi,10,0
535,1978,9,French Grand Prix,233,Stuck,11,0
535,1978,9,French Grand Prix,203,Villeneuve,12,0
535,1978,9,French Grand Prix,200,Mass,13,0
535,1978,9,French Grand Prix,163,Arnoux,14,0
535,1978,9,French Grand Prix,243,Stommelen,15,0
535,1978,9,French Grand Prix,177,Rosberg,16,0
535,1978,9,French Grand Prix,230,Brambilla,17,0
535,1978,9,French Grand Prix,199,Reutemann,18,0
536,1978,10,British Grand Prix,199,Reutemann,1,9
536,1978,10,British Grand Prix,182,Lauda,2,6
536,1978,10,British Grand Prix,187,Watson,3,4
536,1978,10,British Grand Prix,221,Depailler,4,3
536,1978,10,British Grand Prix,233,Stuck,5,2
536,1978,10,British Grand Prix,175,Tambay,6,1
536,1978,10,British Grand Prix,152,Giacomelli,7,0
536,1978,10,British Grand Prix,239,Lunger,8,0
536,1978,10,British Grand Prix,230,Brambilla,9,0
536,1978,10,British Grand Prix,172,Laffite,10,0
537,1978,11,German Grand Prix,207,Andretti,1,9
537,1978,11,German Grand Prix,222,Scheckter,2,6
537,1978,11,German Grand Prix,172,Laffite,3,4
537,1978,11,German Grand Prix,224,Fittipaldi,4,3
537,1978,11,German Grand Prix,202,Pironi,5,2
537,1978,11,German Grand Prix,212,Rebaque,6,1
537,1978,11,German Grand Prix,187,Watson,7,0
537,1978,11,German Grand Prix,203,Villeneuve,8,0
537,1978,11,German Grand Prix,119,Patrese,9,0
537,1978,11,German Grand Prix,177,Rosberg,10,0
537,1978,11,German Grand Prix,229,Ertl,11,0
538,1978,12,Austrian Grand Prix,238,Peterson,1,9
538,1978,12,Austrian Grand Prix,221,Depailler,2,6
538,1978,12,Austrian Grand Prix,203,Villeneuve,3,4
538,1978,12,Austrian Grand Prix,224,Fittipaldi,4,3
538,1978,12,Austrian Grand Prix,172,Laffite,5,2
538,1978,12,Austrian Grand Prix,230,Brambilla,6,1
538,1978,12,Austrian Grand Prix,187,Watson,7,0
538,1978,12,Austrian Grand Prix,239,Lunger,8,0
538,1978,12,Austrian Grand Prix,163,Arnoux,9,0
539,1978,13,Dutch Grand Prix,207,Andretti,1,9
539,1978,13,Dutch Grand Prix,238,Peterson,2,6
539,1978,13,Dutch Grand Prix,182,Lauda,3,4
539,1978,13,Dutch Grand Prix,187,Watson,4,3
539,1978,13,Dutch Grand Prix,224,Fittipaldi,5,2
539,1978,13,Dutch Grand Prix,203,Villeneuve,6,1
539,1978,13,Dutch Grand Prix,199,Reutemann,7,0
539,1978,13,Dutch Grand Prix,172,Laffite,8,0
539,1978,13,Dutch Grand Prix,175,Tambay,9,0
539,1978,13,Dutch Grand Prix,231,Hunt,10,0
539,1978,13,Dutch Grand Prix,212,Rebaque,11,0
539,1978,13,Dutch Grand Prix,222,Scheckter,12,0
540,1978,14,Italian Grand Prix,182,Lauda,1,9
540,1978,14,Italian Grand Prix,187,Watson,2,6
540,1978,14,Italian Grand Prix,199,Reutemann,3,4
540,1978,14,Italian Grand Prix,172,Laffite,4,3
540,1978,14,Italian Grand Prix,175,Tambay,5,2
540,1978,14,Italian Grand Prix,207,Andretti,6,1
540,1978,14,Italian Grand Prix,203,Villeneuve,7,0
540,1978,14,Italian Grand Prix,224,Fittipaldi,8,0
540,1978,14,Italian Grand Prix,137,Piquet,9,0
540,1978,14,Italian Grand Prix,206,Daly,10,0
540,1978,14,Italian Grand Prix,221,Depailler,11,0
540,1978,14,Italian Grand Prix,222,Scheckter,12,0
540,1978,14,Italian Grand Prix,178,Jones,13,0
540,1978,14,Italian Grand Prix,152,Giacomelli,14,0
541,1978,15,United States Grand Prix,199,Reutemann,1,9
541,1978,15,United States Grand Prix,178,Jones,2,6
541,1978,15,United States Grand Prix,222,Scheckter,3,4
541,1978,15,United States Grand Prix,219,Jabouille,4,3
541,1978,15,United States Grand Prix,224,Fittipaldi,5,2
541,1978,15,United States Grand Prix,175,Tambay,6,1
541,1978,15,United States Grand Prix,231,Hunt,7,0
541,1978,15,United States Grand Prix,206,Daly,8,0
541,1978,15,United States Grand Prix,163,Arnoux,9,0
541,1978,15,United States Grand Prix,202,Pironi,10,0
541,1978,15,United States Grand Prix,172,Laffite,11,0
541,1978,15,United States Grand Prix,249,Rahal,12,0
541,1978,15,United States Grand Prix,239,Lunger,13,0
541,1978,15,United States Grand Prix,223,Regazzoni,14,0
541,1978,15,United States Grand Prix,197,Jarier,15,0
541,1978,15,United States Grand Prix,243,Stommelen,16,0
542,1978,16,Canadian Grand Prix,203,Villeneuve,1,9
542,1978,16,Canadian Grand Prix,222,Scheckter,2,6
542,1978,16,Canadian Grand Prix,199,Reutemann,3,4
542,1978,16,Canadian Grand Prix,119,Patrese,4,3
542,1978,16,Canadian Grand Prix,221,Depailler,5,2
542,1978,16,Canadian Grand Prix,206,Daly,6,1
542,1978,16,Canadian Grand Prix,202,Pironi,7,0
542,1978,16,Canadian Grand Prix,175,Tambay,8,0
542,1978,16,Canadian Grand Prix,178,Jones,9,0
542,1978,16,Canadian Grand Prix,207,Andretti,10,0
542,1978,16,Canadian Grand Prix,137,Piquet,11,0
542,1978,16,Canadian Grand Prix,219,Jabouille,12,0
543,1977,1,Argentine Grand Prix,222,Scheckter,1,9
543,1977,1,Argentine Grand Prix,250,Pace,2,6
543,1977,1,Argentine Grand Prix,199,Reutemann,3,4
543,1977,1,Argentine Grand Prix,224,Fittipaldi,4,3
543,1977,1,Argentine Grand Prix,207,Andretti,5,2
543,1977,1,Argentine Grand Prix,223,Regazzoni,6,1
543,1977,1,Argentine Grand Prix,230,Brambilla,7,0
544,1977,2,Brazilian Grand Prix,199,Reutemann,1,9
544,1977,2,Brazilian Grand Prix,231,Hunt,2,6
544,1977,2,Brazilian Grand Prix,182,Lauda,3,4
544,1977,2,Brazilian Grand Prix,224,Fittipaldi,4,3
544,1977,2,Brazilian Grand Prix,255,Nilsson,5,2
544,1977,2,Brazilian Grand Prix,254,Zorzi,6,1
544,1977,2,Brazilian Grand Prix,253,Hoffmann,7,0
545,1977,3,South African Grand Prix,182,Lauda,1,9
545,1977,3,South African Grand Prix,222,Scheckter,2,6
545,1977,3,South African Grand Prix,221,Depailler,3,4
545,1977,3,South African Grand Prix,231,Hunt,4,3
545,1977,3,South African Grand Prix,200,Mass,5,2
545,1977,3,South African Grand Prix,187,Watson,6,1
545,1977,3,South African Grand Prix,230,Brambilla,7,0
545,1977,3,South African Grand Prix,199,Reutemann,8,0
545,1977,3,South African Grand Prix,223,Regazzoni,9,0
545,1977,3,South African Grand Prix,224,Fittipaldi,10,0
545,1977,3,South African Grand Prix,246,Binder,11,0
545,1977,3,South African Grand Prix,255,Nilsson,12,0
545,1977,3,South African Grand Prix,250,Pace,13,0
545,1977,3,South African Grand Prix,239,Lunger,14,0
545,1977,3,South African Grand Prix,256,Perkins,15,0
546,1977,4,United States Grand Prix West,207,Andretti,1,9
546,1977,4,United States Grand Prix West,182,Lauda,2,6
546,1977,4,United States Grand Prix West,222,Scheckter,3,4
546,1977,4,United States Grand Prix West,221,Depailler,4,3
546,1977,4,United States Grand Prix West,224,Fittipaldi,5,2
546,1977,4,United States Grand Prix West,197,Jarier,6,1
546,1977,4,United States Grand Prix West,231,Hunt,7,0
546,1977,4,United States Grand Prix West,255,Nilsson,8,0
546,1977,4,United States Grand Prix West,172,Laffite,9,0
546,1977,4,United States Grand Prix West,205,Henton,10,0
546,1977,4,United States Grand Prix West,246,Binder,11,0
547,1977,5,Spanish Grand Prix,207,Andretti,1,9
547,1977,5,Spanish Grand Prix,199,Reutemann,2,6
547,1977,5,Spanish Grand Prix,222,Scheckter,3,4
547,1977,5,Spanish Grand Prix,200,Mass,4,3
547,1977,5,Spanish Grand Prix,255,Nilsson,5,2
547,1977,5,Spanish Grand Prix,233,Stuck,6,1
547,1977,5,Spanish Grand Prix,172,Laffite,7,0
547,1977,5,Spanish Grand Prix,238,Peterson,8,0
547,1977,5,Spanish Grand Prix,246,Binder,9,0
547,1977,5,Spanish Grand Prix,239,Lunger,10,0
547,1977,5,Spanish Grand Prix,251,Scheckter,11,0
547,1977,5,Spanish Grand Prix,258,Nève,12,0
547,1977,5,Spanish Grand Prix,208,de Villota,13,0
547,1977,5,Spanish Grand Prix,224,Fittipaldi,14,0
548,1977,6,Monaco Grand Prix,222,Scheckter,1,9
548,1977,6,Monaco Grand Prix,182,Lauda,2,6
548,1977,6,Monaco Grand Prix,199,Reutemann,3,4
548,1977,6,Monaco Grand Prix,200,Mass,4,3
548,1977,6,Monaco Grand Prix,207,Andretti,5,2
548,1977,6,Monaco Grand Prix,178,Jones,6,1
548,1977,6,Monaco Grand Prix,172,Laffite,7,0
548,1977,6,Monaco Grand Prix,230,Brambilla,8,0
548,1977,6,Monaco Grand Prix,119,Patrese,9,0
548,1977,6,Monaco Grand Prix,235,Ickx,10,0
548,1977,6,Monaco Grand Prix,197,Jarier,11,0
548,1977,6,Monaco Grand Prix,211,Keegan,12,0
549,1977,7,Belgian Grand Prix,255,Nilsson,1,9
549,1977,7,Belgian Grand Prix,182,Lauda,2,6
549,1977,7,Belgian Grand Prix,238,Peterson,3,4
549,1977,7,Belgian Grand Prix,230,Brambilla,4,3
549,1977,7,Belgian Grand Prix,178,Jones,5,2
549,1977,7,Belgian Grand Prix,233,Stuck,6,1
549,1977,7,Belgian Grand Prix,231,Hunt,7,0
549,1977,7,Belgian Grand Prix,221,Depailler,8,0
549,1977,7,Belgian Grand Prix,229,Ertl,9,0
549,1977,7,Belgian Grand Prix,258,Nève,10,0
549,1977,7,Belgian Grand Prix,197,Jarier,11,0
549,1977,7,Belgian Grand Prix,256,Perkins,12,0
549,1977,7,Belgian Grand Prix,259,Purley,13,0
549,1977,7,Belgian Grand Prix,232,Merzario,14,0
550,1977,8,Swedish Grand Prix,172,Laffite,1,9
550,1977,8,Swedish Grand Prix,200,Mass,2,6
550,1977,8,Swedish Grand Prix,199,Reutemann,3,4
550,1977,8,Swedish Grand Prix,221,Depailler,4,3
550,1977,8,Swedish Grand Prix,187,Watson,5,2
550,1977,8,Swedish Grand Prix,207,Andretti,6,1
550,1977,8,Swedish Grand Prix,223,Regazzoni,7,0
550,1977,8,Swedish Grand Prix,197,Jarier,8,0
550,1977,8,Swedish Grand Prix,262,Oliver,9,0
550,1977,8,Swedish Grand Prix,233,Stuck,10,0
550,1977,8,Swedish Grand Prix,239,Lunger,11,0
550,1977,8,Swedish Grand Prix,231,Hunt,12,0
550,1977,8,Swedish Grand Prix,211,Keegan,13,0
550,1977,8,Swedish Grand Prix,259,Purley,14,0
550,1977,8,Swedish Grand Prix,258,Nève,15,0
550,1977,8,Swedish Grand Prix,229,Ertl,16,0
550,1977,8,Swedish Grand Prix,178,Jones,17,0
550,1977,8,Swedish Grand Prix,224,Fittipaldi,18,0
550,1977,8,Swedish Grand Prix,255,Nilsson,19,0
551,1977,9,French Grand Prix,207,Andretti,1,9
551,1977,9,French Grand Prix,187,Watson,2,6
551,1977,9,French Grand Prix,231,Hunt,3,4
551,1977,9,French Grand Prix,255,Nilsson,4,3
551,1977,9,French Grand Prix,182,Lauda,5,2
551,1977,9,French Grand Prix,199,Reutemann,6,1
551,1977,9,French Grand Prix,223,Regazzoni,7,0
551,1977,9,French Grand Prix,172,Laffite,8,0
551,1977,9,French Grand Prix,200,Mass,9,0
551,1977,9,French Grand Prix,211,Keegan,10,0
551,1977,9,French Grand Prix,224,Fittipaldi,11,0
551,1977,9,French Grand Prix,238,Peterson,12,0
551,1977,9,French Grand Prix,230,Brambilla,13,0
552,1977,10,British Grand Prix,231,Hunt,1,9
552,1977,10,British Grand Prix,182,Lauda,2,6
552,1977,10,British Grand Prix,255,Nilsson,3,4
552,1977,10,British Grand Prix,200,Mass,4,3
552,1977,10,British Grand Prix,233,Stuck,5,2
552,1977,10,British Grand Prix,172,Laffite,6,1
552,1977,10,British Grand Prix,178,Jones,7,0
552,1977,10,British Grand Prix,230,Brambilla,8,0
552,1977,10,British Grand Prix,197,Jarier,9,0
552,1977,10,British Grand Prix,258,Nève,10,0
552,1977,10,British Grand Prix,203,Villeneuve,11,0
552,1977,10,British Grand Prix,267,Schuppan,12,0
552,1977,10,British Grand Prix,239,Lunger,13,0
552,1977,10,British Grand Prix,207,Andretti,14,0
552,1977,10,British Grand Prix,199,Reutemann,15,0
553,1977,11,German Grand Prix,182,Lauda,1,9
553,1977,11,German Grand Prix,222,Scheckter,2,6
553,1977,11,German Grand Prix,233,Stuck,3,4
553,1977,11,German Grand Prix,199,Reutemann,4,3
553,1977,11,German Grand Prix,230,Brambilla,5,2
553,1977,11,German Grand Prix,175,Tambay,6,1
553,1977,11,German Grand Prix,267,Schuppan,7,0
553,1977,11,German Grand Prix,237,Ribeiro,8,0
553,1977,11,German Grand Prix,238,Peterson,9,0
553,1977,11,German Grand Prix,119,Patrese,10,0
554,1977,12,Austrian Grand Prix,178,Jones,1,9
554,1977,12,Austrian Grand Prix,182,Lauda,2,6
554,1977,12,Austrian Grand Prix,233,Stuck,3,4
554,1977,12,Austrian Grand Prix,199,Reutemann,4,3
554,1977,12,Austrian Grand Prix,238,Peterson,5,2
554,1977,12,Austrian Grand Prix,200,Mass,6,1
554,1977,12,Austrian Grand Prix,211,Keegan,7,0
554,1977,12,Austrian Grand Prix,187,Watson,8,0
554,1977,12,Austrian Grand Prix,258,Nève,9,0
554,1977,12,Austrian Grand Prix,239,Lunger,10,0
554,1977,12,Austrian Grand Prix,224,Fittipaldi,11,0
554,1977,12,Austrian Grand Prix,246,Binder,12,0
554,1977,12,Austrian Grand Prix,221,Depailler,13,0
554,1977,12,Austrian Grand Prix,197,Jarier,14,0
554,1977,12,Austrian Grand Prix,230,Brambilla,15,0
554,1977,12,Austrian Grand Prix,267,Schuppan,16,0
554,1977,12,Austrian Grand Prix,208,de Villota,17,0
555,1977,13,Dutch Grand Prix,182,Lauda,1,9
555,1977,13,Dutch Grand Prix,172,Laffite,2,6
555,1977,13,Dutch Grand Prix,222,Scheckter,3,4
555,1977,13,Dutch Grand Prix,224,Fittipaldi,4,3
555,1977,13,Dutch Grand Prix,175,Tambay,5,2
555,1977,13,Dutch Grand Prix,199,Reutemann,6,1
555,1977,13,Dutch Grand Prix,233,Stuck,7,0
555,1977,13,Dutch Grand Prix,246,Binder,8,0
555,1977,13,Dutch Grand Prix,239,Lunger,9,0
555,1977,13,Dutch Grand Prix,251,Scheckter,10,0
555,1977,13,Dutch Grand Prix,237,Ribeiro,11,0
555,1977,13,Dutch Grand Prix,230,Brambilla,12,0
555,1977,13,Dutch Grand Prix,119,Patrese,13,0
556,1977,14,Italian Grand Prix,207,Andretti,1,9
556,1977,14,Italian Grand Prix,182,Lauda,2,6
556,1977,14,Italian Grand Prix,178,Jones,3,4
556,1977,14,Italian Grand Prix,200,Mass,4,3
556,1977,14,Italian Grand Prix,223,Regazzoni,5,2
556,1977,14,Italian Grand Prix,238,Peterson,6,1
556,1977,14,Italian Grand Prix,258,Nève,7,0
556,1977,14,Italian Grand Prix,172,Laffite,8,0
556,1977,14,Italian Grand Prix,211,Keegan,9,0
557,1977,15,United States Grand Prix,231,Hunt,1,9
557,1977,15,United States Grand Prix,207,Andretti,2,6
557,1977,15,United States Grand Prix,222,Scheckter,3,4
557,1977,15,United States Grand Prix,182,Lauda,4,3
557,1977,15,United States Grand Prix,223,Regazzoni,5,2
557,1977,15,United States Grand Prix,199,Reutemann,6,1
557,1977,15,United States Grand Prix,172,Laffite,7,0
557,1977,15,United States Grand Prix,211,Keegan,8,0
557,1977,15,United States Grand Prix,197,Jarier,9,0
557,1977,15,United States Grand Prix,239,Lunger,10,0
557,1977,15,United States Grand Prix,246,Binder,11,0
557,1977,15,United States Grand Prix,187,Watson,12,0
557,1977,15,United States Grand Prix,224,Fittipaldi,13,0
557,1977,15,United States Grand Prix,221,Depailler,14,0
557,1977,15,United States Grand Prix,237,Ribeiro,15,0
557,1977,15,United States Grand Prix,238,Peterson,16,0
557,1977,15,United States Grand Prix,270,Ashley,17,0
557,1977,15,United States Grand Prix,258,Nève,18,0
557,1977,15,United States Grand Prix,230,Brambilla,19,0
558,1977,16,Canadian Grand Prix,222,Scheckter,1,9
558,1977,16,Canadian Grand Prix,221,Depailler,2,6
558,1977,16,Canadian Grand Prix,200,Mass,3,4
558,1977,16,Canadian Grand Prix,178,Jones,4,3
558,1977,16,Canadian Grand Prix,175,Tambay,5,2
558,1977,16,Canadian Grand Prix,230,Brambilla,6,1
558,1977,16,Canadian Grand Prix,240,Ongais,7,0
558,1977,16,Canadian Grand Prix,237,Ribeiro,8,0
558,1977,16,Canadian Grand Prix,207,Andretti,9,0
558,1977,16,Canadian Grand Prix,119,Patrese,10,0
558,1977,16,Canadian Grand Prix,239,Lunger,11,0
558,1977,16,Canadian Grand Prix,203,Villeneuve,12,0
559,1977,17,Japanese Grand Prix,231,Hunt,1,9
559,1977,17,Japanese Grand Prix,199,Reutemann,2,6
559,1977,17,Japanese Grand Prix,221,Depailler,3,4
559,1977,17,Japanese Grand Prix,178,Jones,4,3
559,1977,17,Japanese Grand Prix,172,Laffite,5,2
559,1977,17,Japanese Grand Prix,119,Patrese,6,1
559,1977,17,Japanese Grand Prix,233,Stuck,7,0
559,1977,17,Japanese Grand Prix,230,Brambilla,8,0
559,1977,17,Japanese Grand Prix,272,Takahashi,9,0
559,1977,17,Japanese Grand Prix,222,Scheckter,10,0
559,1977,17,Japanese Grand Prix,273,Hoshino,11,0
559,1977,17,Japanese Grand Prix,237,Ribeiro,12,0
560,1976,1,Brazilian Grand Prix,182,Lauda,1,9
560,1976,1,Brazilian Grand Prix,221,Depailler,2,6
560,1976,1,Brazilian Grand Prix,252,Pryce,3,4
560,1976,1,Brazilian Grand Prix,233,Stuck,4,3
560,1976,1,Brazilian Grand Prix,222,Scheckter,5,2
560,1976,1,Brazilian Grand Prix,200,Mass,6,1
560,1976,1,Brazilian Grand Prix,223,Regazzoni,7,0
560,1976,1,Brazilian Grand Prix,235,Ickx,8,0
560,1976,1,Brazilian Grand Prix,254,Zorzi,9,0
560,1976,1,Brazilian Grand Prix,250,Pace,10,0
560,1976,1,Brazilian Grand Prix,253,Hoffmann,11,0
560,1976,1,Brazilian Grand Prix,199,Reutemann,12,0
560,1976,1,Brazilian Grand Prix,224,Fittipaldi,13,0
560,1976,1,Brazilian Grand Prix,275,Lombardi,14,0
561,1976,2,South African Grand Prix,182,Lauda,1,9
561,1976,2,South African Grand Prix,231,Hunt,2,6
561,1976,2,South African Grand Prix,200,Mass,3,4
561,1976,2,South African Grand Prix,222,Scheckter,4,3
561,1976,2,South African Grand Prix,187,Watson,5,2
561,1976,2,South African Grand Prix,207,Andretti,6,1
561,1976,2,South African Grand Prix,252,Pryce,7,0
561,1976,2,South African Grand Prix,230,Brambilla,8,0
561,1976,2,South African Grand Prix,221,Depailler,9,0
561,1976,2,South African Grand Prix,276,Evans,10,0
561,1976,2,South African Grand Prix,239,Lunger,11,0
561,1976,2,South African Grand Prix,233,Stuck,12,0
561,1976,2,South African Grand Prix,277,Leclère,13,0
561,1976,2,South African Grand Prix,278,Amon,14,0
561,1976,2,South African Grand Prix,229,Ertl,15,0
561,1976,2,South African Grand Prix,235,Ickx,16,0
561,1976,2,South African Grand Prix,224,Fittipaldi,17,0
562,1976,3,United States Grand Prix West,223,Regazzoni,1,9
562,1976,3,United States Grand Prix West,182,Lauda,2,6
562,1976,3,United States Grand Prix West,221,Depailler,3,4
562,1976,3,United States Grand Prix West,172,Laffite,4,3
562,1976,3,United States Grand Prix West,200,Mass,5,2
562,1976,3,United States Grand Prix West,224,Fittipaldi,6,1
562,1976,3,United States Grand Prix West,197,Jarier,7,0
562,1976,3,United States Grand Prix West,278,Amon,8,0
562,1976,3,United States Grand Prix West,250,Pace,9,0
562,1976,3,United States Grand Prix West,238,Peterson,10,0
563,1976,4,Spanish Grand Prix,231,Hunt,1,9
563,1976,4,Spanish Grand Prix,182,Lauda,2,6
563,1976,4,Spanish Grand Prix,255,Nilsson,3,4
563,1976,4,Spanish Grand Prix,199,Reutemann,4,3
563,1976,4,Spanish Grand Prix,278,Amon,5,2
563,1976,4,Spanish Grand Prix,250,Pace,6,1
563,1976,4,Spanish Grand Prix,235,Ickx,7,0
563,1976,4,Spanish Grand Prix,252,Pryce,8,0
563,1976,4,Spanish Grand Prix,178,Jones,9,0
563,1976,4,Spanish Grand Prix,277,Leclère,10,0
563,1976,4,Spanish Grand Prix,223,Regazzoni,11,0
563,1976,4,Spanish Grand Prix,172,Laffite,12,0
563,1976,4,Spanish Grand Prix,256,Perkins,13,0
564,1976,5,Belgian Grand Prix,182,Lauda,1,9
564,1976,5,Belgian Grand Prix,223,Regazzoni,2,6
564,1976,5,Belgian Grand Prix,172,Laffite,3,4
564,1976,5,Belgian Grand Prix,222,Scheckter,4,3
564,1976,5,Belgian Grand Prix,178,Jones,5,2
564,1976,5,Belgian Grand Prix,200,Mass,6,1
564,1976,5,Belgian Grand Prix,187,Watson,7,0
564,1976,5,Belgian Grand Prix,256,Perkins,8,0
564,1976,5,Belgian Grand Prix,197,Jarier,9,0
564,1976,5,Belgian Grand Prix,252,Pryce,10,0
564,1976,5,Belgian Grand Prix,277,Leclère,11,0
564,1976,5,Belgian Grand Prix,271,Kessel,12,0
565,1976,6,Monaco Grand Prix,182,Lauda,1,9
565,1976,6,Monaco Grand Prix,222,Scheckter,2,6
565,1976,6,Monaco Grand Prix,221,Depailler,3,4
565,1976,6,Monaco Grand Prix,233,Stuck,4,3
565,1976,6,Monaco Grand Prix,200,Mass,5,2
565,1976,6,Monaco Grand Prix,224,Fittipaldi,6,1
565,1976,6,Monaco Grand Prix,252,Pryce,7,0
565,1976,6,Monaco Grand Prix,197,Jarier,8,0
565,1976,6,Monaco Grand Prix,250,Pace,9,0
565,1976,6,Monaco Grand Prix,187,Watson,10,0
565,1976,6,Monaco Grand Prix,277,Leclère,11,0
565,1976,6,Monaco Grand Prix,172,Laffite,12,0
565,1976,6,Monaco Grand Prix,278,Amon,13,0
565,1976,6,Monaco Grand Prix,223,Regazzoni,14,0
566,1976,7,Swedish Grand Prix,222,Scheckter,1,9
566,1976,7,Swedish Grand Prix,221,Depailler,2,6
566,1976,7,Swedish Grand Prix,182,Lauda,3,4
566,1976,7,Swedish Grand Prix,172,Laffite,4,3
566,1976,7,Swedish Grand Prix,231,Hunt,5,2
566,1976,7,Swedish Grand Prix,223,Regazzoni,6,1
566,1976,7,Swedish Grand Prix,238,Peterson,7,0
566,1976,7,Swedish Grand Prix,250,Pace,8,0
566,1976,7,Swedish Grand Prix,252,Pryce,9,0
566,1976,7,Swedish Grand Prix,230,Brambilla,10,0
566,1976,7,Swedish Grand Prix,200,Mass,11,0
566,1976,7,Swedish Grand Prix,197,Jarier,12,0
566,1976,7,Swedish Grand Prix,178,Jones,13,0
566,1976,7,Swedish Grand Prix,232,Merzario,14,0
566,1976,7,Swedish Grand Prix,239,Lunger,15,0
567,1976,8,French Grand Prix,231,Hunt,1,9
567,1976,8,French Grand Prix,221,Depailler,2,6
567,1976,8,French Grand Prix,187,Watson,3,4
567,1976,8,French Grand Prix,250,Pace,4,3
567,1976,8,French Grand Prix,207,Andretti,5,2
567,1976,8,French Grand Prix,222,Scheckter,6,1
567,1976,8,French Grand Prix,233,Stuck,7,0
567,1976,8,French Grand Prix,252,Pryce,8,0
567,1976,8,French Grand Prix,232,Merzario,9,0
567,1976,8,French Grand Prix,235,Ickx,10,0
567,1976,8,French Grand Prix,199,Reutemann,11,0
567,1976,8,French Grand Prix,197,Jarier,12,0
567,1976,8,French Grand Prix,277,Leclère,13,0
567,1976,8,French Grand Prix,172,Laffite,14,0
567,1976,8,French Grand Prix,200,Mass,15,0
567,1976,8,French Grand Prix,239,Lunger,16,0
567,1976,8,French Grand Prix,265,Edwards,17,0
567,1976,8,French Grand Prix,258,Nève,18,0
567,1976,8,French Grand Prix,238,Peterson,19,0
568,1976,9,British Grand Prix,182,Lauda,1,9
568,1976,9,British Grand Prix,222,Scheckter,2,6
568,1976,9,British Grand Prix,187,Watson,3,4
568,1976,9,British Grand Prix,252,Pryce,4,3
568,1976,9,British Grand Prix,178,Jones,5,2
568,1976,9,British Grand Prix,224,Fittipaldi,6,1
568,1976,9,British Grand Prix,229,Ertl,7,0
568,1976,9,British Grand Prix,250,Pace,8,0
568,1976,9,British Grand Prix,197,Jarier,9,0
569,1976,10,German Grand Prix,231,Hunt,1,9
569,1976,10,German Grand Prix,222,Scheckter,2,6
569,1976,10,German Grand Prix,200,Mass,3,4
569,1976,10,German Grand Prix,250,Pace,4,3
569,1976,10,German Grand Prix,255,Nilsson,5,2
569,1976,10,German Grand Prix,243,Stommelen,6,1
569,1976,10,German Grand Prix,187,Watson,7,0
569,1976,10,German Grand Prix,252,Pryce,8,0
569,1976,10,German Grand Prix,223,Regazzoni,9,0
569,1976,10,German Grand Prix,178,Jones,10,0
569,1976,10,German Grand Prix,197,Jarier,11,0
569,1976,10,German Grand Prix,207,Andretti,12,0
569,1976,10,German Grand Prix,224,Fittipaldi,13,0
569,1976,10,German Grand Prix,284,Pesenti-Rossi,14,0
569,1976,10,German Grand Prix,265,Edwards,15,0
570,1976,11,Austrian Grand Prix,187,Watson,1,9
570,1976,11,Austrian Grand Prix,172,Laffite,2,6
570,1976,11,Austrian Grand Prix,255,Nilsson,3,4
570,1976,11,Austrian Grand Prix,231,Hunt,4,3
570,1976,11,Austrian Grand Prix,207,Andretti,5,2
570,1976,11,Austrian Grand Prix,238,Peterson,6,1
570,1976,11,Austrian Grand Prix,200,Mass,7,0
570,1976,11,Austrian Grand Prix,229,Ertl,8,0
570,1976,11,Austrian Grand Prix,280,Pescarolo,9,0
570,1976,11,Austrian Grand Prix,239,Lunger,10,0
570,1976,11,Austrian Grand Prix,284,Pesenti-Rossi,11,0
570,1976,11,Austrian Grand Prix,275,Lombardi,12,0
571,1976,12,Dutch Grand Prix,231,Hunt,1,9
571,1976,12,Dutch Grand Prix,223,Regazzoni,2,6
571,1976,12,Dutch Grand Prix,207,Andretti,3,4
571,1976,12,Dutch Grand Prix,252,Pryce,4,3
571,1976,12,Dutch Grand Prix,222,Scheckter,5,2
571,1976,12,Dutch Grand Prix,230,Brambilla,6,1
571,1976,12,Dutch Grand Prix,221,Depailler,7,0
571,1976,12,Dutch Grand Prix,178,Jones,8,0
571,1976,12,Dutch Grand Prix,200,Mass,9,0
571,1976,12,Dutch Grand Prix,197,Jarier,10,0
571,1976,12,Dutch Grand Prix,280,Pescarolo,11,0
571,1976,12,Dutch Grand Prix,243,Stommelen,12,0
572,1976,13,Italian Grand Prix,238,Peterson,1,9
572,1976,13,Italian Grand Prix,223,Regazzoni,2,6
572,1976,13,Italian Grand Prix,172,Laffite,3,4
572,1976,13,Italian Grand Prix,182,Lauda,4,3
572,1976,13,Italian Grand Prix,222,Scheckter,5,2
572,1976,13,Italian Grand Prix,221,Depailler,6,1
572,1976,13,Italian Grand Prix,230,Brambilla,7,0
572,1976,13,Italian Grand Prix,252,Pryce,8,0
572,1976,13,Italian Grand Prix,199,Reutemann,9,0
572,1976,13,Italian Grand Prix,235,Ickx,10,0
572,1976,13,Italian Grand Prix,187,Watson,11,0
572,1976,13,Italian Grand Prix,178,Jones,12,0
572,1976,13,Italian Grand Prix,255,Nilsson,13,0
572,1976,13,Italian Grand Prix,239,Lunger,14,0
572,1976,13,Italian Grand Prix,224,Fittipaldi,15,0
572,1976,13,Italian Grand Prix,229,Ertl,16,0
572,1976,13,Italian Grand Prix,280,Pescarolo,17,0
572,1976,13,Italian Grand Prix,284,Pesenti-Rossi,18,0
572,1976,13,Italian Grand Prix,197,Jarier,19,0
573,1976,14,Canadian Grand Prix,231,Hunt,1,9
573,1976,14,Canadian Grand Prix,221,Depailler,2,6
573,1976,14,Canadian Grand Prix,207,Andretti,3,4
573,1976,14,Canadian Grand Prix,222,Scheckter,4,3
573,1976,14,Canadian Grand Prix,200,Mass,5,2
573,1976,14,Canadian Grand Prix,223,Regazzoni,6,1
573,1976,14,Canadian Grand Prix,250,Pace,7,0
573,1976,14,Canadian Grand Prix,182,Lauda,8,0
573,1976,14,Canadian Grand Prix,238,Peterson,9,0
573,1976,14,Canadian Grand Prix,187,Watson,10,0
573,1976,14,Canadian Grand Prix,252,Pryce,11,0
573,1976,14,Canadian Grand Prix,255,Nilsson,12,0
573,1976,14,Canadian Grand Prix,235,Ickx,13,0
573,1976,14,Canadian Grand Prix,230,Brambilla,14,0
573,1976,14,Canadian Grand Prix,239,Lunger,15,0
573,1976,14,Canadian Grand Prix,178,Jones,16,0
573,1976,14,Canadian Grand Prix,256,Perkins,17,0
573,1976,14,Canadian Grand Prix,197,Jarier,18,0
573,1976,14,Canadian Grand Prix,280,Pescarolo,19,0
573,1976,14,Canadian Grand Prix,265,Edwards,20,0
574,1976,15,United States Grand Prix,231,Hunt,1,9
574,1976,15,United States Grand Prix,222,Scheckter,2,6
574,1976,15,United States Grand Prix,182,Lauda,3,4
574,1976,15,United States Grand Prix,200,Mass,4,3
574,1976,15,United States Grand Prix,233,Stuck,5,2
574,1976,15,United States Grand Prix,187,Watson,6,1
574,1976,15,United States Grand Prix,223,Regazzoni,7,0
574,1976,15,United States Grand Prix,178,Jones,8,0
574,1976,15,United States Grand Prix,224,Fittipaldi,9,0
574,1976,15,United States Grand Prix,197,Jarier,10,0
574,1976,15,United States Grand Prix,239,Lunger,11,0
574,1976,15,United States Grand Prix,237,Ribeiro,12,0
574,1976,15,United States Grand Prix,229,Ertl,13,0
574,1976,15,United States Grand Prix,286,Brown,14,0
575,1976,16,Japanese Grand Prix,207,Andretti,1,9
575,1976,16,Japanese Grand Prix,221,Depailler,2,6
575,1976,16,Japanese Grand Prix,231,Hunt,3,4
575,1976,16,Japanese Grand Prix,178,Jones,4,3
575,1976,16,Japanese Grand Prix,223,Regazzoni,5,2
575,1976,16,Japanese Grand Prix,255,Nilsson,6,1
575,1976,16,Japanese Grand Prix,172,Laffite,7,0
575,1976,16,Japanese Grand Prix,229,Ertl,8,0
575,1976,16,Japanese Grand Prix,274,Takahara,9,0
575,1976,16,Japanese Grand Prix,197,Jarier,10,0
575,1976,16,Japanese Grand Prix,287,Hasemi,11,0
576,1975,1,Argentine Grand Prix,224,Fittipaldi,1,9
576,1975,1,Argentine Grand Prix,231,Hunt,2,6
576,1975,1,Argentine Grand Prix,199,Reutemann,3,4
576,1975,1,Argentine Grand Prix,223,Regazzoni,4,3
576,1975,1,Argentine Grand Prix,221,Depailler,5,2
576,1975,1,Argentine Grand Prix,182,Lauda,6,1
576,1975,1,Argentine Grand Prix,288,Donohue,7,0
576,1975,1,Argentine Grand Prix,235,Ickx,8,0
576,1975,1,Argentine Grand Prix,230,Brambilla,9,0
576,1975,1,Argentine Grand Prix,289,Hill,10,0
576,1975,1,Argentine Grand Prix,222,Scheckter,11,0
576,1975,1,Argentine Grand Prix,252,Pryce,12,0
576,1975,1,Argentine Grand Prix,243,Stommelen,13,0
576,1975,1,Argentine Grand Prix,200,Mass,14,0
577,1975,2,Brazilian Grand Prix,250,Pace,1,9
577,1975,2,Brazilian Grand Prix,224,Fittipaldi,2,6
577,1975,2,Brazilian Grand Prix,200,Mass,3,4
577,1975,2,Brazilian Grand Prix,223,Regazzoni,4,3
577,1975,2,Brazilian Grand Prix,182,Lauda,5,2
577,1975,2,Brazilian Grand Prix,231,Hunt,6,1
577,1975,2,Brazilian Grand Prix,207,Andretti,7,0
577,1975,2,Brazilian Grand Prix,199,Reutemann,8,0
577,1975,2,Brazilian Grand Prix,235,Ickx,9,0
577,1975,2,Brazilian Grand Prix,187,Watson,10,0
577,1975,2,Brazilian Grand Prix,172,Laffite,11,0
577,1975,2,Brazilian Grand Prix,289,Hill,12,0
577,1975,2,Brazilian Grand Prix,290,Fittipaldi,13,0
577,1975,2,Brazilian Grand Prix,243,Stommelen,14,0
577,1975,2,Brazilian Grand Prix,238,Peterson,15,0
578,1975,3,South African Grand Prix,222,Scheckter,1,9
578,1975,3,South African Grand Prix,199,Reutemann,2,6
578,1975,3,South African Grand Prix,221,Depailler,3,4
578,1975,3,South African Grand Prix,250,Pace,4,3
578,1975,3,South African Grand Prix,182,Lauda,5,2
578,1975,3,South African Grand Prix,200,Mass,6,1
578,1975,3,South African Grand Prix,243,Stommelen,7,0
578,1975,3,South African Grand Prix,288,Donohue,8,0
578,1975,3,South African Grand Prix,252,Pryce,9,0
578,1975,3,South African Grand Prix,238,Peterson,10,0
578,1975,3,South African Grand Prix,291,Tunmer,11,0
578,1975,3,South African Grand Prix,235,Ickx,12,0
578,1975,3,South African Grand Prix,292,Keizan,13,0
578,1975,3,South African Grand Prix,293,Charlton,14,0
578,1975,3,South African Grand Prix,276,Evans,15,0
578,1975,3,South African Grand Prix,223,Regazzoni,16,0
578,1975,3,South African Grand Prix,207,Andretti,17,0
579,1975,4,Spanish Grand Prix,200,Mass,1,4.5
579,1975,4,Spanish Grand Prix,235,Ickx,2,3
579,1975,4,Spanish Grand Prix,199,Reutemann,3,2
579,1975,4,Spanish Grand Prix,197,Jarier,4,1.5
579,1975,4,Spanish Grand Prix,230,Brambilla,5,1
579,1975,4,Spanish Grand Prix,275,Lombardi,6,0.5
579,1975,4,Spanish Grand Prix,294,Brise,7,0
579,1975,4,Spanish Grand Prix,187,Watson,8,0
580,1975,5,Monaco Grand Prix,182,Lauda,1,9
580,1975,5,Monaco Grand Prix,224,Fittipaldi,2,6
580,1975,5,Monaco Grand Prix,250,Pace,3,4
580,1975,5,Monaco Grand Prix,238,Peterson,4,3
580,1975,5,Monaco Grand Prix,221,Depailler,5,2
580,1975,5,Monaco Grand Prix,200,Mass,6,1
580,1975,5,Monaco Grand Prix,222,Scheckter,7,0
580,1975,5,Monaco Grand Prix,235,Ickx,8,0
580,1975,5,Monaco Grand Prix,199,Reutemann,9,0
581,1975,6,Belgian Grand Prix,182,Lauda,1,9
581,1975,6,Belgian Grand Prix,222,Scheckter,2,6
581,1975,6,Belgian Grand Prix,199,Reutemann,3,4
581,1975,6,Belgian Grand Prix,221,Depailler,4,3
581,1975,6,Belgian Grand Prix,223,Regazzoni,5,2
581,1975,6,Belgian Grand Prix,252,Pryce,6,1
581,1975,6,Belgian Grand Prix,224,Fittipaldi,7,0
581,1975,6,Belgian Grand Prix,250,Pace,8,0
581,1975,6,Belgian Grand Prix,276,Evans,9,0
581,1975,6,Belgian Grand Prix,187,Watson,10,0
581,1975,6,Belgian Grand Prix,288,Donohue,11,0
581,1975,6,Belgian Grand Prix,290,Fittipaldi,12,0
582,1975,7,Swedish Grand Prix,182,Lauda,1,9
582,1975,7,Swedish Grand Prix,199,Reutemann,2,6
582,1975,7,Swedish Grand Prix,223,Regazzoni,3,4
582,1975,7,Swedish Grand Prix,207,Andretti,4,3
582,1975,7,Swedish Grand Prix,288,Donohue,5,2
582,1975,7,Swedish Grand Prix,294,Brise,6,1
582,1975,7,Swedish Grand Prix,222,Scheckter,7,0
582,1975,7,Swedish Grand Prix,224,Fittipaldi,8,0
582,1975,7,Swedish Grand Prix,238,Peterson,9,0
582,1975,7,Swedish Grand Prix,297,Palm,10,0
582,1975,7,Swedish Grand Prix,178,Jones,11,0
582,1975,7,Swedish Grand Prix,221,Depailler,12,0
582,1975,7,Swedish Grand Prix,276,Evans,13,0
582,1975,7,Swedish Grand Prix,282,Magee,14,0
582,1975,7,Swedish Grand Prix,235,Ickx,15,0
582,1975,7,Swedish Grand Prix,187,Watson,16,0
582,1975,7,Swedish Grand Prix,290,Fittipaldi,17,0
583,1975,8,Dutch Grand Prix,231,Hunt,1,9
583,1975,8,Dutch Grand Prix,182,Lauda,2,6
583,1975,8,Dutch Grand Prix,223,Regazzoni,3,4
583,1975,8,Dutch Grand Prix,199,Reutemann,4,3
583,1975,8,Dutch Grand Prix,250,Pace,5,2
583,1975,8,Dutch Grand Prix,252,Pryce,6,1
583,1975,8,Dutch Grand Prix,294,Brise,7,0
583,1975,8,Dutch Grand Prix,288,Donohue,8,0
583,1975,8,Dutch Grand Prix,221,Depailler,9,0
583,1975,8,Dutch Grand Prix,298,van Lennep,10,0
583,1975,8,Dutch Grand Prix,290,Fittipaldi,11,0
583,1975,8,Dutch Grand Prix,251,Scheckter,12,0
583,1975,8,Dutch Grand Prix,178,Jones,13,0
583,1975,8,Dutch Grand Prix,275,Lombardi,14,0
583,1975,8,Dutch Grand Prix,238,Peterson,15,0
583,1975,8,Dutch Grand Prix,222,Scheckter,16,0
584,1975,9,French Grand Prix,182,Lauda,1,9
584,1975,9,French Grand Prix,231,Hunt,2,6
584,1975,9,French Grand Prix,200,Mass,3,4
584,1975,9,French Grand Prix,224,Fittipaldi,4,3
584,1975,9,French Grand Prix,207,Andretti,5,2
584,1975,9,French Grand Prix,221,Depailler,6,1
584,1975,9,French Grand Prix,294,Brise,7,0
584,1975,9,French Grand Prix,197,Jarier,8,0
584,1975,9,French Grand Prix,222,Scheckter,9,0
584,1975,9,French Grand Prix,238,Peterson,10,0
584,1975,9,French Grand Prix,172,Laffite,11,0
584,1975,9,French Grand Prix,219,Jabouille,12,0
584,1975,9,French Grand Prix,187,Watson,13,0
584,1975,9,French Grand Prix,199,Reutemann,14,0
584,1975,9,French Grand Prix,298,van Lennep,15,0
584,1975,9,French Grand Prix,178,Jones,16,0
584,1975,9,French Grand Prix,276,Evans,17,0
584,1975,9,French Grand Prix,275,Lombardi,18,0
585,1975,10,British Grand Prix,224,Fittipaldi,1,9
585,1975,10,British Grand Prix,250,Pace,2,6
585,1975,10,British Grand Prix,222,Scheckter,3,4
585,1975,10,British Grand Prix,231,Hunt,4,3
585,1975,10,British Grand Prix,288,Donohue,5,2
585,1975,10,British Grand Prix,230,Brambilla,6,1
585,1975,10,British Grand Prix,200,Mass,7,0
585,1975,10,British Grand Prix,182,Lauda,8,0
585,1975,10,British Grand Prix,221,Depailler,9,0
585,1975,10,British Grand Prix,178,Jones,10,0
585,1975,10,British Grand Prix,187,Watson,11,0
585,1975,10,British Grand Prix,207,Andretti,12,0
585,1975,10,British Grand Prix,223,Regazzoni,13,0
585,1975,10,British Grand Prix,197,Jarier,14,0
585,1975,10,British Grand Prix,294,Brise,15,0
585,1975,10,British Grand Prix,205,Henton,16,0
585,1975,10,British Grand Prix,300,Nicholson,17,0
585,1975,10,British Grand Prix,301,Morgan,18,0
585,1975,10,British Grand Prix,290,Fittipaldi,19,0
586,1975,11,German Grand Prix,199,Reutemann,1,9
586,1975,11,German Grand Prix,172,Laffite,2,6
586,1975,11,German Grand Prix,182,Lauda,3,4
586,1975,11,German Grand Prix,252,Pryce,4,3
586,1975,11,German Grand Prix,178,Jones,5,2
586,1975,11,German Grand Prix,298,van Lennep,6,1
586,1975,11,German Grand Prix,275,Lombardi,7,0
586,1975,11,German Grand Prix,229,Ertl,8,0
586,1975,11,German Grand Prix,221,Depailler,9,0
586,1975,11,German Grand Prix,207,Andretti,10,0
587,1975,12,Austrian Grand Prix,230,Brambilla,1,4.5
587,1975,12,Austrian Grand Prix,231,Hunt,2,3
587,1975,12,Austrian Grand Prix,252,Pryce,3,2
587,1975,12,Austrian Grand Prix,200,Mass,4,1.5
587,1975,12,Austrian Grand Prix,238,Peterson,5,1
587,1975,12,Austrian Grand Prix,182,Lauda,6,0.5
587,1975,12,Austrian Grand Prix,223,Regazzoni,7,0
587,1975,12,Austrian Grand Prix,222,Scheckter,8,0
587,1975,12,Austrian Grand Prix,224,Fittipaldi,9,0
587,1975,12,Austrian Grand Prix,187,Watson,10,0
587,1975,12,Austrian Grand Prix,221,Depailler,11,0
587,1975,12,Austrian Grand Prix,278,Amon,12,0
587,1975,12,Austrian Grand Prix,239,Lunger,13,0
587,1975,12,Austrian Grand Prix,199,Reutemann,14,0
587,1975,12,Austrian Grand Prix,294,Brise,15,0
587,1975,12,Austrian Grand Prix,243,Stommelen,16,0
587,1975,12,Austrian Grand Prix,275,Lombardi,17,0
588,1975,13,Italian Grand Prix,223,Regazzoni,1,9
588,1975,13,Italian Grand Prix,224,Fittipaldi,2,6
588,1975,13,Italian Grand Prix,182,Lauda,3,4
588,1975,13,Italian Grand Prix,199,Reutemann,4,3
588,1975,13,Italian Grand Prix,231,Hunt,5,2
588,1975,13,Italian Grand Prix,252,Pryce,6,1
588,1975,13,Italian Grand Prix,221,Depailler,7,0
588,1975,13,Italian Grand Prix,222,Scheckter,8,0
588,1975,13,Italian Grand Prix,229,Ertl,9,0
588,1975,13,Italian Grand Prix,239,Lunger,10,0
588,1975,13,Italian Grand Prix,232,Merzario,11,0
588,1975,13,Italian Grand Prix,278,Amon,12,0
588,1975,13,Italian Grand Prix,302,Crawford,13,0
588,1975,13,Italian Grand Prix,254,Zorzi,14,0
589,1975,14,United States Grand Prix,182,Lauda,1,9
589,1975,14,United States Grand Prix,224,Fittipaldi,2,6
589,1975,14,United States Grand Prix,200,Mass,3,4
589,1975,14,United States Grand Prix,231,Hunt,4,3
589,1975,14,United States Grand Prix,238,Peterson,5,2
589,1975,14,United States Grand Prix,222,Scheckter,6,1
589,1975,14,United States Grand Prix,230,Brambilla,7,0
589,1975,14,United States Grand Prix,233,Stuck,8,0
589,1975,14,United States Grand Prix,187,Watson,9,0
589,1975,14,United States Grand Prix,290,Fittipaldi,10,0
590,1974,1,Argentine Grand Prix,304,Hulme,1,9
590,1974,1,Argentine Grand Prix,182,Lauda,2,6
590,1974,1,Argentine Grand Prix,223,Regazzoni,3,4
590,1974,1,Argentine Grand Prix,305,Hailwood,4,3
590,1974,1,Argentine Grand Prix,306,Beltoise,5,2
590,1974,1,Argentine Grand Prix,221,Depailler,6,1
590,1974,1,Argentine Grand Prix,199,Reutemann,7,0
590,1974,1,Argentine Grand Prix,307,Ganley,8,0
590,1974,1,Argentine Grand Prix,280,Pescarolo,9,0
590,1974,1,Argentine Grand Prix,224,Fittipaldi,10,0
590,1974,1,Argentine Grand Prix,265,Edwards,11,0
590,1974,1,Argentine Grand Prix,187,Watson,12,0
590,1974,1,Argentine Grand Prix,238,Peterson,13,0
591,1974,2,Brazilian Grand Prix,224,Fittipaldi,1,9
591,1974,2,Brazilian Grand Prix,223,Regazzoni,2,6
591,1974,2,Brazilian Grand Prix,235,Ickx,3,4
591,1974,2,Brazilian Grand Prix,250,Pace,4,3
591,1974,2,Brazilian Grand Prix,305,Hailwood,5,2
591,1974,2,Brazilian Grand Prix,238,Peterson,6,1
591,1974,2,Brazilian Grand Prix,199,Reutemann,7,0
591,1974,2,Brazilian Grand Prix,221,Depailler,8,0
591,1974,2,Brazilian Grand Prix,231,Hunt,9,0
591,1974,2,Brazilian Grand Prix,306,Beltoise,10,0
591,1974,2,Brazilian Grand Prix,289,Hill,11,0
591,1974,2,Brazilian Grand Prix,304,Hulme,12,0
591,1974,2,Brazilian Grand Prix,222,Scheckter,13,0
591,1974,2,Brazilian Grand Prix,280,Pescarolo,14,0
591,1974,2,Brazilian Grand Prix,308,Robarts,15,0
591,1974,2,Brazilian Grand Prix,296,Migault,16,0
591,1974,2,Brazilian Grand Prix,200,Mass,17,0
592,1974,3,South African Grand Prix,199,Reutemann,1,9
592,1974,3,South African Grand Prix,306,Beltoise,2,6
592,1974,3,South African Grand Prix,305,Hailwood,3,4
592,1974,3,South African Grand Prix,221,Depailler,4,3
592,1974,3,South African Grand Prix,233,Stuck,5,2
592,1974,3,South African Grand Prix,232,Merzario,6,1
592,1974,3,South African Grand Prix,224,Fittipaldi,7,0
592,1974,3,South African Grand Prix,222,Scheckter,8,0
592,1974,3,South African Grand Prix,304,Hulme,9,0
592,1974,3,South African Grand Prix,230,Brambilla,10,0
592,1974,3,South African Grand Prix,250,Pace,11,0
592,1974,3,South African Grand Prix,289,Hill,12,0
592,1974,3,South African Grand Prix,251,Scheckter,13,0
592,1974,3,South African Grand Prix,292,Keizan,14,0
592,1974,3,South African Grand Prix,296,Migault,15,0
592,1974,3,South African Grand Prix,182,Lauda,16,0
592,1974,3,South African Grand Prix,308,Robarts,17,0
592,1974,3,South African Grand Prix,280,Pescarolo,18,0
592,1974,3,South African Grand Prix,293,Charlton,19,0
593,1974,4,Spanish Grand Prix,182,Lauda,1,9
593,1974,4,Spanish Grand Prix,223,Regazzoni,2,6
593,1974,4,Spanish Grand Prix,224,Fittipaldi,3,4
593,1974,4,Spanish Grand Prix,233,Stuck,4,3
593,1974,4,Spanish Grand Prix,222,Scheckter,5,2
593,1974,4,Spanish Grand Prix,304,Hulme,6,1
593,1974,4,Spanish Grand Prix,312,Redman,7,0
593,1974,4,Spanish Grand Prix,221,Depailler,8,0
593,1974,4,Spanish Grand Prix,305,Hailwood,9,0
593,1974,4,Spanish Grand Prix,231,Hunt,10,0
593,1974,4,Spanish Grand Prix,187,Watson,11,0
593,1974,4,Spanish Grand Prix,280,Pescarolo,12,0
593,1974,4,Spanish Grand Prix,250,Pace,13,0
593,1974,4,Spanish Grand Prix,314,Schenken,14,0
594,1974,5,Belgian Grand Prix,224,Fittipaldi,1,9
594,1974,5,Belgian Grand Prix,182,Lauda,2,6
594,1974,5,Belgian Grand Prix,222,Scheckter,3,4
594,1974,5,Belgian Grand Prix,223,Regazzoni,4,3
594,1974,5,Belgian Grand Prix,306,Beltoise,5,2
594,1974,5,Belgian Grand Prix,304,Hulme,6,1
594,1974,5,Belgian Grand Prix,305,Hailwood,7,0
594,1974,5,Belgian Grand Prix,289,Hill,8,0
594,1974,5,Belgian Grand Prix,230,Brambilla,9,0
594,1974,5,Belgian Grand Prix,314,Schenken,10,0
594,1974,5,Belgian Grand Prix,187,Watson,11,0
594,1974,5,Belgian Grand Prix,265,Edwards,12,0
594,1974,5,Belgian Grand Prix,197,Jarier,13,0
594,1974,5,Belgian Grand Prix,298,van Lennep,14,0
594,1974,5,Belgian Grand Prix,267,Schuppan,15,0
594,1974,5,Belgian Grand Prix,296,Migault,16,0
594,1974,5,Belgian Grand Prix,269,Pilette,17,0
594,1974,5,Belgian Grand Prix,312,Redman,18,0
595,1974,6,Monaco Grand Prix,238,Peterson,1,9
595,1974,6,Monaco Grand Prix,222,Scheckter,2,6
595,1974,6,Monaco Grand Prix,197,Jarier,3,4
595,1974,6,Monaco Grand Prix,223,Regazzoni,4,3
595,1974,6,Monaco Grand Prix,224,Fittipaldi,5,2
595,1974,6,Monaco Grand Prix,187,Watson,6,1
595,1974,6,Monaco Grand Prix,289,Hill,7,0
595,1974,6,Monaco Grand Prix,265,Edwards,8,0
595,1974,6,Monaco Grand Prix,221,Depailler,9,0
596,1974,7,Swedish Grand Prix,222,Scheckter,1,9
596,1974,7,Swedish Grand Prix,221,Depailler,2,6
596,1974,7,Swedish Grand Prix,231,Hunt,3,4
596,1974,7,Swedish Grand Prix,224,Fittipaldi,4,3
596,1974,7,Swedish Grand Prix,197,Jarier,5,2
596,1974,7,Swedish Grand Prix,289,Hill,6,1
596,1974,7,Swedish Grand Prix,265,Edwards,7,0
596,1974,7,Swedish Grand Prix,311,Belsø,8,0
596,1974,7,Swedish Grand Prix,313,von Opel,9,0
596,1974,7,Swedish Grand Prix,230,Brambilla,10,0
596,1974,7,Swedish Grand Prix,187,Watson,11,0
597,1974,8,Dutch Grand Prix,182,Lauda,1,9
597,1974,8,Dutch Grand Prix,223,Regazzoni,2,6
597,1974,8,Dutch Grand Prix,224,Fittipaldi,3,4
597,1974,8,Dutch Grand Prix,305,Hailwood,4,3
597,1974,8,Dutch Grand Prix,222,Scheckter,5,2
597,1974,8,Dutch Grand Prix,221,Depailler,6,1
597,1974,8,Dutch Grand Prix,187,Watson,7,0
597,1974,8,Dutch Grand Prix,238,Peterson,8,0
597,1974,8,Dutch Grand Prix,313,von Opel,9,0
597,1974,8,Dutch Grand Prix,230,Brambilla,10,0
597,1974,8,Dutch Grand Prix,235,Ickx,11,0
597,1974,8,Dutch Grand Prix,199,Reutemann,12,0
598,1974,9,French Grand Prix,238,Peterson,1,9
598,1974,9,French Grand Prix,182,Lauda,2,6
598,1974,9,French Grand Prix,223,Regazzoni,3,4
598,1974,9,French Grand Prix,222,Scheckter,4,3
598,1974,9,French Grand Prix,235,Ickx,5,2
598,1974,9,French Grand Prix,304,Hulme,6,1
598,1974,9,French Grand Prix,305,Hailwood,7,0
598,1974,9,French Grand Prix,221,Depailler,8,0
598,1974,9,French Grand Prix,232,Merzario,9,0
598,1974,9,French Grand Prix,306,Beltoise,10,0
598,1974,9,French Grand Prix,230,Brambilla,11,0
598,1974,9,French Grand Prix,197,Jarier,12,0
598,1974,9,French Grand Prix,289,Hill,13,0
598,1974,9,French Grand Prix,296,Migault,14,0
598,1974,9,French Grand Prix,265,Edwards,15,0
598,1974,9,French Grand Prix,187,Watson,16,0
599,1974,10,British Grand Prix,222,Scheckter,1,9
599,1974,10,British Grand Prix,224,Fittipaldi,2,6
599,1974,10,British Grand Prix,235,Ickx,3,4
599,1974,10,British Grand Prix,223,Regazzoni,4,3
599,1974,10,British Grand Prix,182,Lauda,5,2
599,1974,10,British Grand Prix,199,Reutemann,6,1
599,1974,10,British Grand Prix,304,Hulme,7,0
599,1974,10,British Grand Prix,252,Pryce,8,0
599,1974,10,British Grand Prix,250,Pace,9,0
599,1974,10,British Grand Prix,238,Peterson,10,0
599,1974,10,British Grand Prix,187,Watson,11,0
599,1974,10,British Grand Prix,306,Beltoise,12,0
599,1974,10,British Grand Prix,289,Hill,13,0
599,1974,10,British Grand Prix,200,Mass,14,0
600,1974,11,German Grand Prix,223,Regazzoni,1,9
600,1974,11,German Grand Prix,222,Scheckter,2,6
600,1974,11,German Grand Prix,199,Reutemann,3,4
600,1974,11,German Grand Prix,238,Peterson,4,3
600,1974,11,German Grand Prix,235,Ickx,5,2
600,1974,11,German Grand Prix,252,Pryce,6,1
600,1974,11,German Grand Prix,233,Stuck,7,0
600,1974,11,German Grand Prix,197,Jarier,8,0
600,1974,11,German Grand Prix,289,Hill,9,0
600,1974,11,German Grand Prix,280,Pescarolo,10,0
600,1974,11,German Grand Prix,321,Bell,11,0
600,1974,11,German Grand Prix,250,Pace,12,0
600,1974,11,German Grand Prix,230,Brambilla,13,0
600,1974,11,German Grand Prix,270,Ashley,14,0
600,1974,11,German Grand Prix,305,Hailwood,15,0
601,1974,12,Austrian Grand Prix,199,Reutemann,1,9
601,1974,12,Austrian Grand Prix,304,Hulme,2,6
601,1974,12,Austrian Grand Prix,231,Hunt,3,4
601,1974,12,Austrian Grand Prix,187,Watson,4,3
601,1974,12,Austrian Grand Prix,223,Regazzoni,5,2
601,1974,12,Austrian Grand Prix,230,Brambilla,6,1
601,1974,12,Austrian Grand Prix,322,Hobbs,7,0
601,1974,12,Austrian Grand Prix,197,Jarier,8,0
601,1974,12,Austrian Grand Prix,323,Quester,9,0
601,1974,12,Austrian Grand Prix,314,Schenken,10,0
601,1974,12,Austrian Grand Prix,233,Stuck,11,0
601,1974,12,Austrian Grand Prix,289,Hill,12,0
602,1974,13,Italian Grand Prix,238,Peterson,1,9
602,1974,13,Italian Grand Prix,224,Fittipaldi,2,6
602,1974,13,Italian Grand Prix,222,Scheckter,3,4
602,1974,13,Italian Grand Prix,232,Merzario,4,3
602,1974,13,Italian Grand Prix,250,Pace,5,2
602,1974,13,Italian Grand Prix,304,Hulme,6,1
602,1974,13,Italian Grand Prix,187,Watson,7,0
602,1974,13,Italian Grand Prix,289,Hill,8,0
602,1974,13,Italian Grand Prix,322,Hobbs,9,0
602,1974,13,Italian Grand Prix,252,Pryce,10,0
602,1974,13,Italian Grand Prix,221,Depailler,11,0
603,1974,14,Canadian Grand Prix,224,Fittipaldi,1,9
603,1974,14,Canadian Grand Prix,223,Regazzoni,2,6
603,1974,14,Canadian Grand Prix,238,Peterson,3,4
603,1974,14,Canadian Grand Prix,231,Hunt,4,3
603,1974,14,Canadian Grand Prix,221,Depailler,5,2
603,1974,14,Canadian Grand Prix,304,Hulme,6,1
603,1974,14,Canadian Grand Prix,207,Andretti,7,0
603,1974,14,Canadian Grand Prix,250,Pace,8,0
603,1974,14,Canadian Grand Prix,199,Reutemann,9,0
603,1974,14,Canadian Grand Prix,324,Koinigg,10,0
603,1974,14,Canadian Grand Prix,243,Stommelen,11,0
603,1974,14,Canadian Grand Prix,288,Donohue,12,0
603,1974,14,Canadian Grand Prix,235,Ickx,13,0
603,1974,14,Canadian Grand Prix,289,Hill,14,0
603,1974,14,Canadian Grand Prix,172,Laffite,15,0
603,1974,14,Canadian Grand Prix,200,Mass,16,0
604,1974,15,United States Grand Prix,199,Reutemann,1,9
604,1974,15,United States Grand Prix,250,Pace,2,6
604,1974,15,United States Grand Prix,231,Hunt,3,4
604,1974,15,United States Grand Prix,224,Fittipaldi,4,3
604,1974,15,United States Grand Prix,187,Watson,5,2
604,1974,15,United States Grand Prix,221,Depailler,6,1
604,1974,15,United States Grand Prix,200,Mass,7,0
604,1974,15,United States Grand Prix,289,Hill,8,0
604,1974,15,United States Grand Prix,278,Amon,9,0
604,1974,15,United States Grand Prix,197,Jarier,10,0
604,1974,15,United States Grand Prix,223,Regazzoni,11,0
604,1974,15,United States Grand Prix,243,Stommelen,12,0
605,1973,1,Argentine Grand Prix,224,Fittipaldi,1,9
605,1973,1,Argentine Grand Prix,327,Cevert,2,6
605,1973,1,Argentine Grand Prix,328,Stewart,3,4
605,1973,1,Argentine Grand Prix,235,Ickx,4,3
605,1973,1,Argentine Grand Prix,304,Hulme,5,2
605,1973,1,Argentine Grand Prix,290,Fittipaldi,6,1
605,1973,1,Argentine Grand Prix,223,Regazzoni,7,0
605,1973,1,Argentine Grand Prix,309,Revson,8,0
605,1973,1,Argentine Grand Prix,232,Merzario,9,0
605,1973,1,Argentine Grand Prix,329,Beuttler,10,0
606,1973,2,Brazilian Grand Prix,224,Fittipaldi,1,9
606,1973,2,Brazilian Grand Prix,328,Stewart,2,6
606,1973,2,Brazilian Grand Prix,304,Hulme,3,4
606,1973,2,Brazilian Grand Prix,232,Merzario,4,3
606,1973,2,Brazilian Grand Prix,235,Ickx,5,2
606,1973,2,Brazilian Grand Prix,223,Regazzoni,6,1
606,1973,2,Brazilian Grand Prix,307,Ganley,7,0
606,1973,2,Brazilian Grand Prix,182,Lauda,8,0
606,1973,2,Brazilian Grand Prix,330,Galli,9,0
606,1973,2,Brazilian Grand Prix,327,Cevert,10,0
606,1973,2,Brazilian Grand Prix,199,Reutemann,11,0
606,1973,2,Brazilian Grand Prix,331,Bueno,12,0
607,1973,3,South African Grand Prix,328,Stewart,1,9
607,1973,3,South African Grand Prix,309,Revson,2,6
607,1973,3,South African Grand Prix,224,Fittipaldi,3,4
607,1973,3,South African Grand Prix,232,Merzario,4,3
607,1973,3,South African Grand Prix,304,Hulme,5,2
607,1973,3,South African Grand Prix,332,Follmer,6,1
607,1973,3,South African Grand Prix,199,Reutemann,7,0
607,1973,3,South African Grand Prix,333,de Adamich,8,0
607,1973,3,South African Grand Prix,222,Scheckter,9,0
607,1973,3,South African Grand Prix,307,Ganley,10,0
607,1973,3,South African Grand Prix,238,Peterson,11,0
608,1973,4,Spanish Grand Prix,224,Fittipaldi,1,9
608,1973,4,Spanish Grand Prix,327,Cevert,2,6
608,1973,4,Spanish Grand Prix,332,Follmer,3,4
608,1973,4,Spanish Grand Prix,309,Revson,4,3
608,1973,4,Spanish Grand Prix,306,Beltoise,5,2
608,1973,4,Spanish Grand Prix,304,Hulme,6,1
608,1973,4,Spanish Grand Prix,329,Beuttler,7,0
608,1973,4,Spanish Grand Prix,280,Pescarolo,8,0
608,1973,4,Spanish Grand Prix,223,Regazzoni,9,0
608,1973,4,Spanish Grand Prix,290,Fittipaldi,10,0
608,1973,4,Spanish Grand Prix,330,Galli,11,0
608,1973,4,Spanish Grand Prix,235,Ickx,12,0
609,1973,5,Belgian Grand Prix,328,Stewart,1,9
609,1973,5,Belgian Grand Prix,327,Cevert,2,6
609,1973,5,Belgian Grand Prix,224,Fittipaldi,3,4
609,1973,5,Belgian Grand Prix,333,de Adamich,4,3
609,1973,5,Belgian Grand Prix,182,Lauda,5,2
609,1973,5,Belgian Grand Prix,278,Amon,6,1
609,1973,5,Belgian Grand Prix,304,Hulme,7,0
609,1973,5,Belgian Grand Prix,250,Pace,8,0
609,1973,5,Belgian Grand Prix,289,Hill,9,0
609,1973,5,Belgian Grand Prix,223,Regazzoni,10,0
609,1973,5,Belgian Grand Prix,329,Beuttler,11,0
610,1973,6,Monaco Grand Prix,328,Stewart,1,9
610,1973,6,Monaco Grand Prix,224,Fittipaldi,2,6
610,1973,6,Monaco Grand Prix,238,Peterson,3,4
610,1973,6,Monaco Grand Prix,327,Cevert,4,3
610,1973,6,Monaco Grand Prix,309,Revson,5,2
610,1973,6,Monaco Grand Prix,304,Hulme,6,1
610,1973,6,Monaco Grand Prix,333,de Adamich,7,0
610,1973,6,Monaco Grand Prix,305,Hailwood,8,0
610,1973,6,Monaco Grand Prix,231,Hunt,9,0
610,1973,6,Monaco Grand Prix,262,Oliver,10,0
610,1973,6,Monaco Grand Prix,290,Fittipaldi,11,0
611,1973,7,Swedish Grand Prix,304,Hulme,1,9
611,1973,7,Swedish Grand Prix,238,Peterson,2,6
611,1973,7,Swedish Grand Prix,327,Cevert,3,4
611,1973,7,Swedish Grand Prix,199,Reutemann,4,3
611,1973,7,Swedish Grand Prix,328,Stewart,5,2
611,1973,7,Swedish Grand Prix,235,Ickx,6,1
611,1973,7,Swedish Grand Prix,309,Revson,7,0
611,1973,7,Swedish Grand Prix,329,Beuttler,8,0
611,1973,7,Swedish Grand Prix,223,Regazzoni,9,0
611,1973,7,Swedish Grand Prix,250,Pace,10,0
611,1973,7,Swedish Grand Prix,307,Ganley,11,0
611,1973,7,Swedish Grand Prix,224,Fittipaldi,12,0
611,1973,7,Swedish Grand Prix,182,Lauda,13,0
611,1973,7,Swedish Grand Prix,332,Follmer,14,0
612,1973,8,French Grand Prix,238,Peterson,1,9
612,1973,8,French Grand Prix,327,Cevert,2,6
612,1973,8,French Grand Prix,199,Reutemann,3,4
612,1973,8,French Grand Prix,328,Stewart,4,3
612,1973,8,French Grand Prix,235,Ickx,5,2
612,1973,8,French Grand Prix,231,Hunt,6,1
612,1973,8,French Grand Prix,232,Merzario,7,0
612,1973,8,French Grand Prix,304,Hulme,8,0
612,1973,8,French Grand Prix,182,Lauda,9,0
612,1973,8,French Grand Prix,289,Hill,10,0
612,1973,8,French Grand Prix,306,Beltoise,11,0
612,1973,8,French Grand Prix,223,Regazzoni,12,0
612,1973,8,French Grand Prix,250,Pace,13,0
612,1973,8,French Grand Prix,307,Ganley,14,0
612,1973,8,French Grand Prix,313,von Opel,15,0
612,1973,8,French Grand Prix,290,Fittipaldi,16,0
613,1973,9,British Grand Prix,309,Revson,1,9
613,1973,9,British Grand Prix,238,Peterson,2,6
613,1973,9,British Grand Prix,304,Hulme,3,4
613,1973,9,British Grand Prix,231,Hunt,4,3
613,1973,9,British Grand Prix,327,Cevert,5,2
613,1973,9,British Grand Prix,199,Reutemann,6,1
613,1973,9,British Grand Prix,223,Regazzoni,7,0
613,1973,9,British Grand Prix,235,Ickx,8,0
613,1973,9,British Grand Prix,307,Ganley,9,0
613,1973,9,British Grand Prix,328,Stewart,10,0
613,1973,9,British Grand Prix,329,Beuttler,11,0
613,1973,9,British Grand Prix,182,Lauda,12,0
613,1973,9,British Grand Prix,313,von Opel,13,0
614,1973,10,Dutch Grand Prix,328,Stewart,1,9
614,1973,10,Dutch Grand Prix,327,Cevert,2,6
614,1973,10,Dutch Grand Prix,231,Hunt,3,4
614,1973,10,Dutch Grand Prix,309,Revson,4,3
614,1973,10,Dutch Grand Prix,306,Beltoise,5,2
614,1973,10,Dutch Grand Prix,298,van Lennep,6,1
614,1973,10,Dutch Grand Prix,250,Pace,7,0
614,1973,10,Dutch Grand Prix,223,Regazzoni,8,0
614,1973,10,Dutch Grand Prix,307,Ganley,9,0
614,1973,10,Dutch Grand Prix,332,Follmer,10,0
614,1973,10,Dutch Grand Prix,238,Peterson,11,0
615,1973,11,German Grand Prix,328,Stewart,1,9
615,1973,11,German Grand Prix,327,Cevert,2,6
615,1973,11,German Grand Prix,235,Ickx,3,4
615,1973,11,German Grand Prix,250,Pace,4,3
615,1973,11,German Grand Prix,290,Fittipaldi,5,2
615,1973,11,German Grand Prix,224,Fittipaldi,6,1
615,1973,11,German Grand Prix,200,Mass,7,0
615,1973,11,German Grand Prix,262,Oliver,8,0
615,1973,11,German Grand Prix,309,Revson,9,0
615,1973,11,German Grand Prix,280,Pescarolo,10,0
615,1973,11,German Grand Prix,243,Stommelen,11,0
615,1973,11,German Grand Prix,304,Hulme,12,0
615,1973,11,German Grand Prix,289,Hill,13,0
615,1973,11,German Grand Prix,305,Hailwood,14,0
615,1973,11,German Grand Prix,259,Purley,15,0
615,1973,11,German Grand Prix,329,Beuttler,16,0
616,1973,12,Austrian Grand Prix,238,Peterson,1,9
616,1973,12,Austrian Grand Prix,328,Stewart,2,6
616,1973,12,Austrian Grand Prix,250,Pace,3,4
616,1973,12,Austrian Grand Prix,199,Reutemann,4,3
616,1973,12,Austrian Grand Prix,306,Beltoise,5,2
616,1973,12,Austrian Grand Prix,223,Regazzoni,6,1
616,1973,12,Austrian Grand Prix,232,Merzario,7,0
616,1973,12,Austrian Grand Prix,304,Hulme,8,0
616,1973,12,Austrian Grand Prix,298,van Lennep,9,0
616,1973,12,Austrian Grand Prix,305,Hailwood,10,0
617,1973,13,Italian Grand Prix,238,Peterson,1,9
617,1973,13,Italian Grand Prix,224,Fittipaldi,2,6
617,1973,13,Italian Grand Prix,309,Revson,3,4
617,1973,13,Italian Grand Prix,328,Stewart,4,3
617,1973,13,Italian Grand Prix,327,Cevert,5,2
617,1973,13,Italian Grand Prix,199,Reutemann,6,1
617,1973,13,Italian Grand Prix,305,Hailwood,7,0
617,1973,13,Italian Grand Prix,235,Ickx,8,0
617,1973,13,Italian Grand Prix,259,Purley,9,0
617,1973,13,Italian Grand Prix,332,Follmer,10,0
617,1973,13,Italian Grand Prix,262,Oliver,11,0
617,1973,13,Italian Grand Prix,243,Stommelen,12,0
617,1973,13,Italian Grand Prix,306,Beltoise,13,0
617,1973,13,Italian Grand Prix,289,Hill,14,0
617,1973,13,Italian Grand Prix,304,Hulme,15,0
618,1973,14,Canadian Grand Prix,309,Revson,1,9
618,1973,14,Canadian Grand Prix,224,Fittipaldi,2,6
618,1973,14,Canadian Grand Prix,262,Oliver,3,4
618,1973,14,Canadian Grand Prix,306,Beltoise,4,3
618,1973,14,Canadian Grand Prix,328,Stewart,5,2
618,1973,14,Canadian Grand Prix,307,Ganley,6,1
618,1973,14,Canadian Grand Prix,231,Hunt,7,0
618,1973,14,Canadian Grand Prix,199,Reutemann,8,0
618,1973,14,Canadian Grand Prix,305,Hailwood,9,0
618,1973,14,Canadian Grand Prix,278,Amon,10,0
618,1973,14,Canadian Grand Prix,290,Fittipaldi,11,0
618,1973,14,Canadian Grand Prix,243,Stommelen,12,0
618,1973,14,Canadian Grand Prix,304,Hulme,13,0
618,1973,14,Canadian Grand Prix,314,Schenken,14,0
618,1973,14,Canadian Grand Prix,232,Merzario,15,0
618,1973,14,Canadian Grand Prix,289,Hill,16,0
618,1973,14,Canadian Grand Prix,332,Follmer,17,0
618,1973,14,Canadian Grand Prix,250,Pace,18,0
619,1973,15,United States Grand Prix,238,Peterson,1,9
619,1973,15,United States Grand Prix,231,Hunt,2,6
619,1973,15,United States Grand Prix,199,Reutemann,3,4
619,1973,15,United States Grand Prix,304,Hulme,4,3
619,1973,15,United States Grand Prix,309,Revson,5,2
619,1973,15,United States Grand Prix,224,Fittipaldi,6,1
619,1973,15,United States Grand Prix,235,Ickx,7,0
619,1973,15,United States Grand Prix,223,Regazzoni,8,0
619,1973,15,United States Grand Prix,306,Beltoise,9,0
619,1973,15,United States Grand Prix,329,Beuttler,10,0
619,1973,15,United States Grand Prix,197,Jarier,11,0
619,1973,15,United States Grand Prix,307,Ganley,12,0
619,1973,15,United States Grand Prix,289,Hill,13,0
619,1973,15,United States Grand Prix,332,Follmer,14,0
619,1973,15,United States Grand Prix,262,Oliver,15,0
619,1973,15,United States Grand Prix,232,Merzario,16,0
620,1972,1,Argentine Grand Prix,328,Stewart,1,9
620,1972,1,Argentine Grand Prix,304,Hulme,2,6
620,1972,1,Argentine Grand Prix,235,Ickx,3,4
620,1972,1,Argentine Grand Prix,223,Regazzoni,4,3
620,1972,1,Argentine Grand Prix,314,Schenken,5,2
620,1972,1,Argentine Grand Prix,238,Peterson,6,1
620,1972,1,Argentine Grand Prix,199,Reutemann,7,0
620,1972,1,Argentine Grand Prix,280,Pescarolo,8,0
620,1972,1,Argentine Grand Prix,307,Ganley,9,0
620,1972,1,Argentine Grand Prix,337,Marko,10,0
620,1972,1,Argentine Grand Prix,182,Lauda,11,0
621,1972,2,South African Grand Prix,304,Hulme,1,9
621,1972,2,South African Grand Prix,224,Fittipaldi,2,6
621,1972,2,South African Grand Prix,309,Revson,3,4
621,1972,2,South African Grand Prix,207,Andretti,4,3
621,1972,2,South African Grand Prix,238,Peterson,5,2
621,1972,2,South African Grand Prix,289,Hill,6,1
621,1972,2,South African Grand Prix,182,Lauda,7,0
621,1972,2,South African Grand Prix,235,Ickx,8,0
621,1972,2,South African Grand Prix,327,Cevert,9,0
621,1972,2,South African Grand Prix,338,Walker,10,0
621,1972,2,South African Grand Prix,280,Pescarolo,11,0
621,1972,2,South African Grand Prix,223,Regazzoni,12,0
621,1972,2,South African Grand Prix,243,Stommelen,13,0
621,1972,2,South African Grand Prix,337,Marko,14,0
621,1972,2,South African Grand Prix,278,Amon,15,0
621,1972,2,South African Grand Prix,340,Love,16,0
621,1972,2,South African Grand Prix,250,Pace,17,0
622,1972,3,Spanish Grand Prix,224,Fittipaldi,1,9
622,1972,3,Spanish Grand Prix,235,Ickx,2,6
622,1972,3,Spanish Grand Prix,223,Regazzoni,3,4
622,1972,3,Spanish Grand Prix,333,de Adamich,4,3
622,1972,3,Spanish Grand Prix,309,Revson,5,2
622,1972,3,Spanish Grand Prix,250,Pace,6,1
622,1972,3,Spanish Grand Prix,290,Fittipaldi,7,0
622,1972,3,Spanish Grand Prix,314,Schenken,8,0
622,1972,3,Spanish Grand Prix,338,Walker,9,0
622,1972,3,Spanish Grand Prix,289,Hill,10,0
622,1972,3,Spanish Grand Prix,280,Pescarolo,11,0
623,1972,4,Monaco Grand Prix,306,Beltoise,1,9
623,1972,4,Monaco Grand Prix,235,Ickx,2,6
623,1972,4,Monaco Grand Prix,224,Fittipaldi,3,4
623,1972,4,Monaco Grand Prix,328,Stewart,4,3
623,1972,4,Monaco Grand Prix,312,Redman,5,2
623,1972,4,Monaco Grand Prix,278,Amon,6,1
623,1972,4,Monaco Grand Prix,333,de Adamich,7,0
623,1972,4,Monaco Grand Prix,337,Marko,8,0
623,1972,4,Monaco Grand Prix,290,Fittipaldi,9,0
623,1972,4,Monaco Grand Prix,243,Stommelen,10,0
623,1972,4,Monaco Grand Prix,238,Peterson,11,0
623,1972,4,Monaco Grand Prix,289,Hill,12,0
623,1972,4,Monaco Grand Prix,329,Beuttler,13,0
623,1972,4,Monaco Grand Prix,338,Walker,14,0
623,1972,4,Monaco Grand Prix,304,Hulme,15,0
623,1972,4,Monaco Grand Prix,182,Lauda,16,0
623,1972,4,Monaco Grand Prix,250,Pace,17,0
624,1972,5,Belgian Grand Prix,224,Fittipaldi,1,9
624,1972,5,Belgian Grand Prix,327,Cevert,2,6
624,1972,5,Belgian Grand Prix,304,Hulme,3,4
624,1972,5,Belgian Grand Prix,305,Hailwood,4,3
624,1972,5,Belgian Grand Prix,250,Pace,5,2
624,1972,5,Belgian Grand Prix,278,Amon,6,1
624,1972,5,Belgian Grand Prix,309,Revson,7,0
624,1972,5,Belgian Grand Prix,307,Ganley,8,0
624,1972,5,Belgian Grand Prix,238,Peterson,9,0
624,1972,5,Belgian Grand Prix,337,Marko,10,0
624,1972,5,Belgian Grand Prix,243,Stommelen,11,0
624,1972,5,Belgian Grand Prix,182,Lauda,12,0
624,1972,5,Belgian Grand Prix,199,Reutemann,13,0
624,1972,5,Belgian Grand Prix,338,Walker,14,0
625,1972,6,French Grand Prix,328,Stewart,1,9
625,1972,6,French Grand Prix,224,Fittipaldi,2,6
625,1972,6,French Grand Prix,278,Amon,3,4
625,1972,6,French Grand Prix,327,Cevert,4,3
625,1972,6,French Grand Prix,238,Peterson,5,2
625,1972,6,French Grand Prix,305,Hailwood,6,1
625,1972,6,French Grand Prix,304,Hulme,7,0
625,1972,6,French Grand Prix,290,Fittipaldi,8,0
625,1972,6,French Grand Prix,312,Redman,9,0
625,1972,6,French Grand Prix,289,Hill,10,0
625,1972,6,French Grand Prix,235,Ickx,11,0
625,1972,6,French Grand Prix,199,Reutemann,12,0
625,1972,6,French Grand Prix,330,Galli,13,0
625,1972,6,French Grand Prix,333,de Adamich,14,0
625,1972,6,French Grand Prix,306,Beltoise,15,0
625,1972,6,French Grand Prix,243,Stommelen,16,0
625,1972,6,French Grand Prix,314,Schenken,17,0
625,1972,6,French Grand Prix,338,Walker,18,0
625,1972,6,French Grand Prix,329,Beuttler,19,0
626,1972,7,British Grand Prix,224,Fittipaldi,1,9
626,1972,7,British Grand Prix,328,Stewart,2,6
626,1972,7,British Grand Prix,309,Revson,3,4
626,1972,7,British Grand Prix,278,Amon,4,3
626,1972,7,British Grand Prix,304,Hulme,5,2
626,1972,7,British Grand Prix,232,Merzario,6,1
626,1972,7,British Grand Prix,238,Peterson,7,0
626,1972,7,British Grand Prix,199,Reutemann,8,0
626,1972,7,British Grand Prix,182,Lauda,9,0
626,1972,7,British Grand Prix,243,Stommelen,10,0
626,1972,7,British Grand Prix,306,Beltoise,11,0
626,1972,7,British Grand Prix,290,Fittipaldi,12,0
626,1972,7,British Grand Prix,329,Beuttler,13,0
627,1972,8,German Grand Prix,235,Ickx,1,9
627,1972,8,German Grand Prix,223,Regazzoni,2,6
627,1972,8,German Grand Prix,238,Peterson,3,4
627,1972,8,German Grand Prix,307,Ganley,4,3
627,1972,8,German Grand Prix,312,Redman,5,2
627,1972,8,German Grand Prix,289,Hill,6,1
627,1972,8,German Grand Prix,290,Fittipaldi,7,0
627,1972,8,German Grand Prix,329,Beuttler,8,0
627,1972,8,German Grand Prix,306,Beltoise,9,0
627,1972,8,German Grand Prix,327,Cevert,10,0
627,1972,8,German Grand Prix,328,Stewart,11,0
627,1972,8,German Grand Prix,232,Merzario,12,0
627,1972,8,German Grand Prix,333,de Adamich,13,0
627,1972,8,German Grand Prix,314,Schenken,14,0
627,1972,8,German Grand Prix,278,Amon,15,0
628,1972,9,Austrian Grand Prix,224,Fittipaldi,1,9
628,1972,9,Austrian Grand Prix,304,Hulme,2,6
628,1972,9,Austrian Grand Prix,309,Revson,3,4
628,1972,9,Austrian Grand Prix,305,Hailwood,4,3
628,1972,9,Austrian Grand Prix,278,Amon,5,2
628,1972,9,Austrian Grand Prix,307,Ganley,6,1
628,1972,9,Austrian Grand Prix,328,Stewart,7,0
628,1972,9,Austrian Grand Prix,306,Beltoise,8,0
628,1972,9,Austrian Grand Prix,327,Cevert,9,0
628,1972,9,Austrian Grand Prix,182,Lauda,10,0
628,1972,9,Austrian Grand Prix,314,Schenken,11,0
628,1972,9,Austrian Grand Prix,238,Peterson,12,0
628,1972,9,Austrian Grand Prix,320,Gethin,13,0
628,1972,9,Austrian Grand Prix,333,de Adamich,14,0
629,1972,10,Italian Grand Prix,224,Fittipaldi,1,9
629,1972,10,Italian Grand Prix,305,Hailwood,2,6
629,1972,10,Italian Grand Prix,304,Hulme,3,4
629,1972,10,Italian Grand Prix,309,Revson,4,3
629,1972,10,Italian Grand Prix,289,Hill,5,2
629,1972,10,Italian Grand Prix,320,Gethin,6,1
629,1972,10,Italian Grand Prix,207,Andretti,7,0
629,1972,10,Italian Grand Prix,306,Beltoise,8,0
629,1972,10,Italian Grand Prix,238,Peterson,9,0
629,1972,10,Italian Grand Prix,329,Beuttler,10,0
629,1972,10,Italian Grand Prix,307,Ganley,11,0
629,1972,10,Italian Grand Prix,317,Wisell,12,0
629,1972,10,Italian Grand Prix,182,Lauda,13,0
630,1972,11,Canadian Grand Prix,328,Stewart,1,9
630,1972,11,Canadian Grand Prix,309,Revson,2,6
630,1972,11,Canadian Grand Prix,304,Hulme,3,4
630,1972,11,Canadian Grand Prix,199,Reutemann,4,3
630,1972,11,Canadian Grand Prix,223,Regazzoni,5,2
630,1972,11,Canadian Grand Prix,278,Amon,6,1
630,1972,11,Canadian Grand Prix,314,Schenken,7,0
630,1972,11,Canadian Grand Prix,289,Hill,8,0
630,1972,11,Canadian Grand Prix,250,Pace,9,0
630,1972,11,Canadian Grand Prix,307,Ganley,10,0
630,1972,11,Canadian Grand Prix,224,Fittipaldi,11,0
630,1972,11,Canadian Grand Prix,235,Ickx,12,0
630,1972,11,Canadian Grand Prix,280,Pescarolo,13,0
631,1972,12,United States Grand Prix,328,Stewart,1,9
631,1972,12,United States Grand Prix,327,Cevert,2,6
631,1972,12,United States Grand Prix,304,Hulme,3,4
631,1972,12,United States Grand Prix,238,Peterson,4,3
631,1972,12,United States Grand Prix,235,Ickx,5,2
631,1972,12,United States Grand Prix,207,Andretti,6,1
631,1972,12,United States Grand Prix,221,Depailler,7,0
631,1972,12,United States Grand Prix,223,Regazzoni,8,0
631,1972,12,United States Grand Prix,222,Scheckter,9,0
631,1972,12,United States Grand Prix,317,Wisell,10,0
631,1972,12,United States Grand Prix,289,Hill,11,0
631,1972,12,United States Grand Prix,344,Posey,12,0
631,1972,12,United States Grand Prix,329,Beuttler,13,0
631,1972,12,United States Grand Prix,280,Pescarolo,14,0
631,1972,12,United States Grand Prix,278,Amon,15,0
631,1972,12,United States Grand Prix,342,Barber,16,0
631,1972,12,United States Grand Prix,305,Hailwood,17,0
631,1972,12,United States Grand Prix,309,Revson,18,0
631,1972,12,United States Grand Prix,182,Lauda,19,0
632,1971,1,South African Grand Prix,207,Andretti,1,9
632,1971,1,South African Grand Prix,328,Stewart,2,6
632,1971,1,South African Grand Prix,223,Regazzoni,3,4
632,1971,1,South African Grand Prix,317,Wisell,4,3
632,1971,1,South African Grand Prix,278,Amon,5,2
632,1971,1,South African Grand Prix,304,Hulme,6,1
632,1971,1,South African Grand Prix,312,Redman,7,0
632,1971,1,South African Grand Prix,235,Ickx,8,0
632,1971,1,South African Grand Prix,289,Hill,9,0
632,1971,1,South African Grand Prix,238,Peterson,10,0
632,1971,1,South African Grand Prix,280,Pescarolo,11,0
632,1971,1,South African Grand Prix,243,Stommelen,12,0
632,1971,1,South African Grand Prix,333,de Adamich,13,0
633,1971,2,Spanish Grand Prix,328,Stewart,1,9
633,1971,2,Spanish Grand Prix,235,Ickx,2,6
633,1971,2,Spanish Grand Prix,278,Amon,3,4
633,1971,2,Spanish Grand Prix,345,Rodríguez,4,3
633,1971,2,Spanish Grand Prix,304,Hulme,5,2
633,1971,2,Spanish Grand Prix,306,Beltoise,6,1
633,1971,2,Spanish Grand Prix,327,Cevert,7,0
633,1971,2,Spanish Grand Prix,320,Gethin,8,0
633,1971,2,Spanish Grand Prix,314,Schenken,9,0
633,1971,2,Spanish Grand Prix,307,Ganley,10,0
633,1971,2,Spanish Grand Prix,341,Surtees,11,0
634,1971,3,Monaco Grand Prix,328,Stewart,1,9
634,1971,3,Monaco Grand Prix,238,Peterson,2,6
634,1971,3,Monaco Grand Prix,235,Ickx,3,4
634,1971,3,Monaco Grand Prix,304,Hulme,4,3
634,1971,3,Monaco Grand Prix,224,Fittipaldi,5,2
634,1971,3,Monaco Grand Prix,243,Stommelen,6,1
634,1971,3,Monaco Grand Prix,341,Surtees,7,0
634,1971,3,Monaco Grand Prix,280,Pescarolo,8,0
634,1971,3,Monaco Grand Prix,345,Rodríguez,9,0
634,1971,3,Monaco Grand Prix,314,Schenken,10,0
635,1971,4,Dutch Grand Prix,235,Ickx,1,9
635,1971,4,Dutch Grand Prix,345,Rodríguez,2,6
635,1971,4,Dutch Grand Prix,223,Regazzoni,3,4
635,1971,4,Dutch Grand Prix,238,Peterson,4,3
635,1971,4,Dutch Grand Prix,341,Surtees,5,2
635,1971,4,Dutch Grand Prix,346,Siffert,6,1
635,1971,4,Dutch Grand Prix,307,Ganley,7,0
635,1971,4,Dutch Grand Prix,298,van Lennep,8,0
635,1971,4,Dutch Grand Prix,306,Beltoise,9,0
635,1971,4,Dutch Grand Prix,289,Hill,10,0
635,1971,4,Dutch Grand Prix,328,Stewart,11,0
635,1971,4,Dutch Grand Prix,304,Hulme,12,0
636,1971,5,French Grand Prix,328,Stewart,1,9
636,1971,5,French Grand Prix,327,Cevert,2,6
636,1971,5,French Grand Prix,224,Fittipaldi,3,4
636,1971,5,French Grand Prix,346,Siffert,4,3
636,1971,5,French Grand Prix,278,Amon,5,2
636,1971,5,French Grand Prix,317,Wisell,6,1
636,1971,5,French Grand Prix,306,Beltoise,7,0
636,1971,5,French Grand Prix,341,Surtees,8,0
636,1971,5,French Grand Prix,320,Gethin,9,0
636,1971,5,French Grand Prix,307,Ganley,10,0
636,1971,5,French Grand Prix,243,Stommelen,11,0
636,1971,5,French Grand Prix,314,Schenken,12,0
636,1971,5,French Grand Prix,348,Mazet,13,0
637,1971,6,British Grand Prix,328,Stewart,1,9
637,1971,6,British Grand Prix,238,Peterson,2,6
637,1971,6,British Grand Prix,224,Fittipaldi,3,4
637,1971,6,British Grand Prix,280,Pescarolo,4,3
637,1971,6,British Grand Prix,243,Stommelen,5,2
637,1971,6,British Grand Prix,341,Surtees,6,1
637,1971,6,British Grand Prix,306,Beltoise,7,0
637,1971,6,British Grand Prix,307,Ganley,8,0
637,1971,6,British Grand Prix,346,Siffert,9,0
637,1971,6,British Grand Prix,327,Cevert,10,0
637,1971,6,British Grand Prix,330,Galli,11,0
637,1971,6,British Grand Prix,314,Schenken,12,0
638,1971,7,German Grand Prix,328,Stewart,1,9
638,1971,7,German Grand Prix,327,Cevert,2,6
638,1971,7,German Grand Prix,223,Regazzoni,3,4
638,1971,7,German Grand Prix,207,Andretti,4,3
638,1971,7,German Grand Prix,238,Peterson,5,2
638,1971,7,German Grand Prix,314,Schenken,6,1
638,1971,7,German Grand Prix,341,Surtees,7,0
638,1971,7,German Grand Prix,317,Wisell,8,0
638,1971,7,German Grand Prix,289,Hill,9,0
638,1971,7,German Grand Prix,243,Stommelen,10,0
638,1971,7,German Grand Prix,350,Elford,11,0
638,1971,7,German Grand Prix,330,Galli,12,0
639,1971,8,Austrian Grand Prix,346,Siffert,1,9
639,1971,8,Austrian Grand Prix,224,Fittipaldi,2,6
639,1971,8,Austrian Grand Prix,314,Schenken,3,4
639,1971,8,Austrian Grand Prix,317,Wisell,4,3
639,1971,8,Austrian Grand Prix,289,Hill,5,2
639,1971,8,Austrian Grand Prix,280,Pescarolo,6,1
639,1971,8,Austrian Grand Prix,243,Stommelen,7,0
639,1971,8,Austrian Grand Prix,238,Peterson,8,0
639,1971,8,Austrian Grand Prix,262,Oliver,9,0
639,1971,8,Austrian Grand Prix,320,Gethin,10,0
639,1971,8,Austrian Grand Prix,337,Marko,11,0
639,1971,8,Austrian Grand Prix,330,Galli,12,0
640,1971,9,Italian Grand Prix,320,Gethin,1,9
640,1971,9,Italian Grand Prix,238,Peterson,2,6
640,1971,9,Italian Grand Prix,327,Cevert,3,4
640,1971,9,Italian Grand Prix,305,Hailwood,4,3
640,1971,9,Italian Grand Prix,307,Ganley,5,2
640,1971,9,Italian Grand Prix,278,Amon,6,1
640,1971,9,Italian Grand Prix,262,Oliver,7,0
640,1971,9,Italian Grand Prix,224,Fittipaldi,8,0
640,1971,9,Italian Grand Prix,346,Siffert,9,0
640,1971,9,Italian Grand Prix,347,Bonnier,10,0
641,1971,10,Canadian Grand Prix,328,Stewart,1,9
641,1971,10,Canadian Grand Prix,238,Peterson,2,6
641,1971,10,Canadian Grand Prix,288,Donohue,3,4
641,1971,10,Canadian Grand Prix,304,Hulme,4,3
641,1971,10,Canadian Grand Prix,317,Wisell,5,2
641,1971,10,Canadian Grand Prix,327,Cevert,6,1
641,1971,10,Canadian Grand Prix,224,Fittipaldi,7,0
641,1971,10,Canadian Grand Prix,235,Ickx,8,0
641,1971,10,Canadian Grand Prix,346,Siffert,9,0
641,1971,10,Canadian Grand Prix,278,Amon,10,0
641,1971,10,Canadian Grand Prix,341,Surtees,11,0
641,1971,10,Canadian Grand Prix,337,Marko,12,0
641,1971,10,Canadian Grand Prix,207,Andretti,13,0
641,1971,10,Canadian Grand Prix,320,Gethin,14,0
641,1971,10,Canadian Grand Prix,352,Eaton,15,0
641,1971,10,Canadian Grand Prix,330,Galli,16,0
642,1971,11,United States Grand Prix,327,Cevert,1,9
642,1971,11,United States Grand Prix,346,Siffert,2,6
642,1971,11,United States Grand Prix,238,Peterson,3,4
642,1971,11,United States Grand Prix,307,Ganley,4,3
642,1971,11,United States Grand Prix,328,Stewart,5,2
642,1971,11,United States Grand Prix,223,Regazzoni,6,1
642,1971,11,United States Grand Prix,289,Hill,7,0
642,1971,11,United States Grand Prix,306,Beltoise,8,0
642,1971,11,United States Grand Prix,320,Gethin,9,0
642,1971,11,United States Grand Prix,322,Hobbs,10,0
642,1971,11,United States Grand Prix,333,de Adamich,11,0
642,1971,11,United States Grand Prix,278,Amon,12,0
642,1971,11,United States Grand Prix,337,Marko,13,0
642,1971,11,United States Grand Prix,355,Cannon,14,0
642,1971,11,United States Grand Prix,305,Hailwood,15,0
642,1971,11,United States Grand Prix,347,Bonnier,16,0
642,1971,11,United States Grand Prix,341,Surtees,17,0
643,1970,1,South African Grand Prix,356,Brabham,1,9
643,1970,1,South African Grand Prix,304,Hulme,2,6
643,1970,1,South African Grand Prix,328,Stewart,3,4
643,1970,1,South African Grand Prix,306,Beltoise,4,3
643,1970,1,South African Grand Prix,357,Miles,5,2
643,1970,1,South African Grand Prix,289,Hill,6,1
643,1970,1,South African Grand Prix,280,Pescarolo,7,0
643,1970,1,South African Grand Prix,340,Love,8,0
643,1970,1,South African Grand Prix,345,Rodríguez,9,0
643,1970,1,South African Grand Prix,346,Siffert,10,0
643,1970,1,South African Grand Prix,362,de Klerk,11,0
643,1970,1,South African Grand Prix,293,Charlton,12,0
643,1970,1,South African Grand Prix,358,Rindt,13,0
644,1970,2,Spanish Grand Prix,328,Stewart,1,9
644,1970,2,Spanish Grand Prix,360,McLaren,2,6
644,1970,2,Spanish Grand Prix,207,Andretti,3,4
644,1970,2,Spanish Grand Prix,289,Hill,4,3
644,1970,2,Spanish Grand Prix,359,Servoz-Gavin,5,2
645,1970,3,Monaco Grand Prix,358,Rindt,1,9
645,1970,3,Monaco Grand Prix,356,Brabham,2,6
645,1970,3,Monaco Grand Prix,280,Pescarolo,3,4
645,1970,3,Monaco Grand Prix,304,Hulme,4,3
645,1970,3,Monaco Grand Prix,289,Hill,5,2
645,1970,3,Monaco Grand Prix,345,Rodríguez,6,1
645,1970,3,Monaco Grand Prix,238,Peterson,7,0
645,1970,3,Monaco Grand Prix,346,Siffert,8,0
646,1970,4,Belgian Grand Prix,345,Rodríguez,1,9
646,1970,4,Belgian Grand Prix,278,Amon,2,6
646,1970,4,Belgian Grand Prix,306,Beltoise,3,4
646,1970,4,Belgian Grand Prix,363,Giunti,4,3
646,1970,4,Belgian Grand Prix,243,Stommelen,5,2
646,1970,4,Belgian Grand Prix,280,Pescarolo,6,1
646,1970,4,Belgian Grand Prix,346,Siffert,7,0
646,1970,4,Belgian Grand Prix,235,Ickx,8,0
647,1970,5,Dutch Grand Prix,358,Rindt,1,9
647,1970,5,Dutch Grand Prix,328,Stewart,2,6
647,1970,5,Dutch Grand Prix,235,Ickx,3,4
647,1970,5,Dutch Grand Prix,223,Regazzoni,4,3
647,1970,5,Dutch Grand Prix,306,Beltoise,5,2
647,1970,5,Dutch Grand Prix,341,Surtees,6,1
647,1970,5,Dutch Grand Prix,357,Miles,7,0
647,1970,5,Dutch Grand Prix,280,Pescarolo,8,0
647,1970,5,Dutch Grand Prix,238,Peterson,9,0
647,1970,5,Dutch Grand Prix,345,Rodríguez,10,0
647,1970,5,Dutch Grand Prix,356,Brabham,11,0
648,1970,6,French Grand Prix,358,Rindt,1,9
648,1970,6,French Grand Prix,278,Amon,2,6
648,1970,6,French Grand Prix,356,Brabham,3,4
648,1970,6,French Grand Prix,304,Hulme,4,3
648,1970,6,French Grand Prix,280,Pescarolo,5,2
648,1970,6,French Grand Prix,364,Gurney,6,1
648,1970,6,French Grand Prix,243,Stommelen,7,0
648,1970,6,French Grand Prix,357,Miles,8,0
648,1970,6,French Grand Prix,328,Stewart,9,0
648,1970,6,French Grand Prix,289,Hill,10,0
648,1970,6,French Grand Prix,327,Cevert,11,0
648,1970,6,French Grand Prix,352,Eaton,12,0
648,1970,6,French Grand Prix,306,Beltoise,13,0
648,1970,6,French Grand Prix,363,Giunti,14,0
649,1970,7,British Grand Prix,358,Rindt,1,9
649,1970,7,British Grand Prix,356,Brabham,2,6
649,1970,7,British Grand Prix,304,Hulme,3,4
649,1970,7,British Grand Prix,223,Regazzoni,4,3
649,1970,7,British Grand Prix,278,Amon,5,2
649,1970,7,British Grand Prix,289,Hill,6,1
649,1970,7,British Grand Prix,327,Cevert,7,0
649,1970,7,British Grand Prix,224,Fittipaldi,8,0
649,1970,7,British Grand Prix,238,Peterson,9,0
650,1970,8,German Grand Prix,358,Rindt,1,9
650,1970,8,German Grand Prix,235,Ickx,2,6
650,1970,8,German Grand Prix,304,Hulme,3,4
650,1970,8,German Grand Prix,224,Fittipaldi,4,3
650,1970,8,German Grand Prix,243,Stommelen,5,2
650,1970,8,German Grand Prix,280,Pescarolo,6,1
650,1970,8,German Grand Prix,327,Cevert,7,0
650,1970,8,German Grand Prix,346,Siffert,8,0
650,1970,8,German Grand Prix,341,Surtees,9,0
17,2009,17,Abu Dhabi Grand Prix,20,Vettel,1,10
17,2009,17,Abu Dhabi Grand Prix,17,Webber,2,8
17,2009,17,Abu Dhabi Grand Prix,18,Button,3,6
17,2009,17,Abu Dhabi Grand Prix,22,Barrichello,4,5
17,2009,17,Abu Dhabi Grand Prix,2,Heidfeld,5,4
17,2009,17,Abu Dhabi Grand Prix,155,Kobayashi,6,3
17,2009,17,Abu Dhabi Grand Prix,15,Trulli,7,2
17,2009,17,Abu Dhabi Grand Prix,67,Buemi,8,1
17,2009,17,Abu Dhabi Grand Prix,3,Rosberg,9,0
17,2009,17,Abu Dhabi Grand Prix,9,Kubica,10,0
17,2009,17,Abu Dhabi Grand Prix,5,Kovalainen,11,0
17,2009,17,Abu Dhabi Grand Prix,8,Räikkönen,12,0
17,2009,17,Abu Dhabi Grand Prix,6,Nakajima,13,0
17,2009,17,Abu Dhabi Grand Prix,4,Alonso,14,0
17,2009,17,Abu Dhabi Grand Prix,24,Liuzzi,15,0
17,2009,17,Abu Dhabi Grand Prix,21,Fisichella,16,0
17,2009,17,Abu Dhabi Grand Prix,16,Sutil,17,0
17,2009,17,Abu Dhabi Grand Prix,154,Grosjean,18,0
651,1970,9,Austrian Grand Prix,235,Ickx,1,9
651,1970,9,Austrian Grand Prix,223,Regazzoni,2,6
651,1970,9,Austrian Grand Prix,243,Stommelen,3,4
651,1970,9,Austrian Grand Prix,345,Rodríguez,4,3
651,1970,9,Austrian Grand Prix,262,Oliver,5,2
651,1970,9,Austrian Grand Prix,306,Beltoise,6,1
651,1970,9,Austrian Grand Prix,363,Giunti,7,0
651,1970,9,Austrian Grand Prix,278,Amon,8,0
651,1970,9,Austrian Grand Prix,346,Siffert,9,0
651,1970,9,Austrian Grand Prix,320,Gethin,10,0
651,1970,9,Austrian Grand Prix,352,Eaton,11,0
651,1970,9,Austrian Grand Prix,333,de Adamich,12,0
651,1970,9,Austrian Grand Prix,356,Brabham,13,0
651,1970,9,Austrian Grand Prix,280,Pescarolo,14,0
651,1970,9,Austrian Grand Prix,224,Fittipaldi,15,0
652,1970,10,Italian Grand Prix,223,Regazzoni,1,9
652,1970,10,Italian Grand Prix,328,Stewart,2,6
652,1970,10,Italian Grand Prix,306,Beltoise,3,4
652,1970,10,Italian Grand Prix,304,Hulme,4,3
652,1970,10,Italian Grand Prix,243,Stommelen,5,2
652,1970,10,Italian Grand Prix,327,Cevert,6,1
652,1970,10,Italian Grand Prix,278,Amon,7,0
652,1970,10,Italian Grand Prix,333,de Adamich,8,0
653,1970,11,Canadian Grand Prix,235,Ickx,1,9
653,1970,11,Canadian Grand Prix,223,Regazzoni,2,6
653,1970,11,Canadian Grand Prix,278,Amon,3,4
653,1970,11,Canadian Grand Prix,345,Rodríguez,4,3
653,1970,11,Canadian Grand Prix,341,Surtees,5,2
653,1970,11,Canadian Grand Prix,320,Gethin,6,1
653,1970,11,Canadian Grand Prix,280,Pescarolo,7,0
653,1970,11,Canadian Grand Prix,306,Beltoise,8,0
653,1970,11,Canadian Grand Prix,327,Cevert,9,0
653,1970,11,Canadian Grand Prix,352,Eaton,10,0
654,1970,12,United States Grand Prix,224,Fittipaldi,1,9
654,1970,12,United States Grand Prix,345,Rodríguez,2,6
654,1970,12,United States Grand Prix,317,Wisell,3,4
654,1970,12,United States Grand Prix,235,Ickx,4,3
654,1970,12,United States Grand Prix,278,Amon,5,2
654,1970,12,United States Grand Prix,321,Bell,6,1
654,1970,12,United States Grand Prix,304,Hulme,7,0
654,1970,12,United States Grand Prix,280,Pescarolo,8,0
654,1970,12,United States Grand Prix,346,Siffert,9,0
654,1970,12,United States Grand Prix,356,Brabham,10,0
654,1970,12,United States Grand Prix,238,Peterson,11,0
654,1970,12,United States Grand Prix,243,Stommelen,12,0
654,1970,12,United States Grand Prix,223,Regazzoni,13,0
654,1970,12,United States Grand Prix,320,Gethin,14,0
655,1970,13,Mexican Grand Prix,235,Ickx,1,9
655,1970,13,Mexican Grand Prix,223,Regazzoni,2,6
655,1970,13,Mexican Grand Prix,304,Hulme,3,4
655,1970,13,Mexican Grand Prix,278,Amon,4,3
655,1970,13,Mexican Grand Prix,306,Beltoise,5,2
655,1970,13,Mexican Grand Prix,345,Rodríguez,6,1
655,1970,13,Mexican Grand Prix,262,Oliver,7,0
655,1970,13,Mexican Grand Prix,341,Surtees,8,0
655,1970,13,Mexican Grand Prix,280,Pescarolo,9,0
656,1969,1,South African Grand Prix,328,Stewart,1,9
656,1969,1,South African Grand Prix,289,Hill,2,6
656,1969,1,South African Grand Prix,304,Hulme,3,4
656,1969,1,South African Grand Prix,346,Siffert,4,3
656,1969,1,South African Grand Prix,360,McLaren,5,2
656,1969,1,South African Grand Prix,306,Beltoise,6,1
656,1969,1,South African Grand Prix,262,Oliver,7,0
656,1969,1,South African Grand Prix,368,Tingle,8,0
657,1969,2,Spanish Grand Prix,328,Stewart,1,9
657,1969,2,Spanish Grand Prix,360,McLaren,2,6
657,1969,2,Spanish Grand Prix,306,Beltoise,3,4
657,1969,2,Spanish Grand Prix,304,Hulme,4,3
657,1969,2,Spanish Grand Prix,341,Surtees,5,2
657,1969,2,Spanish Grand Prix,235,Ickx,6,1
658,1969,3,Monaco Grand Prix,289,Hill,1,9
658,1969,3,Monaco Grand Prix,361,Courage,2,6
658,1969,3,Monaco Grand Prix,346,Siffert,3,4
658,1969,3,Monaco Grand Prix,370,Attwood,4,3
658,1969,3,Monaco Grand Prix,360,McLaren,5,2
658,1969,3,Monaco Grand Prix,304,Hulme,6,1
658,1969,3,Monaco Grand Prix,350,Elford,7,0
659,1969,4,Dutch Grand Prix,328,Stewart,1,9
659,1969,4,Dutch Grand Prix,346,Siffert,2,6
659,1969,4,Dutch Grand Prix,278,Amon,3,4
659,1969,4,Dutch Grand Prix,304,Hulme,4,3
659,1969,4,Dutch Grand Prix,235,Ickx,5,2
659,1969,4,Dutch Grand Prix,356,Brabham,6,1
659,1969,4,Dutch Grand Prix,289,Hill,7,0
659,1969,4,Dutch Grand Prix,306,Beltoise,8,0
659,1969,4,Dutch Grand Prix,341,Surtees,9,0
659,1969,4,Dutch Grand Prix,350,Elford,10,0
660,1969,5,French Grand Prix,328,Stewart,1,9
660,1969,5,French Grand Prix,306,Beltoise,2,6
660,1969,5,French Grand Prix,235,Ickx,3,4
660,1969,5,French Grand Prix,360,McLaren,4,3
660,1969,5,French Grand Prix,350,Elford,5,2
660,1969,5,French Grand Prix,289,Hill,6,1
660,1969,5,French Grand Prix,351,Moser,7,0
660,1969,5,French Grand Prix,304,Hulme,8,0
660,1969,5,French Grand Prix,346,Siffert,9,0
661,1969,6,British Grand Prix,328,Stewart,1,9
661,1969,6,British Grand Prix,235,Ickx,2,6
661,1969,6,British Grand Prix,360,McLaren,3,4
661,1969,6,British Grand Prix,358,Rindt,4,3
661,1969,6,British Grand Prix,361,Courage,5,2
661,1969,6,British Grand Prix,350,Elford,6,1
661,1969,6,British Grand Prix,289,Hill,7,0
661,1969,6,British Grand Prix,346,Siffert,8,0
661,1969,6,British Grand Prix,306,Beltoise,9,0
661,1969,6,British Grand Prix,357,Miles,10,0
662,1969,7,German Grand Prix,235,Ickx,1,9
662,1969,7,German Grand Prix,328,Stewart,2,6
662,1969,7,German Grand Prix,360,McLaren,3,4
662,1969,7,German Grand Prix,289,Hill,4,3
662,1969,7,German Grand Prix,346,Siffert,5,2
662,1969,7,German Grand Prix,306,Beltoise,6,1
663,1969,8,Italian Grand Prix,328,Stewart,1,9
663,1969,8,Italian Grand Prix,358,Rindt,2,6
663,1969,8,Italian Grand Prix,306,Beltoise,3,4
663,1969,8,Italian Grand Prix,360,McLaren,4,3
663,1969,8,Italian Grand Prix,361,Courage,5,2
663,1969,8,Italian Grand Prix,345,Rodríguez,6,1
663,1969,8,Italian Grand Prix,304,Hulme,7,0
663,1969,8,Italian Grand Prix,346,Siffert,8,0
663,1969,8,Italian Grand Prix,289,Hill,9,0
663,1969,8,Italian Grand Prix,235,Ickx,10,0
664,1969,9,Canadian Grand Prix,235,Ickx,1,9
664,1969,9,Canadian Grand Prix,356,Brabham,2,6
664,1969,9,Canadian Grand Prix,358,Rindt,3,4
664,1969,9,Canadian Grand Prix,306,Beltoise,4,3
664,1969,9,Canadian Grand Prix,360,McLaren,5,2
664,1969,9,Canadian Grand Prix,359,Servoz-Gavin,6,1
664,1969,9,Canadian Grand Prix,353,Lovely,7,0
665,1969,10,United States Grand Prix,358,Rindt,1,9
665,1969,10,United States Grand Prix,361,Courage,2,6
665,1969,10,United States Grand Prix,341,Surtees,3,4
665,1969,10,United States Grand Prix,356,Brabham,4,3
665,1969,10,United States Grand Prix,345,Rodríguez,5,2
665,1969,10,United States Grand Prix,351,Moser,6,1
666,1969,11,Mexican Grand Prix,304,Hulme,1,9
666,1969,11,Mexican Grand Prix,235,Ickx,2,6
666,1969,11,Mexican Grand Prix,356,Brabham,3,4
666,1969,11,Mexican Grand Prix,328,Stewart,4,3
666,1969,11,Mexican Grand Prix,306,Beltoise,5,2
666,1969,11,Mexican Grand Prix,262,Oliver,6,1
666,1969,11,Mexican Grand Prix,345,Rodríguez,7,0
666,1969,11,Mexican Grand Prix,359,Servoz-Gavin,8,0
666,1969,11,Mexican Grand Prix,353,Lovely,9,0
666,1969,11,Mexican Grand Prix,361,Courage,10,0
666,1969,11,Mexican Grand Prix,351,Moser,11,0
667,1968,1,South African Grand Prix,373,Clark,1,9
667,1968,1,South African Grand Prix,289,Hill,2,6
667,1968,1,South African Grand Prix,358,Rindt,3,4
667,1968,1,South African Grand Prix,278,Amon,4,3
667,1968,1,South African Grand Prix,304,Hulme,5,2
667,1968,1,South African Grand Prix,306,Beltoise,6,1
667,1968,1,South African Grand Prix,346,Siffert,7,0
667,1968,1,South African Grand Prix,341,Surtees,8,0
667,1968,1,South African Grand Prix,340,Love,9,0
668,1968,2,Spanish Grand Prix,289,Hill,1,9
668,1968,2,Spanish Grand Prix,304,Hulme,2,6
668,1968,2,Spanish Grand Prix,312,Redman,3,4
668,1968,2,Spanish Grand Prix,375,Scarfiotti,4,3
668,1968,2,Spanish Grand Prix,306,Beltoise,5,2
669,1968,3,Monaco Grand Prix,289,Hill,1,9
669,1968,3,Monaco Grand Prix,370,Attwood,2,6
669,1968,3,Monaco Grand Prix,376,Bianchi,3,4
669,1968,3,Monaco Grand Prix,375,Scarfiotti,4,3
669,1968,3,Monaco Grand Prix,304,Hulme,5,2
670,1968,4,Belgian Grand Prix,360,McLaren,1,9
670,1968,4,Belgian Grand Prix,345,Rodríguez,2,6
670,1968,4,Belgian Grand Prix,235,Ickx,3,4
670,1968,4,Belgian Grand Prix,328,Stewart,4,3
670,1968,4,Belgian Grand Prix,262,Oliver,5,2
670,1968,4,Belgian Grand Prix,376,Bianchi,6,1
670,1968,4,Belgian Grand Prix,346,Siffert,7,0
670,1968,4,Belgian Grand Prix,306,Beltoise,8,0
671,1968,5,Dutch Grand Prix,328,Stewart,1,9
671,1968,5,Dutch Grand Prix,306,Beltoise,2,6
671,1968,5,Dutch Grand Prix,345,Rodríguez,3,4
671,1968,5,Dutch Grand Prix,235,Ickx,4,3
671,1968,5,Dutch Grand Prix,351,Moser,5,2
671,1968,5,Dutch Grand Prix,278,Amon,6,1
671,1968,5,Dutch Grand Prix,370,Attwood,7,0
671,1968,5,Dutch Grand Prix,347,Bonnier,8,0
671,1968,5,Dutch Grand Prix,289,Hill,9,0
672,1968,6,French Grand Prix,235,Ickx,1,9
672,1968,6,French Grand Prix,341,Surtees,2,6
672,1968,6,French Grand Prix,328,Stewart,3,4
672,1968,6,French Grand Prix,350,Elford,4,3
672,1968,6,French Grand Prix,304,Hulme,5,2
672,1968,6,French Grand Prix,361,Courage,6,1
672,1968,6,French Grand Prix,370,Attwood,7,0
672,1968,6,French Grand Prix,360,McLaren,8,0
672,1968,6,French Grand Prix,306,Beltoise,9,0
672,1968,6,French Grand Prix,278,Amon,10,0
672,1968,6,French Grand Prix,346,Siffert,11,0
673,1968,7,British Grand Prix,346,Siffert,1,9
673,1968,7,British Grand Prix,278,Amon,2,6
673,1968,7,British Grand Prix,235,Ickx,3,4
673,1968,7,British Grand Prix,304,Hulme,4,3
673,1968,7,British Grand Prix,341,Surtees,5,2
673,1968,7,British Grand Prix,328,Stewart,6,1
673,1968,7,British Grand Prix,360,McLaren,7,0
673,1968,7,British Grand Prix,361,Courage,8,0
674,1968,8,German Grand Prix,328,Stewart,1,9
674,1968,8,German Grand Prix,289,Hill,2,6
674,1968,8,German Grand Prix,358,Rindt,3,4
674,1968,8,German Grand Prix,235,Ickx,4,3
674,1968,8,German Grand Prix,356,Brabham,5,2
674,1968,8,German Grand Prix,345,Rodríguez,6,1
674,1968,8,German Grand Prix,304,Hulme,7,0
674,1968,8,German Grand Prix,361,Courage,8,0
674,1968,8,German Grand Prix,364,Gurney,9,0
674,1968,8,German Grand Prix,365,Hahne,10,0
674,1968,8,German Grand Prix,262,Oliver,11,0
674,1968,8,German Grand Prix,379,Ahrens,12,0
674,1968,8,German Grand Prix,360,McLaren,13,0
674,1968,8,German Grand Prix,370,Attwood,14,0
675,1968,9,Italian Grand Prix,304,Hulme,1,9
675,1968,9,Italian Grand Prix,359,Servoz-Gavin,2,6
675,1968,9,Italian Grand Prix,235,Ickx,3,4
675,1968,9,Italian Grand Prix,361,Courage,4,3
675,1968,9,Italian Grand Prix,306,Beltoise,5,2
675,1968,9,Italian Grand Prix,347,Bonnier,6,1
676,1968,10,Canadian Grand Prix,304,Hulme,1,9
676,1968,10,Canadian Grand Prix,360,McLaren,2,6
676,1968,10,Canadian Grand Prix,345,Rodríguez,3,4
676,1968,10,Canadian Grand Prix,289,Hill,4,3
676,1968,10,Canadian Grand Prix,350,Elford,5,2
676,1968,10,Canadian Grand Prix,328,Stewart,6,1
677,1968,11,United States Grand Prix,328,Stewart,1,9
677,1968,11,United States Grand Prix,289,Hill,2,6
677,1968,11,United States Grand Prix,341,Surtees,3,4
677,1968,11,United States Grand Prix,364,Gurney,4,3
677,1968,11,United States Grand Prix,346,Siffert,5,2
677,1968,11,United States Grand Prix,360,McLaren,6,1
678,1968,12,Mexican Grand Prix,289,Hill,1,9
678,1968,12,Mexican Grand Prix,360,McLaren,2,6
678,1968,12,Mexican Grand Prix,262,Oliver,3,4
678,1968,12,Mexican Grand Prix,345,Rodríguez,4,3
678,1968,12,Mexican Grand Prix,347,Bonnier,5,2
678,1968,12,Mexican Grand Prix,346,Siffert,6,1
678,1968,12,Mexican Grand Prix,328,Stewart,7,0
678,1968,12,Mexican Grand Prix,350,Elford,8,0
678,1968,12,Mexican Grand Prix,280,Pescarolo,9,0
678,1968,12,Mexican Grand Prix,356,Brabham,10,0
679,1967,1,South African Grand Prix,345,Rodríguez,1,9
679,1967,1,South African Grand Prix,340,Love,2,6
679,1967,1,South African Grand Prix,341,Surtees,3,4
679,1967,1,South African Grand Prix,304,Hulme,4,3
679,1967,1,South African Grand Prix,383,Anderson,5,2
679,1967,1,South African Grand Prix,356,Brabham,6,1
680,1967,2,Monaco Grand Prix,304,Hulme,1,9
680,1967,2,Monaco Grand Prix,289,Hill,2,6
680,1967,2,Monaco Grand Prix,278,Amon,3,4
680,1967,2,Monaco Grand Prix,360,McLaren,4,3
680,1967,2,Monaco Grand Prix,345,Rodríguez,5,2
680,1967,2,Monaco Grand Prix,374,Spence,6,1
681,1967,3,Dutch Grand Prix,373,Clark,1,9
681,1967,3,Dutch Grand Prix,356,Brabham,2,6
681,1967,3,Dutch Grand Prix,304,Hulme,3,4
681,1967,3,Dutch Grand Prix,278,Amon,4,3
681,1967,3,Dutch Grand Prix,387,Parkes,5,2
681,1967,3,Dutch Grand Prix,375,Scarfiotti,6,1
681,1967,3,Dutch Grand Prix,388,Irwin,7,0
681,1967,3,Dutch Grand Prix,374,Spence,8,0
681,1967,3,Dutch Grand Prix,383,Anderson,9,0
681,1967,3,Dutch Grand Prix,346,Siffert,10,0
682,1967,4,Belgian Grand Prix,364,Gurney,1,9
682,1967,4,Belgian Grand Prix,328,Stewart,2,6
682,1967,4,Belgian Grand Prix,278,Amon,3,4
682,1967,4,Belgian Grand Prix,358,Rindt,4,3
682,1967,4,Belgian Grand Prix,374,Spence,5,2
682,1967,4,Belgian Grand Prix,373,Clark,6,1
682,1967,4,Belgian Grand Prix,346,Siffert,7,0
682,1967,4,Belgian Grand Prix,383,Anderson,8,0
682,1967,4,Belgian Grand Prix,345,Rodríguez,9,0
682,1967,4,Belgian Grand Prix,389,Ligier,10,0
683,1967,5,French Grand Prix,356,Brabham,1,9
683,1967,5,French Grand Prix,304,Hulme,2,6
683,1967,5,French Grand Prix,328,Stewart,3,4
683,1967,5,French Grand Prix,346,Siffert,4,3
683,1967,5,French Grand Prix,388,Irwin,5,2
683,1967,5,French Grand Prix,345,Rodríguez,6,1
684,1967,6,British Grand Prix,373,Clark,1,9
684,1967,6,British Grand Prix,304,Hulme,2,6
684,1967,6,British Grand Prix,278,Amon,3,4
684,1967,6,British Grand Prix,356,Brabham,4,3
684,1967,6,British Grand Prix,345,Rodríguez,5,2
684,1967,6,British Grand Prix,341,Surtees,6,1
684,1967,6,British Grand Prix,388,Irwin,7,0
684,1967,6,British Grand Prix,322,Hobbs,8,0
684,1967,6,British Grand Prix,390,Rees,9,0
684,1967,6,British Grand Prix,389,Ligier,10,0
685,1967,7,German Grand Prix,304,Hulme,1,9
685,1967,7,German Grand Prix,356,Brabham,2,6
685,1967,7,German Grand Prix,278,Amon,3,4
685,1967,7,German Grand Prix,341,Surtees,4,3
685,1967,7,German Grand Prix,262,Oliver,5,0
685,1967,7,German Grand Prix,347,Bonnier,6,2
685,1967,7,German Grand Prix,390,Rees,7,0
685,1967,7,German Grand Prix,389,Ligier,8,1
685,1967,7,German Grand Prix,388,Irwin,9,0
685,1967,7,German Grand Prix,322,Hobbs,10,0
685,1967,7,German Grand Prix,345,Rodríguez,11,0
686,1967,8,Canadian Grand Prix,356,Brabham,1,9
686,1967,8,Canadian Grand Prix,304,Hulme,2,6
686,1967,8,Canadian Grand Prix,364,Gurney,3,4
686,1967,8,Canadian Grand Prix,289,Hill,4,3
686,1967,8,Canadian Grand Prix,374,Spence,5,2
686,1967,8,Canadian Grand Prix,278,Amon,6,1
686,1967,8,Canadian Grand Prix,360,McLaren,7,0
686,1967,8,Canadian Grand Prix,347,Bonnier,8,0
686,1967,8,Canadian Grand Prix,322,Hobbs,9,0
686,1967,8,Canadian Grand Prix,370,Attwood,10,0
686,1967,8,Canadian Grand Prix,392,Fisher,11,0
687,1967,9,Italian Grand Prix,341,Surtees,1,9
687,1967,9,Italian Grand Prix,356,Brabham,2,6
687,1967,9,Italian Grand Prix,373,Clark,3,4
687,1967,9,Italian Grand Prix,358,Rindt,4,3
687,1967,9,Italian Grand Prix,374,Spence,5,2
687,1967,9,Italian Grand Prix,235,Ickx,6,1
687,1967,9,Italian Grand Prix,278,Amon,7,0
688,1967,10,United States Grand Prix,373,Clark,1,9
688,1967,10,United States Grand Prix,289,Hill,2,6
688,1967,10,United States Grand Prix,304,Hulme,3,4
688,1967,10,United States Grand Prix,346,Siffert,4,3
688,1967,10,United States Grand Prix,356,Brabham,5,2
688,1967,10,United States Grand Prix,347,Bonnier,6,1
688,1967,10,United States Grand Prix,306,Beltoise,7,0
689,1967,11,Mexican Grand Prix,373,Clark,1,9
689,1967,11,Mexican Grand Prix,356,Brabham,2,6
689,1967,11,Mexican Grand Prix,304,Hulme,3,4
689,1967,11,Mexican Grand Prix,341,Surtees,4,3
689,1967,11,Mexican Grand Prix,374,Spence,5,2
689,1967,11,Mexican Grand Prix,345,Rodríguez,6,1
689,1967,11,Mexican Grand Prix,306,Beltoise,7,0
689,1967,11,Mexican Grand Prix,395,Williams,8,0
689,1967,11,Mexican Grand Prix,278,Amon,9,0
689,1967,11,Mexican Grand Prix,347,Bonnier,10,0
689,1967,11,Mexican Grand Prix,389,Ligier,11,0
689,1967,11,Mexican Grand Prix,346,Siffert,12,0
690,1966,1,Monaco Grand Prix,328,Stewart,1,9
690,1966,1,Monaco Grand Prix,385,Bandini,2,6
690,1966,1,Monaco Grand Prix,289,Hill,3,4
690,1966,1,Monaco Grand Prix,396,Bondurant,4,3
691,1966,2,Belgian Grand Prix,341,Surtees,1,9
691,1966,2,Belgian Grand Prix,358,Rindt,2,6
691,1966,2,Belgian Grand Prix,385,Bandini,3,4
691,1966,2,Belgian Grand Prix,356,Brabham,4,3
691,1966,2,Belgian Grand Prix,386,Ginther,5,2
692,1966,3,French Grand Prix,356,Brabham,1,9
692,1966,3,French Grand Prix,387,Parkes,2,6
692,1966,3,French Grand Prix,304,Hulme,3,4
692,1966,3,French Grand Prix,358,Rindt,4,3
692,1966,3,French Grand Prix,364,Gurney,5,2
692,1966,3,French Grand Prix,399,Taylor,6,1
692,1966,3,French Grand Prix,383,Anderson,7,0
692,1966,3,French Grand Prix,278,Amon,8,0
693,1966,4,British Grand Prix,356,Brabham,1,9
693,1966,4,British Grand Prix,304,Hulme,2,6
693,1966,4,British Grand Prix,289,Hill,3,4
693,1966,4,British Grand Prix,373,Clark,4,3
693,1966,4,British Grand Prix,358,Rindt,5,2
693,1966,4,British Grand Prix,360,McLaren,6,1
693,1966,4,British Grand Prix,388,Irwin,7,0
693,1966,4,British Grand Prix,399,Taylor,8,0
693,1966,4,British Grand Prix,396,Bondurant,9,0
693,1966,4,British Grand Prix,389,Ligier,10,0
693,1966,4,British Grand Prix,400,Lawrence,11,0
694,1966,5,Dutch Grand Prix,356,Brabham,1,9
694,1966,5,Dutch Grand Prix,289,Hill,2,6
694,1966,5,Dutch Grand Prix,373,Clark,3,4
694,1966,5,Dutch Grand Prix,328,Stewart,4,3
694,1966,5,Dutch Grand Prix,374,Spence,5,2
694,1966,5,Dutch Grand Prix,385,Bandini,6,1
694,1966,5,Dutch Grand Prix,347,Bonnier,7,0
694,1966,5,Dutch Grand Prix,399,Taylor,8,0
694,1966,5,Dutch Grand Prix,389,Ligier,9,0
695,1966,6,German Grand Prix,356,Brabham,1,9
695,1966,6,German Grand Prix,341,Surtees,2,6
695,1966,6,German Grand Prix,358,Rindt,3,4
695,1966,6,German Grand Prix,289,Hill,4,3
695,1966,6,German Grand Prix,328,Stewart,5,2
695,1966,6,German Grand Prix,385,Bandini,6,1
695,1966,6,German Grand Prix,364,Gurney,7,0
695,1966,6,German Grand Prix,397,Arundell,8,0
696,1966,7,Italian Grand Prix,375,Scarfiotti,1,9
696,1966,7,Italian Grand Prix,387,Parkes,2,6
696,1966,7,Italian Grand Prix,304,Hulme,3,4
696,1966,7,Italian Grand Prix,358,Rindt,4,3
696,1966,7,Italian Grand Prix,374,Spence,5,2
696,1966,7,Italian Grand Prix,383,Anderson,6,1
696,1966,7,Italian Grand Prix,396,Bondurant,7,0
696,1966,7,Italian Grand Prix,397,Arundell,8,0
696,1966,7,Italian Grand Prix,402,Russo,9,0
697,1966,8,United States Grand Prix,373,Clark,1,9
697,1966,8,United States Grand Prix,358,Rindt,2,6
697,1966,8,United States Grand Prix,341,Surtees,3,4
697,1966,8,United States Grand Prix,346,Siffert,4,3
697,1966,8,United States Grand Prix,360,McLaren,5,2
697,1966,8,United States Grand Prix,397,Arundell,6,1
698,1966,9,Mexican Grand Prix,341,Surtees,1,9
698,1966,9,Mexican Grand Prix,356,Brabham,2,6
698,1966,9,Mexican Grand Prix,304,Hulme,3,4
698,1966,9,Mexican Grand Prix,386,Ginther,4,3
698,1966,9,Mexican Grand Prix,364,Gurney,5,2
698,1966,9,Mexican Grand Prix,347,Bonnier,6,1
698,1966,9,Mexican Grand Prix,397,Arundell,7,0
698,1966,9,Mexican Grand Prix,405,Bucknum,8,0
699,1965,1,South African Grand Prix,373,Clark,1,9
699,1965,1,South African Grand Prix,341,Surtees,2,6
699,1965,1,South African Grand Prix,289,Hill,3,4
699,1965,1,South African Grand Prix,374,Spence,4,3
699,1965,1,South African Grand Prix,360,McLaren,5,2
699,1965,1,South African Grand Prix,328,Stewart,6,1
699,1965,1,South African Grand Prix,346,Siffert,7,0
699,1965,1,South African Grand Prix,356,Brabham,8,0
699,1965,1,South African Grand Prix,406,Hawkins,9,0
699,1965,1,South African Grand Prix,362,de Klerk,10,0
699,1965,1,South African Grand Prix,408,Maggs,11,0
699,1965,1,South African Grand Prix,380,Gardner,12,0
699,1965,1,South African Grand Prix,368,Tingle,13,0
699,1965,1,South African Grand Prix,407,Prophet,14,0
699,1965,1,South African Grand Prix,385,Bandini,15,0
700,1965,2,Monaco Grand Prix,289,Hill,1,9
700,1965,2,Monaco Grand Prix,385,Bandini,2,6
700,1965,2,Monaco Grand Prix,328,Stewart,3,4
700,1965,2,Monaco Grand Prix,341,Surtees,4,3
700,1965,2,Monaco Grand Prix,360,McLaren,5,2
700,1965,2,Monaco Grand Prix,346,Siffert,6,1
700,1965,2,Monaco Grand Prix,347,Bonnier,7,0
700,1965,2,Monaco Grand Prix,304,Hulme,8,0
700,1965,2,Monaco Grand Prix,383,Anderson,9,0
700,1965,2,Monaco Grand Prix,406,Hawkins,10,0
701,1965,3,Belgian Grand Prix,373,Clark,1,9
701,1965,3,Belgian Grand Prix,328,Stewart,2,6
701,1965,3,Belgian Grand Prix,360,McLaren,3,4
701,1965,3,Belgian Grand Prix,356,Brabham,4,3
701,1965,3,Belgian Grand Prix,289,Hill,5,2
701,1965,3,Belgian Grand Prix,386,Ginther,6,1
701,1965,3,Belgian Grand Prix,374,Spence,7,0
701,1965,3,Belgian Grand Prix,346,Siffert,8,0
701,1965,3,Belgian Grand Prix,385,Bandini,9,0
701,1965,3,Belgian Grand Prix,364,Gurney,10,0
701,1965,3,Belgian Grand Prix,358,Rindt,11,0
701,1965,3,Belgian Grand Prix,376,Bianchi,12,0
701,1965,3,Belgian Grand Prix,404,Ireland,13,0
701,1965,3,Belgian Grand Prix,370,Attwood,14,0
702,1965,4,French Grand Prix,373,Clark,1,9
702,1965,4,French Grand Prix,328,Stewart,2,6
702,1965,4,French Grand Prix,341,Surtees,3,4
702,1965,4,French Grand Prix,304,Hulme,4,3
702,1965,4,French Grand Prix,289,Hill,5,2
702,1965,4,French Grand Prix,346,Siffert,6,1
702,1965,4,French Grand Prix,374,Spence,7,0
702,1965,4,French Grand Prix,385,Bandini,8,0
702,1965,4,French Grand Prix,383,Anderson,9,0
703,1965,5,British Grand Prix,373,Clark,1,9
703,1965,5,British Grand Prix,289,Hill,2,6
703,1965,5,British Grand Prix,341,Surtees,3,4
703,1965,5,British Grand Prix,374,Spence,4,3
703,1965,5,British Grand Prix,328,Stewart,5,2
703,1965,5,British Grand Prix,364,Gurney,6,1
703,1965,5,British Grand Prix,347,Bonnier,7,0
703,1965,5,British Grand Prix,380,Gardner,8,0
703,1965,5,British Grand Prix,346,Siffert,9,0
703,1965,5,British Grand Prix,360,McLaren,10,0
703,1965,5,British Grand Prix,420,Raby,11,0
703,1965,5,British Grand Prix,418,Gregory,12,0
703,1965,5,British Grand Prix,370,Attwood,13,0
703,1965,5,British Grand Prix,358,Rindt,14,0
704,1965,6,Dutch Grand Prix,373,Clark,1,9
704,1965,6,Dutch Grand Prix,328,Stewart,2,6
704,1965,6,Dutch Grand Prix,364,Gurney,3,4
704,1965,6,Dutch Grand Prix,289,Hill,4,3
704,1965,6,Dutch Grand Prix,304,Hulme,5,2
704,1965,6,Dutch Grand Prix,386,Ginther,6,1
704,1965,6,Dutch Grand Prix,341,Surtees,7,0
704,1965,6,Dutch Grand Prix,374,Spence,8,0
704,1965,6,Dutch Grand Prix,385,Bandini,9,0
704,1965,6,Dutch Grand Prix,404,Ireland,10,0
704,1965,6,Dutch Grand Prix,380,Gardner,11,0
704,1965,6,Dutch Grand Prix,370,Attwood,12,0
704,1965,6,Dutch Grand Prix,346,Siffert,13,0
705,1965,7,German Grand Prix,373,Clark,1,9
705,1965,7,German Grand Prix,289,Hill,2,6
705,1965,7,German Grand Prix,364,Gurney,3,4
705,1965,7,German Grand Prix,358,Rindt,4,3
705,1965,7,German Grand Prix,356,Brabham,5,2
705,1965,7,German Grand Prix,385,Bandini,6,1
705,1965,7,German Grand Prix,347,Bonnier,7,0
705,1965,7,German Grand Prix,418,Gregory,8,0
706,1965,8,Italian Grand Prix,328,Stewart,1,9
706,1965,8,Italian Grand Prix,289,Hill,2,6
706,1965,8,Italian Grand Prix,364,Gurney,3,4
706,1965,8,Italian Grand Prix,385,Bandini,4,3
706,1965,8,Italian Grand Prix,360,McLaren,5,2
706,1965,8,Italian Grand Prix,370,Attwood,6,1
706,1965,8,Italian Grand Prix,347,Bonnier,7,0
706,1965,8,Italian Grand Prix,358,Rindt,8,0
706,1965,8,Italian Grand Prix,404,Ireland,9,0
706,1965,8,Italian Grand Prix,373,Clark,10,0
706,1965,8,Italian Grand Prix,374,Spence,11,0
706,1965,8,Italian Grand Prix,425,Vaccarella,12,0
706,1965,8,Italian Grand Prix,424,Bussinello,13,0
706,1965,8,Italian Grand Prix,386,Ginther,14,0
707,1965,9,United States Grand Prix,289,Hill,1,9
707,1965,9,United States Grand Prix,364,Gurney,2,6
707,1965,9,United States Grand Prix,356,Brabham,3,4
707,1965,9,United States Grand Prix,385,Bandini,4,3
707,1965,9,United States Grand Prix,345,Rodríguez,5,2
707,1965,9,United States Grand Prix,358,Rindt,6,1
707,1965,9,United States Grand Prix,386,Ginther,7,0
707,1965,9,United States Grand Prix,347,Bonnier,8,0
707,1965,9,United States Grand Prix,396,Bondurant,9,0
707,1965,9,United States Grand Prix,370,Attwood,10,0
707,1965,9,United States Grand Prix,346,Siffert,11,0
707,1965,9,United States Grand Prix,382,Solana,12,0
707,1965,9,United States Grand Prix,405,Bucknum,13,0
708,1965,10,Mexican Grand Prix,386,Ginther,1,9
708,1965,10,Mexican Grand Prix,364,Gurney,2,6
708,1965,10,Mexican Grand Prix,374,Spence,3,4
708,1965,10,Mexican Grand Prix,346,Siffert,4,3
708,1965,10,Mexican Grand Prix,405,Bucknum,5,2
708,1965,10,Mexican Grand Prix,370,Attwood,6,1
708,1965,10,Mexican Grand Prix,345,Rodríguez,7,0
708,1965,10,Mexican Grand Prix,385,Bandini,8,0
709,1964,1,Monaco Grand Prix,289,Hill,1,9
709,1964,1,Monaco Grand Prix,386,Ginther,2,6
709,1964,1,Monaco Grand Prix,397,Arundell,3,4
709,1964,1,Monaco Grand Prix,373,Clark,4,3
709,1964,1,Monaco Grand Prix,347,Bonnier,5,2
709,1964,1,Monaco Grand Prix,305,Hailwood,6,1
709,1964,1,Monaco Grand Prix,383,Anderson,7,0
709,1964,1,Monaco Grand Prix,346,Siffert,8,0
709,1964,1,Monaco Grand Prix,403,Hill,9,0
709,1964,1,Monaco Grand Prix,385,Bandini,10,0
710,1964,2,Dutch Grand Prix,373,Clark,1,9
710,1964,2,Dutch Grand Prix,341,Surtees,2,6
710,1964,2,Dutch Grand Prix,397,Arundell,3,4
710,1964,2,Dutch Grand Prix,289,Hill,4,3
710,1964,2,Dutch Grand Prix,278,Amon,5,2
710,1964,2,Dutch Grand Prix,383,Anderson,6,1
710,1964,2,Dutch Grand Prix,360,McLaren,7,0
710,1964,2,Dutch Grand Prix,403,Hill,8,0
710,1964,2,Dutch Grand Prix,347,Bonnier,9,0
710,1964,2,Dutch Grand Prix,394,Baghetti,10,0
710,1964,2,Dutch Grand Prix,386,Ginther,11,0
710,1964,2,Dutch Grand Prix,305,Hailwood,12,0
710,1964,2,Dutch Grand Prix,346,Siffert,13,0
711,1964,3,Belgian Grand Prix,373,Clark,1,9
711,1964,3,Belgian Grand Prix,360,McLaren,2,6
711,1964,3,Belgian Grand Prix,356,Brabham,3,4
711,1964,3,Belgian Grand Prix,386,Ginther,4,3
711,1964,3,Belgian Grand Prix,289,Hill,5,2
711,1964,3,Belgian Grand Prix,364,Gurney,6,1
711,1964,3,Belgian Grand Prix,401,Taylor,7,0
711,1964,3,Belgian Grand Prix,394,Baghetti,8,0
711,1964,3,Belgian Grand Prix,397,Arundell,9,0
711,1964,3,Belgian Grand Prix,404,Ireland,10,0
712,1964,4,French Grand Prix,364,Gurney,1,9
712,1964,4,French Grand Prix,289,Hill,2,6
712,1964,4,French Grand Prix,356,Brabham,3,4
712,1964,4,French Grand Prix,397,Arundell,4,3
712,1964,4,French Grand Prix,386,Ginther,5,2
712,1964,4,French Grand Prix,360,McLaren,6,1
712,1964,4,French Grand Prix,403,Hill,7,0
712,1964,4,French Grand Prix,305,Hailwood,8,0
712,1964,4,French Grand Prix,385,Bandini,9,0
712,1964,4,French Grand Prix,278,Amon,10,0
712,1964,4,French Grand Prix,427,Trintignant,11,0
712,1964,4,French Grand Prix,383,Anderson,12,0
713,1964,5,British Grand Prix,373,Clark,1,9
713,1964,5,British Grand Prix,289,Hill,2,6
713,1964,5,British Grand Prix,341,Surtees,3,4
713,1964,5,British Grand Prix,356,Brabham,4,3
713,1964,5,British Grand Prix,385,Bandini,5,2
713,1964,5,British Grand Prix,403,Hill,6,1
713,1964,5,British Grand Prix,383,Anderson,7,0
713,1964,5,British Grand Prix,386,Ginther,8,0
713,1964,5,British Grand Prix,374,Spence,9,0
713,1964,5,British Grand Prix,404,Ireland,10,0
713,1964,5,British Grand Prix,346,Siffert,11,0
713,1964,5,British Grand Prix,394,Baghetti,12,0
713,1964,5,British Grand Prix,364,Gurney,13,0
713,1964,5,British Grand Prix,399,Taylor,14,0
714,1964,6,German Grand Prix,341,Surtees,1,9
714,1964,6,German Grand Prix,289,Hill,2,6
714,1964,6,German Grand Prix,385,Bandini,3,4
714,1964,6,German Grand Prix,346,Siffert,4,3
714,1964,6,German Grand Prix,427,Trintignant,5,2
714,1964,6,German Grand Prix,408,Maggs,6,1
714,1964,6,German Grand Prix,386,Ginther,7,0
714,1964,6,German Grand Prix,374,Spence,8,0
714,1964,6,German Grand Prix,423,Mitter,9,0
714,1964,6,German Grand Prix,364,Gurney,10,0
714,1964,6,German Grand Prix,278,Amon,11,0
714,1964,6,German Grand Prix,356,Brabham,12,0
714,1964,6,German Grand Prix,405,Bucknum,13,0
714,1964,6,German Grand Prix,309,Revson,14,0
715,1964,7,Austrian Grand Prix,385,Bandini,1,9
715,1964,7,Austrian Grand Prix,386,Ginther,2,6
715,1964,7,Austrian Grand Prix,383,Anderson,3,4
715,1964,7,Austrian Grand Prix,408,Maggs,4,3
715,1964,7,Austrian Grand Prix,404,Ireland,5,2
715,1964,7,Austrian Grand Prix,347,Bonnier,6,1
715,1964,7,Austrian Grand Prix,394,Baghetti,7,0
715,1964,7,Austrian Grand Prix,305,Hailwood,8,0
715,1964,7,Austrian Grand Prix,356,Brabham,9,0
716,1964,8,Italian Grand Prix,341,Surtees,1,9
716,1964,8,Italian Grand Prix,360,McLaren,2,6
716,1964,8,Italian Grand Prix,385,Bandini,3,4
716,1964,8,Italian Grand Prix,386,Ginther,4,3
716,1964,8,Italian Grand Prix,404,Ireland,5,2
716,1964,8,Italian Grand Prix,374,Spence,6,1
716,1964,8,Italian Grand Prix,346,Siffert,7,0
716,1964,8,Italian Grand Prix,394,Baghetti,8,0
716,1964,8,Italian Grand Prix,375,Scarfiotti,9,0
716,1964,8,Italian Grand Prix,364,Gurney,10,0
716,1964,8,Italian Grand Prix,383,Anderson,11,0
716,1964,8,Italian Grand Prix,347,Bonnier,12,0
716,1964,8,Italian Grand Prix,309,Revson,13,0
716,1964,8,Italian Grand Prix,356,Brabham,14,0
716,1964,8,Italian Grand Prix,373,Clark,15,0
717,1964,9,United States Grand Prix,289,Hill,1,9
717,1964,9,United States Grand Prix,341,Surtees,2,6
717,1964,9,United States Grand Prix,346,Siffert,3,4
717,1964,9,United States Grand Prix,386,Ginther,4,3
717,1964,9,United States Grand Prix,433,Hansgen,5,2
717,1964,9,United States Grand Prix,401,Taylor,6,1
717,1964,9,United States Grand Prix,373,Clark,7,0
717,1964,9,United States Grand Prix,305,Hailwood,8,0
718,1964,10,Mexican Grand Prix,364,Gurney,1,9
718,1964,10,Mexican Grand Prix,341,Surtees,2,6
718,1964,10,Mexican Grand Prix,385,Bandini,3,4
718,1964,10,Mexican Grand Prix,374,Spence,4,3
718,1964,10,Mexican Grand Prix,373,Clark,5,2
718,1964,10,Mexican Grand Prix,345,Rodríguez,6,1
718,1964,10,Mexican Grand Prix,360,McLaren,7,0
718,1964,10,Mexican Grand Prix,386,Ginther,8,0
718,1964,10,Mexican Grand Prix,403,Hill,9,0
718,1964,10,Mexican Grand Prix,382,Solana,10,0
718,1964,10,Mexican Grand Prix,289,Hill,11,0
718,1964,10,Mexican Grand Prix,404,Ireland,12,0
718,1964,10,Mexican Grand Prix,434,Sharp,13,0
719,1963,1,Monaco Grand Prix,289,Hill,1,9
719,1963,1,Monaco Grand Prix,386,Ginther,2,6
719,1963,1,Monaco Grand Prix,360,McLaren,3,4
719,1963,1,Monaco Grand Prix,341,Surtees,4,3
719,1963,1,Monaco Grand Prix,408,Maggs,5,2
719,1963,1,Monaco Grand Prix,401,Taylor,6,1
719,1963,1,Monaco Grand Prix,347,Bonnier,7,0
719,1963,1,Monaco Grand Prix,373,Clark,8,0
719,1963,1,Monaco Grand Prix,356,Brabham,9,0
720,1963,2,Belgian Grand Prix,373,Clark,1,9
720,1963,2,Belgian Grand Prix,360,McLaren,2,6
720,1963,2,Belgian Grand Prix,364,Gurney,3,4
720,1963,2,Belgian Grand Prix,386,Ginther,4,3
720,1963,2,Belgian Grand Prix,347,Bonnier,5,2
720,1963,2,Belgian Grand Prix,430,de Beaufort,6,1
720,1963,2,Belgian Grand Prix,408,Maggs,7,0
720,1963,2,Belgian Grand Prix,438,Settember,8,0
721,1963,3,Dutch Grand Prix,373,Clark,1,9
721,1963,3,Dutch Grand Prix,364,Gurney,2,6
721,1963,3,Dutch Grand Prix,341,Surtees,3,4
721,1963,3,Dutch Grand Prix,404,Ireland,4,3
721,1963,3,Dutch Grand Prix,386,Ginther,5,2
721,1963,3,Dutch Grand Prix,375,Scarfiotti,6,1
721,1963,3,Dutch Grand Prix,346,Siffert,7,0
721,1963,3,Dutch Grand Prix,440,Hall,8,0
721,1963,3,Dutch Grand Prix,430,de Beaufort,9,0
721,1963,3,Dutch Grand Prix,401,Taylor,10,0
721,1963,3,Dutch Grand Prix,347,Bonnier,11,0
722,1963,4,French Grand Prix,373,Clark,1,9
722,1963,4,French Grand Prix,408,Maggs,2,6
722,1963,4,French Grand Prix,289,Hill,3,0
722,1963,4,French Grand Prix,356,Brabham,4,3
722,1963,4,French Grand Prix,364,Gurney,5,2
722,1963,4,French Grand Prix,346,Siffert,6,1
722,1963,4,French Grand Prix,278,Amon,7,0
722,1963,4,French Grand Prix,427,Trintignant,8,0
722,1963,4,French Grand Prix,404,Ireland,9,0
722,1963,4,French Grand Prix,385,Bandini,10,0
722,1963,4,French Grand Prix,440,Hall,11,0
722,1963,4,French Grand Prix,360,McLaren,12,0
722,1963,4,French Grand Prix,401,Taylor,13,0
723,1963,5,British Grand Prix,373,Clark,1,9
723,1963,5,British Grand Prix,341,Surtees,2,6
723,1963,5,British Grand Prix,289,Hill,3,4
723,1963,5,British Grand Prix,386,Ginther,4,3
723,1963,5,British Grand Prix,385,Bandini,5,2
723,1963,5,British Grand Prix,440,Hall,6,1
723,1963,5,British Grand Prix,278,Amon,7,0
723,1963,5,British Grand Prix,305,Hailwood,8,0
723,1963,5,British Grand Prix,408,Maggs,9,0
723,1963,5,British Grand Prix,430,de Beaufort,10,0
723,1963,5,British Grand Prix,418,Gregory,11,0
723,1963,5,British Grand Prix,383,Anderson,12,0
723,1963,5,British Grand Prix,436,Campbell-Jones,13,0
724,1963,6,German Grand Prix,341,Surtees,1,9
724,1963,6,German Grand Prix,373,Clark,2,6
724,1963,6,German Grand Prix,386,Ginther,3,4
724,1963,6,German Grand Prix,423,Mitter,4,3
724,1963,6,German Grand Prix,440,Hall,5,2
724,1963,6,German Grand Prix,347,Bonnier,6,1
724,1963,6,German Grand Prix,356,Brabham,7,0
724,1963,6,German Grand Prix,401,Taylor,8,0
724,1963,6,German Grand Prix,346,Siffert,9,0
724,1963,6,German Grand Prix,428,Collomb,10,0
725,1963,7,Italian Grand Prix,373,Clark,1,9
725,1963,7,Italian Grand Prix,386,Ginther,2,6
725,1963,7,Italian Grand Prix,360,McLaren,3,4
725,1963,7,Italian Grand Prix,404,Ireland,4,3
725,1963,7,Italian Grand Prix,356,Brabham,5,2
725,1963,7,Italian Grand Prix,408,Maggs,6,1
725,1963,7,Italian Grand Prix,347,Bonnier,7,0
725,1963,7,Italian Grand Prix,440,Hall,8,0
725,1963,7,Italian Grand Prix,427,Trintignant,9,0
725,1963,7,Italian Grand Prix,305,Hailwood,10,0
725,1963,7,Italian Grand Prix,403,Hill,11,0
725,1963,7,Italian Grand Prix,383,Anderson,12,0
725,1963,7,Italian Grand Prix,374,Spence,13,0
725,1963,7,Italian Grand Prix,364,Gurney,14,0
725,1963,7,Italian Grand Prix,394,Baghetti,15,0
725,1963,7,Italian Grand Prix,289,Hill,16,0
726,1963,8,United States Grand Prix,289,Hill,1,9
726,1963,8,United States Grand Prix,386,Ginther,2,6
726,1963,8,United States Grand Prix,373,Clark,3,4
726,1963,8,United States Grand Prix,356,Brabham,4,3
726,1963,8,United States Grand Prix,385,Bandini,5,2
726,1963,8,United States Grand Prix,430,de Beaufort,6,1
726,1963,8,United States Grand Prix,448,Broeker,7,0
726,1963,8,United States Grand Prix,347,Bonnier,8,0
726,1963,8,United States Grand Prix,341,Surtees,9,0
726,1963,8,United States Grand Prix,440,Hall,10,0
726,1963,8,United States Grand Prix,360,McLaren,11,0
727,1963,9,Mexican Grand Prix,373,Clark,1,9
727,1963,9,Mexican Grand Prix,356,Brabham,2,6
727,1963,9,Mexican Grand Prix,386,Ginther,3,4
727,1963,9,Mexican Grand Prix,289,Hill,4,3
727,1963,9,Mexican Grand Prix,347,Bonnier,5,2
727,1963,9,Mexican Grand Prix,364,Gurney,6,1
727,1963,9,Mexican Grand Prix,434,Sharp,7,0
727,1963,9,Mexican Grand Prix,440,Hall,8,0
727,1963,9,Mexican Grand Prix,346,Siffert,9,0
727,1963,9,Mexican Grand Prix,430,de Beaufort,10,0
727,1963,9,Mexican Grand Prix,382,Solana,11,0
729,1962,1,Dutch Grand Prix,289,Hill,1,9
729,1962,1,Dutch Grand Prix,401,Taylor,2,6
729,1962,1,Dutch Grand Prix,403,Hill,3,4
729,1962,1,Dutch Grand Prix,394,Baghetti,4,3
729,1962,1,Dutch Grand Prix,408,Maggs,5,2
729,1962,1,Dutch Grand Prix,430,de Beaufort,6,1
729,1962,1,Dutch Grand Prix,347,Bonnier,7,0
729,1962,1,Dutch Grand Prix,453,Lewis,8,0
729,1962,1,Dutch Grand Prix,373,Clark,9,0
730,1962,2,Monaco Grand Prix,360,McLaren,1,9
730,1962,2,Monaco Grand Prix,403,Hill,2,6
730,1962,2,Monaco Grand Prix,385,Bandini,3,4
730,1962,2,Monaco Grand Prix,341,Surtees,4,3
730,1962,2,Monaco Grand Prix,347,Bonnier,5,2
730,1962,2,Monaco Grand Prix,289,Hill,6,1
730,1962,2,Monaco Grand Prix,435,Mairesse,7,0
730,1962,2,Monaco Grand Prix,356,Brabham,8,0
731,1962,3,Belgian Grand Prix,373,Clark,1,9
731,1962,3,Belgian Grand Prix,289,Hill,2,6
731,1962,3,Belgian Grand Prix,403,Hill,3,4
731,1962,3,Belgian Grand Prix,454,Rodríguez,4,3
731,1962,3,Belgian Grand Prix,341,Surtees,5,2
731,1962,3,Belgian Grand Prix,356,Brabham,6,1
731,1962,3,Belgian Grand Prix,430,de Beaufort,7,0
731,1962,3,Belgian Grand Prix,427,Trintignant,8,0
731,1962,3,Belgian Grand Prix,376,Bianchi,9,0
731,1962,3,Belgian Grand Prix,346,Siffert,10,0
731,1962,3,Belgian Grand Prix,436,Campbell-Jones,11,0
732,1962,4,French Grand Prix,364,Gurney,1,9
732,1962,4,French Grand Prix,408,Maggs,2,6
732,1962,4,French Grand Prix,386,Ginther,3,4
732,1962,4,French Grand Prix,360,McLaren,4,3
732,1962,4,French Grand Prix,341,Surtees,5,2
732,1962,4,French Grand Prix,430,de Beaufort,6,1
732,1962,4,French Grand Prix,427,Trintignant,7,0
732,1962,4,French Grand Prix,401,Taylor,8,0
732,1962,4,French Grand Prix,289,Hill,9,0
733,1962,5,British Grand Prix,373,Clark,1,9
733,1962,5,British Grand Prix,341,Surtees,2,6
733,1962,5,British Grand Prix,360,McLaren,3,4
733,1962,5,British Grand Prix,289,Hill,4,3
733,1962,5,British Grand Prix,356,Brabham,5,2
733,1962,5,British Grand Prix,408,Maggs,6,1
733,1962,5,British Grand Prix,418,Gregory,7,0
733,1962,5,British Grand Prix,401,Taylor,8,0
733,1962,5,British Grand Prix,364,Gurney,9,0
733,1962,5,British Grand Prix,453,Lewis,10,0
733,1962,5,British Grand Prix,438,Settember,11,0
733,1962,5,British Grand Prix,437,Burgess,12,0
733,1962,5,British Grand Prix,386,Ginther,13,0
733,1962,5,British Grand Prix,430,de Beaufort,14,0
733,1962,5,British Grand Prix,463,Chamberlain,15,0
733,1962,5,British Grand Prix,404,Ireland,16,0
734,1962,6,German Grand Prix,289,Hill,1,9
734,1962,6,German Grand Prix,341,Surtees,2,6
734,1962,6,German Grand Prix,364,Gurney,3,4
734,1962,6,German Grand Prix,373,Clark,4,3
734,1962,6,German Grand Prix,360,McLaren,5,2
734,1962,6,German Grand Prix,454,Rodríguez,6,1
734,1962,6,German Grand Prix,347,Bonnier,7,0
734,1962,6,German Grand Prix,386,Ginther,8,0
734,1962,6,German Grand Prix,408,Maggs,9,0
734,1962,6,German Grand Prix,394,Baghetti,10,0
734,1962,6,German Grand Prix,437,Burgess,11,0
734,1962,6,German Grand Prix,346,Siffert,12,0
734,1962,6,German Grand Prix,430,de Beaufort,13,0
734,1962,6,German Grand Prix,466,Walter,14,0
734,1962,6,German Grand Prix,425,Vaccarella,15,0
734,1962,6,German Grand Prix,376,Bianchi,16,0
735,1962,7,Italian Grand Prix,289,Hill,1,9
735,1962,7,Italian Grand Prix,386,Ginther,2,6
735,1962,7,Italian Grand Prix,360,McLaren,3,4
735,1962,7,Italian Grand Prix,435,Mairesse,4,3
735,1962,7,Italian Grand Prix,394,Baghetti,5,2
735,1962,7,Italian Grand Prix,347,Bonnier,6,1
735,1962,7,Italian Grand Prix,408,Maggs,7,0
735,1962,7,Italian Grand Prix,385,Bandini,8,0
735,1962,7,Italian Grand Prix,425,Vaccarella,9,0
735,1962,7,Italian Grand Prix,430,de Beaufort,10,0
735,1962,7,Italian Grand Prix,403,Hill,11,0
735,1962,7,Italian Grand Prix,418,Gregory,12,0
735,1962,7,Italian Grand Prix,364,Gurney,13,0
735,1962,7,Italian Grand Prix,454,Rodríguez,14,0
736,1962,8,United States Grand Prix,373,Clark,1,9
736,1962,8,United States Grand Prix,289,Hill,2,6
736,1962,8,United States Grand Prix,360,McLaren,3,4
736,1962,8,United States Grand Prix,356,Brabham,4,3
736,1962,8,United States Grand Prix,364,Gurney,5,2
736,1962,8,United States Grand Prix,418,Gregory,6,1
736,1962,8,United States Grand Prix,408,Maggs,7,0
736,1962,8,United States Grand Prix,404,Ireland,8,0
736,1962,8,United States Grand Prix,468,Penske,9,0
736,1962,8,United States Grand Prix,469,Schroeder,10,0
736,1962,8,United States Grand Prix,434,Sharp,11,0
736,1962,8,United States Grand Prix,401,Taylor,12,0
736,1962,8,United States Grand Prix,347,Bonnier,13,0
737,1962,9,South African Grand Prix,289,Hill,1,9
737,1962,9,South African Grand Prix,360,McLaren,2,6
737,1962,9,South African Grand Prix,408,Maggs,3,4
737,1962,9,South African Grand Prix,356,Brabham,4,3
737,1962,9,South African Grand Prix,404,Ireland,5,2
737,1962,9,South African Grand Prix,410,Lederle,6,1
737,1962,9,South African Grand Prix,386,Ginther,7,0
737,1962,9,South African Grand Prix,340,Love,8,0
737,1962,9,South African Grand Prix,471,Johnstone,9,0
737,1962,9,South African Grand Prix,413,Pieterse,10,0
737,1962,9,South African Grand Prix,430,de Beaufort,11,0
738,1961,1,Monaco Grand Prix,475,Moss,1,9
738,1961,1,Monaco Grand Prix,386,Ginther,2,6
738,1961,1,Monaco Grand Prix,403,Hill,3,4
738,1961,1,Monaco Grand Prix,476,von Trips,4,3
738,1961,1,Monaco Grand Prix,364,Gurney,5,2
738,1961,1,Monaco Grand Prix,360,McLaren,6,1
738,1961,1,Monaco Grand Prix,427,Trintignant,7,0
738,1961,1,Monaco Grand Prix,477,Allison,8,0
738,1961,1,Monaco Grand Prix,478,Herrmann,9,0
738,1961,1,Monaco Grand Prix,373,Clark,10,0
738,1961,1,Monaco Grand Prix,341,Surtees,11,0
738,1961,1,Monaco Grand Prix,347,Bonnier,12,0
738,1961,1,Monaco Grand Prix,479,Brooks,13,0
739,1961,2,Dutch Grand Prix,476,von Trips,1,9
739,1961,2,Dutch Grand Prix,403,Hill,2,6
739,1961,2,Dutch Grand Prix,373,Clark,3,4
739,1961,2,Dutch Grand Prix,475,Moss,4,3
739,1961,2,Dutch Grand Prix,386,Ginther,5,2
739,1961,2,Dutch Grand Prix,356,Brabham,6,1
739,1961,2,Dutch Grand Prix,341,Surtees,7,0
739,1961,2,Dutch Grand Prix,289,Hill,8,0
739,1961,2,Dutch Grand Prix,479,Brooks,9,0
739,1961,2,Dutch Grand Prix,364,Gurney,10,0
739,1961,2,Dutch Grand Prix,347,Bonnier,11,0
739,1961,2,Dutch Grand Prix,360,McLaren,12,0
739,1961,2,Dutch Grand Prix,401,Taylor,13,0
739,1961,2,Dutch Grand Prix,430,de Beaufort,14,0
739,1961,2,Dutch Grand Prix,478,Herrmann,15,0
740,1961,3,Belgian Grand Prix,403,Hill,1,9
740,1961,3,Belgian Grand Prix,476,von Trips,2,6
740,1961,3,Belgian Grand Prix,386,Ginther,3,4
740,1961,3,Belgian Grand Prix,482,Gendebien,4,3
740,1961,3,Belgian Grand Prix,341,Surtees,5,2
740,1961,3,Belgian Grand Prix,364,Gurney,6,1
740,1961,3,Belgian Grand Prix,347,Bonnier,7,0
740,1961,3,Belgian Grand Prix,475,Moss,8,0
740,1961,3,Belgian Grand Prix,453,Lewis,9,0
740,1961,3,Belgian Grand Prix,418,Gregory,10,0
740,1961,3,Belgian Grand Prix,430,de Beaufort,11,0
740,1961,3,Belgian Grand Prix,373,Clark,12,0
740,1961,3,Belgian Grand Prix,479,Brooks,13,0
741,1961,4,French Grand Prix,394,Baghetti,1,9
741,1961,4,French Grand Prix,364,Gurney,2,6
741,1961,4,French Grand Prix,373,Clark,3,4
741,1961,4,French Grand Prix,404,Ireland,4,3
741,1961,4,French Grand Prix,360,McLaren,5,2
741,1961,4,French Grand Prix,289,Hill,6,1
741,1961,4,French Grand Prix,347,Bonnier,7,0
741,1961,4,French Grand Prix,456,Salvadori,8,0
741,1961,4,French Grand Prix,403,Hill,9,0
741,1961,4,French Grand Prix,481,Taylor,10,0
741,1961,4,French Grand Prix,480,May,11,0
741,1961,4,French Grand Prix,418,Gregory,12,0
741,1961,4,French Grand Prix,427,Trintignant,13,0
741,1961,4,French Grand Prix,437,Burgess,14,0
741,1961,4,French Grand Prix,386,Ginther,15,0
742,1961,5,British Grand Prix,476,von Trips,1,9
742,1961,5,British Grand Prix,403,Hill,2,6
742,1961,5,British Grand Prix,386,Ginther,3,4
742,1961,5,British Grand Prix,356,Brabham,4,3
742,1961,5,British Grand Prix,347,Bonnier,5,2
742,1961,5,British Grand Prix,456,Salvadori,6,1
742,1961,5,British Grand Prix,364,Gurney,7,0
742,1961,5,British Grand Prix,360,McLaren,8,0
742,1961,5,British Grand Prix,479,Brooks,9,0
742,1961,5,British Grand Prix,404,Ireland,10,0
742,1961,5,British Grand Prix,418,Gregory,11,0
742,1961,5,British Grand Prix,385,Bandini,12,0
742,1961,5,British Grand Prix,408,Maggs,13,0
742,1961,5,British Grand Prix,437,Burgess,14,0
742,1961,5,British Grand Prix,465,Greene,15,0
742,1961,5,British Grand Prix,430,de Beaufort,16,0
742,1961,5,British Grand Prix,455,Seidel,17,0
743,1961,6,German Grand Prix,475,Moss,1,9
743,1961,6,German Grand Prix,476,von Trips,2,6
743,1961,6,German Grand Prix,403,Hill,3,4
743,1961,6,German Grand Prix,373,Clark,4,3
743,1961,6,German Grand Prix,341,Surtees,5,2
743,1961,6,German Grand Prix,360,McLaren,6,1
743,1961,6,German Grand Prix,364,Gurney,7,0
743,1961,6,German Grand Prix,386,Ginther,8,0
743,1961,6,German Grand Prix,453,Lewis,9,0
743,1961,6,German Grand Prix,456,Salvadori,10,0
743,1961,6,German Grand Prix,408,Maggs,11,0
743,1961,6,German Grand Prix,437,Burgess,12,0
743,1961,6,German Grand Prix,478,Herrmann,13,0
743,1961,6,German Grand Prix,430,de Beaufort,14,0
743,1961,6,German Grand Prix,459,Marsh,15,0
743,1961,6,German Grand Prix,460,Ashmore,16,0
744,1961,7,Italian Grand Prix,403,Hill,1,9
744,1961,7,Italian Grand Prix,364,Gurney,2,6
744,1961,7,Italian Grand Prix,360,McLaren,3,4
744,1961,7,Italian Grand Prix,453,Lewis,4,3
744,1961,7,Italian Grand Prix,479,Brooks,5,2
744,1961,7,Italian Grand Prix,456,Salvadori,6,1
744,1961,7,Italian Grand Prix,430,de Beaufort,7,0
744,1961,7,Italian Grand Prix,385,Bandini,8,0
744,1961,7,Italian Grand Prix,427,Trintignant,9,0
744,1961,7,Italian Grand Prix,441,Parnell,10,0
744,1961,7,Italian Grand Prix,481,Taylor,11,0
744,1961,7,Italian Grand Prix,489,Pirocchi,12,0
745,1961,8,United States Grand Prix,404,Ireland,1,9
745,1961,8,United States Grand Prix,364,Gurney,2,6
745,1961,8,United States Grand Prix,479,Brooks,3,4
745,1961,8,United States Grand Prix,360,McLaren,4,3
745,1961,8,United States Grand Prix,289,Hill,5,2
745,1961,8,United States Grand Prix,347,Bonnier,6,1
745,1961,8,United States Grand Prix,373,Clark,7,0
745,1961,8,United States Grand Prix,468,Penske,8,0
745,1961,8,United States Grand Prix,493,Ryan,9,0
745,1961,8,United States Grand Prix,434,Sharp,10,0
745,1961,8,United States Grand Prix,482,Gendebien,11,0
746,1960,1,Argentine Grand Prix,360,McLaren,1,8
746,1960,1,Argentine Grand Prix,477,Allison,2,6
746,1960,1,Argentine Grand Prix,427,Trintignant,3,0
746,1960,1,Argentine Grand Prix,496,Menditeguy,4,3
746,1960,1,Argentine Grand Prix,476,von Trips,5,2
746,1960,1,Argentine Grand Prix,404,Ireland,6,1
746,1960,1,Argentine Grand Prix,347,Bonnier,7,0
746,1960,1,Argentine Grand Prix,403,Hill,8,0
746,1960,1,Argentine Grand Prix,497,Larreta,9,0
746,1960,1,Argentine Grand Prix,498,González,10,0
746,1960,1,Argentine Grand Prix,499,Bonomi,11,0
746,1960,1,Argentine Grand Prix,418,Gregory,12,0
746,1960,1,Argentine Grand Prix,500,Munaron,13,0
746,1960,1,Argentine Grand Prix,439,Estéfano,14,0
747,1960,2,Monaco Grand Prix,475,Moss,1,8
747,1960,2,Monaco Grand Prix,360,McLaren,2,6
747,1960,2,Monaco Grand Prix,403,Hill,3,4
747,1960,2,Monaco Grand Prix,479,Brooks,4,3
747,1960,2,Monaco Grand Prix,347,Bonnier,5,2
747,1960,2,Monaco Grand Prix,386,Ginther,6,1
747,1960,2,Monaco Grand Prix,289,Hill,7,0
747,1960,2,Monaco Grand Prix,476,von Trips,8,0
747,1960,2,Monaco Grand Prix,404,Ireland,9,0
748,1960,3,Indianapolis 500,509,Rathmann,1,8
748,1960,3,Indianapolis 500,449,Ward,2,6
748,1960,3,Indianapolis 500,510,Goldsmith,3,4
748,1960,3,Indianapolis 500,511,Branson,4,3
748,1960,3,Indianapolis 500,512,Thomson,5,2
748,1960,3,Indianapolis 500,513,Johnson,6,1
748,1960,3,Indianapolis 500,494,Ruby,7,0
748,1960,3,Indianapolis 500,514,Veith,8,0
748,1960,3,Indianapolis 500,515,Tingelstad,9,0
748,1960,3,Indianapolis 500,516,Christie,10,0
748,1960,3,Indianapolis 500,517,Amick,11,0
748,1960,3,Indianapolis 500,518,Carter,12,0
748,1960,3,Indianapolis 500,519,Homeier,13,0
748,1960,3,Indianapolis 500,520,Hartley,14,0
748,1960,3,Indianapolis 500,521,Stevenson,15,0
748,1960,3,Indianapolis 500,522,Grim,16,0
748,1960,3,Indianapolis 500,523,Templeman,17,0
748,1960,3,Indianapolis 500,524,Hurtubise,18,0
748,1960,3,Indianapolis 500,525,Bryan,19,0
748,1960,3,Indianapolis 500,526,Ruttman,20,0
748,1960,3,Indianapolis 500,527,Sachs,21,0
748,1960,3,Indianapolis 500,528,Freeland,22,0
748,1960,3,Indianapolis 500,529,Bettenhausen,23,0
748,1960,3,Indianapolis 500,530,Weiler,24,0
748,1960,3,Indianapolis 500,531,Foyt,25,0
748,1960,3,Indianapolis 500,532,Russo,26,0
748,1960,3,Indianapolis 500,533,Boyd,27,0
748,1960,3,Indianapolis 500,534,Force,28,0
748,1960,3,Indianapolis 500,535,McWithey,29,0
748,1960,3,Indianapolis 500,536,Sutton,30,0
748,1960,3,Indianapolis 500,537,Rathmann,31,0
748,1960,3,Indianapolis 500,538,Herman,32,0
748,1960,3,Indianapolis 500,539,Wilson,33,0
749,1960,4,Dutch Grand Prix,356,Brabham,1,8
749,1960,4,Dutch Grand Prix,404,Ireland,2,6
749,1960,4,Dutch Grand Prix,289,Hill,3,4
749,1960,4,Dutch Grand Prix,475,Moss,4,3
749,1960,4,Dutch Grand Prix,476,von Trips,5,2
749,1960,4,Dutch Grand Prix,386,Ginther,6,1
749,1960,4,Dutch Grand Prix,481,Taylor,7,0
749,1960,4,Dutch Grand Prix,430,de Beaufort,8,0
750,1960,5,Belgian Grand Prix,356,Brabham,1,8
750,1960,5,Belgian Grand Prix,360,McLaren,2,6
750,1960,5,Belgian Grand Prix,482,Gendebien,3,4
750,1960,5,Belgian Grand Prix,403,Hill,4,3
750,1960,5,Belgian Grand Prix,373,Clark,5,2
750,1960,5,Belgian Grand Prix,376,Bianchi,6,1
751,1960,6,French Grand Prix,356,Brabham,1,8
751,1960,6,French Grand Prix,482,Gendebien,2,6
751,1960,6,French Grand Prix,360,McLaren,3,4
751,1960,6,French Grand Prix,481,Taylor,4,3
751,1960,6,French Grand Prix,373,Clark,5,2
751,1960,6,French Grand Prix,541,Flockhart,6,1
751,1960,6,French Grand Prix,404,Ireland,7,0
751,1960,6,French Grand Prix,506,Halford,8,0
751,1960,6,French Grand Prix,418,Gregory,9,0
751,1960,6,French Grand Prix,437,Burgess,10,0
751,1960,6,French Grand Prix,476,von Trips,11,0
751,1960,6,French Grand Prix,403,Hill,12,0
752,1960,7,British Grand Prix,356,Brabham,1,8
752,1960,7,British Grand Prix,341,Surtees,2,6
752,1960,7,British Grand Prix,404,Ireland,3,4
752,1960,7,British Grand Prix,360,McLaren,4,3
752,1960,7,British Grand Prix,479,Brooks,5,2
752,1960,7,British Grand Prix,476,von Trips,6,1
752,1960,7,British Grand Prix,403,Hill,7,0
752,1960,7,British Grand Prix,481,Taylor,8,0
752,1960,7,British Grand Prix,482,Gendebien,9,0
752,1960,7,British Grand Prix,364,Gurney,10,0
752,1960,7,British Grand Prix,427,Trintignant,11,0
752,1960,7,British Grand Prix,542,Piper,12,0
752,1960,7,British Grand Prix,484,Naylor,13,0
752,1960,7,British Grand Prix,418,Gregory,14,0
752,1960,7,British Grand Prix,500,Munaron,15,0
752,1960,7,British Grand Prix,373,Clark,16,0
753,1960,8,Portuguese Grand Prix,356,Brabham,1,8
753,1960,8,Portuguese Grand Prix,360,McLaren,2,6
753,1960,8,Portuguese Grand Prix,373,Clark,3,4
753,1960,8,Portuguese Grand Prix,476,von Trips,4,3
753,1960,8,Portuguese Grand Prix,479,Brooks,5,2
753,1960,8,Portuguese Grand Prix,404,Ireland,6,1
753,1960,8,Portuguese Grand Prix,482,Gendebien,7,0
754,1960,9,Italian Grand Prix,403,Hill,1,8
754,1960,9,Italian Grand Prix,386,Ginther,2,6
754,1960,9,Italian Grand Prix,435,Mairesse,3,4
754,1960,9,Italian Grand Prix,543,Cabianca,4,3
754,1960,9,Italian Grand Prix,476,von Trips,5,2
754,1960,9,Italian Grand Prix,478,Herrmann,6,1
754,1960,9,Italian Grand Prix,431,Barth,7,0
754,1960,9,Italian Grand Prix,544,Drogo,8,0
754,1960,9,Italian Grand Prix,455,Seidel,9,0
754,1960,9,Italian Grand Prix,545,Gamble,10,0
755,1960,10,United States Grand Prix,475,Moss,1,8
755,1960,10,United States Grand Prix,404,Ireland,2,6
755,1960,10,United States Grand Prix,360,McLaren,3,4
755,1960,10,United States Grand Prix,356,Brabham,4,3
755,1960,10,United States Grand Prix,347,Bonnier,5,2
755,1960,10,United States Grand Prix,403,Hill,6,1
755,1960,10,United States Grand Prix,440,Hall,7,0
755,1960,10,United States Grand Prix,456,Salvadori,8,0
755,1960,10,United States Grand Prix,476,von Trips,9,0
755,1960,10,United States Grand Prix,507,Daigh,10,0
755,1960,10,United States Grand Prix,353,Lovely,11,0
755,1960,10,United States Grand Prix,482,Gendebien,12,0
755,1960,10,United States Grand Prix,548,Drake,13,0
755,1960,10,United States Grand Prix,481,Taylor,14,0
755,1960,10,United States Grand Prix,427,Trintignant,15,0
755,1960,10,United States Grand Prix,373,Clark,16,0
756,1959,1,Monaco Grand Prix,356,Brabham,1,9
756,1959,1,Monaco Grand Prix,479,Brooks,2,6
756,1959,1,Monaco Grand Prix,427,Trintignant,3,4
756,1959,1,Monaco Grand Prix,403,Hill,4,3
756,1959,1,Monaco Grand Prix,360,McLaren,5,2
756,1959,1,Monaco Grand Prix,456,Salvadori,6,0
757,1959,2,Indianapolis 500,449,Ward,1,8
757,1959,2,Indianapolis 500,509,Rathmann,2,6
757,1959,2,Indianapolis 500,512,Thomson,3,5
757,1959,2,Indianapolis 500,529,Bettenhausen,4,3
757,1959,2,Indianapolis 500,510,Goldsmith,5,2
757,1959,2,Indianapolis 500,533,Boyd,6,0
757,1959,2,Indianapolis 500,518,Carter,7,0
757,1959,2,Indianapolis 500,513,Johnson,8,0
757,1959,2,Indianapolis 500,555,Russo,9,0
757,1959,2,Indianapolis 500,531,Foyt,10,0
757,1959,2,Indianapolis 500,520,Hartley,11,0
757,1959,2,Indianapolis 500,514,Veith,12,0
757,1959,2,Indianapolis 500,538,Herman,13,0
757,1959,2,Indianapolis 500,556,Daywalt,14,0
757,1959,2,Indianapolis 500,557,Arnold,15,0
757,1959,2,Indianapolis 500,535,McWithey,16,0
758,1959,3,Dutch Grand Prix,347,Bonnier,1,8
758,1959,3,Dutch Grand Prix,356,Brabham,2,6
758,1959,3,Dutch Grand Prix,418,Gregory,3,4
758,1959,3,Dutch Grand Prix,404,Ireland,4,3
758,1959,3,Dutch Grand Prix,554,Behra,5,2
758,1959,3,Dutch Grand Prix,403,Hill,6,0
758,1959,3,Dutch Grand Prix,289,Hill,7,0
758,1959,3,Dutch Grand Prix,427,Trintignant,8,0
758,1959,3,Dutch Grand Prix,477,Allison,9,0
758,1959,3,Dutch Grand Prix,430,de Beaufort,10,0
759,1959,4,French Grand Prix,479,Brooks,1,8
759,1959,4,French Grand Prix,403,Hill,2,6
759,1959,4,French Grand Prix,356,Brabham,3,4
759,1959,4,French Grand Prix,482,Gendebien,4,3
759,1959,4,French Grand Prix,360,McLaren,5,2
759,1959,4,French Grand Prix,541,Flockhart,6,0
759,1959,4,French Grand Prix,501,Schell,7,0
759,1959,4,French Grand Prix,483,Scarlatti,8,0
759,1959,4,French Grand Prix,430,de Beaufort,9,0
759,1959,4,French Grand Prix,567,d'Orey,10,0
759,1959,4,French Grand Prix,427,Trintignant,11,0
760,1959,5,British Grand Prix,356,Brabham,1,8
760,1959,5,British Grand Prix,475,Moss,2,6.5
760,1959,5,British Grand Prix,360,McLaren,3,4.5
760,1959,5,British Grand Prix,501,Schell,4,3
760,1959,5,British Grand Prix,427,Trintignant,5,2
760,1959,5,British Grand Prix,456,Salvadori,6,0
760,1959,5,British Grand Prix,418,Gregory,7,0
760,1959,5,British Grand Prix,502,Stacey,8,0
760,1959,5,British Grand Prix,289,Hill,9,0
760,1959,5,British Grand Prix,505,Bristow,10,0
760,1959,5,British Grand Prix,481,Taylor,11,0
760,1959,5,British Grand Prix,569,Ashdown,12,0
760,1959,5,British Grand Prix,549,Bueb,13,0
761,1959,6,German Grand Prix,479,Brooks,1,9
761,1959,6,German Grand Prix,364,Gurney,2,6
761,1959,6,German Grand Prix,403,Hill,3,4
761,1959,6,German Grand Prix,427,Trintignant,4,3
761,1959,6,German Grand Prix,347,Bonnier,5,2
761,1959,6,German Grand Prix,437,Burgess,6,0
761,1959,6,German Grand Prix,501,Schell,7,0
762,1959,7,Portuguese Grand Prix,475,Moss,1,9
762,1959,7,Portuguese Grand Prix,418,Gregory,2,6
762,1959,7,Portuguese Grand Prix,364,Gurney,3,4
762,1959,7,Portuguese Grand Prix,427,Trintignant,4,3
762,1959,7,Portuguese Grand Prix,501,Schell,5,2
762,1959,7,Portuguese Grand Prix,456,Salvadori,6,0
762,1959,7,Portuguese Grand Prix,541,Flockhart,7,0
762,1959,7,Portuguese Grand Prix,566,Shelby,8,0
762,1959,7,Portuguese Grand Prix,479,Brooks,9,0
762,1959,7,Portuguese Grand Prix,432,Cabral,10,0
763,1959,8,Italian Grand Prix,475,Moss,1,8
763,1959,8,Italian Grand Prix,403,Hill,2,7
763,1959,8,Italian Grand Prix,356,Brabham,3,4
763,1959,8,Italian Grand Prix,364,Gurney,4,3
763,1959,8,Italian Grand Prix,477,Allison,5,2
763,1959,8,Italian Grand Prix,482,Gendebien,6,0
763,1959,8,Italian Grand Prix,501,Schell,7,0
763,1959,8,Italian Grand Prix,347,Bonnier,8,0
763,1959,8,Italian Grand Prix,427,Trintignant,9,0
763,1959,8,Italian Grand Prix,566,Shelby,10,0
763,1959,8,Italian Grand Prix,462,Davis,11,0
763,1959,8,Italian Grand Prix,483,Scarlatti,12,0
763,1959,8,Italian Grand Prix,541,Flockhart,13,0
763,1959,8,Italian Grand Prix,437,Burgess,14,0
763,1959,8,Italian Grand Prix,543,Cabianca,15,0
764,1959,9,United States Grand Prix,360,McLaren,1,8
764,1959,9,United States Grand Prix,427,Trintignant,2,7
764,1959,9,United States Grand Prix,479,Brooks,3,4
764,1959,9,United States Grand Prix,356,Brabham,4,3
764,1959,9,United States Grand Prix,404,Ireland,5,2
764,1959,9,United States Grand Prix,476,von Trips,6,0
764,1959,9,United States Grand Prix,572,Blanchard,7,0
765,1958,1,Argentine Grand Prix,475,Moss,1,8
765,1958,1,Argentine Grand Prix,577,Musso,2,6
765,1958,1,Argentine Grand Prix,578,Hawthorn,3,4
765,1958,1,Argentine Grand Prix,579,Fangio,4,4
765,1958,1,Argentine Grand Prix,554,Behra,5,2
765,1958,1,Argentine Grand Prix,501,Schell,6,0
765,1958,1,Argentine Grand Prix,496,Menditeguy,7,0
765,1958,1,Argentine Grand Prix,580,Godia,8,0
765,1958,1,Argentine Grand Prix,547,Gould,9,0
766,1958,2,Monaco Grand Prix,427,Trintignant,1,8
766,1958,2,Monaco Grand Prix,577,Musso,2,6
766,1958,2,Monaco Grand Prix,581,Collins,3,4
766,1958,2,Monaco Grand Prix,356,Brabham,4,3
766,1958,2,Monaco Grand Prix,501,Schell,5,2
766,1958,2,Monaco Grand Prix,477,Allison,6,0
767,1958,3,Dutch Grand Prix,475,Moss,1,9
767,1958,3,Dutch Grand Prix,501,Schell,2,6
767,1958,3,Dutch Grand Prix,554,Behra,3,4
767,1958,3,Dutch Grand Prix,456,Salvadori,4,3
767,1958,3,Dutch Grand Prix,578,Hawthorn,5,2
767,1958,3,Dutch Grand Prix,477,Allison,6,0
767,1958,3,Dutch Grand Prix,577,Musso,7,0
767,1958,3,Dutch Grand Prix,356,Brabham,8,0
767,1958,3,Dutch Grand Prix,427,Trintignant,9,0
767,1958,3,Dutch Grand Prix,347,Bonnier,10,0
767,1958,3,Dutch Grand Prix,430,de Beaufort,11,0
768,1958,4,Indianapolis 500,525,Bryan,1,8
768,1958,4,Indianapolis 500,591,Amick,2,6
768,1958,4,Indianapolis 500,533,Boyd,3,4
768,1958,4,Indianapolis 500,529,Bettenhausen,4,4
768,1958,4,Indianapolis 500,509,Rathmann,5,2
768,1958,4,Indianapolis 500,592,Reece,6,0
768,1958,4,Indianapolis 500,528,Freeland,7,0
768,1958,4,Indianapolis 500,564,Larson,8,0
768,1958,4,Indianapolis 500,513,Johnson,9,0
768,1958,4,Indianapolis 500,560,Cheesbourg,10,0
768,1958,4,Indianapolis 500,558,Keller,11,0
768,1958,4,Indianapolis 500,593,Parsons,12,0
768,1958,4,Indianapolis 500,594,Tolan,13,0
769,1958,5,Belgian Grand Prix,479,Brooks,1,8
769,1958,5,Belgian Grand Prix,578,Hawthorn,2,7
769,1958,5,Belgian Grand Prix,590,Lewis-Evans,3,4
769,1958,5,Belgian Grand Prix,477,Allison,4,3
769,1958,5,Belgian Grand Prix,501,Schell,5,2
769,1958,5,Belgian Grand Prix,482,Gendebien,6,0
769,1958,5,Belgian Grand Prix,427,Trintignant,7,0
769,1958,5,Belgian Grand Prix,456,Salvadori,8,0
769,1958,5,Belgian Grand Prix,347,Bonnier,9,0
769,1958,5,Belgian Grand Prix,551,de Filippis,10,0
770,1958,6,French Grand Prix,578,Hawthorn,1,9
770,1958,6,French Grand Prix,475,Moss,2,6
770,1958,6,French Grand Prix,476,von Trips,3,4
770,1958,6,French Grand Prix,579,Fangio,4,3
770,1958,6,French Grand Prix,581,Collins,5,2
770,1958,6,French Grand Prix,356,Brabham,6,0
770,1958,6,French Grand Prix,403,Hill,7,0
770,1958,6,French Grand Prix,347,Bonnier,8,0
770,1958,6,French Grand Prix,583,Gerini,9,0
770,1958,6,French Grand Prix,526,Ruttman,10,0
770,1958,6,French Grand Prix,456,Salvadori,11,0
771,1958,7,British Grand Prix,581,Collins,1,8
771,1958,7,British Grand Prix,578,Hawthorn,2,7
771,1958,7,British Grand Prix,456,Salvadori,3,4
771,1958,7,British Grand Prix,590,Lewis-Evans,4,3
771,1958,7,British Grand Prix,501,Schell,5,2
771,1958,7,British Grand Prix,356,Brabham,6,0
771,1958,7,British Grand Prix,479,Brooks,7,0
771,1958,7,British Grand Prix,427,Trintignant,8,0
771,1958,7,British Grand Prix,566,Shelby,9,0
772,1958,8,German Grand Prix,479,Brooks,1,8
772,1958,8,German Grand Prix,456,Salvadori,2,6
772,1958,8,German Grand Prix,427,Trintignant,3,4
772,1958,8,German Grand Prix,476,von Trips,4,3
772,1958,8,German Grand Prix,360,McLaren,5,0
772,1958,8,German Grand Prix,431,Barth,6,0
772,1958,8,German Grand Prix,437,Burgess,7,0
772,1958,8,German Grand Prix,459,Marsh,8,0
772,1958,8,German Grand Prix,403,Hill,9,0
772,1958,8,German Grand Prix,477,Allison,10,0
772,1958,8,German Grand Prix,549,Bueb,11,0
773,1958,9,Portuguese Grand Prix,475,Moss,1,8
773,1958,9,Portuguese Grand Prix,578,Hawthorn,2,7
773,1958,9,Portuguese Grand Prix,590,Lewis-Evans,3,4
773,1958,9,Portuguese Grand Prix,554,Behra,4,3
773,1958,9,Portuguese Grand Prix,476,von Trips,5,2
773,1958,9,Portuguese Grand Prix,501,Schell,6,0
773,1958,9,Portuguese Grand Prix,356,Brabham,7,0
773,1958,9,Portuguese Grand Prix,427,Trintignant,8,0
773,1958,9,Portuguese Grand Prix,456,Salvadori,9,0
774,1958,10,Italian Grand Prix,479,Brooks,1,8
774,1958,10,Italian Grand Prix,578,Hawthorn,2,6
774,1958,10,Italian Grand Prix,403,Hill,3,5
774,1958,10,Italian Grand Prix,418,Gregory,4,0
774,1958,10,Italian Grand Prix,456,Salvadori,5,2
774,1958,10,Italian Grand Prix,289,Hill,6,0
774,1958,10,Italian Grand Prix,477,Allison,7,0
775,1958,11,Moroccan Grand Prix,475,Moss,1,9
775,1958,11,Moroccan Grand Prix,578,Hawthorn,2,6
775,1958,11,Moroccan Grand Prix,403,Hill,3,4
775,1958,11,Moroccan Grand Prix,347,Bonnier,4,3
775,1958,11,Moroccan Grand Prix,501,Schell,5,2
775,1958,11,Moroccan Grand Prix,418,Gregory,6,0
775,1958,11,Moroccan Grand Prix,456,Salvadori,7,0
775,1958,11,Moroccan Grand Prix,486,Fairman,8,0
775,1958,11,Moroccan Grand Prix,478,Herrmann,9,0
775,1958,11,Moroccan Grand Prix,477,Allison,10,0
775,1958,11,Moroccan Grand Prix,356,Brabham,11,0
775,1958,11,Moroccan Grand Prix,583,Gerini,12,0
775,1958,11,Moroccan Grand Prix,360,McLaren,13,0
775,1958,11,Moroccan Grand Prix,602,La Caze,14,0
775,1958,11,Moroccan Grand Prix,603,Guelfi,15,0
775,1958,11,Moroccan Grand Prix,289,Hill,16,0
776,1957,1,Argentine Grand Prix,579,Fangio,1,8
776,1957,1,Argentine Grand Prix,554,Behra,2,6
776,1957,1,Argentine Grand Prix,496,Menditeguy,3,4
776,1957,1,Argentine Grand Prix,501,Schell,4,3
776,1957,1,Argentine Grand Prix,606,de Portago,5,1
776,1957,1,Argentine Grand Prix,607,Perdisa,6,0
776,1957,1,Argentine Grand Prix,347,Bonnier,7,0
776,1957,1,Argentine Grand Prix,475,Moss,8,1
776,1957,1,Argentine Grand Prix,573,de Tomaso,9,0
776,1957,1,Argentine Grand Prix,586,Piotti,10,0
777,1957,2,Monaco Grand Prix,579,Fangio,1,9
777,1957,2,Monaco Grand Prix,479,Brooks,2,6
777,1957,2,Monaco Grand Prix,418,Gregory,3,4
777,1957,2,Monaco Grand Prix,590,Lewis-Evans,4,3
777,1957,2,Monaco Grand Prix,427,Trintignant,5,2
777,1957,2,Monaco Grand Prix,356,Brabham,6,0
778,1957,3,Indianapolis 500,611,Hanks,1,8
778,1957,3,Indianapolis 500,509,Rathmann,2,7
778,1957,3,Indianapolis 500,525,Bryan,3,4
778,1957,3,Indianapolis 500,555,Russo,4,3
778,1957,3,Indianapolis 500,612,Linden,5,2
778,1957,3,Indianapolis 500,533,Boyd,6,0
778,1957,3,Indianapolis 500,613,Teague,7,0
778,1957,3,Indianapolis 500,597,O'Connor,8,0
778,1957,3,Indianapolis 500,514,Veith,9,0
778,1957,3,Indianapolis 500,520,Hartley,10,0
778,1957,3,Indianapolis 500,562,Turner,11,0
778,1957,3,Indianapolis 500,512,Thomson,12,0
778,1957,3,Indianapolis 500,516,Christie,13,0
778,1957,3,Indianapolis 500,563,Weyant,14,0
778,1957,3,Indianapolis 500,529,Bettenhausen,15,0
778,1957,3,Indianapolis 500,593,Parsons,16,0
778,1957,3,Indianapolis 500,528,Freeland,17,0
779,1957,4,French Grand Prix,579,Fangio,1,8
779,1957,4,French Grand Prix,577,Musso,2,7
779,1957,4,French Grand Prix,581,Collins,3,4
779,1957,4,French Grand Prix,578,Hawthorn,4,3
779,1957,4,French Grand Prix,501,Schell,5,2
779,1957,4,French Grand Prix,554,Behra,6,0
779,1957,4,French Grand Prix,617,MacDowel,7,0
780,1957,5,British Grand Prix,479,Brooks,1,4
780,1957,5,British Grand Prix,577,Musso,2,6
780,1957,5,British Grand Prix,578,Hawthorn,3,4
780,1957,5,British Grand Prix,427,Trintignant,4,3
780,1957,5,British Grand Prix,456,Salvadori,5,2
780,1957,5,British Grand Prix,619,Gerard,6,0
780,1957,5,British Grand Prix,590,Lewis-Evans,7,0
780,1957,5,British Grand Prix,549,Bueb,8,0
781,1957,6,German Grand Prix,579,Fangio,1,9
781,1957,6,German Grand Prix,578,Hawthorn,2,6
781,1957,6,German Grand Prix,581,Collins,3,4
781,1957,6,German Grand Prix,577,Musso,4,3
781,1957,6,German Grand Prix,475,Moss,5,2
781,1957,6,German Grand Prix,554,Behra,6,0
781,1957,6,German Grand Prix,501,Schell,7,0
781,1957,6,German Grand Prix,418,Gregory,8,0
781,1957,6,German Grand Prix,479,Brooks,9,0
781,1957,6,German Grand Prix,483,Scarlatti,10,0
781,1957,6,German Grand Prix,506,Halford,11,0
781,1957,6,German Grand Prix,431,Barth,12,0
781,1957,6,German Grand Prix,484,Naylor,13,0
781,1957,6,German Grand Prix,430,de Beaufort,14,0
781,1957,6,German Grand Prix,459,Marsh,15,0
782,1957,7,Pescara Grand Prix,475,Moss,1,9
782,1957,7,Pescara Grand Prix,579,Fangio,2,6
782,1957,7,Pescara Grand Prix,501,Schell,3,4
782,1957,7,Pescara Grand Prix,418,Gregory,4,3
782,1957,7,Pescara Grand Prix,590,Lewis-Evans,5,2
782,1957,7,Pescara Grand Prix,483,Scarlatti,6,0
782,1957,7,Pescara Grand Prix,356,Brabham,7,0
783,1957,8,Italian Grand Prix,475,Moss,1,8
783,1957,8,Italian Grand Prix,579,Fangio,2,6
783,1957,8,Italian Grand Prix,476,von Trips,3,4
783,1957,8,Italian Grand Prix,418,Gregory,4,3
783,1957,8,Italian Grand Prix,483,Scarlatti,5,1
783,1957,8,Italian Grand Prix,578,Hawthorn,6,0
783,1957,8,Italian Grand Prix,479,Brooks,7,1
783,1957,8,Italian Grand Prix,577,Musso,8,0
783,1957,8,Italian Grand Prix,580,Godia,9,0
783,1957,8,Italian Grand Prix,547,Gould,10,0
783,1957,8,Italian Grand Prix,609,Simon,11,0
784,1956,1,Argentine Grand Prix,577,Musso,1,4
784,1956,1,Argentine Grand Prix,554,Behra,2,6
784,1956,1,Argentine Grand Prix,578,Hawthorn,3,4
784,1956,1,Argentine Grand Prix,622,Landi,4,1.5
784,1956,1,Argentine Grand Prix,482,Gendebien,5,2
784,1956,1,Argentine Grand Prix,623,Uria,6,0
785,1956,2,Monaco Grand Prix,475,Moss,1,8
785,1956,2,Monaco Grand Prix,581,Collins,2,3
785,1956,2,Monaco Grand Prix,554,Behra,3,4
785,1956,2,Monaco Grand Prix,579,Fangio,4,1.5
785,1956,2,Monaco Grand Prix,624,da Silva Ramos,5,2
785,1956,2,Monaco Grand Prix,625,Bayol,6,0
785,1956,2,Monaco Grand Prix,607,Perdisa,7,0
785,1956,2,Monaco Grand Prix,547,Gould,8,0
786,1956,3,Indianapolis 500,559,Flaherty,1,8
786,1956,3,Indianapolis 500,611,Hanks,2,6
786,1956,3,Indianapolis 500,528,Freeland,3,4
786,1956,3,Indianapolis 500,593,Parsons,4,3
786,1956,3,Indianapolis 500,537,Rathmann,5,2
786,1956,3,Indianapolis 500,628,Sweikert,6,0
786,1956,3,Indianapolis 500,514,Veith,7,0
786,1956,3,Indianapolis 500,449,Ward,8,0
786,1956,3,Indianapolis 500,592,Reece,9,0
786,1956,3,Indianapolis 500,629,Griffith,10,0
786,1956,3,Indianapolis 500,520,Hartley,11,0
786,1956,3,Indianapolis 500,615,Agabashian,12,0
786,1956,3,Indianapolis 500,516,Christie,13,0
786,1956,3,Indianapolis 500,558,Keller,14,0
786,1956,3,Indianapolis 500,513,Johnson,15,0
786,1956,3,Indianapolis 500,595,Garrett,16,0
786,1956,3,Indianapolis 500,630,Dinsmore,17,0
786,1956,3,Indianapolis 500,597,O'Connor,18,0
786,1956,3,Indianapolis 500,525,Bryan,19,0
787,1956,4,Belgian Grand Prix,581,Collins,1,8
787,1956,4,Belgian Grand Prix,632,Frère,2,6
787,1956,4,Belgian Grand Prix,607,Perdisa,3,2
787,1956,4,Belgian Grand Prix,501,Schell,4,3
787,1956,4,Belgian Grand Prix,633,Villoresi,5,2
787,1956,4,Belgian Grand Prix,429,Pilette,6,0
787,1956,4,Belgian Grand Prix,554,Behra,7,0
787,1956,4,Belgian Grand Prix,627,Rosier,8,0
788,1956,5,French Grand Prix,581,Collins,1,8
788,1956,5,French Grand Prix,608,Castellotti,2,6
788,1956,5,French Grand Prix,554,Behra,3,4
788,1956,5,French Grand Prix,579,Fangio,4,4
788,1956,5,French Grand Prix,607,Perdisa,5,1
788,1956,5,French Grand Prix,627,Rosier,6,0
788,1956,5,French Grand Prix,580,Godia,7,0
788,1956,5,French Grand Prix,624,da Silva Ramos,8,0
788,1956,5,French Grand Prix,626,Manzon,9,0
788,1956,5,French Grand Prix,578,Hawthorn,10,0
788,1956,5,French Grand Prix,429,Pilette,11,0
789,1956,6,British Grand Prix,579,Fangio,1,8
789,1956,6,British Grand Prix,606,de Portago,2,3
789,1956,6,British Grand Prix,554,Behra,3,4
789,1956,6,British Grand Prix,486,Fairman,4,3
789,1956,6,British Grand Prix,547,Gould,5,2
789,1956,6,British Grand Prix,633,Villoresi,6,0
789,1956,6,British Grand Prix,607,Perdisa,7,0
789,1956,6,British Grand Prix,580,Godia,8,0
789,1956,6,British Grand Prix,626,Manzon,9,0
789,1956,6,British Grand Prix,608,Castellotti,10,0
789,1956,6,British Grand Prix,619,Gerard,11,0
790,1956,7,German Grand Prix,579,Fangio,1,9
790,1956,7,German Grand Prix,475,Moss,2,6
790,1956,7,German Grand Prix,554,Behra,3,4
790,1956,7,German Grand Prix,580,Godia,4,3
790,1956,7,German Grand Prix,627,Rosier,5,2
791,1956,8,Italian Grand Prix,475,Moss,1,9
791,1956,8,Italian Grand Prix,581,Collins,2,3
791,1956,8,Italian Grand Prix,541,Flockhart,3,4
791,1956,8,Italian Grand Prix,580,Godia,4,3
791,1956,8,Italian Grand Prix,486,Fairman,5,2
791,1956,8,Italian Grand Prix,586,Piotti,6,0
791,1956,8,Italian Grand Prix,640,de Graffenried,7,0
791,1956,8,Italian Grand Prix,579,Fangio,8,0
791,1956,8,Italian Grand Prix,609,Simon,9,0
791,1956,8,Italian Grand Prix,583,Gerini,10,0
791,1956,8,Italian Grand Prix,456,Salvadori,11,0
792,1955,1,Argentine Grand Prix,579,Fangio,1,9
792,1955,1,Argentine Grand Prix,498,González,2,2
792,1955,1,Argentine Grand Prix,642,Farina,3,1.33
792,1955,1,Argentine Grand Prix,478,Herrmann,4,1
792,1955,1,Argentine Grand Prix,643,Mieres,5,2
792,1955,1,Argentine Grand Prix,501,Schell,6,0
792,1955,1,Argentine Grand Prix,577,Musso,7,0
793,1955,2,Monaco Grand Prix,427,Trintignant,1,8
793,1955,2,Monaco Grand Prix,608,Castellotti,2,6
793,1955,2,Monaco Grand Prix,554,Behra,3,2
793,1955,2,Monaco Grand Prix,642,Farina,4,3
793,1955,2,Monaco Grand Prix,633,Villoresi,5,2
793,1955,2,Monaco Grand Prix,589,Chiron,6,0
793,1955,2,Monaco Grand Prix,650,Pollet,7,0
793,1955,2,Monaco Grand Prix,641,Taruffi,8,0
793,1955,2,Monaco Grand Prix,475,Moss,9,0
794,1955,3,Indianapolis 500,628,Sweikert,1,8
794,1955,3,Indianapolis 500,529,Bettenhausen,2,3
794,1955,3,Indianapolis 500,653,Davies,3,4
794,1955,3,Indianapolis 500,512,Thomson,4,3
794,1955,3,Indianapolis 500,654,Faulkner,5,1
794,1955,3,Indianapolis 500,612,Linden,6,0
794,1955,3,Indianapolis 500,538,Herman,7,0
794,1955,3,Indianapolis 500,597,O'Connor,8,0
794,1955,3,Indianapolis 500,556,Daywalt,9,0
794,1955,3,Indianapolis 500,559,Flaherty,10,0
794,1955,3,Indianapolis 500,518,Carter,11,0
794,1955,3,Indianapolis 500,563,Weyant,12,0
794,1955,3,Indianapolis 500,513,Johnson,13,0
794,1955,3,Indianapolis 500,509,Rathmann,14,0
795,1955,4,Belgian Grand Prix,579,Fangio,1,9
795,1955,4,Belgian Grand Prix,475,Moss,2,6
795,1955,4,Belgian Grand Prix,642,Farina,3,4
795,1955,4,Belgian Grand Prix,632,Frère,4,3
795,1955,4,Belgian Grand Prix,643,Mieres,5,1
795,1955,4,Belgian Grand Prix,427,Trintignant,6,0
795,1955,4,Belgian Grand Prix,577,Musso,7,0
795,1955,4,Belgian Grand Prix,607,Perdisa,8,0
795,1955,4,Belgian Grand Prix,627,Rosier,9,0
796,1955,5,Dutch Grand Prix,579,Fangio,1,8
796,1955,5,Dutch Grand Prix,475,Moss,2,6
796,1955,5,Dutch Grand Prix,577,Musso,3,4
796,1955,5,Dutch Grand Prix,643,Mieres,4,4
796,1955,5,Dutch Grand Prix,608,Castellotti,5,2
796,1955,5,Dutch Grand Prix,554,Behra,6,0
796,1955,5,Dutch Grand Prix,578,Hawthorn,7,0
796,1955,5,Dutch Grand Prix,624,da Silva Ramos,8,0
796,1955,5,Dutch Grand Prix,627,Rosier,9,0
796,1955,5,Dutch Grand Prix,650,Pollet,10,0
796,1955,5,Dutch Grand Prix,660,Claes,11,0
797,1955,6,British Grand Prix,475,Moss,1,9
797,1955,6,British Grand Prix,579,Fangio,2,6
797,1955,6,British Grand Prix,648,Kling,3,4
797,1955,6,British Grand Prix,641,Taruffi,4,3
797,1955,6,British Grand Prix,577,Musso,5,2
797,1955,6,British Grand Prix,578,Hawthorn,6,0
797,1955,6,British Grand Prix,662,Sparken,7,0
797,1955,6,British Grand Prix,651,Macklin,8,0
797,1955,6,British Grand Prix,663,Wharton,9,0
798,1955,7,Italian Grand Prix,579,Fangio,1,8
798,1955,7,Italian Grand Prix,641,Taruffi,2,6
798,1955,7,Italian Grand Prix,608,Castellotti,3,4
798,1955,7,Italian Grand Prix,554,Behra,4,3
798,1955,7,Italian Grand Prix,496,Menditeguy,5,2
798,1955,7,Italian Grand Prix,620,Maglioli,6,0
798,1955,7,Italian Grand Prix,643,Mieres,7,0
798,1955,7,Italian Grand Prix,427,Trintignant,8,0
798,1955,7,Italian Grand Prix,667,Fitch,9,0
798,1955,7,Italian Grand Prix,578,Hawthorn,10,0
799,1954,1,Argentine Grand Prix,579,Fangio,1,8
799,1954,1,Argentine Grand Prix,642,Farina,2,6
799,1954,1,Argentine Grand Prix,498,González,3,5
799,1954,1,Argentine Grand Prix,427,Trintignant,4,3
799,1954,1,Argentine Grand Prix,625,Bayol,5,2
799,1954,1,Argentine Grand Prix,501,Schell,6,0
799,1954,1,Argentine Grand Prix,669,Bira,7,0
799,1954,1,Argentine Grand Prix,640,de Graffenried,8,0
799,1954,1,Argentine Grand Prix,620,Maglioli,9,0
800,1954,2,Indianapolis 500,657,Vukovich,1,8
800,1954,2,Indianapolis 500,525,Bryan,2,6
800,1954,2,Indianapolis 500,658,McGrath,3,5
800,1954,2,Indianapolis 500,526,Ruttman,4,1.5
800,1954,2,Indianapolis 500,673,Nazaruk,5,2
800,1954,2,Indianapolis 500,615,Agabashian,6,0
800,1954,2,Indianapolis 500,528,Freeland,7,0
800,1954,2,Indianapolis 500,555,Russo,8,0
800,1954,2,Indianapolis 500,674,Crockett,9,0
800,1954,2,Indianapolis 500,655,Niday,10,0
800,1954,2,Indianapolis 500,656,Cross,11,0
800,1954,2,Indianapolis 500,521,Stevenson,12,0
800,1954,2,Indianapolis 500,675,Ayulo,13,0
800,1954,2,Indianapolis 500,628,Sweikert,14,0
800,1954,2,Indianapolis 500,518,Carter,15,0
800,1954,2,Indianapolis 500,679,McCoy,16,0
800,1954,2,Indianapolis 500,592,Reece,17,0
800,1954,2,Indianapolis 500,596,Elisian,18,0
800,1954,2,Indianapolis 500,676,Armi,19,0
800,1954,2,Indianapolis 500,520,Hartley,23,0
801,1954,3,Belgian Grand Prix,579,Fangio,1,9
801,1954,3,Belgian Grand Prix,427,Trintignant,2,6
801,1954,3,Belgian Grand Prix,475,Moss,3,4
801,1954,3,Belgian Grand Prix,498,González,4,1.5
801,1954,3,Belgian Grand Prix,429,Pilette,5,2
801,1954,3,Belgian Grand Prix,669,Bira,6,0
801,1954,3,Belgian Grand Prix,644,Mantovani,7,0
802,1954,4,French Grand Prix,579,Fangio,1,8
802,1954,4,French Grand Prix,648,Kling,2,6
802,1954,4,French Grand Prix,626,Manzon,3,4
802,1954,4,French Grand Prix,669,Bira,4,3
802,1954,4,French Grand Prix,633,Villoresi,5,2
802,1954,4,French Grand Prix,554,Behra,6,0
803,1954,5,British Grand Prix,498,González,1,8.14
803,1954,5,British Grand Prix,578,Hawthorn,2,6.14
803,1954,5,British Grand Prix,670,Marimón,3,4.14
803,1954,5,British Grand Prix,579,Fangio,4,3.14
803,1954,5,British Grand Prix,427,Trintignant,5,2
803,1954,5,British Grand Prix,643,Mieres,6,0
803,1954,5,British Grand Prix,648,Kling,7,0
803,1954,5,British Grand Prix,663,Wharton,8,0
803,1954,5,British Grand Prix,429,Pilette,9,0
803,1954,5,British Grand Prix,619,Gerard,10,0
803,1954,5,British Grand Prix,682,Beauman,11,0
803,1954,5,British Grand Prix,501,Schell,12,0
803,1954,5,British Grand Prix,665,Marr,13,0
803,1954,5,British Grand Prix,683,Thorne,14,0
803,1954,5,British Grand Prix,547,Gould,15,0
804,1954,6,German Grand Prix,579,Fangio,1,8
804,1954,6,German Grand Prix,498,González,2,3
804,1954,6,German Grand Prix,427,Trintignant,3,4
804,1954,6,German Grand Prix,648,Kling,4,4
804,1954,6,German Grand Prix,644,Mantovani,5,2
804,1954,6,German Grand Prix,641,Taruffi,6,0
804,1954,6,German Grand Prix,501,Schell,7,0
804,1954,6,German Grand Prix,627,Rosier,8,0
804,1954,6,German Grand Prix,626,Manzon,9,0
804,1954,6,German Grand Prix,554,Behra,10,0
805,1954,7,Swiss Grand Prix,579,Fangio,1,9
805,1954,7,Swiss Grand Prix,498,González,2,6
805,1954,7,Swiss Grand Prix,478,Herrmann,3,4
805,1954,7,Swiss Grand Prix,643,Mieres,4,3
805,1954,7,Swiss Grand Prix,644,Mantovani,5,2
805,1954,7,Swiss Grand Prix,663,Wharton,6,0
805,1954,7,Swiss Grand Prix,620,Maglioli,7,0
805,1954,7,Swiss Grand Prix,680,Swaters,8,0
806,1954,8,Italian Grand Prix,579,Fangio,1,8
806,1954,8,Italian Grand Prix,578,Hawthorn,2,6
806,1954,8,Italian Grand Prix,620,Maglioli,3,2
806,1954,8,Italian Grand Prix,478,Herrmann,4,3
806,1954,8,Italian Grand Prix,427,Trintignant,5,2
806,1954,8,Italian Grand Prix,693,Wacker,6,0
806,1954,8,Italian Grand Prix,581,Collins,7,0
806,1954,8,Italian Grand Prix,627,Rosier,8,0
806,1954,8,Italian Grand Prix,644,Mantovani,9,0
806,1954,8,Italian Grand Prix,475,Moss,10,0
806,1954,8,Italian Grand Prix,672,Daponte,11,0
807,1954,9,Spanish Grand Prix,578,Hawthorn,1,8
807,1954,9,Spanish Grand Prix,577,Musso,2,6
807,1954,9,Spanish Grand Prix,579,Fangio,3,4
807,1954,9,Spanish Grand Prix,643,Mieres,4,3
807,1954,9,Spanish Grand Prix,648,Kling,5,2
807,1954,9,Spanish Grand Prix,580,Godia,6,0
807,1954,9,Spanish Grand Prix,627,Rosier,7,0
807,1954,9,Spanish Grand Prix,663,Wharton,8,0
807,1954,9,Spanish Grand Prix,669,Bira,9,0
808,1953,1,Argentine Grand Prix,647,Ascari,1,9
808,1953,1,Argentine Grand Prix,633,Villoresi,2,6
808,1953,1,Argentine Grand Prix,498,González,3,4
808,1953,1,Argentine Grand Prix,578,Hawthorn,4,3
808,1953,1,Argentine Grand Prix,695,Gálvez,5,2
808,1953,1,Argentine Grand Prix,554,Behra,6,0
808,1953,1,Argentine Grand Prix,427,Trintignant,7,0
808,1953,1,Argentine Grand Prix,696,Barber,8,0
808,1953,1,Argentine Grand Prix,689,Brown,9,0
809,1953,2,Indianapolis 500,657,Vukovich,1,9
809,1953,2,Indianapolis 500,656,Cross,2,6
809,1953,2,Indianapolis 500,611,Hanks,3,2
809,1953,2,Indianapolis 500,615,Agabashian,4,1.5
809,1953,2,Indianapolis 500,658,McGrath,5,2
809,1953,2,Indianapolis 500,556,Daywalt,6,0
809,1953,2,Indianapolis 500,509,Rathmann,7,0
809,1953,2,Indianapolis 500,679,McCoy,8,0
809,1953,2,Indianapolis 500,529,Bettenhausen,9,0
809,1953,2,Indianapolis 500,653,Davies,10,0
809,1953,2,Indianapolis 500,699,Nalon,11,0
809,1953,2,Indianapolis 500,700,Scarborough,12,0
809,1953,2,Indianapolis 500,675,Ayulo,13,0
809,1953,2,Indianapolis 500,525,Bryan,14,0
809,1953,2,Indianapolis 500,701,Holland,15,0
809,1953,2,Indianapolis 500,449,Ward,16,0
809,1953,2,Indianapolis 500,654,Faulkner,17,0
810,1953,3,Dutch Grand Prix,647,Ascari,1,8
810,1953,3,Dutch Grand Prix,642,Farina,2,6
810,1953,3,Dutch Grand Prix,697,Bonetto,3,2
810,1953,3,Dutch Grand Prix,578,Hawthorn,4,3
810,1953,3,Dutch Grand Prix,640,de Graffenried,5,2
810,1953,3,Dutch Grand Prix,427,Trintignant,6,0
810,1953,3,Dutch Grand Prix,627,Rosier,7,0
810,1953,3,Dutch Grand Prix,581,Collins,8,0
810,1953,3,Dutch Grand Prix,475,Moss,9,0
811,1953,4,Belgian Grand Prix,647,Ascari,1,8
811,1953,4,Belgian Grand Prix,633,Villoresi,2,6
811,1953,4,Belgian Grand Prix,670,Marimón,3,4
811,1953,4,Belgian Grand Prix,640,de Graffenried,4,3
811,1953,4,Belgian Grand Prix,427,Trintignant,5,2
811,1953,4,Belgian Grand Prix,578,Hawthorn,6,0
811,1953,4,Belgian Grand Prix,501,Schell,7,0
811,1953,4,Belgian Grand Prix,627,Rosier,8,0
811,1953,4,Belgian Grand Prix,693,Wacker,9,0
811,1953,4,Belgian Grand Prix,632,Frère,10,0
811,1953,4,Belgian Grand Prix,429,Pilette,11,0
812,1953,5,French Grand Prix,578,Hawthorn,1,8
812,1953,5,French Grand Prix,579,Fangio,2,7
812,1953,5,French Grand Prix,498,González,3,4
812,1953,5,French Grand Prix,647,Ascari,4,3
812,1953,5,French Grand Prix,642,Farina,5,2
812,1953,5,French Grand Prix,633,Villoresi,6,0
812,1953,5,French Grand Prix,640,de Graffenried,7,0
812,1953,5,French Grand Prix,627,Rosier,8,0
812,1953,5,French Grand Prix,670,Marimón,9,0
812,1953,5,French Grand Prix,554,Behra,10,0
812,1953,5,French Grand Prix,619,Gerard,11,0
812,1953,5,French Grand Prix,660,Claes,12,0
812,1953,5,French Grand Prix,581,Collins,13,0
812,1953,5,French Grand Prix,704,Cabantous,14,0
812,1953,5,French Grand Prix,589,Chiron,15,0
813,1953,6,British Grand Prix,647,Ascari,1,8.5
813,1953,6,British Grand Prix,579,Fangio,2,6
813,1953,6,British Grand Prix,642,Farina,3,4
813,1953,6,British Grand Prix,498,González,4,3.5
813,1953,6,British Grand Prix,578,Hawthorn,5,2
813,1953,6,British Grand Prix,697,Bonetto,6,0
813,1953,6,British Grand Prix,669,Bira,7,0
813,1953,6,British Grand Prix,663,Wharton,8,0
813,1953,6,British Grand Prix,687,Whitehead,9,0
813,1953,6,British Grand Prix,627,Rosier,10,0
814,1953,7,German Grand Prix,642,Farina,1,8
814,1953,7,German Grand Prix,579,Fangio,2,6
814,1953,7,German Grand Prix,578,Hawthorn,3,4
814,1953,7,German Grand Prix,697,Bonetto,4,3
814,1953,7,German Grand Prix,640,de Graffenried,5,2
814,1953,7,German Grand Prix,475,Moss,6,0
814,1953,7,German Grand Prix,680,Swaters,7,0
814,1953,7,German Grand Prix,647,Ascari,8,0
814,1953,7,German Grand Prix,478,Herrmann,9,0
814,1953,7,German Grand Prix,627,Rosier,10,0
814,1953,7,German Grand Prix,690,Nuckey,11,0
814,1953,7,German Grand Prix,692,Helfrich,12,0
814,1953,7,German Grand Prix,664,McAlpine,13,0
814,1953,7,German Grand Prix,710,Krause,14,0
814,1953,7,German Grand Prix,709,Klodwig,15,0
814,1953,7,German Grand Prix,455,Seidel,16,0
815,1953,8,Swiss Grand Prix,647,Ascari,1,9
815,1953,8,Swiss Grand Prix,642,Farina,2,6
815,1953,8,Swiss Grand Prix,578,Hawthorn,3,4
815,1953,8,Swiss Grand Prix,579,Fangio,4,1.5
815,1953,8,Swiss Grand Prix,691,Lang,5,2
815,1953,8,Swiss Grand Prix,633,Villoresi,6,0
815,1953,8,Swiss Grand Prix,663,Wharton,7,0
815,1953,8,Swiss Grand Prix,720,de Terra,8,0
815,1953,8,Swiss Grand Prix,719,Scherrer,9,0
816,1953,9,Italian Grand Prix,579,Fangio,1,9
816,1953,9,Italian Grand Prix,642,Farina,2,6
816,1953,9,Italian Grand Prix,633,Villoresi,3,4
816,1953,9,Italian Grand Prix,578,Hawthorn,4,3
816,1953,9,Italian Grand Prix,427,Trintignant,5,2
816,1953,9,Italian Grand Prix,643,Mieres,6,0
816,1953,9,Italian Grand Prix,644,Mantovani,7,0
816,1953,9,Italian Grand Prix,620,Maglioli,8,0
816,1953,9,Italian Grand Prix,501,Schell,9,0
816,1953,9,Italian Grand Prix,589,Chiron,10,0
816,1953,9,Italian Grand Prix,669,Bira,11,0
816,1953,9,Italian Grand Prix,689,Brown,12,0
816,1953,9,Italian Grand Prix,475,Moss,13,0
816,1953,9,Italian Grand Prix,717,von Stuck,14,0
816,1953,9,Italian Grand Prix,704,Cabantous,15,0
816,1953,9,Italian Grand Prix,627,Rosier,16,0
817,1952,1,Swiss Grand Prix,641,Taruffi,1,9
817,1952,1,Swiss Grand Prix,723,Fischer,2,6
817,1952,1,Swiss Grand Prix,554,Behra,3,4
817,1952,1,Swiss Grand Prix,663,Wharton,4,3
817,1952,1,Swiss Grand Prix,689,Brown,5,2
817,1952,1,Swiss Grand Prix,640,de Graffenried,6,0
817,1952,1,Swiss Grand Prix,721,Hirt,7,0
817,1952,1,Swiss Grand Prix,688,Brandon,8,0
818,1952,2,Indianapolis 500,526,Ruttman,1,8
818,1952,2,Indianapolis 500,509,Rathmann,2,6
818,1952,2,Indianapolis 500,611,Hanks,3,4
818,1952,2,Indianapolis 500,518,Carter,4,3
818,1952,2,Indianapolis 500,656,Cross,5,2
818,1952,2,Indianapolis 500,525,Bryan,6,0
818,1952,2,Indianapolis 500,592,Reece,7,0
818,1952,2,Indianapolis 500,726,Connor,8,0
818,1952,2,Indianapolis 500,629,Griffith,9,0
818,1952,2,Indianapolis 500,593,Parsons,10,0
818,1952,2,Indianapolis 500,658,McGrath,11,0
818,1952,2,Indianapolis 500,727,Rigsby,12,0
818,1952,2,Indianapolis 500,728,James,13,0
818,1952,2,Indianapolis 500,729,Schindler,14,0
818,1952,2,Indianapolis 500,730,Fonder,15,0
818,1952,2,Indianapolis 500,513,Johnson,16,0
818,1952,2,Indianapolis 500,657,Vukovich,17,1
818,1952,2,Indianapolis 500,521,Stevenson,18,0
818,1952,2,Indianapolis 500,731,Banks,19,0
818,1952,2,Indianapolis 500,675,Ayulo,20,0
818,1952,2,Indianapolis 500,732,McDowell,21,0
819,1952,3,Belgian Grand Prix,647,Ascari,1,9
819,1952,3,Belgian Grand Prix,642,Farina,2,6
819,1952,3,Belgian Grand Prix,626,Manzon,3,4
819,1952,3,Belgian Grand Prix,578,Hawthorn,4,3
819,1952,3,Belgian Grand Prix,632,Frère,5,2
819,1952,3,Belgian Grand Prix,689,Brown,6,0
819,1952,3,Belgian Grand Prix,735,de Tornaco,7,0
819,1952,3,Belgian Grand Prix,660,Claes,8,0
819,1952,3,Belgian Grand Prix,688,Brandon,9,0
819,1952,3,Belgian Grand Prix,669,Bira,10,0
819,1952,3,Belgian Grand Prix,651,Macklin,11,0
819,1952,3,Belgian Grand Prix,736,Laurent,12,0
819,1952,3,Belgian Grand Prix,703,Legat,13,0
819,1952,3,Belgian Grand Prix,737,O'Brien,14,0
819,1952,3,Belgian Grand Prix,738,Gaze,15,0
820,1952,4,French Grand Prix,647,Ascari,1,9
820,1952,4,French Grand Prix,642,Farina,2,6
820,1952,4,French Grand Prix,641,Taruffi,3,4
820,1952,4,French Grand Prix,626,Manzon,4,3
820,1952,4,French Grand Prix,427,Trintignant,5,2
820,1952,4,French Grand Prix,581,Collins,6,0
820,1952,4,French Grand Prix,554,Behra,7,0
820,1952,4,French Grand Prix,741,Étancelin,8,0
820,1952,4,French Grand Prix,651,Macklin,9,0
820,1952,4,French Grand Prix,704,Cabantous,10,0
820,1952,4,French Grand Prix,723,Fischer,11,0
820,1952,4,French Grand Prix,740,Comotti,12,0
821,1952,5,British Grand Prix,647,Ascari,1,9
821,1952,5,British Grand Prix,641,Taruffi,2,6
821,1952,5,British Grand Prix,578,Hawthorn,3,4
821,1952,5,British Grand Prix,742,Poore,4,3
821,1952,5,British Grand Prix,743,Thompson,5,2
821,1952,5,British Grand Prix,642,Farina,6,0
821,1952,5,British Grand Prix,686,Parnell,7,0
821,1952,5,British Grand Prix,456,Salvadori,8,0
821,1952,5,British Grand Prix,744,Downing,9,0
821,1952,5,British Grand Prix,687,Whitehead,10,0
821,1952,5,British Grand Prix,669,Bira,11,0
821,1952,5,British Grand Prix,745,Whitehead,12,0
821,1952,5,British Grand Prix,723,Fischer,13,0
821,1952,5,British Grand Prix,660,Claes,14,0
821,1952,5,British Grand Prix,651,Macklin,15,0
821,1952,5,British Grand Prix,664,McAlpine,16,0
821,1952,5,British Grand Prix,501,Schell,17,0
821,1952,5,British Grand Prix,746,Bianco,18,0
821,1952,5,British Grand Prix,640,de Graffenried,19,0
821,1952,5,British Grand Prix,688,Brandon,20,0
821,1952,5,British Grand Prix,705,Crook,21,0
821,1952,5,British Grand Prix,689,Brown,22,0
822,1952,6,German Grand Prix,647,Ascari,1,9
822,1952,6,German Grand Prix,642,Farina,2,6
822,1952,6,German Grand Prix,723,Fischer,3,4
822,1952,6,German Grand Prix,641,Taruffi,4,3
822,1952,6,German Grand Prix,554,Behra,5,2
822,1952,6,German Grand Prix,736,Laurent,6,0
822,1952,6,German Grand Prix,751,Riess,7,0
822,1952,6,German Grand Prix,724,Ulmen,8,0
822,1952,6,German Grand Prix,752,Niedermayr,9,0
822,1952,6,German Grand Prix,660,Claes,10,0
822,1952,6,German Grand Prix,753,Klenk,11,0
822,1952,6,German Grand Prix,709,Klodwig,12,0
823,1952,7,Dutch Grand Prix,647,Ascari,1,9
823,1952,7,Dutch Grand Prix,642,Farina,2,6
823,1952,7,Dutch Grand Prix,633,Villoresi,3,4
823,1952,7,Dutch Grand Prix,578,Hawthorn,4,3
823,1952,7,Dutch Grand Prix,626,Manzon,5,2
823,1952,7,Dutch Grand Prix,427,Trintignant,6,0
823,1952,7,Dutch Grand Prix,708,Hamilton,7,0
823,1952,7,Dutch Grand Prix,651,Macklin,8,0
823,1952,7,Dutch Grand Prix,622,Landi,9,0
824,1952,8,Italian Grand Prix,647,Ascari,1,8.5
824,1952,8,Italian Grand Prix,498,González,2,6.5
824,1952,8,Italian Grand Prix,633,Villoresi,3,4
824,1952,8,Italian Grand Prix,642,Farina,4,3
824,1952,8,Italian Grand Prix,697,Bonetto,5,2
824,1952,8,Italian Grand Prix,609,Simon,6,0
824,1952,8,Italian Grand Prix,641,Taruffi,7,0
824,1952,8,Italian Grand Prix,622,Landi,8,0
824,1952,8,Italian Grand Prix,663,Wharton,9,0
824,1952,8,Italian Grand Prix,627,Rosier,10,0
824,1952,8,Italian Grand Prix,748,Cantoni,11,0
824,1952,8,Italian Grand Prix,742,Poore,12,0
824,1952,8,Italian Grand Prix,688,Brandon,13,0
824,1952,8,Italian Grand Prix,626,Manzon,14,0
824,1952,8,Italian Grand Prix,689,Brown,15,0
825,1951,1,Swiss Grand Prix,579,Fangio,1,9
825,1951,1,Swiss Grand Prix,641,Taruffi,2,6
825,1951,1,Swiss Grand Prix,642,Farina,3,4
825,1951,1,Swiss Grand Prix,763,Sanesi,4,3
825,1951,1,Swiss Grand Prix,640,de Graffenried,5,2
825,1951,1,Swiss Grand Prix,647,Ascari,6,0
825,1951,1,Swiss Grand Prix,589,Chiron,7,0
825,1951,1,Swiss Grand Prix,475,Moss,8,0
825,1951,1,Swiss Grand Prix,627,Rosier,9,0
825,1951,1,Swiss Grand Prix,741,Étancelin,10,0
825,1951,1,Swiss Grand Prix,723,Fischer,11,0
825,1951,1,Swiss Grand Prix,501,Schell,12,0
825,1951,1,Swiss Grand Prix,660,Claes,13,0
825,1951,1,Swiss Grand Prix,764,Mairesse,14,0
826,1951,2,Indianapolis 500,766,Wallard,1,9
826,1951,2,Indianapolis 500,673,Nazaruk,2,6
826,1951,2,Indianapolis 500,658,McGrath,3,2
826,1951,2,Indianapolis 500,612,Linden,4,3
826,1951,2,Indianapolis 500,734,Ball,5,2
826,1951,2,Indianapolis 500,731,Banks,6,0
826,1951,2,Indianapolis 500,767,Forberg,7,0
826,1951,2,Indianapolis 500,518,Carter,8,0
827,1951,3,Belgian Grand Prix,642,Farina,1,8
827,1951,3,Belgian Grand Prix,647,Ascari,2,6
827,1951,3,Belgian Grand Prix,633,Villoresi,3,4
827,1951,3,Belgian Grand Prix,627,Rosier,4,3
827,1951,3,Belgian Grand Prix,704,Cabantous,5,2
827,1951,3,Belgian Grand Prix,429,Pilette,6,0
827,1951,3,Belgian Grand Prix,660,Claes,7,0
827,1951,3,Belgian Grand Prix,773,Levegh,8,0
827,1951,3,Belgian Grand Prix,579,Fangio,9,1
828,1951,4,French Grand Prix,786,Fagioli,1,4
828,1951,4,French Grand Prix,647,Ascari,2,3
828,1951,4,French Grand Prix,633,Villoresi,3,4
828,1951,4,French Grand Prix,686,Parnell,4,3
828,1951,4,French Grand Prix,642,Farina,5,2
828,1951,4,French Grand Prix,589,Chiron,6,0
828,1951,4,French Grand Prix,704,Cabantous,7,0
828,1951,4,French Grand Prix,774,Chaboud,8,0
828,1951,4,French Grand Prix,764,Mairesse,9,0
828,1951,4,French Grand Prix,763,Sanesi,10,0
828,1951,4,French Grand Prix,579,Fangio,11,0
829,1951,5,British Grand Prix,498,González,1,8
829,1951,5,British Grand Prix,579,Fangio,2,6
829,1951,5,British Grand Prix,633,Villoresi,3,4
829,1951,5,British Grand Prix,697,Bonetto,4,3
829,1951,5,British Grand Prix,686,Parnell,5,2
829,1951,5,British Grand Prix,763,Sanesi,6,0
829,1951,5,British Grand Prix,661,Walker,7,0
829,1951,5,British Grand Prix,778,Shawe Taylor,8,0
829,1951,5,British Grand Prix,687,Whitehead,9,0
829,1951,5,British Grand Prix,627,Rosier,10,0
829,1951,5,British Grand Prix,619,Gerard,11,0
829,1951,5,British Grand Prix,708,Hamilton,12,0
829,1951,5,British Grand Prix,660,Claes,13,0
830,1951,6,German Grand Prix,647,Ascari,1,8
830,1951,6,German Grand Prix,579,Fangio,2,7
830,1951,6,German Grand Prix,498,González,3,4
830,1951,6,German Grand Prix,633,Villoresi,4,3
830,1951,6,German Grand Prix,641,Taruffi,5,2
830,1951,6,German Grand Prix,723,Fischer,6,0
830,1951,6,German Grand Prix,626,Manzon,7,0
830,1951,6,German Grand Prix,627,Rosier,8,0
830,1951,6,German Grand Prix,773,Levegh,9,0
830,1951,6,German Grand Prix,680,Swaters,10,0
830,1951,6,German Grand Prix,660,Claes,11,0
831,1951,7,Italian Grand Prix,647,Ascari,1,8
831,1951,7,Italian Grand Prix,498,González,2,6
831,1951,7,Italian Grand Prix,697,Bonetto,3,2
831,1951,7,Italian Grand Prix,633,Villoresi,4,3
831,1951,7,Italian Grand Prix,641,Taruffi,5,2
831,1951,7,Italian Grand Prix,609,Simon,6,0
831,1951,7,Italian Grand Prix,627,Rosier,7,0
831,1951,7,Italian Grand Prix,704,Cabantous,8,0
831,1951,7,Italian Grand Prix,762,Rol,9,0
832,1951,8,Spanish Grand Prix,579,Fangio,1,9
832,1951,8,Spanish Grand Prix,498,González,2,6
832,1951,8,Spanish Grand Prix,642,Farina,3,4
832,1951,8,Spanish Grand Prix,647,Ascari,4,3
832,1951,8,Spanish Grand Prix,697,Bonetto,5,2
832,1951,8,Spanish Grand Prix,640,de Graffenried,6,0
832,1951,8,Spanish Grand Prix,627,Rosier,7,0
832,1951,8,Spanish Grand Prix,741,Étancelin,8,0
832,1951,8,Spanish Grand Prix,626,Manzon,9,0
832,1951,8,Spanish Grand Prix,580,Godia,10,0
833,1950,1,British Grand Prix,642,Farina,1,9
833,1950,1,British Grand Prix,786,Fagioli,2,6
833,1950,1,British Grand Prix,686,Parnell,3,4
833,1950,1,British Grand Prix,704,Cabantous,4,3
833,1950,1,British Grand Prix,627,Rosier,5,2
833,1950,1,British Grand Prix,619,Gerard,6,0
833,1950,1,British Grand Prix,787,Harrison,7,0
833,1950,1,British Grand Prix,741,Étancelin,8,0
833,1950,1,British Grand Prix,784,Hampshire,9,0
833,1950,1,British Grand Prix,778,Shawe Taylor,10,0
833,1950,1,British Grand Prix,660,Claes,11,0
834,1950,2,Monaco Grand Prix,579,Fangio,1,9
834,1950,2,Monaco Grand Prix,647,Ascari,2,6
834,1950,2,Monaco Grand Prix,589,Chiron,3,4
834,1950,2,Monaco Grand Prix,793,Sommer,4,3
834,1950,2,Monaco Grand Prix,669,Bira,5,2
834,1950,2,Monaco Grand Prix,619,Gerard,6,0
834,1950,2,Monaco Grand Prix,660,Claes,7,0
835,1950,3,Indianapolis 500,593,Parsons,1,9
835,1950,3,Indianapolis 500,701,Holland,2,6
835,1950,3,Indianapolis 500,768,Rose,3,4
835,1950,3,Indianapolis 500,770,Green,4,3
835,1950,3,Indianapolis 500,794,Chitwood,5,1
835,1950,3,Indianapolis 500,766,Wallard,6,0
835,1950,3,Indianapolis 500,654,Faulkner,7,0
835,1950,3,Indianapolis 500,726,Connor,8,0
835,1950,3,Indianapolis 500,555,Russo,9,0
835,1950,3,Indianapolis 500,559,Flaherty,10,0
835,1950,3,Indianapolis 500,795,Fohr,11,0
835,1950,3,Indianapolis 500,518,Carter,12,0
835,1950,3,Indianapolis 500,772,Hellings,13,0
835,1950,3,Indianapolis 500,658,McGrath,14,0
835,1950,3,Indianapolis 500,526,Ruttman,15,0
835,1950,3,Indianapolis 500,520,Hartley,16,0
835,1950,3,Indianapolis 500,653,Davies,17,0
835,1950,3,Indianapolis 500,732,McDowell,18,0
835,1950,3,Indianapolis 500,771,Brown,19,0
835,1950,3,Indianapolis 500,677,Webb,20,0
835,1950,3,Indianapolis 500,659,Hoyt,21,0
835,1950,3,Indianapolis 500,796,Ader,22,0
835,1950,3,Indianapolis 500,797,Holmes,23,0
835,1950,3,Indianapolis 500,509,Rathmann,24,0
836,1950,4,Swiss Grand Prix,642,Farina,1,9
836,1950,4,Swiss Grand Prix,786,Fagioli,2,6
836,1950,4,Swiss Grand Prix,627,Rosier,3,4
836,1950,4,Swiss Grand Prix,669,Bira,4,3
836,1950,4,Swiss Grand Prix,697,Bonetto,5,2
836,1950,4,Swiss Grand Prix,640,de Graffenried,6,0
836,1950,4,Swiss Grand Prix,800,Pagani,7,0
836,1950,4,Swiss Grand Prix,501,Schell,8,0
836,1950,4,Swiss Grand Prix,589,Chiron,9,0
836,1950,4,Swiss Grand Prix,660,Claes,10,0
836,1950,4,Swiss Grand Prix,780,Branca,11,0
837,1950,5,Belgian Grand Prix,579,Fangio,1,8
837,1950,5,Belgian Grand Prix,786,Fagioli,2,6
837,1950,5,Belgian Grand Prix,627,Rosier,3,4
837,1950,5,Belgian Grand Prix,642,Farina,4,4
837,1950,5,Belgian Grand Prix,647,Ascari,5,2
837,1950,5,Belgian Grand Prix,633,Villoresi,6,0
837,1950,5,Belgian Grand Prix,773,Levegh,7,0
837,1950,5,Belgian Grand Prix,660,Claes,8,0
837,1950,5,Belgian Grand Prix,785,Crossley,9,0
837,1950,5,Belgian Grand Prix,780,Branca,10,0
838,1950,6,French Grand Prix,579,Fangio,1,9
838,1950,6,French Grand Prix,786,Fagioli,2,6
838,1950,6,French Grand Prix,687,Whitehead,3,4
838,1950,6,French Grand Prix,626,Manzon,4,3
838,1950,6,French Grand Prix,741,Étancelin,5,1
838,1950,6,French Grand Prix,801,Pozzi,6,0
838,1950,6,French Grand Prix,642,Farina,7,0
838,1950,6,French Grand Prix,704,Cabantous,8,0
839,1950,7,Italian Grand Prix,642,Farina,1,8
839,1950,7,Italian Grand Prix,802,Serafini,2,3
839,1950,7,Italian Grand Prix,786,Fagioli,3,4
839,1950,7,Italian Grand Prix,627,Rosier,4,3
839,1950,7,Italian Grand Prix,741,Étancelin,5,2
839,1950,7,Italian Grand Prix,640,de Graffenried,6,0
839,1950,7,Italian Grand Prix,687,Whitehead,7,0
833,1950,1,British Grand Prix,788,Fry,10,0
835,1950,3,Indianapolis 500,529,Bettenhausen,5,1
838,1950,6,French Grand Prix,774,Chaboud,5,1
838,1950,6,French Grand Prix,627,Rosier,6,0
839,1950,7,Italian Grand Prix,647,Ascari,2,3
826,1951,2,Indianapolis 500,675,Ayulo,3,2
828,1951,4,French Grand Prix,579,Fangio,1,5
828,1951,4,French Grand Prix,498,González,2,3
828,1951,4,French Grand Prix,786,Fagioli,11,0
831,1951,7,Italian Grand Prix,642,Farina,3,3
820,1952,4,French Grand Prix,721,Hirt,11,0
823,1952,7,Dutch Grand Prix,759,Flinterman,9,0
808,1953,1,Argentine Grand Prix,501,Schell,7,0
809,1953,2,Indianapolis 500,518,Carter,3,2
809,1953,2,Indianapolis 500,555,Russo,4,1.5
809,1953,2,Indianapolis 500,513,Johnson,7,0
809,1953,2,Indianapolis 500,521,Stevenson,9,0
809,1953,2,Indianapolis 500,520,Hartley,9,0
809,1953,2,Indianapolis 500,702,Scott,12,0
809,1953,2,Indianapolis 500,509,Rathmann,15,0
809,1953,2,Indianapolis 500,612,Linden,16,0
809,1953,2,Indianapolis 500,630,Dinsmore,16,0
809,1953,2,Indianapolis 500,804,Mantz,17,0
810,1953,3,Dutch Grand Prix,498,González,3,2
814,1953,7,German Grand Prix,633,Villoresi,8,0
815,1953,8,Swiss Grand Prix,697,Bonetto,4,1.5
816,1953,9,Italian Grand Prix,577,Musso,7,0
800,1954,2,Indianapolis 500,518,Carter,4,1.5
800,1954,2,Indianapolis 500,659,Hoyt,8,0
800,1954,2,Indianapolis 500,593,Parsons,11,0
800,1954,2,Indianapolis 500,611,Hanks,11,0
800,1954,2,Indianapolis 500,612,Linden,11,0
800,1954,2,Indianapolis 500,653,Davies,11,0
800,1954,2,Indianapolis 500,654,Faulkner,12,0
800,1954,2,Indianapolis 500,613,Teague,15,0
800,1954,2,Indianapolis 500,799,Jackson,15,0
800,1954,2,Indianapolis 500,529,Bettenhausen,15,0
800,1954,2,Indianapolis 500,702,Scott,18,0
800,1954,2,Indianapolis 500,730,Fonder,19,0
801,1954,3,Belgian Grand Prix,578,Hawthorn,4,1.5
804,1954,6,German Grand Prix,578,Hawthorn,2,3
806,1954,8,Italian Grand Prix,498,González,3,3
792,1955,1,Argentine Grand Prix,642,Farina,2,2
792,1955,1,Argentine Grand Prix,427,Trintignant,2,2
792,1955,1,Argentine Grand Prix,427,Trintignant,3,1.33
792,1955,1,Argentine Grand Prix,620,Maglioli,3,1.33
792,1955,1,Argentine Grand Prix,648,Kling,4,1
792,1955,1,Argentine Grand Prix,475,Moss,4,1
792,1955,1,Argentine Grand Prix,554,Behra,6,0
792,1955,1,Argentine Grand Prix,644,Mantovani,7,0
792,1955,1,Argentine Grand Prix,501,Schell,7,0
793,1955,2,Monaco Grand Prix,607,Perdisa,3,2
793,1955,2,Monaco Grand Prix,632,Frère,8,0
794,1955,3,Indianapolis 500,555,Russo,2,3
794,1955,3,Indianapolis 500,519,Homeier,5,1
795,1955,4,Belgian Grand Prix,554,Behra,5,1
797,1955,6,British Grand Prix,608,Castellotti,6,0
797,1955,6,British Grand Prix,501,Schell,9,0
784,1956,1,Argentine Grand Prix,579,Fangio,1,5
784,1956,1,Argentine Grand Prix,583,Gerini,4,1.5
784,1956,1,Argentine Grand Prix,806,González,6,0
785,1956,2,Monaco Grand Prix,579,Fangio,2,4
785,1956,2,Monaco Grand Prix,608,Castellotti,4,1.5
785,1956,2,Monaco Grand Prix,429,Pilette,6,0
787,1956,4,Belgian Grand Prix,475,Moss,3,3
788,1956,5,French Grand Prix,475,Moss,5,1
788,1956,5,French Grand Prix,501,Schell,10,0
789,1956,6,British Grand Prix,581,Collins,2,3
789,1956,6,British Grand Prix,606,de Portago,10,0
791,1956,8,Italian Grand Prix,579,Fangio,2,3
791,1956,8,Italian Grand Prix,608,Castellotti,8,0
776,1957,1,Argentine Grand Prix,498,González,5,1
776,1957,1,Argentine Grand Prix,581,Collins,6,0
776,1957,1,Argentine Grand Prix,476,von Trips,6,0
779,1957,4,French Grand Prix,356,Brabham,7,0
780,1957,5,British Grand Prix,475,Moss,1,5
780,1957,5,British Grand Prix,581,Collins,4,0
783,1957,8,Italian Grand Prix,501,Schell,5,1
783,1957,8,Italian Grand Prix,638,Volonterio,11,0
774,1958,10,Italian Grand Prix,566,Shelby,4,0
746,1960,1,Argentine Grand Prix,475,Moss,3,0
728,1963,10,South African Grand Prix,373,Clark,1,9
728,1963,10,South African Grand Prix,364,Gurney,2,6
728,1963,10,South African Grand Prix,289,Hill,3,4
728,1963,10,South African Grand Prix,360,McLaren,4,3
728,1963,10,South African Grand Prix,385,Bandini,5,2
728,1963,10,South African Grand Prix,347,Bonnier,6,1
728,1963,10,South African Grand Prix,408,Maggs,7,0
728,1963,10,South African Grand Prix,401,Taylor,8,0
728,1963,10,South African Grand Prix,340,Love,9,0
728,1963,10,South African Grand Prix,430,de Beaufort,10,0
728,1963,10,South African Grand Prix,411,Serrurier,11,0
728,1963,10,South African Grand Prix,409,Blokdyk,12,0
728,1963,10,South African Grand Prix,356,Brabham,13,0
728,1963,10,South African Grand Prix,412,Niemann,14,0
337,2010,1,Bahrain Grand Prix,4,Alonso,1,25
337,2010,1,Bahrain Grand Prix,13,Massa,2,18
337,2010,1,Bahrain Grand Prix,1,Hamilton,3,15
337,2010,1,Bahrain Grand Prix,20,Vettel,4,12
337,2010,1,Bahrain Grand Prix,3,Rosberg,5,10
337,2010,1,Bahrain Grand Prix,30,Schumacher,6,8
337,2010,1,Bahrain Grand Prix,18,Button,7,6
337,2010,1,Bahrain Grand Prix,17,Webber,8,4
337,2010,1,Bahrain Grand Prix,24,Liuzzi,9,2
337,2010,1,Bahrain Grand Prix,22,Barrichello,10,1
337,2010,1,Bahrain Grand Prix,9,Kubica,11,0
337,2010,1,Bahrain Grand Prix,16,Sutil,12,0
337,2010,1,Bahrain Grand Prix,153,Alguersuari,13,0
337,2010,1,Bahrain Grand Prix,807,Hülkenberg,14,0
337,2010,1,Bahrain Grand Prix,5,Kovalainen,15,0
337,2010,1,Bahrain Grand Prix,67,Buemi,16,0
337,2010,1,Bahrain Grand Prix,15,Trulli,17,0
338,2010,2,Australian Grand Prix,18,Button,1,25
338,2010,2,Australian Grand Prix,9,Kubica,2,18
338,2010,2,Australian Grand Prix,13,Massa,3,15
338,2010,2,Australian Grand Prix,4,Alonso,4,12
338,2010,2,Australian Grand Prix,3,Rosberg,5,10
338,2010,2,Australian Grand Prix,1,Hamilton,6,8
338,2010,2,Australian Grand Prix,24,Liuzzi,7,6
338,2010,2,Australian Grand Prix,22,Barrichello,8,4
338,2010,2,Australian Grand Prix,17,Webber,9,2
338,2010,2,Australian Grand Prix,30,Schumacher,10,1
338,2010,2,Australian Grand Prix,153,Alguersuari,11,0
338,2010,2,Australian Grand Prix,37,de la Rosa,12,0
338,2010,2,Australian Grand Prix,5,Kovalainen,13,0
338,2010,2,Australian Grand Prix,812,Chandhok,14,0
339,2010,3,Malaysian Grand Prix,20,Vettel,1,25
339,2010,3,Malaysian Grand Prix,17,Webber,2,18
339,2010,3,Malaysian Grand Prix,3,Rosberg,3,15
339,2010,3,Malaysian Grand Prix,9,Kubica,4,12
339,2010,3,Malaysian Grand Prix,16,Sutil,5,10
339,2010,3,Malaysian Grand Prix,1,Hamilton,6,8
339,2010,3,Malaysian Grand Prix,13,Massa,7,6
339,2010,3,Malaysian Grand Prix,18,Button,8,4
339,2010,3,Malaysian Grand Prix,153,Alguersuari,9,2
339,2010,3,Malaysian Grand Prix,807,Hülkenberg,10,1
339,2010,3,Malaysian Grand Prix,67,Buemi,11,0
339,2010,3,Malaysian Grand Prix,22,Barrichello,12,0
339,2010,3,Malaysian Grand Prix,4,Alonso,13,0
339,2010,3,Malaysian Grand Prix,810,di Grassi,14,0
339,2010,3,Malaysian Grand Prix,812,Chandhok,15,0
339,2010,3,Malaysian Grand Prix,811,Senna,16,0
339,2010,3,Malaysian Grand Prix,15,Trulli,17,0
340,2010,4,Chinese Grand Prix,18,Button,1,25
340,2010,4,Chinese Grand Prix,1,Hamilton,2,18
340,2010,4,Chinese Grand Prix,3,Rosberg,3,15
340,2010,4,Chinese Grand Prix,4,Alonso,4,12
340,2010,4,Chinese Grand Prix,9,Kubica,5,10
340,2010,4,Chinese Grand Prix,20,Vettel,6,8
340,2010,4,Chinese Grand Prix,808,Petrov,7,6
340,2010,4,Chinese Grand Prix,17,Webber,8,4
340,2010,4,Chinese Grand Prix,13,Massa,9,2
340,2010,4,Chinese Grand Prix,30,Schumacher,10,1
340,2010,4,Chinese Grand Prix,16,Sutil,11,0
340,2010,4,Chinese Grand Prix,22,Barrichello,12,0
340,2010,4,Chinese Grand Prix,153,Alguersuari,13,0
340,2010,4,Chinese Grand Prix,5,Kovalainen,14,0
340,2010,4,Chinese Grand Prix,807,Hülkenberg,15,0
340,2010,4,Chinese Grand Prix,811,Senna,16,0
340,2010,4,Chinese Grand Prix,812,Chandhok,17,0
341,2010,5,Spanish Grand Prix,17,Webber,1,25
341,2010,5,Spanish Grand Prix,4,Alonso,2,18
341,2010,5,Spanish Grand Prix,20,Vettel,3,15
341,2010,5,Spanish Grand Prix,30,Schumacher,4,12
341,2010,5,Spanish Grand Prix,18,Button,5,10
341,2010,5,Spanish Grand Prix,13,Massa,6,8
341,2010,5,Spanish Grand Prix,16,Sutil,7,6
341,2010,5,Spanish Grand Prix,9,Kubica,8,4
341,2010,5,Spanish Grand Prix,22,Barrichello,9,2
341,2010,5,Spanish Grand Prix,153,Alguersuari,10,1
341,2010,5,Spanish Grand Prix,808,Petrov,11,0
341,2010,5,Spanish Grand Prix,155,Kobayashi,12,0
341,2010,5,Spanish Grand Prix,3,Rosberg,13,0
341,2010,5,Spanish Grand Prix,1,Hamilton,14,0
341,2010,5,Spanish Grand Prix,24,Liuzzi,15,0
341,2010,5,Spanish Grand Prix,807,Hülkenberg,16,0
341,2010,5,Spanish Grand Prix,15,Trulli,17,0
341,2010,5,Spanish Grand Prix,10,Glock,18,0
341,2010,5,Spanish Grand Prix,810,di Grassi,19,0
342,2010,6,Monaco Grand Prix,17,Webber,1,25
342,2010,6,Monaco Grand Prix,20,Vettel,2,18
342,2010,6,Monaco Grand Prix,9,Kubica,3,15
342,2010,6,Monaco Grand Prix,13,Massa,4,12
342,2010,6,Monaco Grand Prix,1,Hamilton,5,10
342,2010,6,Monaco Grand Prix,4,Alonso,6,8
342,2010,6,Monaco Grand Prix,3,Rosberg,7,6
342,2010,6,Monaco Grand Prix,16,Sutil,8,4
342,2010,6,Monaco Grand Prix,24,Liuzzi,9,2
342,2010,6,Monaco Grand Prix,67,Buemi,10,1
342,2010,6,Monaco Grand Prix,153,Alguersuari,11,0
342,2010,6,Monaco Grand Prix,30,Schumacher,12,0
342,2010,6,Monaco Grand Prix,808,Petrov,13,0
342,2010,6,Monaco Grand Prix,812,Chandhok,14,0
342,2010,6,Monaco Grand Prix,15,Trulli,15,0
343,2010,7,Turkish Grand Prix,1,Hamilton,1,25
343,2010,7,Turkish Grand Prix,18,Button,2,18
343,2010,7,Turkish Grand Prix,17,Webber,3,15
343,2010,7,Turkish Grand Prix,30,Schumacher,4,12
343,2010,7,Turkish Grand Prix,3,Rosberg,5,10
343,2010,7,Turkish Grand Prix,9,Kubica,6,8
343,2010,7,Turkish Grand Prix,13,Massa,7,6
343,2010,7,Turkish Grand Prix,4,Alonso,8,4
343,2010,7,Turkish Grand Prix,16,Sutil,9,2
343,2010,7,Turkish Grand Prix,155,Kobayashi,10,1
343,2010,7,Turkish Grand Prix,37,de la Rosa,11,0
343,2010,7,Turkish Grand Prix,153,Alguersuari,12,0
343,2010,7,Turkish Grand Prix,24,Liuzzi,13,0
343,2010,7,Turkish Grand Prix,22,Barrichello,14,0
343,2010,7,Turkish Grand Prix,808,Petrov,15,0
343,2010,7,Turkish Grand Prix,67,Buemi,16,0
343,2010,7,Turkish Grand Prix,807,Hülkenberg,17,0
343,2010,7,Turkish Grand Prix,10,Glock,18,0
343,2010,7,Turkish Grand Prix,810,di Grassi,19,0
343,2010,7,Turkish Grand Prix,812,Chandhok,20,0
344,2010,8,Canadian Grand Prix,1,Hamilton,1,25
344,2010,8,Canadian Grand Prix,18,Button,2,18
344,2010,8,Canadian Grand Prix,4,Alonso,3,15
344,2010,8,Canadian Grand Prix,20,Vettel,4,12
344,2010,8,Canadian Grand Prix,17,Webber,5,10
344,2010,8,Canadian Grand Prix,3,Rosberg,6,8
344,2010,8,Canadian Grand Prix,9,Kubica,7,6
344,2010,8,Canadian Grand Prix,67,Buemi,8,4
344,2010,8,Canadian Grand Prix,24,Liuzzi,9,2
344,2010,8,Canadian Grand Prix,16,Sutil,10,1
344,2010,8,Canadian Grand Prix,30,Schumacher,11,0
344,2010,8,Canadian Grand Prix,153,Alguersuari,12,0
344,2010,8,Canadian Grand Prix,807,Hülkenberg,13,0
344,2010,8,Canadian Grand Prix,22,Barrichello,14,0
344,2010,8,Canadian Grand Prix,13,Massa,15,0
344,2010,8,Canadian Grand Prix,5,Kovalainen,16,0
344,2010,8,Canadian Grand Prix,808,Petrov,17,0
344,2010,8,Canadian Grand Prix,812,Chandhok,18,0
344,2010,8,Canadian Grand Prix,810,di Grassi,19,0
345,2010,9,European Grand Prix,20,Vettel,1,25
345,2010,9,European Grand Prix,1,Hamilton,2,18
345,2010,9,European Grand Prix,18,Button,3,15
345,2010,9,European Grand Prix,22,Barrichello,4,12
345,2010,9,European Grand Prix,9,Kubica,5,10
345,2010,9,European Grand Prix,16,Sutil,6,8
345,2010,9,European Grand Prix,155,Kobayashi,7,6
345,2010,9,European Grand Prix,4,Alonso,8,4
345,2010,9,European Grand Prix,67,Buemi,9,2
345,2010,9,European Grand Prix,3,Rosberg,10,1
345,2010,9,European Grand Prix,13,Massa,11,0
345,2010,9,European Grand Prix,37,de la Rosa,12,0
345,2010,9,European Grand Prix,153,Alguersuari,13,0
345,2010,9,European Grand Prix,808,Petrov,14,0
345,2010,9,European Grand Prix,30,Schumacher,15,0
345,2010,9,European Grand Prix,24,Liuzzi,16,0
345,2010,9,European Grand Prix,810,di Grassi,17,0
345,2010,9,European Grand Prix,812,Chandhok,18,0
345,2010,9,European Grand Prix,10,Glock,19,0
345,2010,9,European Grand Prix,811,Senna,20,0
345,2010,9,European Grand Prix,15,Trulli,21,0
346,2010,10,British Grand Prix,17,Webber,1,25
346,2010,10,British Grand Prix,1,Hamilton,2,18
346,2010,10,British Grand Prix,3,Rosberg,3,15
346,2010,10,British Grand Prix,18,Button,4,12
346,2010,10,British Grand Prix,22,Barrichello,5,10
346,2010,10,British Grand Prix,155,Kobayashi,6,8
346,2010,10,British Grand Prix,20,Vettel,7,6
346,2010,10,British Grand Prix,16,Sutil,8,4
346,2010,10,British Grand Prix,30,Schumacher,9,2
346,2010,10,British Grand Prix,807,Hülkenberg,10,1
346,2010,10,British Grand Prix,24,Liuzzi,11,0
346,2010,10,British Grand Prix,67,Buemi,12,0
346,2010,10,British Grand Prix,808,Petrov,13,0
346,2010,10,British Grand Prix,4,Alonso,14,0
346,2010,10,British Grand Prix,13,Massa,15,0
346,2010,10,British Grand Prix,15,Trulli,16,0
346,2010,10,British Grand Prix,5,Kovalainen,17,0
346,2010,10,British Grand Prix,10,Glock,18,0
346,2010,10,British Grand Prix,812,Chandhok,19,0
346,2010,10,British Grand Prix,29,Yamamoto,20,0
347,2010,11,German Grand Prix,4,Alonso,1,25
347,2010,11,German Grand Prix,13,Massa,2,18
347,2010,11,German Grand Prix,20,Vettel,3,15
347,2010,11,German Grand Prix,1,Hamilton,4,12
347,2010,11,German Grand Prix,18,Button,5,10
347,2010,11,German Grand Prix,17,Webber,6,8
347,2010,11,German Grand Prix,9,Kubica,7,6
347,2010,11,German Grand Prix,3,Rosberg,8,4
347,2010,11,German Grand Prix,30,Schumacher,9,2
347,2010,11,German Grand Prix,808,Petrov,10,1
347,2010,11,German Grand Prix,155,Kobayashi,11,0
347,2010,11,German Grand Prix,22,Barrichello,12,0
347,2010,11,German Grand Prix,807,Hülkenberg,13,0
347,2010,11,German Grand Prix,37,de la Rosa,14,0
347,2010,11,German Grand Prix,153,Alguersuari,15,0
347,2010,11,German Grand Prix,24,Liuzzi,16,0
347,2010,11,German Grand Prix,16,Sutil,17,0
347,2010,11,German Grand Prix,10,Glock,18,0
347,2010,11,German Grand Prix,811,Senna,19,0
348,2010,12,Hungarian Grand Prix,17,Webber,1,25
348,2010,12,Hungarian Grand Prix,4,Alonso,2,18
348,2010,12,Hungarian Grand Prix,20,Vettel,3,15
348,2010,12,Hungarian Grand Prix,13,Massa,4,12
348,2010,12,Hungarian Grand Prix,808,Petrov,5,10
348,2010,12,Hungarian Grand Prix,807,Hülkenberg,6,8
348,2010,12,Hungarian Grand Prix,37,de la Rosa,7,6
348,2010,12,Hungarian Grand Prix,18,Button,8,4
348,2010,12,Hungarian Grand Prix,155,Kobayashi,9,2
348,2010,12,Hungarian Grand Prix,22,Barrichello,10,1
348,2010,12,Hungarian Grand Prix,30,Schumacher,11,0
348,2010,12,Hungarian Grand Prix,67,Buemi,12,0
348,2010,12,Hungarian Grand Prix,24,Liuzzi,13,0
348,2010,12,Hungarian Grand Prix,5,Kovalainen,14,0
348,2010,12,Hungarian Grand Prix,15,Trulli,15,0
348,2010,12,Hungarian Grand Prix,10,Glock,16,0
348,2010,12,Hungarian Grand Prix,811,Senna,17,0
348,2010,12,Hungarian Grand Prix,810,di Grassi,18,0
348,2010,12,Hungarian Grand Prix,29,Yamamoto,19,0
349,2010,13,Belgian Grand Prix,1,Hamilton,1,25
349,2010,13,Belgian Grand Prix,17,Webber,2,18
349,2010,13,Belgian Grand Prix,9,Kubica,3,15
349,2010,13,Belgian Grand Prix,13,Massa,4,12
349,2010,13,Belgian Grand Prix,16,Sutil,5,10
349,2010,13,Belgian Grand Prix,3,Rosberg,6,8
349,2010,13,Belgian Grand Prix,30,Schumacher,7,6
349,2010,13,Belgian Grand Prix,155,Kobayashi,8,4
349,2010,13,Belgian Grand Prix,808,Petrov,9,2
349,2010,13,Belgian Grand Prix,24,Liuzzi,10,1
349,2010,13,Belgian Grand Prix,37,de la Rosa,11,0
349,2010,13,Belgian Grand Prix,67,Buemi,12,0
349,2010,13,Belgian Grand Prix,153,Alguersuari,13,0
349,2010,13,Belgian Grand Prix,807,Hülkenberg,14,0
349,2010,13,Belgian Grand Prix,20,Vettel,15,0
349,2010,13,Belgian Grand Prix,5,Kovalainen,16,0
349,2010,13,Belgian Grand Prix,810,di Grassi,17,0
349,2010,13,Belgian Grand Prix,10,Glock,18,0
349,2010,13,Belgian Grand Prix,15,Trulli,19,0
349,2010,13,Belgian Grand Prix,29,Yamamoto,20,0
350,2010,14,Italian Grand Prix,4,Alonso,1,25
350,2010,14,Italian Grand Prix,18,Button,2,18
350,2010,14,Italian Grand Prix,13,Massa,3,15
350,2010,14,Italian Grand Prix,20,Vettel,4,12
350,2010,14,Italian Grand Prix,3,Rosberg,5,10
350,2010,14,Italian Grand Prix,17,Webber,6,8
350,2010,14,Italian Grand Prix,807,Hülkenberg,7,6
350,2010,14,Italian Grand Prix,9,Kubica,8,4
350,2010,14,Italian Grand Prix,30,Schumacher,9,2
350,2010,14,Italian Grand Prix,22,Barrichello,10,1
350,2010,14,Italian Grand Prix,67,Buemi,11,0
350,2010,14,Italian Grand Prix,24,Liuzzi,12,0
350,2010,14,Italian Grand Prix,808,Petrov,13,0
350,2010,14,Italian Grand Prix,37,de la Rosa,14,0
350,2010,14,Italian Grand Prix,153,Alguersuari,15,0
350,2010,14,Italian Grand Prix,16,Sutil,16,0
350,2010,14,Italian Grand Prix,10,Glock,17,0
350,2010,14,Italian Grand Prix,5,Kovalainen,18,0
350,2010,14,Italian Grand Prix,29,Yamamoto,19,0
350,2010,14,Italian Grand Prix,810,di Grassi,20,0
351,2010,15,Singapore Grand Prix,4,Alonso,1,25
351,2010,15,Singapore Grand Prix,20,Vettel,2,18
351,2010,15,Singapore Grand Prix,17,Webber,3,15
351,2010,15,Singapore Grand Prix,18,Button,4,12
351,2010,15,Singapore Grand Prix,3,Rosberg,5,10
351,2010,15,Singapore Grand Prix,22,Barrichello,6,8
351,2010,15,Singapore Grand Prix,9,Kubica,7,6
351,2010,15,Singapore Grand Prix,13,Massa,8,4
351,2010,15,Singapore Grand Prix,16,Sutil,9,2
351,2010,15,Singapore Grand Prix,807,Hülkenberg,10,1
351,2010,15,Singapore Grand Prix,808,Petrov,11,0
351,2010,15,Singapore Grand Prix,153,Alguersuari,12,0
351,2010,15,Singapore Grand Prix,30,Schumacher,13,0
351,2010,15,Singapore Grand Prix,67,Buemi,14,0
351,2010,15,Singapore Grand Prix,810,di Grassi,15,0
351,2010,15,Singapore Grand Prix,5,Kovalainen,16,0
352,2010,16,Japanese Grand Prix,20,Vettel,1,25
352,2010,16,Japanese Grand Prix,17,Webber,2,18
352,2010,16,Japanese Grand Prix,4,Alonso,3,15
352,2010,16,Japanese Grand Prix,18,Button,4,12
352,2010,16,Japanese Grand Prix,1,Hamilton,5,10
352,2010,16,Japanese Grand Prix,30,Schumacher,6,8
352,2010,16,Japanese Grand Prix,155,Kobayashi,7,6
352,2010,16,Japanese Grand Prix,2,Heidfeld,8,4
352,2010,16,Japanese Grand Prix,22,Barrichello,9,2
352,2010,16,Japanese Grand Prix,67,Buemi,10,1
352,2010,16,Japanese Grand Prix,153,Alguersuari,11,0
352,2010,16,Japanese Grand Prix,5,Kovalainen,12,0
352,2010,16,Japanese Grand Prix,15,Trulli,13,0
352,2010,16,Japanese Grand Prix,10,Glock,14,0
352,2010,16,Japanese Grand Prix,811,Senna,15,0
352,2010,16,Japanese Grand Prix,29,Yamamoto,16,0
353,2010,17,Korean Grand Prix,4,Alonso,1,25
353,2010,17,Korean Grand Prix,1,Hamilton,2,18
353,2010,17,Korean Grand Prix,13,Massa,3,15
353,2010,17,Korean Grand Prix,30,Schumacher,4,12
353,2010,17,Korean Grand Prix,9,Kubica,5,10
353,2010,17,Korean Grand Prix,24,Liuzzi,6,8
353,2010,17,Korean Grand Prix,22,Barrichello,7,6
353,2010,17,Korean Grand Prix,155,Kobayashi,8,4
353,2010,17,Korean Grand Prix,2,Heidfeld,9,2
353,2010,17,Korean Grand Prix,807,Hülkenberg,10,1
353,2010,17,Korean Grand Prix,153,Alguersuari,11,0
353,2010,17,Korean Grand Prix,18,Button,12,0
353,2010,17,Korean Grand Prix,5,Kovalainen,13,0
353,2010,17,Korean Grand Prix,811,Senna,14,0
353,2010,17,Korean Grand Prix,29,Yamamoto,15,0
354,2010,18,Brazilian Grand Prix,20,Vettel,1,25
354,2010,18,Brazilian Grand Prix,17,Webber,2,18
354,2010,18,Brazilian Grand Prix,4,Alonso,3,15
354,2010,18,Brazilian Grand Prix,1,Hamilton,4,12
354,2010,18,Brazilian Grand Prix,18,Button,5,10
354,2010,18,Brazilian Grand Prix,3,Rosberg,6,8
354,2010,18,Brazilian Grand Prix,30,Schumacher,7,6
354,2010,18,Brazilian Grand Prix,807,Hülkenberg,8,4
354,2010,18,Brazilian Grand Prix,9,Kubica,9,2
354,2010,18,Brazilian Grand Prix,155,Kobayashi,10,1
354,2010,18,Brazilian Grand Prix,153,Alguersuari,11,0
354,2010,18,Brazilian Grand Prix,16,Sutil,12,0
354,2010,18,Brazilian Grand Prix,67,Buemi,13,0
354,2010,18,Brazilian Grand Prix,22,Barrichello,14,0
354,2010,18,Brazilian Grand Prix,13,Massa,15,0
354,2010,18,Brazilian Grand Prix,808,Petrov,16,0
354,2010,18,Brazilian Grand Prix,2,Heidfeld,17,0
354,2010,18,Brazilian Grand Prix,5,Kovalainen,18,0
354,2010,18,Brazilian Grand Prix,15,Trulli,19,0
354,2010,18,Brazilian Grand Prix,10,Glock,20,0
354,2010,18,Brazilian Grand Prix,811,Senna,21,0
354,2010,18,Brazilian Grand Prix,32,Klien,22,0
355,2010,19,Abu Dhabi Grand Prix,20,Vettel,1,25
355,2010,19,Abu Dhabi Grand Prix,1,Hamilton,2,18
355,2010,19,Abu Dhabi Grand Prix,18,Button,3,15
355,2010,19,Abu Dhabi Grand Prix,3,Rosberg,4,12
355,2010,19,Abu Dhabi Grand Prix,9,Kubica,5,10
355,2010,19,Abu Dhabi Grand Prix,808,Petrov,6,8
355,2010,19,Abu Dhabi Grand Prix,4,Alonso,7,6
355,2010,19,Abu Dhabi Grand Prix,17,Webber,8,4
355,2010,19,Abu Dhabi Grand Prix,153,Alguersuari,9,2
355,2010,19,Abu Dhabi Grand Prix,13,Massa,10,1
355,2010,19,Abu Dhabi Grand Prix,2,Heidfeld,11,0
355,2010,19,Abu Dhabi Grand Prix,22,Barrichello,12,0
355,2010,19,Abu Dhabi Grand Prix,16,Sutil,13,0
355,2010,19,Abu Dhabi Grand Prix,155,Kobayashi,14,0
355,2010,19,Abu Dhabi Grand Prix,67,Buemi,15,0
355,2010,19,Abu Dhabi Grand Prix,807,Hülkenberg,16,0
355,2010,19,Abu Dhabi Grand Prix,5,Kovalainen,17,0
355,2010,19,Abu Dhabi Grand Prix,810,di Grassi,18,0
355,2010,19,Abu Dhabi Grand Prix,811,Senna,19,0
355,2010,19,Abu Dhabi Grand Prix,32,Klien,20,0
355,2010,19,Abu Dhabi Grand Prix,15,Trulli,21,0
841,2011,1,Australian Grand Prix,20,Vettel,1,25
841,2011,1,Australian Grand Prix,1,Hamilton,2,18
841,2011,1,Australian Grand Prix,808,Petrov,3,15
841,2011,1,Australian Grand Prix,4,Alonso,4,12
841,2011,1,Australian Grand Prix,17,Webber,5,10
841,2011,1,Australian Grand Prix,18,Button,6,8
841,2011,1,Australian Grand Prix,13,Massa,7,6
841,2011,1,Australian Grand Prix,67,Buemi,8,4
841,2011,1,Australian Grand Prix,16,Sutil,9,2
841,2011,1,Australian Grand Prix,814,di Resta,10,1
841,2011,1,Australian Grand Prix,153,Alguersuari,11,0
841,2011,1,Australian Grand Prix,2,Heidfeld,12,0
841,2011,1,Australian Grand Prix,15,Trulli,13,0
841,2011,1,Australian Grand Prix,816,d'Ambrosio,14,0
842,2011,2,Malaysian Grand Prix,20,Vettel,1,25
842,2011,2,Malaysian Grand Prix,18,Button,2,18
842,2011,2,Malaysian Grand Prix,2,Heidfeld,3,15
842,2011,2,Malaysian Grand Prix,17,Webber,4,12
842,2011,2,Malaysian Grand Prix,13,Massa,5,10
842,2011,2,Malaysian Grand Prix,4,Alonso,6,8
842,2011,2,Malaysian Grand Prix,155,Kobayashi,7,6
842,2011,2,Malaysian Grand Prix,1,Hamilton,8,4
842,2011,2,Malaysian Grand Prix,30,Schumacher,9,2
842,2011,2,Malaysian Grand Prix,814,di Resta,10,1
842,2011,2,Malaysian Grand Prix,16,Sutil,11,0
842,2011,2,Malaysian Grand Prix,3,Rosberg,12,0
842,2011,2,Malaysian Grand Prix,67,Buemi,13,0
842,2011,2,Malaysian Grand Prix,153,Alguersuari,14,0
842,2011,2,Malaysian Grand Prix,5,Kovalainen,15,0
842,2011,2,Malaysian Grand Prix,10,Glock,16,0
842,2011,2,Malaysian Grand Prix,808,Petrov,17,0
843,2011,3,Chinese Grand Prix,1,Hamilton,1,25
843,2011,3,Chinese Grand Prix,20,Vettel,2,18
843,2011,3,Chinese Grand Prix,17,Webber,3,15
843,2011,3,Chinese Grand Prix,18,Button,4,12
843,2011,3,Chinese Grand Prix,3,Rosberg,5,10
843,2011,3,Chinese Grand Prix,13,Massa,6,8
843,2011,3,Chinese Grand Prix,4,Alonso,7,6
843,2011,3,Chinese Grand Prix,30,Schumacher,8,4
843,2011,3,Chinese Grand Prix,808,Petrov,9,2
843,2011,3,Chinese Grand Prix,155,Kobayashi,10,1
843,2011,3,Chinese Grand Prix,814,di Resta,11,0
843,2011,3,Chinese Grand Prix,2,Heidfeld,12,0
843,2011,3,Chinese Grand Prix,22,Barrichello,13,0
843,2011,3,Chinese Grand Prix,67,Buemi,14,0
843,2011,3,Chinese Grand Prix,16,Sutil,15,0
843,2011,3,Chinese Grand Prix,5,Kovalainen,16,0
843,2011,3,Chinese Grand Prix,815,Pérez,17,0
843,2011,3,Chinese Grand Prix,813,Maldonado,18,0
843,2011,3,Chinese Grand Prix,15,Trulli,19,0
843,2011,3,Chinese Grand Prix,816,d'Ambrosio,20,0
843,2011,3,Chinese Grand Prix,10,Glock,21,0
843,2011,3,Chinese Grand Prix,24,Liuzzi,22,0
843,2011,3,Chinese Grand Prix,39,Karthikeyan,23,0
844,2011,4,Turkish Grand Prix,20,Vettel,1,25
844,2011,4,Turkish Grand Prix,17,Webber,2,18
844,2011,4,Turkish Grand Prix,4,Alonso,3,15
844,2011,4,Turkish Grand Prix,1,Hamilton,4,12
844,2011,4,Turkish Grand Prix,3,Rosberg,5,10
844,2011,4,Turkish Grand Prix,18,Button,6,8
844,2011,4,Turkish Grand Prix,2,Heidfeld,7,6
844,2011,4,Turkish Grand Prix,808,Petrov,8,4
844,2011,4,Turkish Grand Prix,67,Buemi,9,2
844,2011,4,Turkish Grand Prix,155,Kobayashi,10,1
844,2011,4,Turkish Grand Prix,13,Massa,11,0
844,2011,4,Turkish Grand Prix,30,Schumacher,12,0
844,2011,4,Turkish Grand Prix,16,Sutil,13,0
844,2011,4,Turkish Grand Prix,815,Pérez,14,0
844,2011,4,Turkish Grand Prix,22,Barrichello,15,0
844,2011,4,Turkish Grand Prix,153,Alguersuari,16,0
844,2011,4,Turkish Grand Prix,813,Maldonado,17,0
844,2011,4,Turkish Grand Prix,15,Trulli,18,0
844,2011,4,Turkish Grand Prix,5,Kovalainen,19,0
844,2011,4,Turkish Grand Prix,816,d'Ambrosio,20,0
844,2011,4,Turkish Grand Prix,39,Karthikeyan,21,0
844,2011,4,Turkish Grand Prix,24,Liuzzi,22,0
845,2011,5,Spanish Grand Prix,20,Vettel,1,25
845,2011,5,Spanish Grand Prix,1,Hamilton,2,18
845,2011,5,Spanish Grand Prix,18,Button,3,15
845,2011,5,Spanish Grand Prix,17,Webber,4,12
845,2011,5,Spanish Grand Prix,4,Alonso,5,10
845,2011,5,Spanish Grand Prix,30,Schumacher,6,8
845,2011,5,Spanish Grand Prix,3,Rosberg,7,6
845,2011,5,Spanish Grand Prix,2,Heidfeld,8,4
845,2011,5,Spanish Grand Prix,815,Pérez,9,2
845,2011,5,Spanish Grand Prix,155,Kobayashi,10,1
845,2011,5,Spanish Grand Prix,808,Petrov,11,0
845,2011,5,Spanish Grand Prix,814,di Resta,12,0
845,2011,5,Spanish Grand Prix,16,Sutil,13,0
845,2011,5,Spanish Grand Prix,67,Buemi,14,0
845,2011,5,Spanish Grand Prix,813,Maldonado,15,0
845,2011,5,Spanish Grand Prix,153,Alguersuari,16,0
845,2011,5,Spanish Grand Prix,22,Barrichello,17,0
845,2011,5,Spanish Grand Prix,15,Trulli,18,0
845,2011,5,Spanish Grand Prix,10,Glock,19,0
845,2011,5,Spanish Grand Prix,816,d'Ambrosio,20,0
845,2011,5,Spanish Grand Prix,39,Karthikeyan,21,0
846,2011,6,Monaco Grand Prix,20,Vettel,1,25
846,2011,6,Monaco Grand Prix,4,Alonso,2,18
846,2011,6,Monaco Grand Prix,18,Button,3,15
846,2011,6,Monaco Grand Prix,17,Webber,4,12
846,2011,6,Monaco Grand Prix,155,Kobayashi,5,10
846,2011,6,Monaco Grand Prix,1,Hamilton,6,8
846,2011,6,Monaco Grand Prix,16,Sutil,7,6
846,2011,6,Monaco Grand Prix,2,Heidfeld,8,4
846,2011,6,Monaco Grand Prix,22,Barrichello,9,2
846,2011,6,Monaco Grand Prix,67,Buemi,10,1
846,2011,6,Monaco Grand Prix,3,Rosberg,11,0
846,2011,6,Monaco Grand Prix,814,di Resta,12,0
846,2011,6,Monaco Grand Prix,15,Trulli,13,0
846,2011,6,Monaco Grand Prix,5,Kovalainen,14,0
846,2011,6,Monaco Grand Prix,816,d'Ambrosio,15,0
846,2011,6,Monaco Grand Prix,24,Liuzzi,16,0
846,2011,6,Monaco Grand Prix,39,Karthikeyan,17,0
846,2011,6,Monaco Grand Prix,813,Maldonado,18,0
847,2011,7,Canadian Grand Prix,18,Button,1,25
847,2011,7,Canadian Grand Prix,20,Vettel,2,18
847,2011,7,Canadian Grand Prix,17,Webber,3,15
847,2011,7,Canadian Grand Prix,30,Schumacher,4,12
847,2011,7,Canadian Grand Prix,808,Petrov,5,10
847,2011,7,Canadian Grand Prix,13,Massa,6,8
847,2011,7,Canadian Grand Prix,155,Kobayashi,7,6
847,2011,7,Canadian Grand Prix,153,Alguersuari,8,4
847,2011,7,Canadian Grand Prix,22,Barrichello,9,2
847,2011,7,Canadian Grand Prix,67,Buemi,10,1
847,2011,7,Canadian Grand Prix,3,Rosberg,11,0
847,2011,7,Canadian Grand Prix,37,de la Rosa,12,0
847,2011,7,Canadian Grand Prix,24,Liuzzi,13,0
847,2011,7,Canadian Grand Prix,39,Karthikeyan,14,0
847,2011,7,Canadian Grand Prix,816,d'Ambrosio,15,0
847,2011,7,Canadian Grand Prix,10,Glock,16,0
847,2011,7,Canadian Grand Prix,15,Trulli,17,0
847,2011,7,Canadian Grand Prix,814,di Resta,18,0
848,2011,8,European Grand Prix,20,Vettel,1,25
848,2011,8,European Grand Prix,4,Alonso,2,18
848,2011,8,European Grand Prix,17,Webber,3,15
848,2011,8,European Grand Prix,1,Hamilton,4,12
848,2011,8,European Grand Prix,13,Massa,5,10
848,2011,8,European Grand Prix,18,Button,6,8
848,2011,8,European Grand Prix,3,Rosberg,7,6
848,2011,8,European Grand Prix,153,Alguersuari,8,4
848,2011,8,European Grand Prix,16,Sutil,9,2
848,2011,8,European Grand Prix,2,Heidfeld,10,1
848,2011,8,European Grand Prix,815,Pérez,11,0
848,2011,8,European Grand Prix,22,Barrichello,12,0
848,2011,8,European Grand Prix,67,Buemi,13,0
848,2011,8,European Grand Prix,814,di Resta,14,0
848,2011,8,European Grand Prix,808,Petrov,15,0
848,2011,8,European Grand Prix,155,Kobayashi,16,0
848,2011,8,European Grand Prix,30,Schumacher,17,0
848,2011,8,European Grand Prix,813,Maldonado,18,0
848,2011,8,European Grand Prix,5,Kovalainen,19,0
848,2011,8,European Grand Prix,15,Trulli,20,0
848,2011,8,European Grand Prix,10,Glock,21,0
848,2011,8,European Grand Prix,816,d'Ambrosio,22,0
848,2011,8,European Grand Prix,24,Liuzzi,23,0
848,2011,8,European Grand Prix,39,Karthikeyan,24,0
849,2011,9,British Grand Prix,4,Alonso,1,25
849,2011,9,British Grand Prix,20,Vettel,2,18
849,2011,9,British Grand Prix,17,Webber,3,15
849,2011,9,British Grand Prix,1,Hamilton,4,12
849,2011,9,British Grand Prix,13,Massa,5,10
849,2011,9,British Grand Prix,3,Rosberg,6,8
849,2011,9,British Grand Prix,815,Pérez,7,6
849,2011,9,British Grand Prix,2,Heidfeld,8,4
849,2011,9,British Grand Prix,30,Schumacher,9,2
849,2011,9,British Grand Prix,153,Alguersuari,10,1
849,2011,9,British Grand Prix,16,Sutil,11,0
849,2011,9,British Grand Prix,808,Petrov,12,0
849,2011,9,British Grand Prix,22,Barrichello,13,0
849,2011,9,British Grand Prix,813,Maldonado,14,0
849,2011,9,British Grand Prix,814,di Resta,15,0
849,2011,9,British Grand Prix,10,Glock,16,0
849,2011,9,British Grand Prix,816,d'Ambrosio,17,0
849,2011,9,British Grand Prix,24,Liuzzi,18,0
849,2011,9,British Grand Prix,817,Ricciardo,19,0
850,2011,10,German Grand Prix,1,Hamilton,1,25
850,2011,10,German Grand Prix,4,Alonso,2,18
850,2011,10,German Grand Prix,17,Webber,3,15
850,2011,10,German Grand Prix,20,Vettel,4,12
850,2011,10,German Grand Prix,13,Massa,5,10
850,2011,10,German Grand Prix,16,Sutil,6,8
850,2011,10,German Grand Prix,3,Rosberg,7,6
850,2011,10,German Grand Prix,30,Schumacher,8,4
850,2011,10,German Grand Prix,155,Kobayashi,9,2
850,2011,10,German Grand Prix,808,Petrov,10,1
850,2011,10,German Grand Prix,815,Pérez,11,0
850,2011,10,German Grand Prix,153,Alguersuari,12,0
850,2011,10,German Grand Prix,814,di Resta,13,0
850,2011,10,German Grand Prix,813,Maldonado,14,0
850,2011,10,German Grand Prix,67,Buemi,15,0
850,2011,10,German Grand Prix,5,Kovalainen,16,0
850,2011,10,German Grand Prix,10,Glock,17,0
850,2011,10,German Grand Prix,816,d'Ambrosio,18,0
850,2011,10,German Grand Prix,817,Ricciardo,19,0
850,2011,10,German Grand Prix,812,Chandhok,20,0
851,2011,11,Hungarian Grand Prix,18,Button,1,25
851,2011,11,Hungarian Grand Prix,20,Vettel,2,18
851,2011,11,Hungarian Grand Prix,4,Alonso,3,15
851,2011,11,Hungarian Grand Prix,1,Hamilton,4,12
851,2011,11,Hungarian Grand Prix,17,Webber,5,10
851,2011,11,Hungarian Grand Prix,13,Massa,6,8
851,2011,11,Hungarian Grand Prix,814,di Resta,7,6
851,2011,11,Hungarian Grand Prix,67,Buemi,8,4
851,2011,11,Hungarian Grand Prix,3,Rosberg,9,2
851,2011,11,Hungarian Grand Prix,153,Alguersuari,10,1
851,2011,11,Hungarian Grand Prix,155,Kobayashi,11,0
851,2011,11,Hungarian Grand Prix,808,Petrov,12,0
851,2011,11,Hungarian Grand Prix,22,Barrichello,13,0
851,2011,11,Hungarian Grand Prix,16,Sutil,14,0
851,2011,11,Hungarian Grand Prix,815,Pérez,15,0
851,2011,11,Hungarian Grand Prix,813,Maldonado,16,0
851,2011,11,Hungarian Grand Prix,10,Glock,17,0
851,2011,11,Hungarian Grand Prix,817,Ricciardo,18,0
851,2011,11,Hungarian Grand Prix,816,d'Ambrosio,19,0
851,2011,11,Hungarian Grand Prix,24,Liuzzi,20,0
852,2011,12,Belgian Grand Prix,20,Vettel,1,25
852,2011,12,Belgian Grand Prix,17,Webber,2,18
852,2011,12,Belgian Grand Prix,18,Button,3,15
852,2011,12,Belgian Grand Prix,4,Alonso,4,12
852,2011,12,Belgian Grand Prix,30,Schumacher,5,10
852,2011,12,Belgian Grand Prix,3,Rosberg,6,8
852,2011,12,Belgian Grand Prix,16,Sutil,7,6
852,2011,12,Belgian Grand Prix,13,Massa,8,4
852,2011,12,Belgian Grand Prix,808,Petrov,9,2
852,2011,12,Belgian Grand Prix,813,Maldonado,10,1
852,2011,12,Belgian Grand Prix,814,di Resta,11,0
852,2011,12,Belgian Grand Prix,155,Kobayashi,12,0
852,2011,12,Belgian Grand Prix,811,Senna,13,0
852,2011,12,Belgian Grand Prix,15,Trulli,14,0
852,2011,12,Belgian Grand Prix,5,Kovalainen,15,0
852,2011,12,Belgian Grand Prix,22,Barrichello,16,0
852,2011,12,Belgian Grand Prix,816,d'Ambrosio,17,0
852,2011,12,Belgian Grand Prix,10,Glock,18,0
852,2011,12,Belgian Grand Prix,24,Liuzzi,19,0
853,2011,13,Italian Grand Prix,20,Vettel,1,25
853,2011,13,Italian Grand Prix,18,Button,2,18
853,2011,13,Italian Grand Prix,4,Alonso,3,15
853,2011,13,Italian Grand Prix,1,Hamilton,4,12
853,2011,13,Italian Grand Prix,30,Schumacher,5,10
853,2011,13,Italian Grand Prix,13,Massa,6,8
853,2011,13,Italian Grand Prix,153,Alguersuari,7,6
853,2011,13,Italian Grand Prix,814,di Resta,8,4
853,2011,13,Italian Grand Prix,811,Senna,9,2
853,2011,13,Italian Grand Prix,67,Buemi,10,1
853,2011,13,Italian Grand Prix,813,Maldonado,11,0
853,2011,13,Italian Grand Prix,22,Barrichello,12,0
853,2011,13,Italian Grand Prix,5,Kovalainen,13,0
853,2011,13,Italian Grand Prix,15,Trulli,14,0
853,2011,13,Italian Grand Prix,10,Glock,15,0
854,2011,14,Singapore Grand Prix,20,Vettel,1,25
854,2011,14,Singapore Grand Prix,18,Button,2,18
854,2011,14,Singapore Grand Prix,17,Webber,3,15
854,2011,14,Singapore Grand Prix,4,Alonso,4,12
854,2011,14,Singapore Grand Prix,1,Hamilton,5,10
854,2011,14,Singapore Grand Prix,814,di Resta,6,8
854,2011,14,Singapore Grand Prix,3,Rosberg,7,6
854,2011,14,Singapore Grand Prix,16,Sutil,8,4
854,2011,14,Singapore Grand Prix,13,Massa,9,2
854,2011,14,Singapore Grand Prix,815,Pérez,10,1
854,2011,14,Singapore Grand Prix,813,Maldonado,11,0
854,2011,14,Singapore Grand Prix,67,Buemi,12,0
854,2011,14,Singapore Grand Prix,22,Barrichello,13,0
854,2011,14,Singapore Grand Prix,155,Kobayashi,14,0
854,2011,14,Singapore Grand Prix,811,Senna,15,0
854,2011,14,Singapore Grand Prix,5,Kovalainen,16,0
854,2011,14,Singapore Grand Prix,808,Petrov,17,0
854,2011,14,Singapore Grand Prix,816,d'Ambrosio,18,0
854,2011,14,Singapore Grand Prix,817,Ricciardo,19,0
854,2011,14,Singapore Grand Prix,24,Liuzzi,20,0
854,2011,14,Singapore Grand Prix,153,Alguersuari,21,0
855,2011,15,Japanese Grand Prix,18,Button,1,25
855,2011,15,Japanese Grand Prix,4,Alonso,2,18
855,2011,15,Japanese Grand Prix,20,Vettel,3,15
855,2011,15,Japanese Grand Prix,17,Webber,4,12
855,2011,15,Japanese Grand Prix,1,Hamilton,5,10
855,2011,15,Japanese Grand Prix,30,Schumacher,6,8
855,2011,15,Japanese Grand Prix,13,Massa,7,6
855,2011,15,Japanese Grand Prix,815,Pérez,8,4
855,2011,15,Japanese Grand Prix,808,Petrov,9,2
855,2011,15,Japanese Grand Prix,3,Rosberg,10,1
855,2011,15,Japanese Grand Prix,16,Sutil,11,0
855,2011,15,Japanese Grand Prix,814,di Resta,12,0
855,2011,15,Japanese Grand Prix,155,Kobayashi,13,0
855,2011,15,Japanese Grand Prix,813,Maldonado,14,0
855,2011,15,Japanese Grand Prix,153,Alguersuari,15,0
855,2011,15,Japanese Grand Prix,811,Senna,16,0
855,2011,15,Japanese Grand Prix,22,Barrichello,17,0
855,2011,15,Japanese Grand Prix,5,Kovalainen,18,0
855,2011,15,Japanese Grand Prix,15,Trulli,19,0
855,2011,15,Japanese Grand Prix,10,Glock,20,0
855,2011,15,Japanese Grand Prix,816,d'Ambrosio,21,0
855,2011,15,Japanese Grand Prix,817,Ricciardo,22,0
855,2011,15,Japanese Grand Prix,24,Liuzzi,23,0
856,2011,16,Korean Grand Prix,20,Vettel,1,25
856,2011,16,Korean Grand Prix,1,Hamilton,2,18
856,2011,16,Korean Grand Prix,17,Webber,3,15
856,2011,16,Korean Grand Prix,18,Button,4,12
856,2011,16,Korean Grand Prix,4,Alonso,5,10
856,2011,16,Korean Grand Prix,13,Massa,6,8
856,2011,16,Korean Grand Prix,153,Alguersuari,7,6
856,2011,16,Korean Grand Prix,3,Rosberg,8,4
856,2011,16,Korean Grand Prix,67,Buemi,9,2
856,2011,16,Korean Grand Prix,814,di Resta,10,1
856,2011,16,Korean Grand Prix,16,Sutil,11,0
856,2011,16,Korean Grand Prix,22,Barrichello,12,0
856,2011,16,Korean Grand Prix,811,Senna,13,0
856,2011,16,Korean Grand Prix,5,Kovalainen,14,0
856,2011,16,Korean Grand Prix,155,Kobayashi,15,0
856,2011,16,Korean Grand Prix,815,Pérez,16,0
856,2011,16,Korean Grand Prix,15,Trulli,17,0
856,2011,16,Korean Grand Prix,10,Glock,18,0
856,2011,16,Korean Grand Prix,817,Ricciardo,19,0
856,2011,16,Korean Grand Prix,816,d'Ambrosio,20,0
856,2011,16,Korean Grand Prix,24,Liuzzi,21,0
857,2011,17,Indian Grand Prix,20,Vettel,1,25
857,2011,17,Indian Grand Prix,18,Button,2,18
857,2011,17,Indian Grand Prix,4,Alonso,3,15
857,2011,17,Indian Grand Prix,17,Webber,4,12
857,2011,17,Indian Grand Prix,30,Schumacher,5,10
857,2011,17,Indian Grand Prix,3,Rosberg,6,8
857,2011,17,Indian Grand Prix,1,Hamilton,7,6
857,2011,17,Indian Grand Prix,153,Alguersuari,8,4
857,2011,17,Indian Grand Prix,16,Sutil,9,2
857,2011,17,Indian Grand Prix,815,Pérez,10,1
857,2011,17,Indian Grand Prix,808,Petrov,11,0
857,2011,17,Indian Grand Prix,811,Senna,12,0
857,2011,17,Indian Grand Prix,814,di Resta,13,0
857,2011,17,Indian Grand Prix,5,Kovalainen,14,0
857,2011,17,Indian Grand Prix,22,Barrichello,15,0
857,2011,17,Indian Grand Prix,816,d'Ambrosio,16,0
857,2011,17,Indian Grand Prix,39,Karthikeyan,17,0
857,2011,17,Indian Grand Prix,817,Ricciardo,18,0
857,2011,17,Indian Grand Prix,15,Trulli,19,0
858,2011,18,Abu Dhabi Grand Prix,1,Hamilton,1,25
858,2011,18,Abu Dhabi Grand Prix,4,Alonso,2,18
858,2011,18,Abu Dhabi Grand Prix,18,Button,3,15
858,2011,18,Abu Dhabi Grand Prix,17,Webber,4,12
858,2011,18,Abu Dhabi Grand Prix,13,Massa,5,10
858,2011,18,Abu Dhabi Grand Prix,3,Rosberg,6,8
858,2011,18,Abu Dhabi Grand Prix,30,Schumacher,7,6
858,2011,18,Abu Dhabi Grand Prix,16,Sutil,8,4
858,2011,18,Abu Dhabi Grand Prix,814,di Resta,9,2
858,2011,18,Abu Dhabi Grand Prix,155,Kobayashi,10,1
858,2011,18,Abu Dhabi Grand Prix,815,Pérez,11,0
858,2011,18,Abu Dhabi Grand Prix,22,Barrichello,12,0
858,2011,18,Abu Dhabi Grand Prix,808,Petrov,13,0
858,2011,18,Abu Dhabi Grand Prix,813,Maldonado,14,0
858,2011,18,Abu Dhabi Grand Prix,153,Alguersuari,15,0
858,2011,18,Abu Dhabi Grand Prix,811,Senna,16,0
858,2011,18,Abu Dhabi Grand Prix,5,Kovalainen,17,0
858,2011,18,Abu Dhabi Grand Prix,15,Trulli,18,0
858,2011,18,Abu Dhabi Grand Prix,10,Glock,19,0
858,2011,18,Abu Dhabi Grand Prix,24,Liuzzi,20,0
859,2011,19,Brazilian Grand Prix,17,Webber,1,25
859,2011,19,Brazilian Grand Prix,20,Vettel,2,18
859,2011,19,Brazilian Grand Prix,18,Button,3,15
859,2011,19,Brazilian Grand Prix,4,Alonso,4,12
859,2011,19,Brazilian Grand Prix,13,Massa,5,10
859,2011,19,Brazilian Grand Prix,16,Sutil,6,8
859,2011,19,Brazilian Grand Prix,3,Rosberg,7,6
859,2011,19,Brazilian Grand Prix,814,di Resta,8,4
859,2011,19,Brazilian Grand Prix,155,Kobayashi,9,2
859,2011,19,Brazilian Grand Prix,808,Petrov,10,1
859,2011,19,Brazilian Grand Prix,153,Alguersuari,11,0
859,2011,19,Brazilian Grand Prix,67,Buemi,12,0
859,2011,19,Brazilian Grand Prix,815,Pérez,13,0
859,2011,19,Brazilian Grand Prix,22,Barrichello,14,0
859,2011,19,Brazilian Grand Prix,30,Schumacher,15,0
859,2011,19,Brazilian Grand Prix,5,Kovalainen,16,0
859,2011,19,Brazilian Grand Prix,811,Senna,17,0
859,2011,19,Brazilian Grand Prix,15,Trulli,18,0
859,2011,19,Brazilian Grand Prix,816,d'Ambrosio,19,0
859,2011,19,Brazilian Grand Prix,817,Ricciardo,20,0
860,2012,1,Australian Grand Prix,18,Button,1,25
860,2012,1,Australian Grand Prix,20,Vettel,2,18
860,2012,1,Australian Grand Prix,1,Hamilton,3,15
860,2012,1,Australian Grand Prix,17,Webber,4,12
860,2012,1,Australian Grand Prix,4,Alonso,5,10
860,2012,1,Australian Grand Prix,155,Kobayashi,6,8
860,2012,1,Australian Grand Prix,8,Räikkönen,7,6
860,2012,1,Australian Grand Prix,815,Pérez,8,4
860,2012,1,Australian Grand Prix,817,Ricciardo,9,2
860,2012,1,Australian Grand Prix,814,di Resta,10,1
860,2012,1,Australian Grand Prix,818,Vergne,11,0
860,2012,1,Australian Grand Prix,3,Rosberg,12,0
860,2012,1,Australian Grand Prix,813,Maldonado,13,0
860,2012,1,Australian Grand Prix,10,Glock,14,0
860,2012,1,Australian Grand Prix,819,Pic,15,0
860,2012,1,Australian Grand Prix,811,Senna,16,0
861,2012,2,Malaysian Grand Prix,4,Alonso,1,25
861,2012,2,Malaysian Grand Prix,815,Pérez,2,18
861,2012,2,Malaysian Grand Prix,1,Hamilton,3,15
861,2012,2,Malaysian Grand Prix,17,Webber,4,12
861,2012,2,Malaysian Grand Prix,8,Räikkönen,5,10
861,2012,2,Malaysian Grand Prix,811,Senna,6,8
861,2012,2,Malaysian Grand Prix,814,di Resta,7,6
861,2012,2,Malaysian Grand Prix,818,Vergne,8,4
861,2012,2,Malaysian Grand Prix,807,Hülkenberg,9,2
861,2012,2,Malaysian Grand Prix,30,Schumacher,10,1
861,2012,2,Malaysian Grand Prix,20,Vettel,11,0
861,2012,2,Malaysian Grand Prix,817,Ricciardo,12,0
861,2012,2,Malaysian Grand Prix,3,Rosberg,13,0
861,2012,2,Malaysian Grand Prix,18,Button,14,0
861,2012,2,Malaysian Grand Prix,13,Massa,15,0
861,2012,2,Malaysian Grand Prix,808,Petrov,16,0
861,2012,2,Malaysian Grand Prix,10,Glock,17,0
861,2012,2,Malaysian Grand Prix,5,Kovalainen,18,0
861,2012,2,Malaysian Grand Prix,813,Maldonado,19,0
861,2012,2,Malaysian Grand Prix,819,Pic,20,0
861,2012,2,Malaysian Grand Prix,39,Karthikeyan,21,0
861,2012,2,Malaysian Grand Prix,37,de la Rosa,22,0
862,2012,3,Chinese Grand Prix,3,Rosberg,1,25
862,2012,3,Chinese Grand Prix,18,Button,2,18
862,2012,3,Chinese Grand Prix,1,Hamilton,3,15
862,2012,3,Chinese Grand Prix,17,Webber,4,12
862,2012,3,Chinese Grand Prix,20,Vettel,5,10
862,2012,3,Chinese Grand Prix,154,Grosjean,6,8
862,2012,3,Chinese Grand Prix,811,Senna,7,6
862,2012,3,Chinese Grand Prix,813,Maldonado,8,4
862,2012,3,Chinese Grand Prix,4,Alonso,9,2
862,2012,3,Chinese Grand Prix,155,Kobayashi,10,1
862,2012,3,Chinese Grand Prix,815,Pérez,11,0
862,2012,3,Chinese Grand Prix,814,di Resta,12,0
862,2012,3,Chinese Grand Prix,13,Massa,13,0
862,2012,3,Chinese Grand Prix,8,Räikkönen,14,0
862,2012,3,Chinese Grand Prix,807,Hülkenberg,15,0
862,2012,3,Chinese Grand Prix,818,Vergne,16,0
862,2012,3,Chinese Grand Prix,817,Ricciardo,17,0
862,2012,3,Chinese Grand Prix,808,Petrov,18,0
862,2012,3,Chinese Grand Prix,10,Glock,19,0
862,2012,3,Chinese Grand Prix,819,Pic,20,0
862,2012,3,Chinese Grand Prix,37,de la Rosa,21,0
862,2012,3,Chinese Grand Prix,39,Karthikeyan,22,0
862,2012,3,Chinese Grand Prix,5,Kovalainen,23,0
863,2012,4,Bahrain Grand Prix,20,Vettel,1,25
863,2012,4,Bahrain Grand Prix,8,Räikkönen,2,18
863,2012,4,Bahrain Grand Prix,154,Grosjean,3,15
863,2012,4,Bahrain Grand Prix,17,Webber,4,12
863,2012,4,Bahrain Grand Prix,3,Rosberg,5,10
863,2012,4,Bahrain Grand Prix,814,di Resta,6,8
863,2012,4,Bahrain Grand Prix,4,Alonso,7,6
863,2012,4,Bahrain Grand Prix,1,Hamilton,8,4
863,2012,4,Bahrain Grand Prix,13,Massa,9,2
863,2012,4,Bahrain Grand Prix,30,Schumacher,10,1
863,2012,4,Bahrain Grand Prix,815,Pérez,11,0
863,2012,4,Bahrain Grand Prix,807,Hülkenberg,12,0
863,2012,4,Bahrain Grand Prix,155,Kobayashi,13,0
863,2012,4,Bahrain Grand Prix,818,Vergne,14,0
863,2012,4,Bahrain Grand Prix,817,Ricciardo,15,0
863,2012,4,Bahrain Grand Prix,808,Petrov,16,0
863,2012,4,Bahrain Grand Prix,5,Kovalainen,17,0
863,2012,4,Bahrain Grand Prix,18,Button,18,0
863,2012,4,Bahrain Grand Prix,10,Glock,19,0
863,2012,4,Bahrain Grand Prix,37,de la Rosa,20,0
863,2012,4,Bahrain Grand Prix,39,Karthikeyan,21,0
863,2012,4,Bahrain Grand Prix,811,Senna,22,0
864,2012,5,Spanish Grand Prix,813,Maldonado,1,25
864,2012,5,Spanish Grand Prix,4,Alonso,2,18
864,2012,5,Spanish Grand Prix,8,Räikkönen,3,15
864,2012,5,Spanish Grand Prix,154,Grosjean,4,12
864,2012,5,Spanish Grand Prix,155,Kobayashi,5,10
864,2012,5,Spanish Grand Prix,20,Vettel,6,8
864,2012,5,Spanish Grand Prix,3,Rosberg,7,6
864,2012,5,Spanish Grand Prix,1,Hamilton,8,4
864,2012,5,Spanish Grand Prix,18,Button,9,2
864,2012,5,Spanish Grand Prix,807,Hülkenberg,10,1
864,2012,5,Spanish Grand Prix,17,Webber,11,0
864,2012,5,Spanish Grand Prix,818,Vergne,12,0
864,2012,5,Spanish Grand Prix,817,Ricciardo,13,0
864,2012,5,Spanish Grand Prix,814,di Resta,14,0
864,2012,5,Spanish Grand Prix,13,Massa,15,0
864,2012,5,Spanish Grand Prix,5,Kovalainen,16,0
864,2012,5,Spanish Grand Prix,808,Petrov,17,0
864,2012,5,Spanish Grand Prix,10,Glock,18,0
864,2012,5,Spanish Grand Prix,37,de la Rosa,19,0
865,2012,6,Monaco Grand Prix,17,Webber,1,25
865,2012,6,Monaco Grand Prix,3,Rosberg,2,18
865,2012,6,Monaco Grand Prix,4,Alonso,3,15
865,2012,6,Monaco Grand Prix,20,Vettel,4,12
865,2012,6,Monaco Grand Prix,1,Hamilton,5,10
865,2012,6,Monaco Grand Prix,13,Massa,6,8
865,2012,6,Monaco Grand Prix,814,di Resta,7,6
865,2012,6,Monaco Grand Prix,807,Hülkenberg,8,4
865,2012,6,Monaco Grand Prix,8,Räikkönen,9,2
865,2012,6,Monaco Grand Prix,811,Senna,10,1
865,2012,6,Monaco Grand Prix,815,Pérez,11,0
865,2012,6,Monaco Grand Prix,818,Vergne,12,0
865,2012,6,Monaco Grand Prix,5,Kovalainen,13,0
865,2012,6,Monaco Grand Prix,10,Glock,14,0
865,2012,6,Monaco Grand Prix,39,Karthikeyan,15,0
865,2012,6,Monaco Grand Prix,18,Button,16,0
866,2012,7,Canadian Grand Prix,1,Hamilton,1,25
866,2012,7,Canadian Grand Prix,154,Grosjean,2,18
866,2012,7,Canadian Grand Prix,815,Pérez,3,15
866,2012,7,Canadian Grand Prix,20,Vettel,4,12
866,2012,7,Canadian Grand Prix,4,Alonso,5,10
866,2012,7,Canadian Grand Prix,3,Rosberg,6,8
866,2012,7,Canadian Grand Prix,17,Webber,7,6
866,2012,7,Canadian Grand Prix,8,Räikkönen,8,4
866,2012,7,Canadian Grand Prix,155,Kobayashi,9,2
866,2012,7,Canadian Grand Prix,13,Massa,10,1
866,2012,7,Canadian Grand Prix,814,di Resta,11,0
866,2012,7,Canadian Grand Prix,807,Hülkenberg,12,0
866,2012,7,Canadian Grand Prix,813,Maldonado,13,0
866,2012,7,Canadian Grand Prix,817,Ricciardo,14,0
866,2012,7,Canadian Grand Prix,818,Vergne,15,0
866,2012,7,Canadian Grand Prix,18,Button,16,0
866,2012,7,Canadian Grand Prix,811,Senna,17,0
866,2012,7,Canadian Grand Prix,5,Kovalainen,18,0
866,2012,7,Canadian Grand Prix,808,Petrov,19,0
866,2012,7,Canadian Grand Prix,819,Pic,20,0
866,2012,7,Canadian Grand Prix,10,Glock,21,0
867,2012,8,European Grand Prix,4,Alonso,1,25
867,2012,8,European Grand Prix,8,Räikkönen,2,18
867,2012,8,European Grand Prix,30,Schumacher,3,15
867,2012,8,European Grand Prix,17,Webber,4,12
867,2012,8,European Grand Prix,807,Hülkenberg,5,10
867,2012,8,European Grand Prix,3,Rosberg,6,8
867,2012,8,European Grand Prix,814,di Resta,7,6
867,2012,8,European Grand Prix,18,Button,8,4
867,2012,8,European Grand Prix,815,Pérez,9,2
867,2012,8,European Grand Prix,811,Senna,10,1
867,2012,8,European Grand Prix,817,Ricciardo,11,0
867,2012,8,European Grand Prix,813,Maldonado,12,0
867,2012,8,European Grand Prix,808,Petrov,13,0
867,2012,8,European Grand Prix,5,Kovalainen,14,0
867,2012,8,European Grand Prix,819,Pic,15,0
867,2012,8,European Grand Prix,13,Massa,16,0
867,2012,8,European Grand Prix,37,de la Rosa,17,0
867,2012,8,European Grand Prix,39,Karthikeyan,18,0
867,2012,8,European Grand Prix,1,Hamilton,19,0
868,2012,9,British Grand Prix,17,Webber,1,25
868,2012,9,British Grand Prix,4,Alonso,2,18
868,2012,9,British Grand Prix,20,Vettel,3,15
868,2012,9,British Grand Prix,13,Massa,4,12
868,2012,9,British Grand Prix,8,Räikkönen,5,10
868,2012,9,British Grand Prix,154,Grosjean,6,8
868,2012,9,British Grand Prix,30,Schumacher,7,6
868,2012,9,British Grand Prix,1,Hamilton,8,4
868,2012,9,British Grand Prix,811,Senna,9,2
868,2012,9,British Grand Prix,18,Button,10,1
868,2012,9,British Grand Prix,155,Kobayashi,11,0
868,2012,9,British Grand Prix,807,Hülkenberg,12,0
868,2012,9,British Grand Prix,817,Ricciardo,13,0
868,2012,9,British Grand Prix,818,Vergne,14,0
868,2012,9,British Grand Prix,3,Rosberg,15,0
868,2012,9,British Grand Prix,813,Maldonado,16,0
868,2012,9,British Grand Prix,5,Kovalainen,17,0
868,2012,9,British Grand Prix,10,Glock,18,0
868,2012,9,British Grand Prix,819,Pic,19,0
868,2012,9,British Grand Prix,37,de la Rosa,20,0
868,2012,9,British Grand Prix,39,Karthikeyan,21,0
869,2012,10,German Grand Prix,4,Alonso,1,25
869,2012,10,German Grand Prix,18,Button,2,18
869,2012,10,German Grand Prix,8,Räikkönen,3,15
869,2012,10,German Grand Prix,155,Kobayashi,4,12
869,2012,10,German Grand Prix,20,Vettel,5,10
869,2012,10,German Grand Prix,815,Pérez,6,8
869,2012,10,German Grand Prix,30,Schumacher,7,6
869,2012,10,German Grand Prix,17,Webber,8,4
869,2012,10,German Grand Prix,807,Hülkenberg,9,2
869,2012,10,German Grand Prix,3,Rosberg,10,1
869,2012,10,German Grand Prix,814,di Resta,11,0
869,2012,10,German Grand Prix,13,Massa,12,0
869,2012,10,German Grand Prix,817,Ricciardo,13,0
869,2012,10,German Grand Prix,818,Vergne,14,0
869,2012,10,German Grand Prix,813,Maldonado,15,0
869,2012,10,German Grand Prix,808,Petrov,16,0
869,2012,10,German Grand Prix,811,Senna,17,0
869,2012,10,German Grand Prix,154,Grosjean,18,0
869,2012,10,German Grand Prix,5,Kovalainen,19,0
869,2012,10,German Grand Prix,819,Pic,20,0
869,2012,10,German Grand Prix,37,de la Rosa,21,0
869,2012,10,German Grand Prix,10,Glock,22,0
869,2012,10,German Grand Prix,39,Karthikeyan,23,0
870,2012,11,Hungarian Grand Prix,1,Hamilton,1,25
870,2012,11,Hungarian Grand Prix,8,Räikkönen,2,18
870,2012,11,Hungarian Grand Prix,154,Grosjean,3,15
870,2012,11,Hungarian Grand Prix,20,Vettel,4,12
870,2012,11,Hungarian Grand Prix,4,Alonso,5,10
870,2012,11,Hungarian Grand Prix,18,Button,6,8
870,2012,11,Hungarian Grand Prix,811,Senna,7,6
870,2012,11,Hungarian Grand Prix,17,Webber,8,4
870,2012,11,Hungarian Grand Prix,13,Massa,9,2
870,2012,11,Hungarian Grand Prix,3,Rosberg,10,1
870,2012,11,Hungarian Grand Prix,807,Hülkenberg,11,0
870,2012,11,Hungarian Grand Prix,814,di Resta,12,0
870,2012,11,Hungarian Grand Prix,813,Maldonado,13,0
870,2012,11,Hungarian Grand Prix,815,Pérez,14,0
870,2012,11,Hungarian Grand Prix,817,Ricciardo,15,0
870,2012,11,Hungarian Grand Prix,818,Vergne,16,0
870,2012,11,Hungarian Grand Prix,5,Kovalainen,17,0
870,2012,11,Hungarian Grand Prix,155,Kobayashi,18,0
870,2012,11,Hungarian Grand Prix,808,Petrov,19,0
870,2012,11,Hungarian Grand Prix,819,Pic,20,0
870,2012,11,Hungarian Grand Prix,10,Glock,21,0
870,2012,11,Hungarian Grand Prix,37,de la Rosa,22,0
871,2012,12,Belgian Grand Prix,18,Button,1,25
871,2012,12,Belgian Grand Prix,20,Vettel,2,18
871,2012,12,Belgian Grand Prix,8,Räikkönen,3,15
871,2012,12,Belgian Grand Prix,807,Hülkenberg,4,12
871,2012,12,Belgian Grand Prix,13,Massa,5,10
871,2012,12,Belgian Grand Prix,17,Webber,6,8
871,2012,12,Belgian Grand Prix,30,Schumacher,7,6
871,2012,12,Belgian Grand Prix,818,Vergne,8,4
871,2012,12,Belgian Grand Prix,817,Ricciardo,9,2
871,2012,12,Belgian Grand Prix,814,di Resta,10,1
871,2012,12,Belgian Grand Prix,3,Rosberg,11,0
871,2012,12,Belgian Grand Prix,811,Senna,12,0
871,2012,12,Belgian Grand Prix,155,Kobayashi,13,0
871,2012,12,Belgian Grand Prix,808,Petrov,14,0
871,2012,12,Belgian Grand Prix,10,Glock,15,0
871,2012,12,Belgian Grand Prix,819,Pic,16,0
871,2012,12,Belgian Grand Prix,5,Kovalainen,17,0
871,2012,12,Belgian Grand Prix,37,de la Rosa,18,0
872,2012,13,Italian Grand Prix,1,Hamilton,1,25
872,2012,13,Italian Grand Prix,815,Pérez,2,18
872,2012,13,Italian Grand Prix,4,Alonso,3,15
872,2012,13,Italian Grand Prix,13,Massa,4,12
872,2012,13,Italian Grand Prix,8,Räikkönen,5,10
872,2012,13,Italian Grand Prix,30,Schumacher,6,8
872,2012,13,Italian Grand Prix,3,Rosberg,7,6
872,2012,13,Italian Grand Prix,814,di Resta,8,4
872,2012,13,Italian Grand Prix,155,Kobayashi,9,2
872,2012,13,Italian Grand Prix,811,Senna,10,1
872,2012,13,Italian Grand Prix,813,Maldonado,11,0
872,2012,13,Italian Grand Prix,817,Ricciardo,12,0
872,2012,13,Italian Grand Prix,816,d'Ambrosio,13,0
872,2012,13,Italian Grand Prix,5,Kovalainen,14,0
872,2012,13,Italian Grand Prix,808,Petrov,15,0
872,2012,13,Italian Grand Prix,819,Pic,16,0
872,2012,13,Italian Grand Prix,10,Glock,17,0
872,2012,13,Italian Grand Prix,37,de la Rosa,18,0
872,2012,13,Italian Grand Prix,39,Karthikeyan,19,0
872,2012,13,Italian Grand Prix,17,Webber,20,0
872,2012,13,Italian Grand Prix,807,Hülkenberg,21,0
872,2012,13,Italian Grand Prix,20,Vettel,22,0
873,2012,14,Singapore Grand Prix,20,Vettel,1,25
873,2012,14,Singapore Grand Prix,18,Button,2,18
873,2012,14,Singapore Grand Prix,4,Alonso,3,15
873,2012,14,Singapore Grand Prix,814,di Resta,4,12
873,2012,14,Singapore Grand Prix,3,Rosberg,5,10
873,2012,14,Singapore Grand Prix,8,Räikkönen,6,8
873,2012,14,Singapore Grand Prix,154,Grosjean,7,6
873,2012,14,Singapore Grand Prix,13,Massa,8,4
873,2012,14,Singapore Grand Prix,817,Ricciardo,9,2
873,2012,14,Singapore Grand Prix,815,Pérez,10,1
873,2012,14,Singapore Grand Prix,17,Webber,11,0
873,2012,14,Singapore Grand Prix,10,Glock,12,0
873,2012,14,Singapore Grand Prix,155,Kobayashi,13,0
873,2012,14,Singapore Grand Prix,807,Hülkenberg,14,0
873,2012,14,Singapore Grand Prix,5,Kovalainen,15,0
873,2012,14,Singapore Grand Prix,819,Pic,16,0
873,2012,14,Singapore Grand Prix,37,de la Rosa,17,0
873,2012,14,Singapore Grand Prix,811,Senna,18,0
873,2012,14,Singapore Grand Prix,808,Petrov,19,0
874,2012,15,Japanese Grand Prix,20,Vettel,1,25
874,2012,15,Japanese Grand Prix,13,Massa,2,18
874,2012,15,Japanese Grand Prix,155,Kobayashi,3,15
874,2012,15,Japanese Grand Prix,18,Button,4,12
874,2012,15,Japanese Grand Prix,1,Hamilton,5,10
874,2012,15,Japanese Grand Prix,8,Räikkönen,6,8
874,2012,15,Japanese Grand Prix,807,Hülkenberg,7,6
874,2012,15,Japanese Grand Prix,813,Maldonado,8,4
874,2012,15,Japanese Grand Prix,17,Webber,9,2
874,2012,15,Japanese Grand Prix,817,Ricciardo,10,1
874,2012,15,Japanese Grand Prix,30,Schumacher,11,0
874,2012,15,Japanese Grand Prix,814,di Resta,12,0
874,2012,15,Japanese Grand Prix,818,Vergne,13,0
874,2012,15,Japanese Grand Prix,811,Senna,14,0
874,2012,15,Japanese Grand Prix,5,Kovalainen,15,0
874,2012,15,Japanese Grand Prix,10,Glock,16,0
874,2012,15,Japanese Grand Prix,808,Petrov,17,0
874,2012,15,Japanese Grand Prix,37,de la Rosa,18,0
874,2012,15,Japanese Grand Prix,154,Grosjean,19,0
875,2012,16,Korean Grand Prix,20,Vettel,1,25
875,2012,16,Korean Grand Prix,17,Webber,2,18
875,2012,16,Korean Grand Prix,4,Alonso,3,15
875,2012,16,Korean Grand Prix,13,Massa,4,12
875,2012,16,Korean Grand Prix,8,Räikkönen,5,10
875,2012,16,Korean Grand Prix,807,Hülkenberg,6,8
875,2012,16,Korean Grand Prix,154,Grosjean,7,6
875,2012,16,Korean Grand Prix,818,Vergne,8,4
875,2012,16,Korean Grand Prix,817,Ricciardo,9,2
875,2012,16,Korean Grand Prix,1,Hamilton,10,1
875,2012,16,Korean Grand Prix,815,Pérez,11,0
875,2012,16,Korean Grand Prix,814,di Resta,12,0
875,2012,16,Korean Grand Prix,30,Schumacher,13,0
875,2012,16,Korean Grand Prix,813,Maldonado,14,0
875,2012,16,Korean Grand Prix,811,Senna,15,0
875,2012,16,Korean Grand Prix,808,Petrov,16,0
875,2012,16,Korean Grand Prix,5,Kovalainen,17,0
875,2012,16,Korean Grand Prix,10,Glock,18,0
875,2012,16,Korean Grand Prix,819,Pic,19,0
875,2012,16,Korean Grand Prix,39,Karthikeyan,20,0
876,2012,17,Indian Grand Prix,20,Vettel,1,25
876,2012,17,Indian Grand Prix,4,Alonso,2,18
876,2012,17,Indian Grand Prix,17,Webber,3,15
876,2012,17,Indian Grand Prix,1,Hamilton,4,12
876,2012,17,Indian Grand Prix,18,Button,5,10
876,2012,17,Indian Grand Prix,13,Massa,6,8
876,2012,17,Indian Grand Prix,8,Räikkönen,7,6
876,2012,17,Indian Grand Prix,807,Hülkenberg,8,4
876,2012,17,Indian Grand Prix,154,Grosjean,9,2
876,2012,17,Indian Grand Prix,811,Senna,10,1
876,2012,17,Indian Grand Prix,3,Rosberg,11,0
876,2012,17,Indian Grand Prix,814,di Resta,12,0
876,2012,17,Indian Grand Prix,817,Ricciardo,13,0
876,2012,17,Indian Grand Prix,155,Kobayashi,14,0
876,2012,17,Indian Grand Prix,818,Vergne,15,0
876,2012,17,Indian Grand Prix,813,Maldonado,16,0
876,2012,17,Indian Grand Prix,808,Petrov,17,0
876,2012,17,Indian Grand Prix,5,Kovalainen,18,0
876,2012,17,Indian Grand Prix,819,Pic,19,0
876,2012,17,Indian Grand Prix,10,Glock,20,0
876,2012,17,Indian Grand Prix,39,Karthikeyan,21,0
876,2012,17,Indian Grand Prix,30,Schumacher,22,0
877,2012,18,Abu Dhabi Grand Prix,8,Räikkönen,1,25
877,2012,18,Abu Dhabi Grand Prix,4,Alonso,2,18
877,2012,18,Abu Dhabi Grand Prix,20,Vettel,3,15
877,2012,18,Abu Dhabi Grand Prix,18,Button,4,12
877,2012,18,Abu Dhabi Grand Prix,813,Maldonado,5,10
877,2012,18,Abu Dhabi Grand Prix,155,Kobayashi,6,8
877,2012,18,Abu Dhabi Grand Prix,13,Massa,7,6
877,2012,18,Abu Dhabi Grand Prix,811,Senna,8,4
877,2012,18,Abu Dhabi Grand Prix,814,di Resta,9,2
877,2012,18,Abu Dhabi Grand Prix,817,Ricciardo,10,1
877,2012,18,Abu Dhabi Grand Prix,30,Schumacher,11,0
877,2012,18,Abu Dhabi Grand Prix,818,Vergne,12,0
877,2012,18,Abu Dhabi Grand Prix,5,Kovalainen,13,0
877,2012,18,Abu Dhabi Grand Prix,10,Glock,14,0
877,2012,18,Abu Dhabi Grand Prix,815,Pérez,15,0
877,2012,18,Abu Dhabi Grand Prix,808,Petrov,16,0
877,2012,18,Abu Dhabi Grand Prix,37,de la Rosa,17,0
878,2012,19,United States Grand Prix,1,Hamilton,1,25
878,2012,19,United States Grand Prix,20,Vettel,2,18
878,2012,19,United States Grand Prix,4,Alonso,3,15
878,2012,19,United States Grand Prix,13,Massa,4,12
878,2012,19,United States Grand Prix,18,Button,5,10
878,2012,19,United States Grand Prix,8,Räikkönen,6,8
878,2012,19,United States Grand Prix,154,Grosjean,7,6
878,2012,19,United States Grand Prix,807,Hülkenberg,8,4
878,2012,19,United States Grand Prix,813,Maldonado,9,2
878,2012,19,United States Grand Prix,811,Senna,10,1
878,2012,19,United States Grand Prix,815,Pérez,11,0
878,2012,19,United States Grand Prix,817,Ricciardo,12,0
878,2012,19,United States Grand Prix,3,Rosberg,13,0
878,2012,19,United States Grand Prix,155,Kobayashi,14,0
878,2012,19,United States Grand Prix,814,di Resta,15,0
878,2012,19,United States Grand Prix,30,Schumacher,16,0
878,2012,19,United States Grand Prix,808,Petrov,17,0
878,2012,19,United States Grand Prix,5,Kovalainen,18,0
878,2012,19,United States Grand Prix,10,Glock,19,0
878,2012,19,United States Grand Prix,819,Pic,20,0
878,2012,19,United States Grand Prix,37,de la Rosa,21,0
878,2012,19,United States Grand Prix,39,Karthikeyan,22,0
879,2012,20,Brazilian Grand Prix,18,Button,1,25
879,2012,20,Brazilian Grand Prix,4,Alonso,2,18
879,2012,20,Brazilian Grand Prix,13,Massa,3,15
879,2012,20,Brazilian Grand Prix,17,Webber,4,12
879,2012,20,Brazilian Grand Prix,807,Hülkenberg,5,10
879,2012,20,Brazilian Grand Prix,20,Vettel,6,8
879,2012,20,Brazilian Grand Prix,30,Schumacher,7,6
879,2012,20,Brazilian Grand Prix,818,Vergne,8,4
879,2012,20,Brazilian Grand Prix,155,Kobayashi,9,2
879,2012,20,Brazilian Grand Prix,8,Räikkönen,10,1
879,2012,20,Brazilian Grand Prix,808,Petrov,11,0
879,2012,20,Brazilian Grand Prix,819,Pic,12,0
879,2012,20,Brazilian Grand Prix,817,Ricciardo,13,0
879,2012,20,Brazilian Grand Prix,5,Kovalainen,14,0
879,2012,20,Brazilian Grand Prix,3,Rosberg,15,0
879,2012,20,Brazilian Grand Prix,10,Glock,16,0
879,2012,20,Brazilian Grand Prix,37,de la Rosa,17,0
879,2012,20,Brazilian Grand Prix,39,Karthikeyan,18,0
879,2012,20,Brazilian Grand Prix,814,di Resta,19,0
880,2013,1,Australian Grand Prix,8,Räikkönen,1,25
880,2013,1,Australian Grand Prix,4,Alonso,2,18
880,2013,1,Australian Grand Prix,20,Vettel,3,15
880,2013,1,Australian Grand Prix,13,Massa,4,12
880,2013,1,Australian Grand Prix,1,Hamilton,5,10
880,2013,1,Australian Grand Prix,17,Webber,6,8
880,2013,1,Australian Grand Prix,16,Sutil,7,6
880,2013,1,Australian Grand Prix,814,di Resta,8,4
880,2013,1,Australian Grand Prix,18,Button,9,2
880,2013,1,Australian Grand Prix,154,Grosjean,10,1
880,2013,1,Australian Grand Prix,815,Pérez,11,0
880,2013,1,Australian Grand Prix,818,Vergne,12,0
880,2013,1,Australian Grand Prix,821,Gutiérrez,13,0
880,2013,1,Australian Grand Prix,822,Bottas,14,0
880,2013,1,Australian Grand Prix,824,Bianchi,15,0
880,2013,1,Australian Grand Prix,819,Pic,16,0
880,2013,1,Australian Grand Prix,820,Chilton,17,0
880,2013,1,Australian Grand Prix,823,van der Garde,18,0
881,2013,2,Malaysian Grand Prix,20,Vettel,1,25
881,2013,2,Malaysian Grand Prix,17,Webber,2,18
881,2013,2,Malaysian Grand Prix,1,Hamilton,3,15
881,2013,2,Malaysian Grand Prix,3,Rosberg,4,12
881,2013,2,Malaysian Grand Prix,13,Massa,5,10
881,2013,2,Malaysian Grand Prix,154,Grosjean,6,8
881,2013,2,Malaysian Grand Prix,8,Räikkönen,7,6
881,2013,2,Malaysian Grand Prix,807,Hülkenberg,8,4
881,2013,2,Malaysian Grand Prix,815,Pérez,9,2
881,2013,2,Malaysian Grand Prix,818,Vergne,10,1
881,2013,2,Malaysian Grand Prix,822,Bottas,11,0
881,2013,2,Malaysian Grand Prix,821,Gutiérrez,12,0
881,2013,2,Malaysian Grand Prix,824,Bianchi,13,0
881,2013,2,Malaysian Grand Prix,819,Pic,14,0
881,2013,2,Malaysian Grand Prix,823,van der Garde,15,0
881,2013,2,Malaysian Grand Prix,820,Chilton,16,0
881,2013,2,Malaysian Grand Prix,18,Button,17,0
881,2013,2,Malaysian Grand Prix,817,Ricciardo,18,0
882,2013,3,Chinese Grand Prix,4,Alonso,1,25
882,2013,3,Chinese Grand Prix,8,Räikkönen,2,18
882,2013,3,Chinese Grand Prix,1,Hamilton,3,15
882,2013,3,Chinese Grand Prix,20,Vettel,4,12
882,2013,3,Chinese Grand Prix,18,Button,5,10
882,2013,3,Chinese Grand Prix,13,Massa,6,8
882,2013,3,Chinese Grand Prix,817,Ricciardo,7,6
882,2013,3,Chinese Grand Prix,814,di Resta,8,4
882,2013,3,Chinese Grand Prix,154,Grosjean,9,2
882,2013,3,Chinese Grand Prix,807,Hülkenberg,10,1
882,2013,3,Chinese Grand Prix,815,Pérez,11,0
882,2013,3,Chinese Grand Prix,818,Vergne,12,0
882,2013,3,Chinese Grand Prix,822,Bottas,13,0
882,2013,3,Chinese Grand Prix,813,Maldonado,14,0
882,2013,3,Chinese Grand Prix,824,Bianchi,15,0
882,2013,3,Chinese Grand Prix,819,Pic,16,0
882,2013,3,Chinese Grand Prix,820,Chilton,17,0
882,2013,3,Chinese Grand Prix,823,van der Garde,18,0
883,2013,4,Bahrain Grand Prix,20,Vettel,1,25
883,2013,4,Bahrain Grand Prix,8,Räikkönen,2,18
883,2013,4,Bahrain Grand Prix,154,Grosjean,3,15
883,2013,4,Bahrain Grand Prix,814,di Resta,4,12
883,2013,4,Bahrain Grand Prix,1,Hamilton,5,10
883,2013,4,Bahrain Grand Prix,815,Pérez,6,8
883,2013,4,Bahrain Grand Prix,17,Webber,7,6
883,2013,4,Bahrain Grand Prix,4,Alonso,8,4
883,2013,4,Bahrain Grand Prix,3,Rosberg,9,2
883,2013,4,Bahrain Grand Prix,18,Button,10,1
883,2013,4,Bahrain Grand Prix,813,Maldonado,11,0
883,2013,4,Bahrain Grand Prix,807,Hülkenberg,12,0
883,2013,4,Bahrain Grand Prix,16,Sutil,13,0
883,2013,4,Bahrain Grand Prix,822,Bottas,14,0
883,2013,4,Bahrain Grand Prix,13,Massa,15,0
883,2013,4,Bahrain Grand Prix,817,Ricciardo,16,0
883,2013,4,Bahrain Grand Prix,819,Pic,17,0
883,2013,4,Bahrain Grand Prix,821,Gutiérrez,18,0
883,2013,4,Bahrain Grand Prix,824,Bianchi,19,0
883,2013,4,Bahrain Grand Prix,820,Chilton,20,0
883,2013,4,Bahrain Grand Prix,823,van der Garde,21,0
884,2013,5,Spanish Grand Prix,4,Alonso,1,25
884,2013,5,Spanish Grand Prix,8,Räikkönen,2,18
884,2013,5,Spanish Grand Prix,13,Massa,3,15
884,2013,5,Spanish Grand Prix,20,Vettel,4,12
884,2013,5,Spanish Grand Prix,17,Webber,5,10
884,2013,5,Spanish Grand Prix,3,Rosberg,6,8
884,2013,5,Spanish Grand Prix,814,di Resta,7,6
884,2013,5,Spanish Grand Prix,18,Button,8,4
884,2013,5,Spanish Grand Prix,815,Pérez,9,2
884,2013,5,Spanish Grand Prix,817,Ricciardo,10,1
884,2013,5,Spanish Grand Prix,821,Gutiérrez,11,0
884,2013,5,Spanish Grand Prix,1,Hamilton,12,0
884,2013,5,Spanish Grand Prix,16,Sutil,13,0
884,2013,5,Spanish Grand Prix,813,Maldonado,14,0
884,2013,5,Spanish Grand Prix,807,Hülkenberg,15,0
884,2013,5,Spanish Grand Prix,822,Bottas,16,0
884,2013,5,Spanish Grand Prix,819,Pic,17,0
884,2013,5,Spanish Grand Prix,824,Bianchi,18,0
884,2013,5,Spanish Grand Prix,820,Chilton,19,0
884,2013,5,Spanish Grand Prix,818,Vergne,20,0
884,2013,5,Spanish Grand Prix,823,van der Garde,21,0
884,2013,5,Spanish Grand Prix,154,Grosjean,22,0
885,2013,6,Monaco Grand Prix,3,Rosberg,1,25
885,2013,6,Monaco Grand Prix,20,Vettel,2,18
885,2013,6,Monaco Grand Prix,17,Webber,3,15
885,2013,6,Monaco Grand Prix,1,Hamilton,4,12
885,2013,6,Monaco Grand Prix,16,Sutil,5,10
885,2013,6,Monaco Grand Prix,18,Button,6,8
885,2013,6,Monaco Grand Prix,4,Alonso,7,6
885,2013,6,Monaco Grand Prix,818,Vergne,8,4
885,2013,6,Monaco Grand Prix,814,di Resta,9,2
885,2013,6,Monaco Grand Prix,8,Räikkönen,10,1
885,2013,6,Monaco Grand Prix,807,Hülkenberg,11,0
885,2013,6,Monaco Grand Prix,822,Bottas,12,0
885,2013,6,Monaco Grand Prix,821,Gutiérrez,13,0
885,2013,6,Monaco Grand Prix,820,Chilton,14,0
885,2013,6,Monaco Grand Prix,823,van der Garde,15,0
885,2013,6,Monaco Grand Prix,815,Pérez,16,0
886,2013,7,Canadian Grand Prix,20,Vettel,1,25
886,2013,7,Canadian Grand Prix,4,Alonso,2,18
886,2013,7,Canadian Grand Prix,1,Hamilton,3,15
886,2013,7,Canadian Grand Prix,17,Webber,4,12
886,2013,7,Canadian Grand Prix,3,Rosberg,5,10
886,2013,7,Canadian Grand Prix,818,Vergne,6,8
886,2013,7,Canadian Grand Prix,814,di Resta,7,6
886,2013,7,Canadian Grand Prix,13,Massa,8,4
886,2013,7,Canadian Grand Prix,8,Räikkönen,9,2
886,2013,7,Canadian Grand Prix,16,Sutil,10,1
886,2013,7,Canadian Grand Prix,815,Pérez,11,0
886,2013,7,Canadian Grand Prix,18,Button,12,0
886,2013,7,Canadian Grand Prix,154,Grosjean,13,0
886,2013,7,Canadian Grand Prix,822,Bottas,14,0
886,2013,7,Canadian Grand Prix,817,Ricciardo,15,0
886,2013,7,Canadian Grand Prix,813,Maldonado,16,0
886,2013,7,Canadian Grand Prix,824,Bianchi,17,0
886,2013,7,Canadian Grand Prix,819,Pic,18,0
886,2013,7,Canadian Grand Prix,820,Chilton,19,0
886,2013,7,Canadian Grand Prix,821,Gutiérrez,20,0
887,2013,8,British Grand Prix,3,Rosberg,1,25
887,2013,8,British Grand Prix,17,Webber,2,18
887,2013,8,British Grand Prix,4,Alonso,3,15
887,2013,8,British Grand Prix,1,Hamilton,4,12
887,2013,8,British Grand Prix,8,Räikkönen,5,10
887,2013,8,British Grand Prix,13,Massa,6,8
887,2013,8,British Grand Prix,16,Sutil,7,6
887,2013,8,British Grand Prix,817,Ricciardo,8,4
887,2013,8,British Grand Prix,814,di Resta,9,2
887,2013,8,British Grand Prix,807,Hülkenberg,10,1
887,2013,8,British Grand Prix,813,Maldonado,11,0
887,2013,8,British Grand Prix,822,Bottas,12,0
887,2013,8,British Grand Prix,18,Button,13,0
887,2013,8,British Grand Prix,821,Gutiérrez,14,0
887,2013,8,British Grand Prix,819,Pic,15,0
887,2013,8,British Grand Prix,824,Bianchi,16,0
887,2013,8,British Grand Prix,820,Chilton,17,0
887,2013,8,British Grand Prix,823,van der Garde,18,0
887,2013,8,British Grand Prix,154,Grosjean,19,0
887,2013,8,British Grand Prix,815,Pérez,20,0
888,2013,9,German Grand Prix,20,Vettel,1,25
888,2013,9,German Grand Prix,8,Räikkönen,2,18
888,2013,9,German Grand Prix,154,Grosjean,3,15
888,2013,9,German Grand Prix,4,Alonso,4,12
888,2013,9,German Grand Prix,1,Hamilton,5,10
888,2013,9,German Grand Prix,18,Button,6,8
888,2013,9,German Grand Prix,17,Webber,7,6
888,2013,9,German Grand Prix,815,Pérez,8,4
888,2013,9,German Grand Prix,3,Rosberg,9,2
888,2013,9,German Grand Prix,807,Hülkenberg,10,1
888,2013,9,German Grand Prix,814,di Resta,11,0
888,2013,9,German Grand Prix,817,Ricciardo,12,0
888,2013,9,German Grand Prix,16,Sutil,13,0
888,2013,9,German Grand Prix,821,Gutiérrez,14,0
888,2013,9,German Grand Prix,813,Maldonado,15,0
888,2013,9,German Grand Prix,822,Bottas,16,0
888,2013,9,German Grand Prix,819,Pic,17,0
888,2013,9,German Grand Prix,823,van der Garde,18,0
888,2013,9,German Grand Prix,820,Chilton,19,0
890,2013,10,Hungarian Grand Prix,1,Hamilton,1,25
890,2013,10,Hungarian Grand Prix,8,Räikkönen,2,18
890,2013,10,Hungarian Grand Prix,20,Vettel,3,15
890,2013,10,Hungarian Grand Prix,17,Webber,4,12
890,2013,10,Hungarian Grand Prix,4,Alonso,5,10
890,2013,10,Hungarian Grand Prix,154,Grosjean,6,8
890,2013,10,Hungarian Grand Prix,18,Button,7,6
890,2013,10,Hungarian Grand Prix,13,Massa,8,4
890,2013,10,Hungarian Grand Prix,815,Pérez,9,2
890,2013,10,Hungarian Grand Prix,813,Maldonado,10,1
890,2013,10,Hungarian Grand Prix,807,Hülkenberg,11,0
890,2013,10,Hungarian Grand Prix,818,Vergne,12,0
890,2013,10,Hungarian Grand Prix,817,Ricciardo,13,0
890,2013,10,Hungarian Grand Prix,823,van der Garde,14,0
890,2013,10,Hungarian Grand Prix,819,Pic,15,0
890,2013,10,Hungarian Grand Prix,824,Bianchi,16,0
890,2013,10,Hungarian Grand Prix,820,Chilton,17,0
890,2013,10,Hungarian Grand Prix,814,di Resta,18,0
890,2013,10,Hungarian Grand Prix,3,Rosberg,19,0
891,2013,11,Belgian Grand Prix,20,Vettel,1,25
891,2013,11,Belgian Grand Prix,4,Alonso,2,18
891,2013,11,Belgian Grand Prix,1,Hamilton,3,15
891,2013,11,Belgian Grand Prix,3,Rosberg,4,12
891,2013,11,Belgian Grand Prix,17,Webber,5,10
891,2013,11,Belgian Grand Prix,18,Button,6,8
891,2013,11,Belgian Grand Prix,13,Massa,7,6
891,2013,11,Belgian Grand Prix,154,Grosjean,8,4
891,2013,11,Belgian Grand Prix,16,Sutil,9,2
891,2013,11,Belgian Grand Prix,817,Ricciardo,10,1
891,2013,11,Belgian Grand Prix,815,Pérez,11,0
891,2013,11,Belgian Grand Prix,818,Vergne,12,0
891,2013,11,Belgian Grand Prix,807,Hülkenberg,13,0
891,2013,11,Belgian Grand Prix,821,Gutiérrez,14,0
891,2013,11,Belgian Grand Prix,822,Bottas,15,0
891,2013,11,Belgian Grand Prix,823,van der Garde,16,0
891,2013,11,Belgian Grand Prix,813,Maldonado,17,0
891,2013,11,Belgian Grand Prix,824,Bianchi,18,0
891,2013,11,Belgian Grand Prix,820,Chilton,19,0
892,2013,12,Italian Grand Prix,20,Vettel,1,25
892,2013,12,Italian Grand Prix,4,Alonso,2,18
892,2013,12,Italian Grand Prix,17,Webber,3,15
892,2013,12,Italian Grand Prix,13,Massa,4,12
892,2013,12,Italian Grand Prix,807,Hülkenberg,5,10
892,2013,12,Italian Grand Prix,3,Rosberg,6,8
892,2013,12,Italian Grand Prix,817,Ricciardo,7,6
892,2013,12,Italian Grand Prix,154,Grosjean,8,4
892,2013,12,Italian Grand Prix,1,Hamilton,9,2
892,2013,12,Italian Grand Prix,18,Button,10,1
892,2013,12,Italian Grand Prix,8,Räikkönen,11,0
892,2013,12,Italian Grand Prix,815,Pérez,12,0
892,2013,12,Italian Grand Prix,821,Gutiérrez,13,0
892,2013,12,Italian Grand Prix,813,Maldonado,14,0
892,2013,12,Italian Grand Prix,822,Bottas,15,0
892,2013,12,Italian Grand Prix,16,Sutil,16,0
892,2013,12,Italian Grand Prix,819,Pic,17,0
892,2013,12,Italian Grand Prix,823,van der Garde,18,0
892,2013,12,Italian Grand Prix,824,Bianchi,19,0
892,2013,12,Italian Grand Prix,820,Chilton,20,0
893,2013,13,Singapore Grand Prix,20,Vettel,1,25
893,2013,13,Singapore Grand Prix,4,Alonso,2,18
893,2013,13,Singapore Grand Prix,8,Räikkönen,3,15
893,2013,13,Singapore Grand Prix,3,Rosberg,4,12
893,2013,13,Singapore Grand Prix,1,Hamilton,5,10
893,2013,13,Singapore Grand Prix,13,Massa,6,8
893,2013,13,Singapore Grand Prix,18,Button,7,6
893,2013,13,Singapore Grand Prix,815,Pérez,8,4
893,2013,13,Singapore Grand Prix,807,Hülkenberg,9,2
893,2013,13,Singapore Grand Prix,16,Sutil,10,1
893,2013,13,Singapore Grand Prix,813,Maldonado,11,0
893,2013,13,Singapore Grand Prix,821,Gutiérrez,12,0
893,2013,13,Singapore Grand Prix,822,Bottas,13,0
893,2013,13,Singapore Grand Prix,818,Vergne,14,0
893,2013,13,Singapore Grand Prix,17,Webber,15,0
893,2013,13,Singapore Grand Prix,823,van der Garde,16,0
893,2013,13,Singapore Grand Prix,820,Chilton,17,0
893,2013,13,Singapore Grand Prix,824,Bianchi,18,0
893,2013,13,Singapore Grand Prix,819,Pic,19,0
893,2013,13,Singapore Grand Prix,814,di Resta,20,0
894,2013,14,Korean Grand Prix,20,Vettel,1,25
894,2013,14,Korean Grand Prix,8,Räikkönen,2,18
894,2013,14,Korean Grand Prix,154,Grosjean,3,15
894,2013,14,Korean Grand Prix,807,Hülkenberg,4,12
894,2013,14,Korean Grand Prix,1,Hamilton,5,10
894,2013,14,Korean Grand Prix,4,Alonso,6,8
894,2013,14,Korean Grand Prix,3,Rosberg,7,6
894,2013,14,Korean Grand Prix,18,Button,8,4
894,2013,14,Korean Grand Prix,13,Massa,9,2
894,2013,14,Korean Grand Prix,815,Pérez,10,1
894,2013,14,Korean Grand Prix,821,Gutiérrez,11,0
894,2013,14,Korean Grand Prix,822,Bottas,12,0
894,2013,14,Korean Grand Prix,813,Maldonado,13,0
894,2013,14,Korean Grand Prix,819,Pic,14,0
894,2013,14,Korean Grand Prix,823,van der Garde,15,0
894,2013,14,Korean Grand Prix,824,Bianchi,16,0
894,2013,14,Korean Grand Prix,820,Chilton,17,0
894,2013,14,Korean Grand Prix,818,Vergne,18,0
894,2013,14,Korean Grand Prix,817,Ricciardo,19,0
894,2013,14,Korean Grand Prix,16,Sutil,20,0
895,2013,15,Japanese Grand Prix,20,Vettel,1,25
895,2013,15,Japanese Grand Prix,17,Webber,2,18
895,2013,15,Japanese Grand Prix,154,Grosjean,3,15
895,2013,15,Japanese Grand Prix,4,Alonso,4,12
895,2013,15,Japanese Grand Prix,8,Räikkönen,5,10
895,2013,15,Japanese Grand Prix,807,Hülkenberg,6,8
895,2013,15,Japanese Grand Prix,821,Gutiérrez,7,6
895,2013,15,Japanese Grand Prix,3,Rosberg,8,4
895,2013,15,Japanese Grand Prix,18,Button,9,2
895,2013,15,Japanese Grand Prix,13,Massa,10,1
895,2013,15,Japanese Grand Prix,814,di Resta,11,0
895,2013,15,Japanese Grand Prix,818,Vergne,12,0
895,2013,15,Japanese Grand Prix,817,Ricciardo,13,0
895,2013,15,Japanese Grand Prix,16,Sutil,14,0
895,2013,15,Japanese Grand Prix,815,Pérez,15,0
895,2013,15,Japanese Grand Prix,813,Maldonado,16,0
895,2013,15,Japanese Grand Prix,822,Bottas,17,0
895,2013,15,Japanese Grand Prix,819,Pic,18,0
895,2013,15,Japanese Grand Prix,820,Chilton,19,0
896,2013,16,Indian Grand Prix,20,Vettel,1,25
896,2013,16,Indian Grand Prix,3,Rosberg,2,18
896,2013,16,Indian Grand Prix,154,Grosjean,3,15
896,2013,16,Indian Grand Prix,13,Massa,4,12
896,2013,16,Indian Grand Prix,815,Pérez,5,10
896,2013,16,Indian Grand Prix,1,Hamilton,6,8
896,2013,16,Indian Grand Prix,8,Räikkönen,7,6
896,2013,16,Indian Grand Prix,814,di Resta,8,4
896,2013,16,Indian Grand Prix,16,Sutil,9,2
896,2013,16,Indian Grand Prix,817,Ricciardo,10,1
896,2013,16,Indian Grand Prix,4,Alonso,11,0
896,2013,16,Indian Grand Prix,813,Maldonado,12,0
896,2013,16,Indian Grand Prix,818,Vergne,13,0
896,2013,16,Indian Grand Prix,18,Button,14,0
896,2013,16,Indian Grand Prix,821,Gutiérrez,15,0
896,2013,16,Indian Grand Prix,822,Bottas,16,0
896,2013,16,Indian Grand Prix,820,Chilton,17,0
896,2013,16,Indian Grand Prix,824,Bianchi,18,0
896,2013,16,Indian Grand Prix,807,Hülkenberg,19,0
897,2013,17,Abu Dhabi Grand Prix,20,Vettel,1,25
897,2013,17,Abu Dhabi Grand Prix,17,Webber,2,18
897,2013,17,Abu Dhabi Grand Prix,3,Rosberg,3,15
897,2013,17,Abu Dhabi Grand Prix,154,Grosjean,4,12
897,2013,17,Abu Dhabi Grand Prix,4,Alonso,5,10
897,2013,17,Abu Dhabi Grand Prix,814,di Resta,6,8
897,2013,17,Abu Dhabi Grand Prix,1,Hamilton,7,6
897,2013,17,Abu Dhabi Grand Prix,13,Massa,8,4
897,2013,17,Abu Dhabi Grand Prix,815,Pérez,9,2
897,2013,17,Abu Dhabi Grand Prix,16,Sutil,10,1
897,2013,17,Abu Dhabi Grand Prix,813,Maldonado,11,0
897,2013,17,Abu Dhabi Grand Prix,18,Button,12,0
897,2013,17,Abu Dhabi Grand Prix,821,Gutiérrez,13,0
897,2013,17,Abu Dhabi Grand Prix,807,Hülkenberg,14,0
897,2013,17,Abu Dhabi Grand Prix,822,Bottas,15,0
897,2013,17,Abu Dhabi Grand Prix,817,Ricciardo,16,0
897,2013,17,Abu Dhabi Grand Prix,818,Vergne,17,0
897,2013,17,Abu Dhabi Grand Prix,823,van der Garde,18,0
897,2013,17,Abu Dhabi Grand Prix,819,Pic,19,0
897,2013,17,Abu Dhabi Grand Prix,824,Bianchi,20,0
897,2013,17,Abu Dhabi Grand Prix,820,Chilton,21,0
898,2013,18,United States Grand Prix,20,Vettel,1,25
898,2013,18,United States Grand Prix,154,Grosjean,2,18
898,2013,18,United States Grand Prix,17,Webber,3,15
898,2013,18,United States Grand Prix,1,Hamilton,4,12
898,2013,18,United States Grand Prix,4,Alonso,5,10
898,2013,18,United States Grand Prix,807,Hülkenberg,6,8
898,2013,18,United States Grand Prix,815,Pérez,7,6
898,2013,18,United States Grand Prix,822,Bottas,8,4
898,2013,18,United States Grand Prix,3,Rosberg,9,2
898,2013,18,United States Grand Prix,18,Button,10,1
898,2013,18,United States Grand Prix,817,Ricciardo,11,0
898,2013,18,United States Grand Prix,818,Vergne,12,0
898,2013,18,United States Grand Prix,13,Massa,13,0
898,2013,18,United States Grand Prix,821,Gutiérrez,14,0
898,2013,18,United States Grand Prix,5,Kovalainen,15,0
898,2013,18,United States Grand Prix,814,di Resta,16,0
898,2013,18,United States Grand Prix,813,Maldonado,17,0
898,2013,18,United States Grand Prix,824,Bianchi,18,0
898,2013,18,United States Grand Prix,823,van der Garde,19,0
898,2013,18,United States Grand Prix,819,Pic,20,0
898,2013,18,United States Grand Prix,820,Chilton,21,0
899,2013,19,Brazilian Grand Prix,20,Vettel,1,25
899,2013,19,Brazilian Grand Prix,17,Webber,2,18
899,2013,19,Brazilian Grand Prix,4,Alonso,3,15
899,2013,19,Brazilian Grand Prix,18,Button,4,12
899,2013,19,Brazilian Grand Prix,3,Rosberg,5,10
899,2013,19,Brazilian Grand Prix,815,Pérez,6,8
899,2013,19,Brazilian Grand Prix,13,Massa,7,6
899,2013,19,Brazilian Grand Prix,807,Hülkenberg,8,4
899,2013,19,Brazilian Grand Prix,1,Hamilton,9,2
899,2013,19,Brazilian Grand Prix,817,Ricciardo,10,1
899,2013,19,Brazilian Grand Prix,814,di Resta,11,0
899,2013,19,Brazilian Grand Prix,821,Gutiérrez,12,0
899,2013,19,Brazilian Grand Prix,16,Sutil,13,0
899,2013,19,Brazilian Grand Prix,5,Kovalainen,14,0
899,2013,19,Brazilian Grand Prix,818,Vergne,15,0
899,2013,19,Brazilian Grand Prix,813,Maldonado,16,0
899,2013,19,Brazilian Grand Prix,824,Bianchi,17,0
899,2013,19,Brazilian Grand Prix,823,van der Garde,18,0
899,2013,19,Brazilian Grand Prix,820,Chilton,19,0
900,2014,1,Australian Grand Prix,3,Rosberg,1,25
900,2014,1,Australian Grand Prix,825,Magnussen,2,18
900,2014,1,Australian Grand Prix,18,Button,3,15
900,2014,1,Australian Grand Prix,4,Alonso,4,12
900,2014,1,Australian Grand Prix,822,Bottas,5,10
900,2014,1,Australian Grand Prix,807,Hülkenberg,6,8
900,2014,1,Australian Grand Prix,8,Räikkönen,7,6
900,2014,1,Australian Grand Prix,818,Vergne,8,4
900,2014,1,Australian Grand Prix,826,Kvyat,9,2
900,2014,1,Australian Grand Prix,815,Pérez,10,1
900,2014,1,Australian Grand Prix,16,Sutil,11,0
900,2014,1,Australian Grand Prix,821,Gutiérrez,12,0
900,2014,1,Australian Grand Prix,820,Chilton,13,0
901,2014,2,Malaysian Grand Prix,1,Hamilton,1,25
901,2014,2,Malaysian Grand Prix,3,Rosberg,2,18
901,2014,2,Malaysian Grand Prix,20,Vettel,3,15
901,2014,2,Malaysian Grand Prix,4,Alonso,4,12
901,2014,2,Malaysian Grand Prix,807,Hülkenberg,5,10
901,2014,2,Malaysian Grand Prix,18,Button,6,8
901,2014,2,Malaysian Grand Prix,13,Massa,7,6
901,2014,2,Malaysian Grand Prix,822,Bottas,8,4
901,2014,2,Malaysian Grand Prix,825,Magnussen,9,2
901,2014,2,Malaysian Grand Prix,826,Kvyat,10,1
901,2014,2,Malaysian Grand Prix,154,Grosjean,11,0
901,2014,2,Malaysian Grand Prix,8,Räikkönen,12,0
901,2014,2,Malaysian Grand Prix,155,Kobayashi,13,0
901,2014,2,Malaysian Grand Prix,828,Ericsson,14,0
901,2014,2,Malaysian Grand Prix,820,Chilton,15,0
902,2014,3,Bahrain Grand Prix,1,Hamilton,1,25
902,2014,3,Bahrain Grand Prix,3,Rosberg,2,18
902,2014,3,Bahrain Grand Prix,815,Pérez,3,15
902,2014,3,Bahrain Grand Prix,817,Ricciardo,4,12
902,2014,3,Bahrain Grand Prix,807,Hülkenberg,5,10
902,2014,3,Bahrain Grand Prix,20,Vettel,6,8
902,2014,3,Bahrain Grand Prix,13,Massa,7,6
902,2014,3,Bahrain Grand Prix,822,Bottas,8,4
902,2014,3,Bahrain Grand Prix,4,Alonso,9,2
902,2014,3,Bahrain Grand Prix,8,Räikkönen,10,1
902,2014,3,Bahrain Grand Prix,826,Kvyat,11,0
902,2014,3,Bahrain Grand Prix,154,Grosjean,12,0
902,2014,3,Bahrain Grand Prix,820,Chilton,13,0
902,2014,3,Bahrain Grand Prix,813,Maldonado,14,0
902,2014,3,Bahrain Grand Prix,155,Kobayashi,15,0
902,2014,3,Bahrain Grand Prix,824,Bianchi,16,0
902,2014,3,Bahrain Grand Prix,18,Button,17,0
903,2014,4,Chinese Grand Prix,1,Hamilton,1,25
903,2014,4,Chinese Grand Prix,3,Rosberg,2,18
903,2014,4,Chinese Grand Prix,4,Alonso,3,15
903,2014,4,Chinese Grand Prix,817,Ricciardo,4,12
903,2014,4,Chinese Grand Prix,20,Vettel,5,10
903,2014,4,Chinese Grand Prix,807,Hülkenberg,6,8
903,2014,4,Chinese Grand Prix,822,Bottas,7,6
903,2014,4,Chinese Grand Prix,8,Räikkönen,8,4
903,2014,4,Chinese Grand Prix,815,Pérez,9,2
903,2014,4,Chinese Grand Prix,826,Kvyat,10,1
903,2014,4,Chinese Grand Prix,18,Button,11,0
903,2014,4,Chinese Grand Prix,818,Vergne,12,0
903,2014,4,Chinese Grand Prix,825,Magnussen,13,0
903,2014,4,Chinese Grand Prix,813,Maldonado,14,0
903,2014,4,Chinese Grand Prix,13,Massa,15,0
903,2014,4,Chinese Grand Prix,821,Gutiérrez,16,0
903,2014,4,Chinese Grand Prix,824,Bianchi,17,0
903,2014,4,Chinese Grand Prix,155,Kobayashi,18,0
903,2014,4,Chinese Grand Prix,820,Chilton,19,0
903,2014,4,Chinese Grand Prix,828,Ericsson,20,0
904,2014,5,Spanish Grand Prix,1,Hamilton,1,25
904,2014,5,Spanish Grand Prix,3,Rosberg,2,18
904,2014,5,Spanish Grand Prix,817,Ricciardo,3,15
904,2014,5,Spanish Grand Prix,20,Vettel,4,12
904,2014,5,Spanish Grand Prix,822,Bottas,5,10
904,2014,5,Spanish Grand Prix,4,Alonso,6,8
904,2014,5,Spanish Grand Prix,8,Räikkönen,7,6
904,2014,5,Spanish Grand Prix,154,Grosjean,8,4
904,2014,5,Spanish Grand Prix,815,Pérez,9,2
904,2014,5,Spanish Grand Prix,807,Hülkenberg,10,1
904,2014,5,Spanish Grand Prix,18,Button,11,0
904,2014,5,Spanish Grand Prix,825,Magnussen,12,0
904,2014,5,Spanish Grand Prix,13,Massa,13,0
904,2014,5,Spanish Grand Prix,826,Kvyat,14,0
904,2014,5,Spanish Grand Prix,813,Maldonado,15,0
904,2014,5,Spanish Grand Prix,821,Gutiérrez,16,0
904,2014,5,Spanish Grand Prix,16,Sutil,17,0
904,2014,5,Spanish Grand Prix,824,Bianchi,18,0
904,2014,5,Spanish Grand Prix,820,Chilton,19,0
904,2014,5,Spanish Grand Prix,828,Ericsson,20,0
905,2014,6,Monaco Grand Prix,3,Rosberg,1,25
905,2014,6,Monaco Grand Prix,1,Hamilton,2,18
905,2014,6,Monaco Grand Prix,817,Ricciardo,3,15
905,2014,6,Monaco Grand Prix,4,Alonso,4,12
905,2014,6,Monaco Grand Prix,807,Hülkenberg,5,10
905,2014,6,Monaco Grand Prix,18,Button,6,8
905,2014,6,Monaco Grand Prix,13,Massa,7,6
905,2014,6,Monaco Grand Prix,154,Grosjean,8,4
905,2014,6,Monaco Grand Prix,824,Bianchi,9,2
905,2014,6,Monaco Grand Prix,825,Magnussen,10,1
905,2014,6,Monaco Grand Prix,828,Ericsson,11,0
905,2014,6,Monaco Grand Prix,8,Räikkönen,12,0
905,2014,6,Monaco Grand Prix,155,Kobayashi,13,0
905,2014,6,Monaco Grand Prix,820,Chilton,14,0
906,2014,7,Canadian Grand Prix,817,Ricciardo,1,25
906,2014,7,Canadian Grand Prix,3,Rosberg,2,18
906,2014,7,Canadian Grand Prix,20,Vettel,3,15
906,2014,7,Canadian Grand Prix,18,Button,4,12
906,2014,7,Canadian Grand Prix,807,Hülkenberg,5,10
906,2014,7,Canadian Grand Prix,4,Alonso,6,8
906,2014,7,Canadian Grand Prix,822,Bottas,7,6
906,2014,7,Canadian Grand Prix,818,Vergne,8,4
906,2014,7,Canadian Grand Prix,825,Magnussen,9,2
906,2014,7,Canadian Grand Prix,8,Räikkönen,10,1
906,2014,7,Canadian Grand Prix,815,Pérez,11,0
906,2014,7,Canadian Grand Prix,13,Massa,12,0
906,2014,7,Canadian Grand Prix,16,Sutil,13,0
906,2014,7,Canadian Grand Prix,821,Gutiérrez,14,0
907,2014,8,Austrian Grand Prix,3,Rosberg,1,25
907,2014,8,Austrian Grand Prix,1,Hamilton,2,18
907,2014,8,Austrian Grand Prix,822,Bottas,3,15
907,2014,8,Austrian Grand Prix,13,Massa,4,12
907,2014,8,Austrian Grand Prix,4,Alonso,5,10
907,2014,8,Austrian Grand Prix,815,Pérez,6,8
907,2014,8,Austrian Grand Prix,825,Magnussen,7,6
907,2014,8,Austrian Grand Prix,817,Ricciardo,8,4
907,2014,8,Austrian Grand Prix,807,Hülkenberg,9,2
907,2014,8,Austrian Grand Prix,8,Räikkönen,10,1
907,2014,8,Austrian Grand Prix,18,Button,11,0
907,2014,8,Austrian Grand Prix,813,Maldonado,12,0
907,2014,8,Austrian Grand Prix,16,Sutil,13,0
907,2014,8,Austrian Grand Prix,154,Grosjean,14,0
907,2014,8,Austrian Grand Prix,824,Bianchi,15,0
907,2014,8,Austrian Grand Prix,155,Kobayashi,16,0
907,2014,8,Austrian Grand Prix,820,Chilton,17,0
907,2014,8,Austrian Grand Prix,828,Ericsson,18,0
907,2014,8,Austrian Grand Prix,821,Gutiérrez,19,0
908,2014,9,British Grand Prix,1,Hamilton,1,25
908,2014,9,British Grand Prix,822,Bottas,2,18
908,2014,9,British Grand Prix,817,Ricciardo,3,15
908,2014,9,British Grand Prix,18,Button,4,12
908,2014,9,British Grand Prix,20,Vettel,5,10
908,2014,9,British Grand Prix,4,Alonso,6,8
908,2014,9,British Grand Prix,825,Magnussen,7,6
908,2014,9,British Grand Prix,807,Hülkenberg,8,4
908,2014,9,British Grand Prix,826,Kvyat,9,2
908,2014,9,British Grand Prix,818,Vergne,10,1
908,2014,9,British Grand Prix,815,Pérez,11,0
908,2014,9,British Grand Prix,154,Grosjean,12,0
908,2014,9,British Grand Prix,16,Sutil,13,0
908,2014,9,British Grand Prix,824,Bianchi,14,0
908,2014,9,British Grand Prix,155,Kobayashi,15,0
908,2014,9,British Grand Prix,820,Chilton,16,0
908,2014,9,British Grand Prix,813,Maldonado,17,0
909,2014,10,German Grand Prix,3,Rosberg,1,25
909,2014,10,German Grand Prix,822,Bottas,2,18
909,2014,10,German Grand Prix,1,Hamilton,3,15
909,2014,10,German Grand Prix,20,Vettel,4,12
909,2014,10,German Grand Prix,4,Alonso,5,10
909,2014,10,German Grand Prix,817,Ricciardo,6,8
909,2014,10,German Grand Prix,807,Hülkenberg,7,6
909,2014,10,German Grand Prix,18,Button,8,4
909,2014,10,German Grand Prix,825,Magnussen,9,2
909,2014,10,German Grand Prix,815,Pérez,10,1
909,2014,10,German Grand Prix,8,Räikkönen,11,0
909,2014,10,German Grand Prix,813,Maldonado,12,0
909,2014,10,German Grand Prix,818,Vergne,13,0
909,2014,10,German Grand Prix,821,Gutiérrez,14,0
909,2014,10,German Grand Prix,824,Bianchi,15,0
909,2014,10,German Grand Prix,155,Kobayashi,16,0
909,2014,10,German Grand Prix,820,Chilton,17,0
909,2014,10,German Grand Prix,828,Ericsson,18,0
910,2014,11,Hungarian Grand Prix,817,Ricciardo,1,25
910,2014,11,Hungarian Grand Prix,4,Alonso,2,18
910,2014,11,Hungarian Grand Prix,1,Hamilton,3,15
910,2014,11,Hungarian Grand Prix,3,Rosberg,4,12
910,2014,11,Hungarian Grand Prix,13,Massa,5,10
910,2014,11,Hungarian Grand Prix,8,Räikkönen,6,8
910,2014,11,Hungarian Grand Prix,20,Vettel,7,6
910,2014,11,Hungarian Grand Prix,822,Bottas,8,4
910,2014,11,Hungarian Grand Prix,818,Vergne,9,2
910,2014,11,Hungarian Grand Prix,18,Button,10,1
910,2014,11,Hungarian Grand Prix,16,Sutil,11,0
910,2014,11,Hungarian Grand Prix,825,Magnussen,12,0
910,2014,11,Hungarian Grand Prix,813,Maldonado,13,0
910,2014,11,Hungarian Grand Prix,826,Kvyat,14,0
910,2014,11,Hungarian Grand Prix,824,Bianchi,15,0
910,2014,11,Hungarian Grand Prix,820,Chilton,16,0
911,2014,12,Belgian Grand Prix,817,Ricciardo,1,25
911,2014,12,Belgian Grand Prix,3,Rosberg,2,18
911,2014,12,Belgian Grand Prix,822,Bottas,3,15
911,2014,12,Belgian Grand Prix,8,Räikkönen,4,12
911,2014,12,Belgian Grand Prix,20,Vettel,5,10
911,2014,12,Belgian Grand Prix,18,Button,6,8
911,2014,12,Belgian Grand Prix,4,Alonso,7,6
911,2014,12,Belgian Grand Prix,815,Pérez,8,4
911,2014,12,Belgian Grand Prix,826,Kvyat,9,2
911,2014,12,Belgian Grand Prix,807,Hülkenberg,10,1
911,2014,12,Belgian Grand Prix,818,Vergne,11,0
911,2014,12,Belgian Grand Prix,825,Magnussen,12,0
911,2014,12,Belgian Grand Prix,13,Massa,13,0
911,2014,12,Belgian Grand Prix,16,Sutil,14,0
911,2014,12,Belgian Grand Prix,821,Gutiérrez,15,0
911,2014,12,Belgian Grand Prix,820,Chilton,16,0
911,2014,12,Belgian Grand Prix,828,Ericsson,17,0
911,2014,12,Belgian Grand Prix,824,Bianchi,18,0
912,2014,13,Italian Grand Prix,1,Hamilton,1,25
912,2014,13,Italian Grand Prix,3,Rosberg,2,18
912,2014,13,Italian Grand Prix,13,Massa,3,15
912,2014,13,Italian Grand Prix,822,Bottas,4,12
912,2014,13,Italian Grand Prix,817,Ricciardo,5,10
912,2014,13,Italian Grand Prix,20,Vettel,6,8
912,2014,13,Italian Grand Prix,815,Pérez,7,6
912,2014,13,Italian Grand Prix,18,Button,8,4
912,2014,13,Italian Grand Prix,8,Räikkönen,9,2
912,2014,13,Italian Grand Prix,825,Magnussen,10,1
912,2014,13,Italian Grand Prix,826,Kvyat,11,0
912,2014,13,Italian Grand Prix,807,Hülkenberg,12,0
912,2014,13,Italian Grand Prix,818,Vergne,13,0
912,2014,13,Italian Grand Prix,813,Maldonado,14,0
912,2014,13,Italian Grand Prix,16,Sutil,15,0
912,2014,13,Italian Grand Prix,154,Grosjean,16,0
912,2014,13,Italian Grand Prix,155,Kobayashi,17,0
912,2014,13,Italian Grand Prix,824,Bianchi,18,0
912,2014,13,Italian Grand Prix,821,Gutiérrez,19,0
912,2014,13,Italian Grand Prix,828,Ericsson,20,0
913,2014,14,Singapore Grand Prix,1,Hamilton,1,25
913,2014,14,Singapore Grand Prix,20,Vettel,2,18
913,2014,14,Singapore Grand Prix,817,Ricciardo,3,15
913,2014,14,Singapore Grand Prix,4,Alonso,4,12
913,2014,14,Singapore Grand Prix,13,Massa,5,10
913,2014,14,Singapore Grand Prix,818,Vergne,6,8
913,2014,14,Singapore Grand Prix,815,Pérez,7,6
913,2014,14,Singapore Grand Prix,8,Räikkönen,8,4
913,2014,14,Singapore Grand Prix,807,Hülkenberg,9,2
913,2014,14,Singapore Grand Prix,825,Magnussen,10,1
913,2014,14,Singapore Grand Prix,822,Bottas,11,0
913,2014,14,Singapore Grand Prix,813,Maldonado,12,0
913,2014,14,Singapore Grand Prix,154,Grosjean,13,0
913,2014,14,Singapore Grand Prix,826,Kvyat,14,0
913,2014,14,Singapore Grand Prix,828,Ericsson,15,0
913,2014,14,Singapore Grand Prix,824,Bianchi,16,0
913,2014,14,Singapore Grand Prix,820,Chilton,17,0
914,2014,15,Japanese Grand Prix,1,Hamilton,1,25
914,2014,15,Japanese Grand Prix,3,Rosberg,2,18
914,2014,15,Japanese Grand Prix,20,Vettel,3,15
914,2014,15,Japanese Grand Prix,817,Ricciardo,4,12
914,2014,15,Japanese Grand Prix,18,Button,5,10
914,2014,15,Japanese Grand Prix,822,Bottas,6,8
914,2014,15,Japanese Grand Prix,13,Massa,7,6
914,2014,15,Japanese Grand Prix,807,Hülkenberg,8,4
914,2014,15,Japanese Grand Prix,818,Vergne,9,2
914,2014,15,Japanese Grand Prix,815,Pérez,10,1
914,2014,15,Japanese Grand Prix,826,Kvyat,11,0
914,2014,15,Japanese Grand Prix,8,Räikkönen,12,0
914,2014,15,Japanese Grand Prix,821,Gutiérrez,13,0
914,2014,15,Japanese Grand Prix,825,Magnussen,14,0
914,2014,15,Japanese Grand Prix,154,Grosjean,15,0
914,2014,15,Japanese Grand Prix,813,Maldonado,16,0
914,2014,15,Japanese Grand Prix,828,Ericsson,17,0
914,2014,15,Japanese Grand Prix,820,Chilton,18,0
914,2014,15,Japanese Grand Prix,155,Kobayashi,19,0
914,2014,15,Japanese Grand Prix,824,Bianchi,20,0
914,2014,15,Japanese Grand Prix,16,Sutil,21,0
915,2014,16,Russian Grand Prix,1,Hamilton,1,25
915,2014,16,Russian Grand Prix,3,Rosberg,2,18
915,2014,16,Russian Grand Prix,822,Bottas,3,15
915,2014,16,Russian Grand Prix,18,Button,4,12
915,2014,16,Russian Grand Prix,825,Magnussen,5,10
915,2014,16,Russian Grand Prix,4,Alonso,6,8
915,2014,16,Russian Grand Prix,817,Ricciardo,7,6
915,2014,16,Russian Grand Prix,20,Vettel,8,4
915,2014,16,Russian Grand Prix,8,Räikkönen,9,2
915,2014,16,Russian Grand Prix,815,Pérez,10,1
915,2014,16,Russian Grand Prix,13,Massa,11,0
915,2014,16,Russian Grand Prix,807,Hülkenberg,12,0
915,2014,16,Russian Grand Prix,818,Vergne,13,0
915,2014,16,Russian Grand Prix,826,Kvyat,14,0
915,2014,16,Russian Grand Prix,821,Gutiérrez,15,0
915,2014,16,Russian Grand Prix,16,Sutil,16,0
915,2014,16,Russian Grand Prix,154,Grosjean,17,0
915,2014,16,Russian Grand Prix,813,Maldonado,18,0
915,2014,16,Russian Grand Prix,828,Ericsson,19,0
916,2014,17,United States Grand Prix,1,Hamilton,1,25
916,2014,17,United States Grand Prix,3,Rosberg,2,18
916,2014,17,United States Grand Prix,817,Ricciardo,3,15
916,2014,17,United States Grand Prix,13,Massa,4,12
916,2014,17,United States Grand Prix,822,Bottas,5,10
916,2014,17,United States Grand Prix,4,Alonso,6,8
916,2014,17,United States Grand Prix,20,Vettel,7,6
916,2014,17,United States Grand Prix,825,Magnussen,8,4
916,2014,17,United States Grand Prix,818,Vergne,10,1
916,2014,17,United States Grand Prix,813,Maldonado,9,2
916,2014,17,United States Grand Prix,154,Grosjean,11,0
916,2014,17,United States Grand Prix,18,Button,12,0
916,2014,17,United States Grand Prix,8,Räikkönen,13,0
916,2014,17,United States Grand Prix,821,Gutiérrez,14,0
916,2014,17,United States Grand Prix,826,Kvyat,15,0
917,2014,18,Brazilian Grand Prix,3,Rosberg,1,25
917,2014,18,Brazilian Grand Prix,1,Hamilton,2,18
917,2014,18,Brazilian Grand Prix,13,Massa,3,15
917,2014,18,Brazilian Grand Prix,18,Button,4,12
917,2014,18,Brazilian Grand Prix,20,Vettel,5,10
917,2014,18,Brazilian Grand Prix,4,Alonso,6,8
917,2014,18,Brazilian Grand Prix,8,Räikkönen,7,6
917,2014,18,Brazilian Grand Prix,807,Hülkenberg,8,4
917,2014,18,Brazilian Grand Prix,825,Magnussen,9,2
917,2014,18,Brazilian Grand Prix,822,Bottas,10,1
917,2014,18,Brazilian Grand Prix,826,Kvyat,11,0
917,2014,18,Brazilian Grand Prix,813,Maldonado,12,0
917,2014,18,Brazilian Grand Prix,818,Vergne,13,0
917,2014,18,Brazilian Grand Prix,821,Gutiérrez,14,0
917,2014,18,Brazilian Grand Prix,815,Pérez,15,0
917,2014,18,Brazilian Grand Prix,16,Sutil,16,0
917,2014,18,Brazilian Grand Prix,154,Grosjean,17,0
918,2014,19,Abu Dhabi Grand Prix,1,Hamilton,1,50
918,2014,19,Abu Dhabi Grand Prix,13,Massa,2,36
918,2014,19,Abu Dhabi Grand Prix,822,Bottas,3,30
918,2014,19,Abu Dhabi Grand Prix,817,Ricciardo,4,24
918,2014,19,Abu Dhabi Grand Prix,18,Button,5,20
918,2014,19,Abu Dhabi Grand Prix,807,Hülkenberg,6,16
918,2014,19,Abu Dhabi Grand Prix,815,Pérez,7,12
918,2014,19,Abu Dhabi Grand Prix,20,Vettel,8,8
918,2014,19,Abu Dhabi Grand Prix,4,Alonso,9,4
918,2014,19,Abu Dhabi Grand Prix,8,Räikkönen,10,2
918,2014,19,Abu Dhabi Grand Prix,825,Magnussen,11,0
918,2014,19,Abu Dhabi Grand Prix,818,Vergne,12,0
918,2014,19,Abu Dhabi Grand Prix,154,Grosjean,13,0
918,2014,19,Abu Dhabi Grand Prix,3,Rosberg,14,0
918,2014,19,Abu Dhabi Grand Prix,821,Gutiérrez,15,0
918,2014,19,Abu Dhabi Grand Prix,16,Sutil,16,0
918,2014,19,Abu Dhabi Grand Prix,829,Stevens,17,0
926,2015,1,Australian Grand Prix,1,Hamilton,1,25
926,2015,1,Australian Grand Prix,3,Rosberg,2,18
926,2015,1,Australian Grand Prix,20,Vettel,3,15
926,2015,1,Australian Grand Prix,13,Massa,4,12
926,2015,1,Australian Grand Prix,831,Nasr,5,10
926,2015,1,Australian Grand Prix,817,Ricciardo,6,8
926,2015,1,Australian Grand Prix,807,Hülkenberg,7,6
926,2015,1,Australian Grand Prix,828,Ericsson,8,4
926,2015,1,Australian Grand Prix,832,Sainz,9,2
926,2015,1,Australian Grand Prix,815,Pérez,10,1
926,2015,1,Australian Grand Prix,18,Button,11,0
927,2015,2,Malaysian Grand Prix,20,Vettel,1,25
927,2015,2,Malaysian Grand Prix,1,Hamilton,2,18
927,2015,2,Malaysian Grand Prix,3,Rosberg,3,15
927,2015,2,Malaysian Grand Prix,8,Räikkönen,4,12
927,2015,2,Malaysian Grand Prix,822,Bottas,5,10
927,2015,2,Malaysian Grand Prix,13,Massa,6,8
927,2015,2,Malaysian Grand Prix,830,Verstappen,7,6
927,2015,2,Malaysian Grand Prix,832,Sainz,8,4
927,2015,2,Malaysian Grand Prix,826,Kvyat,9,2
927,2015,2,Malaysian Grand Prix,817,Ricciardo,10,1
927,2015,2,Malaysian Grand Prix,154,Grosjean,11,0
927,2015,2,Malaysian Grand Prix,831,Nasr,12,0
927,2015,2,Malaysian Grand Prix,815,Pérez,13,0
927,2015,2,Malaysian Grand Prix,807,Hülkenberg,14,0
927,2015,2,Malaysian Grand Prix,833,Merhi,15,0
928,2015,3,Chinese Grand Prix,1,Hamilton,1,25
928,2015,3,Chinese Grand Prix,3,Rosberg,2,18
928,2015,3,Chinese Grand Prix,20,Vettel,3,15
928,2015,3,Chinese Grand Prix,8,Räikkönen,4,12
928,2015,3,Chinese Grand Prix,13,Massa,5,10
928,2015,3,Chinese Grand Prix,822,Bottas,6,8
928,2015,3,Chinese Grand Prix,154,Grosjean,7,6
928,2015,3,Chinese Grand Prix,831,Nasr,8,4
928,2015,3,Chinese Grand Prix,817,Ricciardo,9,2
928,2015,3,Chinese Grand Prix,828,Ericsson,10,1
928,2015,3,Chinese Grand Prix,815,Pérez,11,0
928,2015,3,Chinese Grand Prix,4,Alonso,12,0
928,2015,3,Chinese Grand Prix,832,Sainz,13,0
928,2015,3,Chinese Grand Prix,18,Button,14,0
928,2015,3,Chinese Grand Prix,829,Stevens,15,0
928,2015,3,Chinese Grand Prix,833,Merhi,16,0
928,2015,3,Chinese Grand Prix,830,Verstappen,17,0
929,2015,4,Bahrain Grand Prix,1,Hamilton,1,25
929,2015,4,Bahrain Grand Prix,8,Räikkönen,2,18
929,2015,4,Bahrain Grand Prix,3,Rosberg,3,15
929,2015,4,Bahrain Grand Prix,822,Bottas,4,12
929,2015,4,Bahrain Grand Prix,20,Vettel,5,10
929,2015,4,Bahrain Grand Prix,817,Ricciardo,6,8
929,2015,4,Bahrain Grand Prix,154,Grosjean,7,6
929,2015,4,Bahrain Grand Prix,815,Pérez,8,4
929,2015,4,Bahrain Grand Prix,826,Kvyat,9,2
929,2015,4,Bahrain Grand Prix,13,Massa,10,1
929,2015,4,Bahrain Grand Prix,4,Alonso,11,0
929,2015,4,Bahrain Grand Prix,831,Nasr,12,0
929,2015,4,Bahrain Grand Prix,807,Hülkenberg,13,0
929,2015,4,Bahrain Grand Prix,828,Ericsson,14,0
929,2015,4,Bahrain Grand Prix,813,Maldonado,15,0
929,2015,4,Bahrain Grand Prix,829,Stevens,16,0
929,2015,4,Bahrain Grand Prix,833,Merhi,17,0
930,2015,5,Spanish Grand Prix,3,Rosberg,1,25
930,2015,5,Spanish Grand Prix,1,Hamilton,2,18
930,2015,5,Spanish Grand Prix,20,Vettel,3,15
930,2015,5,Spanish Grand Prix,822,Bottas,4,12
930,2015,5,Spanish Grand Prix,8,Räikkönen,5,10
930,2015,5,Spanish Grand Prix,13,Massa,6,8
930,2015,5,Spanish Grand Prix,817,Ricciardo,7,6
930,2015,5,Spanish Grand Prix,154,Grosjean,8,4
930,2015,5,Spanish Grand Prix,832,Sainz,9,2
930,2015,5,Spanish Grand Prix,826,Kvyat,10,1
930,2015,5,Spanish Grand Prix,830,Verstappen,11,0
930,2015,5,Spanish Grand Prix,831,Nasr,12,0
930,2015,5,Spanish Grand Prix,815,Pérez,13,0
930,2015,5,Spanish Grand Prix,828,Ericsson,14,0
930,2015,5,Spanish Grand Prix,807,Hülkenberg,15,0
930,2015,5,Spanish Grand Prix,18,Button,16,0
930,2015,5,Spanish Grand Prix,829,Stevens,17,0
930,2015,5,Spanish Grand Prix,833,Merhi,18,0
931,2015,6,Monaco Grand Prix,3,Rosberg,1,25
931,2015,6,Monaco Grand Prix,20,Vettel,2,18
931,2015,6,Monaco Grand Prix,1,Hamilton,3,15
931,2015,6,Monaco Grand Prix,826,Kvyat,4,12
931,2015,6,Monaco Grand Prix,817,Ricciardo,5,10
931,2015,6,Monaco Grand Prix,8,Räikkönen,6,8
931,2015,6,Monaco Grand Prix,815,Pérez,7,6
931,2015,6,Monaco Grand Prix,18,Button,8,4
931,2015,6,Monaco Grand Prix,831,Nasr,9,2
931,2015,6,Monaco Grand Prix,832,Sainz,10,1
931,2015,6,Monaco Grand Prix,807,Hülkenberg,11,0
931,2015,6,Monaco Grand Prix,154,Grosjean,12,0
931,2015,6,Monaco Grand Prix,828,Ericsson,13,0
931,2015,6,Monaco Grand Prix,822,Bottas,14,0
931,2015,6,Monaco Grand Prix,13,Massa,15,0
931,2015,6,Monaco Grand Prix,833,Merhi,16,0
931,2015,6,Monaco Grand Prix,829,Stevens,17,0
932,2015,7,Canadian Grand Prix,1,Hamilton,1,25
932,2015,7,Canadian Grand Prix,3,Rosberg,2,18
932,2015,7,Canadian Grand Prix,822,Bottas,3,15
932,2015,7,Canadian Grand Prix,8,Räikkönen,4,12
932,2015,7,Canadian Grand Prix,20,Vettel,5,10
932,2015,7,Canadian Grand Prix,13,Massa,6,8
932,2015,7,Canadian Grand Prix,813,Maldonado,7,6
932,2015,7,Canadian Grand Prix,807,Hülkenberg,8,4
932,2015,7,Canadian Grand Prix,826,Kvyat,9,2
932,2015,7,Canadian Grand Prix,154,Grosjean,10,1
932,2015,7,Canadian Grand Prix,815,Pérez,11,0
932,2015,7,Canadian Grand Prix,832,Sainz,12,0
932,2015,7,Canadian Grand Prix,817,Ricciardo,13,0
932,2015,7,Canadian Grand Prix,828,Ericsson,14,0
932,2015,7,Canadian Grand Prix,830,Verstappen,15,0
932,2015,7,Canadian Grand Prix,831,Nasr,16,0
932,2015,7,Canadian Grand Prix,829,Stevens,17,0
933,2015,8,Austrian Grand Prix,3,Rosberg,1,25
933,2015,8,Austrian Grand Prix,1,Hamilton,2,18
933,2015,8,Austrian Grand Prix,13,Massa,3,15
933,2015,8,Austrian Grand Prix,20,Vettel,4,12
933,2015,8,Austrian Grand Prix,822,Bottas,5,10
933,2015,8,Austrian Grand Prix,807,Hülkenberg,6,8
933,2015,8,Austrian Grand Prix,813,Maldonado,7,6
933,2015,8,Austrian Grand Prix,830,Verstappen,8,4
933,2015,8,Austrian Grand Prix,815,Pérez,9,2
933,2015,8,Austrian Grand Prix,817,Ricciardo,10,1
933,2015,8,Austrian Grand Prix,831,Nasr,11,0
933,2015,8,Austrian Grand Prix,826,Kvyat,12,0
933,2015,8,Austrian Grand Prix,828,Ericsson,13,0
933,2015,8,Austrian Grand Prix,833,Merhi,14,0
934,2015,9,British Grand Prix,1,Hamilton,1,25
934,2015,9,British Grand Prix,3,Rosberg,2,18
934,2015,9,British Grand Prix,20,Vettel,3,15
934,2015,9,British Grand Prix,13,Massa,4,12
934,2015,9,British Grand Prix,822,Bottas,5,10
934,2015,9,British Grand Prix,826,Kvyat,6,8
934,2015,9,British Grand Prix,807,Hülkenberg,7,6
934,2015,9,British Grand Prix,8,Räikkönen,8,4
934,2015,9,British Grand Prix,815,Pérez,9,2
934,2015,9,British Grand Prix,4,Alonso,10,1
934,2015,9,British Grand Prix,828,Ericsson,11,0
934,2015,9,British Grand Prix,833,Merhi,12,0
934,2015,9,British Grand Prix,829,Stevens,13,0
936,2015,10,Hungarian Grand Prix,20,Vettel,1,25
936,2015,10,Hungarian Grand Prix,826,Kvyat,2,18
936,2015,10,Hungarian Grand Prix,817,Ricciardo,3,15
936,2015,10,Hungarian Grand Prix,830,Verstappen,4,12
936,2015,10,Hungarian Grand Prix,4,Alonso,5,10
936,2015,10,Hungarian Grand Prix,1,Hamilton,6,8
936,2015,10,Hungarian Grand Prix,154,Grosjean,7,6
936,2015,10,Hungarian Grand Prix,3,Rosberg,8,4
936,2015,10,Hungarian Grand Prix,18,Button,9,2
936,2015,10,Hungarian Grand Prix,828,Ericsson,10,1
936,2015,10,Hungarian Grand Prix,831,Nasr,11,0
936,2015,10,Hungarian Grand Prix,13,Massa,12,0
936,2015,10,Hungarian Grand Prix,822,Bottas,13,0
936,2015,10,Hungarian Grand Prix,813,Maldonado,14,0
936,2015,10,Hungarian Grand Prix,833,Merhi,15,0
936,2015,10,Hungarian Grand Prix,829,Stevens,16,0
937,2015,11,Belgian Grand Prix,1,Hamilton,1,25
937,2015,11,Belgian Grand Prix,3,Rosberg,2,18
937,2015,11,Belgian Grand Prix,154,Grosjean,3,15
937,2015,11,Belgian Grand Prix,826,Kvyat,4,12
937,2015,11,Belgian Grand Prix,815,Pérez,5,10
937,2015,11,Belgian Grand Prix,13,Massa,6,8
937,2015,11,Belgian Grand Prix,8,Räikkönen,7,6
937,2015,11,Belgian Grand Prix,830,Verstappen,8,4
937,2015,11,Belgian Grand Prix,822,Bottas,9,2
937,2015,11,Belgian Grand Prix,828,Ericsson,10,1
937,2015,11,Belgian Grand Prix,831,Nasr,11,0
937,2015,11,Belgian Grand Prix,20,Vettel,12,0
937,2015,11,Belgian Grand Prix,4,Alonso,13,0
937,2015,11,Belgian Grand Prix,18,Button,14,0
937,2015,11,Belgian Grand Prix,833,Merhi,15,0
937,2015,11,Belgian Grand Prix,829,Stevens,16,0
938,2015,12,Italian Grand Prix,1,Hamilton,1,25
938,2015,12,Italian Grand Prix,20,Vettel,2,18
938,2015,12,Italian Grand Prix,13,Massa,3,15
938,2015,12,Italian Grand Prix,822,Bottas,4,12
938,2015,12,Italian Grand Prix,8,Räikkönen,5,10
938,2015,12,Italian Grand Prix,815,Pérez,6,8
938,2015,12,Italian Grand Prix,807,Hülkenberg,7,6
938,2015,12,Italian Grand Prix,817,Ricciardo,8,4
938,2015,12,Italian Grand Prix,828,Ericsson,9,2
938,2015,12,Italian Grand Prix,826,Kvyat,10,1
938,2015,12,Italian Grand Prix,832,Sainz,11,0
938,2015,12,Italian Grand Prix,830,Verstappen,12,0
938,2015,12,Italian Grand Prix,831,Nasr,13,0
938,2015,12,Italian Grand Prix,18,Button,14,0
938,2015,12,Italian Grand Prix,829,Stevens,15,0
938,2015,12,Italian Grand Prix,833,Merhi,16,0
938,2015,12,Italian Grand Prix,3,Rosberg,17,0
938,2015,12,Italian Grand Prix,4,Alonso,18,0
939,2015,13,Singapore Grand Prix,20,Vettel,1,25
939,2015,13,Singapore Grand Prix,817,Ricciardo,2,18
939,2015,13,Singapore Grand Prix,8,Räikkönen,3,15
939,2015,13,Singapore Grand Prix,3,Rosberg,4,12
939,2015,13,Singapore Grand Prix,822,Bottas,5,10
939,2015,13,Singapore Grand Prix,826,Kvyat,6,8
939,2015,13,Singapore Grand Prix,815,Pérez,7,6
939,2015,13,Singapore Grand Prix,830,Verstappen,8,4
939,2015,13,Singapore Grand Prix,832,Sainz,9,2
939,2015,13,Singapore Grand Prix,831,Nasr,10,1
939,2015,13,Singapore Grand Prix,828,Ericsson,11,0
939,2015,13,Singapore Grand Prix,813,Maldonado,12,0
939,2015,13,Singapore Grand Prix,154,Grosjean,13,0
939,2015,13,Singapore Grand Prix,834,Rossi,14,0
939,2015,13,Singapore Grand Prix,829,Stevens,15,0
940,2015,14,Japanese Grand Prix,1,Hamilton,1,25
940,2015,14,Japanese Grand Prix,3,Rosberg,2,18
940,2015,14,Japanese Grand Prix,20,Vettel,3,15
940,2015,14,Japanese Grand Prix,8,Räikkönen,4,12
940,2015,14,Japanese Grand Prix,822,Bottas,5,10
940,2015,14,Japanese Grand Prix,807,Hülkenberg,6,8
940,2015,14,Japanese Grand Prix,154,Grosjean,7,6
940,2015,14,Japanese Grand Prix,813,Maldonado,8,4
940,2015,14,Japanese Grand Prix,830,Verstappen,9,2
940,2015,14,Japanese Grand Prix,832,Sainz,10,1
940,2015,14,Japanese Grand Prix,4,Alonso,11,0
940,2015,14,Japanese Grand Prix,815,Pérez,12,0
940,2015,14,Japanese Grand Prix,826,Kvyat,13,0
940,2015,14,Japanese Grand Prix,828,Ericsson,14,0
940,2015,14,Japanese Grand Prix,817,Ricciardo,15,0
940,2015,14,Japanese Grand Prix,18,Button,16,0
940,2015,14,Japanese Grand Prix,13,Massa,17,0
940,2015,14,Japanese Grand Prix,834,Rossi,18,0
940,2015,14,Japanese Grand Prix,829,Stevens,19,0
941,2015,15,Russian Grand Prix,1,Hamilton,1,25
941,2015,15,Russian Grand Prix,20,Vettel,2,18
941,2015,15,Russian Grand Prix,815,Pérez,3,15
941,2015,15,Russian Grand Prix,13,Massa,4,12
941,2015,15,Russian Grand Prix,8,Räikkönen,8,4
941,2015,15,Russian Grand Prix,831,Nasr,6,8
941,2015,15,Russian Grand Prix,813,Maldonado,7,6
941,2015,15,Russian Grand Prix,18,Button,9,2
941,2015,15,Russian Grand Prix,830,Verstappen,10,1
941,2015,15,Russian Grand Prix,4,Alonso,11,0
941,2015,15,Russian Grand Prix,822,Bottas,12,0
941,2015,15,Russian Grand Prix,833,Merhi,13,0
941,2015,15,Russian Grand Prix,829,Stevens,14,0
941,2015,15,Russian Grand Prix,817,Ricciardo,15,0
942,2015,16,United States Grand Prix,1,Hamilton,1,25
941,2015,15,Russian Grand Prix,826,Kvyat,5,10
942,2015,16,United States Grand Prix,3,Rosberg,2,18
942,2015,16,United States Grand Prix,20,Vettel,3,15
942,2015,16,United States Grand Prix,830,Verstappen,4,12
942,2015,16,United States Grand Prix,815,Pérez,5,10
942,2015,16,United States Grand Prix,18,Button,6,8
942,2015,16,United States Grand Prix,832,Sainz,7,6
942,2015,16,United States Grand Prix,813,Maldonado,8,4
942,2015,16,United States Grand Prix,831,Nasr,9,2
942,2015,16,United States Grand Prix,817,Ricciardo,10,1
942,2015,16,United States Grand Prix,4,Alonso,11,0
942,2015,16,United States Grand Prix,834,Rossi,12,0
943,2015,17,Mexican Grand Prix,3,Rosberg,1,25
943,2015,17,Mexican Grand Prix,1,Hamilton,2,18
943,2015,17,Mexican Grand Prix,822,Bottas,3,15
943,2015,17,Mexican Grand Prix,826,Kvyat,4,12
943,2015,17,Mexican Grand Prix,817,Ricciardo,5,10
943,2015,17,Mexican Grand Prix,13,Massa,6,8
943,2015,17,Mexican Grand Prix,807,Hülkenberg,7,6
943,2015,17,Mexican Grand Prix,815,Pérez,8,4
943,2015,17,Mexican Grand Prix,830,Verstappen,9,2
943,2015,17,Mexican Grand Prix,154,Grosjean,10,1
943,2015,17,Mexican Grand Prix,813,Maldonado,11,0
943,2015,17,Mexican Grand Prix,828,Ericsson,12,0
943,2015,17,Mexican Grand Prix,832,Sainz,13,0
943,2015,17,Mexican Grand Prix,18,Button,14,0
943,2015,17,Mexican Grand Prix,834,Rossi,15,0
943,2015,17,Mexican Grand Prix,829,Stevens,16,0
944,2015,18,Brazilian Grand Prix,3,Rosberg,1,25
944,2015,18,Brazilian Grand Prix,1,Hamilton,2,18
944,2015,18,Brazilian Grand Prix,20,Vettel,3,15
944,2015,18,Brazilian Grand Prix,8,Räikkönen,4,12
944,2015,18,Brazilian Grand Prix,822,Bottas,5,10
944,2015,18,Brazilian Grand Prix,807,Hülkenberg,6,8
944,2015,18,Brazilian Grand Prix,826,Kvyat,7,6
944,2015,18,Brazilian Grand Prix,154,Grosjean,8,4
944,2015,18,Brazilian Grand Prix,830,Verstappen,9,2
944,2015,18,Brazilian Grand Prix,813,Maldonado,10,1
944,2015,18,Brazilian Grand Prix,817,Ricciardo,11,0
944,2015,18,Brazilian Grand Prix,815,Pérez,12,0
944,2015,18,Brazilian Grand Prix,831,Nasr,13,0
944,2015,18,Brazilian Grand Prix,18,Button,14,0
944,2015,18,Brazilian Grand Prix,4,Alonso,15,0
944,2015,18,Brazilian Grand Prix,828,Ericsson,16,0
944,2015,18,Brazilian Grand Prix,829,Stevens,17,0
944,2015,18,Brazilian Grand Prix,834,Rossi,18,0
945,2015,19,Abu Dhabi Grand Prix,3,Rosberg,1,25
945,2015,19,Abu Dhabi Grand Prix,1,Hamilton,2,18
945,2015,19,Abu Dhabi Grand Prix,8,Räikkönen,3,15
945,2015,19,Abu Dhabi Grand Prix,20,Vettel,4,12
945,2015,19,Abu Dhabi Grand Prix,815,Pérez,5,10
945,2015,19,Abu Dhabi Grand Prix,817,Ricciardo,6,8
945,2015,19,Abu Dhabi Grand Prix,807,Hülkenberg,7,6
945,2015,19,Abu Dhabi Grand Prix,13,Massa,8,4
945,2015,19,Abu Dhabi Grand Prix,154,Grosjean,9,2
945,2015,19,Abu Dhabi Grand Prix,826,Kvyat,10,1
945,2015,19,Abu Dhabi Grand Prix,832,Sainz,11,0
945,2015,19,Abu Dhabi Grand Prix,18,Button,12,0
945,2015,19,Abu Dhabi Grand Prix,822,Bottas,13,0
945,2015,19,Abu Dhabi Grand Prix,828,Ericsson,14,0
945,2015,19,Abu Dhabi Grand Prix,831,Nasr,15,0
945,2015,19,Abu Dhabi Grand Prix,830,Verstappen,16,0
945,2015,19,Abu Dhabi Grand Prix,4,Alonso,17,0
945,2015,19,Abu Dhabi Grand Prix,829,Stevens,18,0
945,2015,19,Abu Dhabi Grand Prix,833,Merhi,19,0
948,2016,1,Australian Grand Prix,3,Rosberg,1,25
948,2016,1,Australian Grand Prix,1,Hamilton,2,18
948,2016,1,Australian Grand Prix,20,Vettel,3,15
948,2016,1,Australian Grand Prix,817,Ricciardo,4,12
948,2016,1,Australian Grand Prix,13,Massa,5,10
948,2016,1,Australian Grand Prix,154,Grosjean,6,8
948,2016,1,Australian Grand Prix,807,Hülkenberg,7,6
948,2016,1,Australian Grand Prix,822,Bottas,8,4
948,2016,1,Australian Grand Prix,832,Sainz,9,2
948,2016,1,Australian Grand Prix,830,Verstappen,10,1
948,2016,1,Australian Grand Prix,835,Palmer,11,0
948,2016,1,Australian Grand Prix,825,Magnussen,12,0
948,2016,1,Australian Grand Prix,815,Pérez,13,0
948,2016,1,Australian Grand Prix,18,Button,14,0
948,2016,1,Australian Grand Prix,831,Nasr,15,0
948,2016,1,Australian Grand Prix,836,Wehrlein,16,0
949,2016,2,Bahrain Grand Prix,3,Rosberg,1,25
949,2016,2,Bahrain Grand Prix,8,Räikkönen,2,18
949,2016,2,Bahrain Grand Prix,1,Hamilton,3,15
949,2016,2,Bahrain Grand Prix,817,Ricciardo,4,12
949,2016,2,Bahrain Grand Prix,154,Grosjean,5,10
949,2016,2,Bahrain Grand Prix,830,Verstappen,6,8
949,2016,2,Bahrain Grand Prix,826,Kvyat,7,6
949,2016,2,Bahrain Grand Prix,13,Massa,8,4
949,2016,2,Bahrain Grand Prix,822,Bottas,9,2
949,2016,2,Bahrain Grand Prix,838,Vandoorne,10,1
949,2016,2,Bahrain Grand Prix,825,Magnussen,11,0
949,2016,2,Bahrain Grand Prix,828,Ericsson,12,0
949,2016,2,Bahrain Grand Prix,836,Wehrlein,13,0
949,2016,2,Bahrain Grand Prix,831,Nasr,14,0
949,2016,2,Bahrain Grand Prix,807,Hülkenberg,15,0
949,2016,2,Bahrain Grand Prix,815,Pérez,16,0
949,2016,2,Bahrain Grand Prix,837,Haryanto,17,0
950,2016,3,Chinese Grand Prix,3,Rosberg,1,25
950,2016,3,Chinese Grand Prix,20,Vettel,2,18
950,2016,3,Chinese Grand Prix,826,Kvyat,3,15
950,2016,3,Chinese Grand Prix,817,Ricciardo,4,12
950,2016,3,Chinese Grand Prix,8,Räikkönen,5,10
950,2016,3,Chinese Grand Prix,13,Massa,6,8
950,2016,3,Chinese Grand Prix,1,Hamilton,7,6
950,2016,3,Chinese Grand Prix,830,Verstappen,8,4
950,2016,3,Chinese Grand Prix,832,Sainz,9,2
950,2016,3,Chinese Grand Prix,822,Bottas,10,1
950,2016,3,Chinese Grand Prix,815,Pérez,11,0
950,2016,3,Chinese Grand Prix,4,Alonso,12,0
950,2016,3,Chinese Grand Prix,18,Button,13,0
950,2016,3,Chinese Grand Prix,821,Gutiérrez,14,0
950,2016,3,Chinese Grand Prix,807,Hülkenberg,15,0
950,2016,3,Chinese Grand Prix,828,Ericsson,16,0
950,2016,3,Chinese Grand Prix,825,Magnussen,17,0
950,2016,3,Chinese Grand Prix,836,Wehrlein,18,0
950,2016,3,Chinese Grand Prix,154,Grosjean,19,0
950,2016,3,Chinese Grand Prix,831,Nasr,20,0
950,2016,3,Chinese Grand Prix,837,Haryanto,21,0
950,2016,3,Chinese Grand Prix,835,Palmer,22,0
951,2016,4,Russian Grand Prix,3,Rosberg,1,25
951,2016,4,Russian Grand Prix,1,Hamilton,2,18
951,2016,4,Russian Grand Prix,8,Räikkönen,3,15
951,2016,4,Russian Grand Prix,822,Bottas,4,12
951,2016,4,Russian Grand Prix,13,Massa,5,10
951,2016,4,Russian Grand Prix,4,Alonso,6,8
951,2016,4,Russian Grand Prix,825,Magnussen,7,6
951,2016,4,Russian Grand Prix,154,Grosjean,8,4
951,2016,4,Russian Grand Prix,815,Pérez,9,2
951,2016,4,Russian Grand Prix,18,Button,10,1
951,2016,4,Russian Grand Prix,817,Ricciardo,11,0
951,2016,4,Russian Grand Prix,832,Sainz,12,0
951,2016,4,Russian Grand Prix,835,Palmer,13,0
951,2016,4,Russian Grand Prix,828,Ericsson,14,0
951,2016,4,Russian Grand Prix,826,Kvyat,15,0
951,2016,4,Russian Grand Prix,831,Nasr,16,0
951,2016,4,Russian Grand Prix,821,Gutiérrez,17,0
951,2016,4,Russian Grand Prix,836,Wehrlein,18,0
952,2016,5,Spanish Grand Prix,830,Verstappen,1,25
952,2016,5,Spanish Grand Prix,8,Räikkönen,2,18
952,2016,5,Spanish Grand Prix,20,Vettel,3,15
952,2016,5,Spanish Grand Prix,817,Ricciardo,4,12
952,2016,5,Spanish Grand Prix,822,Bottas,5,10
952,2016,5,Spanish Grand Prix,832,Sainz,6,8
952,2016,5,Spanish Grand Prix,815,Pérez,7,6
952,2016,5,Spanish Grand Prix,13,Massa,8,4
952,2016,5,Spanish Grand Prix,18,Button,9,2
952,2016,5,Spanish Grand Prix,826,Kvyat,10,1
952,2016,5,Spanish Grand Prix,821,Gutiérrez,11,0
952,2016,5,Spanish Grand Prix,828,Ericsson,12,0
952,2016,5,Spanish Grand Prix,835,Palmer,13,0
952,2016,5,Spanish Grand Prix,825,Magnussen,14,0
952,2016,5,Spanish Grand Prix,831,Nasr,15,0
952,2016,5,Spanish Grand Prix,836,Wehrlein,16,0
952,2016,5,Spanish Grand Prix,837,Haryanto,17,0
953,2016,6,Monaco Grand Prix,1,Hamilton,1,25
953,2016,6,Monaco Grand Prix,817,Ricciardo,2,18
953,2016,6,Monaco Grand Prix,815,Pérez,3,15
953,2016,6,Monaco Grand Prix,20,Vettel,4,12
953,2016,6,Monaco Grand Prix,4,Alonso,5,10
953,2016,6,Monaco Grand Prix,807,Hülkenberg,6,8
953,2016,6,Monaco Grand Prix,3,Rosberg,7,6
953,2016,6,Monaco Grand Prix,832,Sainz,8,4
953,2016,6,Monaco Grand Prix,18,Button,9,2
953,2016,6,Monaco Grand Prix,13,Massa,10,1
953,2016,6,Monaco Grand Prix,821,Gutiérrez,11,0
953,2016,6,Monaco Grand Prix,822,Bottas,12,0
953,2016,6,Monaco Grand Prix,154,Grosjean,13,0
953,2016,6,Monaco Grand Prix,836,Wehrlein,14,0
953,2016,6,Monaco Grand Prix,837,Haryanto,15,0
954,2016,7,Canadian Grand Prix,1,Hamilton,1,25
954,2016,7,Canadian Grand Prix,20,Vettel,2,18
954,2016,7,Canadian Grand Prix,822,Bottas,3,15
954,2016,7,Canadian Grand Prix,830,Verstappen,4,12
954,2016,7,Canadian Grand Prix,3,Rosberg,5,10
954,2016,7,Canadian Grand Prix,8,Räikkönen,6,8
954,2016,7,Canadian Grand Prix,817,Ricciardo,7,6
954,2016,7,Canadian Grand Prix,807,Hülkenberg,8,4
954,2016,7,Canadian Grand Prix,832,Sainz,9,2
954,2016,7,Canadian Grand Prix,815,Pérez,10,1
954,2016,7,Canadian Grand Prix,4,Alonso,11,0
954,2016,7,Canadian Grand Prix,826,Kvyat,12,0
954,2016,7,Canadian Grand Prix,821,Gutiérrez,13,0
954,2016,7,Canadian Grand Prix,154,Grosjean,14,0
954,2016,7,Canadian Grand Prix,828,Ericsson,15,0
954,2016,7,Canadian Grand Prix,825,Magnussen,16,0
954,2016,7,Canadian Grand Prix,836,Wehrlein,17,0
954,2016,7,Canadian Grand Prix,831,Nasr,18,0
954,2016,7,Canadian Grand Prix,837,Haryanto,19,0
955,2016,8,European Grand Prix,3,Rosberg,1,25
955,2016,8,European Grand Prix,20,Vettel,2,18
955,2016,8,European Grand Prix,815,Pérez,3,15
955,2016,8,European Grand Prix,8,Räikkönen,4,12
955,2016,8,European Grand Prix,1,Hamilton,5,10
955,2016,8,European Grand Prix,822,Bottas,6,8
955,2016,8,European Grand Prix,817,Ricciardo,7,6
955,2016,8,European Grand Prix,830,Verstappen,8,4
955,2016,8,European Grand Prix,807,Hülkenberg,9,2
955,2016,8,European Grand Prix,13,Massa,10,1
955,2016,8,European Grand Prix,18,Button,11,0
955,2016,8,European Grand Prix,831,Nasr,12,0
955,2016,8,European Grand Prix,154,Grosjean,13,0
955,2016,8,European Grand Prix,825,Magnussen,14,0
955,2016,8,European Grand Prix,835,Palmer,15,0
955,2016,8,European Grand Prix,821,Gutiérrez,16,0
955,2016,8,European Grand Prix,828,Ericsson,17,0
955,2016,8,European Grand Prix,837,Haryanto,18,0
956,2016,9,Austrian Grand Prix,1,Hamilton,1,25
956,2016,9,Austrian Grand Prix,830,Verstappen,2,18
956,2016,9,Austrian Grand Prix,8,Räikkönen,3,15
956,2016,9,Austrian Grand Prix,3,Rosberg,4,12
956,2016,9,Austrian Grand Prix,817,Ricciardo,5,10
956,2016,9,Austrian Grand Prix,18,Button,6,8
956,2016,9,Austrian Grand Prix,154,Grosjean,7,6
956,2016,9,Austrian Grand Prix,832,Sainz,8,4
956,2016,9,Austrian Grand Prix,822,Bottas,9,2
956,2016,9,Austrian Grand Prix,836,Wehrlein,10,1
956,2016,9,Austrian Grand Prix,821,Gutiérrez,11,0
956,2016,9,Austrian Grand Prix,835,Palmer,12,0
956,2016,9,Austrian Grand Prix,831,Nasr,13,0
956,2016,9,Austrian Grand Prix,825,Magnussen,14,0
956,2016,9,Austrian Grand Prix,828,Ericsson,15,0
956,2016,9,Austrian Grand Prix,837,Haryanto,16,0
956,2016,9,Austrian Grand Prix,815,Pérez,17,0
956,2016,9,Austrian Grand Prix,4,Alonso,18,0
956,2016,9,Austrian Grand Prix,807,Hülkenberg,19,0
956,2016,9,Austrian Grand Prix,13,Massa,20,0
957,2016,10,British Grand Prix,1,Hamilton,1,25
957,2016,10,British Grand Prix,830,Verstappen,2,18
957,2016,10,British Grand Prix,3,Rosberg,3,15
957,2016,10,British Grand Prix,817,Ricciardo,4,12
957,2016,10,British Grand Prix,8,Räikkönen,5,10
957,2016,10,British Grand Prix,815,Pérez,6,8
957,2016,10,British Grand Prix,807,Hülkenberg,7,6
957,2016,10,British Grand Prix,832,Sainz,8,4
957,2016,10,British Grand Prix,20,Vettel,9,2
957,2016,10,British Grand Prix,826,Kvyat,10,1
957,2016,10,British Grand Prix,13,Massa,11,0
957,2016,10,British Grand Prix,18,Button,12,0
957,2016,10,British Grand Prix,4,Alonso,13,0
957,2016,10,British Grand Prix,822,Bottas,14,0
957,2016,10,British Grand Prix,831,Nasr,15,0
957,2016,10,British Grand Prix,821,Gutiérrez,16,0
957,2016,10,British Grand Prix,825,Magnussen,17,0
958,2016,11,Hungarian Grand Prix,1,Hamilton,1,25
958,2016,11,Hungarian Grand Prix,3,Rosberg,2,18
958,2016,11,Hungarian Grand Prix,817,Ricciardo,3,15
958,2016,11,Hungarian Grand Prix,20,Vettel,4,12
958,2016,11,Hungarian Grand Prix,830,Verstappen,5,10
958,2016,11,Hungarian Grand Prix,8,Räikkönen,6,8
958,2016,11,Hungarian Grand Prix,4,Alonso,7,6
958,2016,11,Hungarian Grand Prix,832,Sainz,8,4
958,2016,11,Hungarian Grand Prix,822,Bottas,9,2
958,2016,11,Hungarian Grand Prix,807,Hülkenberg,10,1
958,2016,11,Hungarian Grand Prix,815,Pérez,11,0
958,2016,11,Hungarian Grand Prix,835,Palmer,12,0
958,2016,11,Hungarian Grand Prix,821,Gutiérrez,13,0
958,2016,11,Hungarian Grand Prix,154,Grosjean,14,0
958,2016,11,Hungarian Grand Prix,825,Magnussen,15,0
958,2016,11,Hungarian Grand Prix,826,Kvyat,16,0
958,2016,11,Hungarian Grand Prix,831,Nasr,17,0
958,2016,11,Hungarian Grand Prix,13,Massa,18,0
958,2016,11,Hungarian Grand Prix,836,Wehrlein,19,0
958,2016,11,Hungarian Grand Prix,828,Ericsson,20,0
958,2016,11,Hungarian Grand Prix,837,Haryanto,21,0
959,2016,12,German Grand Prix,1,Hamilton,1,25
959,2016,12,German Grand Prix,817,Ricciardo,2,18
959,2016,12,German Grand Prix,830,Verstappen,3,15
959,2016,12,German Grand Prix,3,Rosberg,4,12
959,2016,12,German Grand Prix,20,Vettel,5,10
959,2016,12,German Grand Prix,8,Räikkönen,6,8
959,2016,12,German Grand Prix,807,Hülkenberg,7,6
959,2016,12,German Grand Prix,18,Button,8,4
959,2016,12,German Grand Prix,822,Bottas,9,2
959,2016,12,German Grand Prix,815,Pérez,10,1
959,2016,12,German Grand Prix,821,Gutiérrez,11,0
959,2016,12,German Grand Prix,4,Alonso,12,0
959,2016,12,German Grand Prix,154,Grosjean,13,0
959,2016,12,German Grand Prix,832,Sainz,14,0
959,2016,12,German Grand Prix,826,Kvyat,15,0
959,2016,12,German Grand Prix,825,Magnussen,16,0
959,2016,12,German Grand Prix,836,Wehrlein,17,0
959,2016,12,German Grand Prix,828,Ericsson,18,0
959,2016,12,German Grand Prix,835,Palmer,19,0
959,2016,12,German Grand Prix,837,Haryanto,20,0
960,2016,13,Belgian Grand Prix,3,Rosberg,1,25
960,2016,13,Belgian Grand Prix,817,Ricciardo,2,18
960,2016,13,Belgian Grand Prix,1,Hamilton,3,15
960,2016,13,Belgian Grand Prix,807,Hülkenberg,4,12
960,2016,13,Belgian Grand Prix,815,Pérez,5,10
960,2016,13,Belgian Grand Prix,20,Vettel,6,8
960,2016,13,Belgian Grand Prix,4,Alonso,7,6
960,2016,13,Belgian Grand Prix,822,Bottas,8,4
960,2016,13,Belgian Grand Prix,8,Räikkönen,9,2
960,2016,13,Belgian Grand Prix,13,Massa,10,1
960,2016,13,Belgian Grand Prix,830,Verstappen,11,0
960,2016,13,Belgian Grand Prix,821,Gutiérrez,12,0
960,2016,13,Belgian Grand Prix,154,Grosjean,13,0
960,2016,13,Belgian Grand Prix,826,Kvyat,14,0
960,2016,13,Belgian Grand Prix,835,Palmer,15,0
960,2016,13,Belgian Grand Prix,839,Ocon,16,0
960,2016,13,Belgian Grand Prix,831,Nasr,17,0
961,2016,14,Italian Grand Prix,3,Rosberg,1,25
961,2016,14,Italian Grand Prix,1,Hamilton,2,18
961,2016,14,Italian Grand Prix,20,Vettel,3,15
961,2016,14,Italian Grand Prix,8,Räikkönen,4,12
961,2016,14,Italian Grand Prix,817,Ricciardo,5,10
961,2016,14,Italian Grand Prix,822,Bottas,6,8
961,2016,14,Italian Grand Prix,830,Verstappen,7,6
961,2016,14,Italian Grand Prix,815,Pérez,8,4
961,2016,14,Italian Grand Prix,13,Massa,9,2
961,2016,14,Italian Grand Prix,807,Hülkenberg,10,1
961,2016,14,Italian Grand Prix,154,Grosjean,11,0
961,2016,14,Italian Grand Prix,18,Button,12,0
961,2016,14,Italian Grand Prix,821,Gutiérrez,13,0
961,2016,14,Italian Grand Prix,4,Alonso,14,0
961,2016,14,Italian Grand Prix,832,Sainz,15,0
961,2016,14,Italian Grand Prix,828,Ericsson,16,0
961,2016,14,Italian Grand Prix,825,Magnussen,17,0
961,2016,14,Italian Grand Prix,839,Ocon,18,0
962,2016,15,Singapore Grand Prix,3,Rosberg,1,25
962,2016,15,Singapore Grand Prix,817,Ricciardo,2,18
962,2016,15,Singapore Grand Prix,1,Hamilton,3,15
962,2016,15,Singapore Grand Prix,8,Räikkönen,4,12
962,2016,15,Singapore Grand Prix,20,Vettel,5,10
962,2016,15,Singapore Grand Prix,830,Verstappen,6,8
962,2016,15,Singapore Grand Prix,4,Alonso,7,6
962,2016,15,Singapore Grand Prix,815,Pérez,8,4
962,2016,15,Singapore Grand Prix,826,Kvyat,9,2
962,2016,15,Singapore Grand Prix,825,Magnussen,10,1
962,2016,15,Singapore Grand Prix,821,Gutiérrez,11,0
962,2016,15,Singapore Grand Prix,13,Massa,12,0
962,2016,15,Singapore Grand Prix,831,Nasr,13,0
962,2016,15,Singapore Grand Prix,832,Sainz,14,0
962,2016,15,Singapore Grand Prix,835,Palmer,15,0
962,2016,15,Singapore Grand Prix,836,Wehrlein,16,0
962,2016,15,Singapore Grand Prix,828,Ericsson,17,0
962,2016,15,Singapore Grand Prix,839,Ocon,18,0
963,2016,16,Malaysian Grand Prix,817,Ricciardo,1,25
963,2016,16,Malaysian Grand Prix,830,Verstappen,2,18
963,2016,16,Malaysian Grand Prix,3,Rosberg,3,15
963,2016,16,Malaysian Grand Prix,8,Räikkönen,4,12
963,2016,16,Malaysian Grand Prix,822,Bottas,5,10
963,2016,16,Malaysian Grand Prix,815,Pérez,6,8
963,2016,16,Malaysian Grand Prix,4,Alonso,7,6
963,2016,16,Malaysian Grand Prix,807,Hülkenberg,8,4
963,2016,16,Malaysian Grand Prix,18,Button,9,2
963,2016,16,Malaysian Grand Prix,835,Palmer,10,1
963,2016,16,Malaysian Grand Prix,832,Sainz,11,0
963,2016,16,Malaysian Grand Prix,828,Ericsson,12,0
963,2016,16,Malaysian Grand Prix,13,Massa,13,0
963,2016,16,Malaysian Grand Prix,826,Kvyat,14,0
963,2016,16,Malaysian Grand Prix,836,Wehrlein,15,0
963,2016,16,Malaysian Grand Prix,839,Ocon,16,0
964,2016,17,Japanese Grand Prix,3,Rosberg,1,25
964,2016,17,Japanese Grand Prix,830,Verstappen,2,18
964,2016,17,Japanese Grand Prix,1,Hamilton,3,15
964,2016,17,Japanese Grand Prix,20,Vettel,4,12
964,2016,17,Japanese Grand Prix,8,Räikkönen,5,10
964,2016,17,Japanese Grand Prix,817,Ricciardo,6,8
964,2016,17,Japanese Grand Prix,815,Pérez,7,6
964,2016,17,Japanese Grand Prix,807,Hülkenberg,8,4
964,2016,17,Japanese Grand Prix,13,Massa,9,2
964,2016,17,Japanese Grand Prix,822,Bottas,10,1
964,2016,17,Japanese Grand Prix,154,Grosjean,11,0
964,2016,17,Japanese Grand Prix,835,Palmer,12,0
964,2016,17,Japanese Grand Prix,826,Kvyat,13,0
964,2016,17,Japanese Grand Prix,825,Magnussen,14,0
964,2016,17,Japanese Grand Prix,828,Ericsson,15,0
964,2016,17,Japanese Grand Prix,4,Alonso,16,0
964,2016,17,Japanese Grand Prix,832,Sainz,17,0
964,2016,17,Japanese Grand Prix,18,Button,18,0
964,2016,17,Japanese Grand Prix,831,Nasr,19,0
964,2016,17,Japanese Grand Prix,821,Gutiérrez,20,0
964,2016,17,Japanese Grand Prix,839,Ocon,21,0
964,2016,17,Japanese Grand Prix,836,Wehrlein,22,0
965,2016,18,United States Grand Prix,1,Hamilton,1,25
965,2016,18,United States Grand Prix,3,Rosberg,2,18
965,2016,18,United States Grand Prix,817,Ricciardo,3,15
965,2016,18,United States Grand Prix,20,Vettel,4,12
965,2016,18,United States Grand Prix,4,Alonso,5,10
965,2016,18,United States Grand Prix,832,Sainz,6,8
965,2016,18,United States Grand Prix,13,Massa,7,6
965,2016,18,United States Grand Prix,815,Pérez,8,4
965,2016,18,United States Grand Prix,18,Button,9,2
965,2016,18,United States Grand Prix,154,Grosjean,10,1
965,2016,18,United States Grand Prix,826,Kvyat,11,0
965,2016,18,United States Grand Prix,825,Magnussen,12,0
965,2016,18,United States Grand Prix,835,Palmer,13,0
965,2016,18,United States Grand Prix,828,Ericsson,14,0
965,2016,18,United States Grand Prix,831,Nasr,15,0
965,2016,18,United States Grand Prix,822,Bottas,16,0
965,2016,18,United States Grand Prix,836,Wehrlein,17,0
965,2016,18,United States Grand Prix,839,Ocon,18,0
966,2016,19,Mexican Grand Prix,1,Hamilton,1,25
966,2016,19,Mexican Grand Prix,3,Rosberg,2,18
966,2016,19,Mexican Grand Prix,817,Ricciardo,3,15
966,2016,19,Mexican Grand Prix,830,Verstappen,4,12
966,2016,19,Mexican Grand Prix,20,Vettel,5,10
966,2016,19,Mexican Grand Prix,8,Räikkönen,6,8
966,2016,19,Mexican Grand Prix,807,Hülkenberg,7,6
966,2016,19,Mexican Grand Prix,822,Bottas,8,4
966,2016,19,Mexican Grand Prix,13,Massa,9,2
966,2016,19,Mexican Grand Prix,815,Pérez,10,1
966,2016,19,Mexican Grand Prix,828,Ericsson,11,0
966,2016,19,Mexican Grand Prix,18,Button,12,0
966,2016,19,Mexican Grand Prix,4,Alonso,13,0
966,2016,19,Mexican Grand Prix,835,Palmer,14,0
966,2016,19,Mexican Grand Prix,831,Nasr,15,0
966,2016,19,Mexican Grand Prix,832,Sainz,16,0
966,2016,19,Mexican Grand Prix,825,Magnussen,17,0
966,2016,19,Mexican Grand Prix,826,Kvyat,18,0
966,2016,19,Mexican Grand Prix,821,Gutiérrez,19,0
966,2016,19,Mexican Grand Prix,154,Grosjean,20,0
966,2016,19,Mexican Grand Prix,839,Ocon,21,0
967,2016,20,Brazilian Grand Prix,1,Hamilton,1,25
967,2016,20,Brazilian Grand Prix,3,Rosberg,2,18
967,2016,20,Brazilian Grand Prix,830,Verstappen,3,15
967,2016,20,Brazilian Grand Prix,815,Pérez,4,12
967,2016,20,Brazilian Grand Prix,20,Vettel,5,10
967,2016,20,Brazilian Grand Prix,832,Sainz,6,8
967,2016,20,Brazilian Grand Prix,807,Hülkenberg,7,6
967,2016,20,Brazilian Grand Prix,817,Ricciardo,8,4
967,2016,20,Brazilian Grand Prix,831,Nasr,9,2
967,2016,20,Brazilian Grand Prix,4,Alonso,10,1
967,2016,20,Brazilian Grand Prix,822,Bottas,11,0
967,2016,20,Brazilian Grand Prix,839,Ocon,12,0
967,2016,20,Brazilian Grand Prix,826,Kvyat,13,0
967,2016,20,Brazilian Grand Prix,825,Magnussen,14,0
967,2016,20,Brazilian Grand Prix,836,Wehrlein,15,0
967,2016,20,Brazilian Grand Prix,18,Button,16,0
968,2016,21,Abu Dhabi Grand Prix,1,Hamilton,1,25
968,2016,21,Abu Dhabi Grand Prix,3,Rosberg,2,18
968,2016,21,Abu Dhabi Grand Prix,20,Vettel,3,15
968,2016,21,Abu Dhabi Grand Prix,830,Verstappen,4,12
968,2016,21,Abu Dhabi Grand Prix,817,Ricciardo,5,10
968,2016,21,Abu Dhabi Grand Prix,8,Räikkönen,6,8
968,2016,21,Abu Dhabi Grand Prix,807,Hülkenberg,7,6
968,2016,21,Abu Dhabi Grand Prix,815,Pérez,8,4
968,2016,21,Abu Dhabi Grand Prix,13,Massa,9,2
968,2016,21,Abu Dhabi Grand Prix,4,Alonso,10,1
968,2016,21,Abu Dhabi Grand Prix,154,Grosjean,11,0
968,2016,21,Abu Dhabi Grand Prix,821,Gutiérrez,12,0
968,2016,21,Abu Dhabi Grand Prix,839,Ocon,13,0
968,2016,21,Abu Dhabi Grand Prix,836,Wehrlein,14,0
968,2016,21,Abu Dhabi Grand Prix,828,Ericsson,15,0
968,2016,21,Abu Dhabi Grand Prix,831,Nasr,16,0
968,2016,21,Abu Dhabi Grand Prix,835,Palmer,17,0
969,2017,1,Australian Grand Prix,20,Vettel,1,25
969,2017,1,Australian Grand Prix,1,Hamilton,2,18
969,2017,1,Australian Grand Prix,822,Bottas,3,15
969,2017,1,Australian Grand Prix,8,Räikkönen,4,12
969,2017,1,Australian Grand Prix,830,Verstappen,5,10
969,2017,1,Australian Grand Prix,13,Massa,6,8
969,2017,1,Australian Grand Prix,815,Pérez,7,6
969,2017,1,Australian Grand Prix,832,Sainz,8,4
969,2017,1,Australian Grand Prix,826,Kvyat,9,2
969,2017,1,Australian Grand Prix,839,Ocon,10,1
969,2017,1,Australian Grand Prix,807,Hülkenberg,11,0
969,2017,1,Australian Grand Prix,841,Giovinazzi,12,0
969,2017,1,Australian Grand Prix,838,Vandoorne,13,0
970,2017,2,Chinese Grand Prix,1,Hamilton,1,25
970,2017,2,Chinese Grand Prix,20,Vettel,2,18
970,2017,2,Chinese Grand Prix,830,Verstappen,3,15
970,2017,2,Chinese Grand Prix,817,Ricciardo,4,12
970,2017,2,Chinese Grand Prix,8,Räikkönen,5,10
970,2017,2,Chinese Grand Prix,822,Bottas,6,8
970,2017,2,Chinese Grand Prix,832,Sainz,7,6
970,2017,2,Chinese Grand Prix,825,Magnussen,8,4
970,2017,2,Chinese Grand Prix,815,Pérez,9,2
970,2017,2,Chinese Grand Prix,839,Ocon,10,1
970,2017,2,Chinese Grand Prix,154,Grosjean,11,0
970,2017,2,Chinese Grand Prix,807,Hülkenberg,12,0
970,2017,2,Chinese Grand Prix,835,Palmer,13,0
970,2017,2,Chinese Grand Prix,13,Massa,14,0
970,2017,2,Chinese Grand Prix,828,Ericsson,15,0
971,2017,3,Bahrain Grand Prix,20,Vettel,1,25
971,2017,3,Bahrain Grand Prix,1,Hamilton,2,18
971,2017,3,Bahrain Grand Prix,822,Bottas,3,15
971,2017,3,Bahrain Grand Prix,8,Räikkönen,4,12
971,2017,3,Bahrain Grand Prix,817,Ricciardo,5,10
971,2017,3,Bahrain Grand Prix,13,Massa,6,8
971,2017,3,Bahrain Grand Prix,815,Pérez,7,6
971,2017,3,Bahrain Grand Prix,154,Grosjean,8,4
971,2017,3,Bahrain Grand Prix,807,Hülkenberg,9,2
971,2017,3,Bahrain Grand Prix,839,Ocon,10,1
971,2017,3,Bahrain Grand Prix,836,Wehrlein,11,0
971,2017,3,Bahrain Grand Prix,826,Kvyat,12,0
971,2017,3,Bahrain Grand Prix,835,Palmer,13,0
971,2017,3,Bahrain Grand Prix,4,Alonso,14,0
972,2017,4,Russian Grand Prix,822,Bottas,1,25
972,2017,4,Russian Grand Prix,20,Vettel,2,18
972,2017,4,Russian Grand Prix,8,Räikkönen,3,15
972,2017,4,Russian Grand Prix,1,Hamilton,4,12
972,2017,4,Russian Grand Prix,830,Verstappen,5,10
972,2017,4,Russian Grand Prix,815,Pérez,6,8
972,2017,4,Russian Grand Prix,839,Ocon,7,6
972,2017,4,Russian Grand Prix,807,Hülkenberg,8,4
972,2017,4,Russian Grand Prix,13,Massa,9,2
972,2017,4,Russian Grand Prix,832,Sainz,10,1
972,2017,4,Russian Grand Prix,840,Stroll,11,0
972,2017,4,Russian Grand Prix,826,Kvyat,12,0
972,2017,4,Russian Grand Prix,825,Magnussen,13,0
972,2017,4,Russian Grand Prix,838,Vandoorne,14,0
972,2017,4,Russian Grand Prix,828,Ericsson,15,0
972,2017,4,Russian Grand Prix,836,Wehrlein,16,0
973,2017,5,Spanish Grand Prix,1,Hamilton,1,25
973,2017,5,Spanish Grand Prix,20,Vettel,2,18
973,2017,5,Spanish Grand Prix,817,Ricciardo,3,15
973,2017,5,Spanish Grand Prix,815,Pérez,4,12
973,2017,5,Spanish Grand Prix,839,Ocon,5,10
973,2017,5,Spanish Grand Prix,807,Hülkenberg,6,8
973,2017,5,Spanish Grand Prix,832,Sainz,7,6
973,2017,5,Spanish Grand Prix,836,Wehrlein,8,4
973,2017,5,Spanish Grand Prix,826,Kvyat,9,2
973,2017,5,Spanish Grand Prix,154,Grosjean,10,1
973,2017,5,Spanish Grand Prix,828,Ericsson,11,0
973,2017,5,Spanish Grand Prix,4,Alonso,12,0
973,2017,5,Spanish Grand Prix,13,Massa,13,0
973,2017,5,Spanish Grand Prix,825,Magnussen,14,0
973,2017,5,Spanish Grand Prix,835,Palmer,15,0
973,2017,5,Spanish Grand Prix,840,Stroll,16,0
974,2017,6,Monaco Grand Prix,20,Vettel,1,25
974,2017,6,Monaco Grand Prix,8,Räikkönen,2,18
974,2017,6,Monaco Grand Prix,817,Ricciardo,3,15
974,2017,6,Monaco Grand Prix,822,Bottas,4,12
974,2017,6,Monaco Grand Prix,830,Verstappen,5,10
974,2017,6,Monaco Grand Prix,832,Sainz,6,8
974,2017,6,Monaco Grand Prix,1,Hamilton,7,6
974,2017,6,Monaco Grand Prix,154,Grosjean,8,4
974,2017,6,Monaco Grand Prix,13,Massa,9,2
974,2017,6,Monaco Grand Prix,825,Magnussen,10,1
974,2017,6,Monaco Grand Prix,835,Palmer,11,0
974,2017,6,Monaco Grand Prix,839,Ocon,12,0
974,2017,6,Monaco Grand Prix,815,Pérez,13,0
974,2017,6,Monaco Grand Prix,826,Kvyat,14,0
974,2017,6,Monaco Grand Prix,840,Stroll,15,0
975,2017,7,Canadian Grand Prix,1,Hamilton,1,25
975,2017,7,Canadian Grand Prix,822,Bottas,2,18
975,2017,7,Canadian Grand Prix,817,Ricciardo,3,15
975,2017,7,Canadian Grand Prix,20,Vettel,4,12
975,2017,7,Canadian Grand Prix,815,Pérez,5,10
975,2017,7,Canadian Grand Prix,839,Ocon,6,8
975,2017,7,Canadian Grand Prix,8,Räikkönen,7,6
975,2017,7,Canadian Grand Prix,807,Hülkenberg,8,4
975,2017,7,Canadian Grand Prix,840,Stroll,9,2
975,2017,7,Canadian Grand Prix,154,Grosjean,10,1
975,2017,7,Canadian Grand Prix,835,Palmer,11,0
975,2017,7,Canadian Grand Prix,825,Magnussen,12,0
975,2017,7,Canadian Grand Prix,828,Ericsson,13,0
975,2017,7,Canadian Grand Prix,838,Vandoorne,14,0
975,2017,7,Canadian Grand Prix,836,Wehrlein,15,0
975,2017,7,Canadian Grand Prix,4,Alonso,16,0
976,2017,8,Azerbaijan Grand Prix,817,Ricciardo,1,25
976,2017,8,Azerbaijan Grand Prix,822,Bottas,2,18
976,2017,8,Azerbaijan Grand Prix,840,Stroll,3,15
976,2017,8,Azerbaijan Grand Prix,20,Vettel,4,12
976,2017,8,Azerbaijan Grand Prix,1,Hamilton,5,10
976,2017,8,Azerbaijan Grand Prix,839,Ocon,6,8
976,2017,8,Azerbaijan Grand Prix,825,Magnussen,7,6
976,2017,8,Azerbaijan Grand Prix,832,Sainz,8,4
976,2017,8,Azerbaijan Grand Prix,4,Alonso,9,2
976,2017,8,Azerbaijan Grand Prix,836,Wehrlein,10,1
976,2017,8,Azerbaijan Grand Prix,828,Ericsson,11,0
976,2017,8,Azerbaijan Grand Prix,838,Vandoorne,12,0
976,2017,8,Azerbaijan Grand Prix,154,Grosjean,13,0
976,2017,8,Azerbaijan Grand Prix,8,Räikkönen,14,0
977,2017,9,Austrian Grand Prix,822,Bottas,1,25
977,2017,9,Austrian Grand Prix,20,Vettel,2,18
977,2017,9,Austrian Grand Prix,817,Ricciardo,3,15
977,2017,9,Austrian Grand Prix,1,Hamilton,4,12
977,2017,9,Austrian Grand Prix,8,Räikkönen,5,10
977,2017,9,Austrian Grand Prix,154,Grosjean,6,8
977,2017,9,Austrian Grand Prix,815,Pérez,7,6
977,2017,9,Austrian Grand Prix,839,Ocon,8,4
977,2017,9,Austrian Grand Prix,13,Massa,9,2
977,2017,9,Austrian Grand Prix,840,Stroll,10,1
977,2017,9,Austrian Grand Prix,835,Palmer,11,0
977,2017,9,Austrian Grand Prix,838,Vandoorne,12,0
977,2017,9,Austrian Grand Prix,807,Hülkenberg,13,0
977,2017,9,Austrian Grand Prix,836,Wehrlein,14,0
977,2017,9,Austrian Grand Prix,828,Ericsson,15,0
977,2017,9,Austrian Grand Prix,826,Kvyat,16,0
978,2017,10,British Grand Prix,1,Hamilton,1,25
978,2017,10,British Grand Prix,822,Bottas,2,18
978,2017,10,British Grand Prix,8,Räikkönen,3,15
978,2017,10,British Grand Prix,830,Verstappen,4,12
978,2017,10,British Grand Prix,817,Ricciardo,5,10
978,2017,10,British Grand Prix,807,Hülkenberg,6,8
978,2017,10,British Grand Prix,20,Vettel,7,6
978,2017,10,British Grand Prix,839,Ocon,8,4
978,2017,10,British Grand Prix,815,Pérez,9,2
978,2017,10,British Grand Prix,13,Massa,10,1
978,2017,10,British Grand Prix,838,Vandoorne,11,0
978,2017,10,British Grand Prix,825,Magnussen,12,0
978,2017,10,British Grand Prix,154,Grosjean,13,0
978,2017,10,British Grand Prix,828,Ericsson,14,0
978,2017,10,British Grand Prix,826,Kvyat,15,0
978,2017,10,British Grand Prix,840,Stroll,16,0
978,2017,10,British Grand Prix,836,Wehrlein,17,0
979,2017,11,Hungarian Grand Prix,20,Vettel,1,25
979,2017,11,Hungarian Grand Prix,8,Räikkönen,2,18
979,2017,11,Hungarian Grand Prix,822,Bottas,3,15
979,2017,11,Hungarian Grand Prix,1,Hamilton,4,12
979,2017,11,Hungarian Grand Prix,830,Verstappen,5,10
979,2017,11,Hungarian Grand Prix,4,Alonso,6,8
979,2017,11,Hungarian Grand Prix,832,Sainz,7,6
979,2017,11,Hungarian Grand Prix,815,Pérez,8,4
979,2017,11,Hungarian Grand Prix,839,Ocon,9,2
979,2017,11,Hungarian Grand Prix,838,Vandoorne,10,1
979,2017,11,Hungarian Grand Prix,826,Kvyat,11,0
979,2017,11,Hungarian Grand Prix,835,Palmer,12,0
979,2017,11,Hungarian Grand Prix,825,Magnussen,13,0
979,2017,11,Hungarian Grand Prix,840,Stroll,14,0
979,2017,11,Hungarian Grand Prix,836,Wehrlein,15,0
979,2017,11,Hungarian Grand Prix,828,Ericsson,16,0
979,2017,11,Hungarian Grand Prix,807,Hülkenberg,17,0
980,2017,12,Belgian Grand Prix,1,Hamilton,1,25
980,2017,12,Belgian Grand Prix,20,Vettel,2,18
980,2017,12,Belgian Grand Prix,817,Ricciardo,3,15
980,2017,12,Belgian Grand Prix,8,Räikkönen,4,12
980,2017,12,Belgian Grand Prix,822,Bottas,5,10
980,2017,12,Belgian Grand Prix,807,Hülkenberg,6,8
980,2017,12,Belgian Grand Prix,154,Grosjean,7,6
980,2017,12,Belgian Grand Prix,13,Massa,8,4
980,2017,12,Belgian Grand Prix,839,Ocon,9,2
980,2017,12,Belgian Grand Prix,832,Sainz,10,1
980,2017,12,Belgian Grand Prix,840,Stroll,11,0
980,2017,12,Belgian Grand Prix,826,Kvyat,12,0
980,2017,12,Belgian Grand Prix,835,Palmer,13,0
980,2017,12,Belgian Grand Prix,838,Vandoorne,14,0
980,2017,12,Belgian Grand Prix,825,Magnussen,15,0
980,2017,12,Belgian Grand Prix,828,Ericsson,16,0
980,2017,12,Belgian Grand Prix,815,Pérez,17,0
981,2017,13,Italian Grand Prix,1,Hamilton,1,25
981,2017,13,Italian Grand Prix,822,Bottas,2,18
981,2017,13,Italian Grand Prix,20,Vettel,3,15
981,2017,13,Italian Grand Prix,817,Ricciardo,4,12
981,2017,13,Italian Grand Prix,8,Räikkönen,5,10
981,2017,13,Italian Grand Prix,839,Ocon,6,8
981,2017,13,Italian Grand Prix,840,Stroll,7,6
981,2017,13,Italian Grand Prix,13,Massa,8,4
981,2017,13,Italian Grand Prix,815,Pérez,9,2
981,2017,13,Italian Grand Prix,830,Verstappen,10,1
981,2017,13,Italian Grand Prix,825,Magnussen,11,0
981,2017,13,Italian Grand Prix,826,Kvyat,12,0
981,2017,13,Italian Grand Prix,807,Hülkenberg,13,0
981,2017,13,Italian Grand Prix,832,Sainz,14,0
981,2017,13,Italian Grand Prix,154,Grosjean,15,0
981,2017,13,Italian Grand Prix,836,Wehrlein,16,0
981,2017,13,Italian Grand Prix,4,Alonso,17,0
981,2017,13,Italian Grand Prix,828,Ericsson,18,0
982,2017,14,Singapore Grand Prix,1,Hamilton,1,25
982,2017,14,Singapore Grand Prix,817,Ricciardo,2,18
982,2017,14,Singapore Grand Prix,822,Bottas,3,15
982,2017,14,Singapore Grand Prix,832,Sainz,4,12
982,2017,14,Singapore Grand Prix,815,Pérez,5,10
982,2017,14,Singapore Grand Prix,835,Palmer,6,8
982,2017,14,Singapore Grand Prix,838,Vandoorne,7,6
982,2017,14,Singapore Grand Prix,840,Stroll,8,4
982,2017,14,Singapore Grand Prix,154,Grosjean,9,2
982,2017,14,Singapore Grand Prix,839,Ocon,10,1
982,2017,14,Singapore Grand Prix,13,Massa,11,0
982,2017,14,Singapore Grand Prix,836,Wehrlein,12,0
983,2017,15,Malaysian Grand Prix,830,Verstappen,1,25
983,2017,15,Malaysian Grand Prix,1,Hamilton,2,18
983,2017,15,Malaysian Grand Prix,817,Ricciardo,3,15
983,2017,15,Malaysian Grand Prix,20,Vettel,4,12
983,2017,15,Malaysian Grand Prix,822,Bottas,5,10
983,2017,15,Malaysian Grand Prix,815,Pérez,6,8
983,2017,15,Malaysian Grand Prix,838,Vandoorne,7,6
983,2017,15,Malaysian Grand Prix,840,Stroll,8,4
983,2017,15,Malaysian Grand Prix,13,Massa,9,2
983,2017,15,Malaysian Grand Prix,839,Ocon,10,1
983,2017,15,Malaysian Grand Prix,4,Alonso,11,0
983,2017,15,Malaysian Grand Prix,825,Magnussen,12,0
983,2017,15,Malaysian Grand Prix,154,Grosjean,13,0
983,2017,15,Malaysian Grand Prix,842,Gasly,14,0
983,2017,15,Malaysian Grand Prix,835,Palmer,15,0
983,2017,15,Malaysian Grand Prix,807,Hülkenberg,16,0
983,2017,15,Malaysian Grand Prix,836,Wehrlein,17,0
983,2017,15,Malaysian Grand Prix,828,Ericsson,18,0
984,2017,16,Japanese Grand Prix,1,Hamilton,1,25
984,2017,16,Japanese Grand Prix,830,Verstappen,2,18
984,2017,16,Japanese Grand Prix,817,Ricciardo,3,15
984,2017,16,Japanese Grand Prix,822,Bottas,4,12
984,2017,16,Japanese Grand Prix,8,Räikkönen,5,10
984,2017,16,Japanese Grand Prix,839,Ocon,6,8
984,2017,16,Japanese Grand Prix,815,Pérez,7,6
984,2017,16,Japanese Grand Prix,825,Magnussen,8,4
984,2017,16,Japanese Grand Prix,154,Grosjean,9,2
984,2017,16,Japanese Grand Prix,13,Massa,10,1
984,2017,16,Japanese Grand Prix,4,Alonso,11,0
984,2017,16,Japanese Grand Prix,835,Palmer,12,0
984,2017,16,Japanese Grand Prix,842,Gasly,13,0
984,2017,16,Japanese Grand Prix,838,Vandoorne,14,0
984,2017,16,Japanese Grand Prix,836,Wehrlein,15,0
985,2017,17,United States Grand Prix,1,Hamilton,1,25
985,2017,17,United States Grand Prix,20,Vettel,2,18
985,2017,17,United States Grand Prix,8,Räikkönen,3,15
985,2017,17,United States Grand Prix,830,Verstappen,4,12
985,2017,17,United States Grand Prix,822,Bottas,5,10
985,2017,17,United States Grand Prix,839,Ocon,6,8
985,2017,17,United States Grand Prix,832,Sainz,7,6
985,2017,17,United States Grand Prix,815,Pérez,8,4
985,2017,17,United States Grand Prix,13,Massa,9,2
985,2017,17,United States Grand Prix,826,Kvyat,10,1
985,2017,17,United States Grand Prix,840,Stroll,11,0
985,2017,17,United States Grand Prix,838,Vandoorne,12,0
985,2017,17,United States Grand Prix,843,Hartley,13,0
985,2017,17,United States Grand Prix,154,Grosjean,14,0
985,2017,17,United States Grand Prix,828,Ericsson,15,0
985,2017,17,United States Grand Prix,825,Magnussen,16,0
986,2017,18,Mexican Grand Prix,830,Verstappen,1,25
986,2017,18,Mexican Grand Prix,822,Bottas,2,18
986,2017,18,Mexican Grand Prix,8,Räikkönen,3,15
986,2017,18,Mexican Grand Prix,20,Vettel,4,12
986,2017,18,Mexican Grand Prix,839,Ocon,5,10
986,2017,18,Mexican Grand Prix,840,Stroll,6,8
986,2017,18,Mexican Grand Prix,815,Pérez,7,6
986,2017,18,Mexican Grand Prix,825,Magnussen,8,4
986,2017,18,Mexican Grand Prix,1,Hamilton,9,2
986,2017,18,Mexican Grand Prix,4,Alonso,10,1
986,2017,18,Mexican Grand Prix,13,Massa,11,0
986,2017,18,Mexican Grand Prix,838,Vandoorne,12,0
986,2017,18,Mexican Grand Prix,842,Gasly,13,0
986,2017,18,Mexican Grand Prix,836,Wehrlein,14,0
986,2017,18,Mexican Grand Prix,154,Grosjean,15,0
987,2017,19,Brazilian Grand Prix,20,Vettel,1,25
987,2017,19,Brazilian Grand Prix,822,Bottas,2,18
987,2017,19,Brazilian Grand Prix,8,Räikkönen,3,15
987,2017,19,Brazilian Grand Prix,1,Hamilton,4,12
987,2017,19,Brazilian Grand Prix,830,Verstappen,5,10
987,2017,19,Brazilian Grand Prix,817,Ricciardo,6,8
987,2017,19,Brazilian Grand Prix,13,Massa,7,6
987,2017,19,Brazilian Grand Prix,4,Alonso,8,4
987,2017,19,Brazilian Grand Prix,815,Pérez,9,2
987,2017,19,Brazilian Grand Prix,807,Hülkenberg,10,1
987,2017,19,Brazilian Grand Prix,832,Sainz,11,0
987,2017,19,Brazilian Grand Prix,842,Gasly,12,0
987,2017,19,Brazilian Grand Prix,828,Ericsson,13,0
987,2017,19,Brazilian Grand Prix,836,Wehrlein,14,0
987,2017,19,Brazilian Grand Prix,154,Grosjean,15,0
987,2017,19,Brazilian Grand Prix,840,Stroll,16,0
988,2017,20,Abu Dhabi Grand Prix,822,Bottas,1,25
988,2017,20,Abu Dhabi Grand Prix,1,Hamilton,2,18
988,2017,20,Abu Dhabi Grand Prix,20,Vettel,3,15
988,2017,20,Abu Dhabi Grand Prix,8,Räikkönen,4,12
988,2017,20,Abu Dhabi Grand Prix,830,Verstappen,5,10
988,2017,20,Abu Dhabi Grand Prix,807,Hülkenberg,6,8
988,2017,20,Abu Dhabi Grand Prix,815,Pérez,7,6
988,2017,20,Abu Dhabi Grand Prix,839,Ocon,8,4
988,2017,20,Abu Dhabi Grand Prix,4,Alonso,9,2
988,2017,20,Abu Dhabi Grand Prix,13,Massa,10,1
988,2017,20,Abu Dhabi Grand Prix,154,Grosjean,11,0
988,2017,20,Abu Dhabi Grand Prix,838,Vandoorne,12,0
988,2017,20,Abu Dhabi Grand Prix,825,Magnussen,13,0
988,2017,20,Abu Dhabi Grand Prix,836,Wehrlein,14,0
988,2017,20,Abu Dhabi Grand Prix,843,Hartley,15,0
988,2017,20,Abu Dhabi Grand Prix,842,Gasly,16,0
988,2017,20,Abu Dhabi Grand Prix,828,Ericsson,17,0
988,2017,20,Abu Dhabi Grand Prix,840,Stroll,18,0
989,2018,1,Australian Grand Prix,20,Vettel,1,25
989,2018,1,Australian Grand Prix,1,Hamilton,2,18
989,2018,1,Australian Grand Prix,8,Räikkönen,3,15
989,2018,1,Australian Grand Prix,817,Ricciardo,4,12
989,2018,1,Australian Grand Prix,4,Alonso,5,10
989,2018,1,Australian Grand Prix,830,Verstappen,6,8
989,2018,1,Australian Grand Prix,807,Hülkenberg,7,6
989,2018,1,Australian Grand Prix,822,Bottas,8,4
989,2018,1,Australian Grand Prix,838,Vandoorne,9,2
989,2018,1,Australian Grand Prix,832,Sainz,10,1
989,2018,1,Australian Grand Prix,815,Pérez,11,0
989,2018,1,Australian Grand Prix,839,Ocon,12,0
989,2018,1,Australian Grand Prix,844,Leclerc,13,0
989,2018,1,Australian Grand Prix,840,Stroll,14,0
989,2018,1,Australian Grand Prix,843,Hartley,15,0
990,2018,2,Bahrain Grand Prix,20,Vettel,1,25
990,2018,2,Bahrain Grand Prix,822,Bottas,2,18
990,2018,2,Bahrain Grand Prix,1,Hamilton,3,15
990,2018,2,Bahrain Grand Prix,842,Gasly,4,12
990,2018,2,Bahrain Grand Prix,825,Magnussen,5,10
990,2018,2,Bahrain Grand Prix,807,Hülkenberg,6,8
990,2018,2,Bahrain Grand Prix,4,Alonso,7,6
990,2018,2,Bahrain Grand Prix,838,Vandoorne,8,4
990,2018,2,Bahrain Grand Prix,828,Ericsson,9,2
990,2018,2,Bahrain Grand Prix,839,Ocon,10,1
990,2018,2,Bahrain Grand Prix,832,Sainz,11,0
990,2018,2,Bahrain Grand Prix,844,Leclerc,12,0
990,2018,2,Bahrain Grand Prix,154,Grosjean,13,0
990,2018,2,Bahrain Grand Prix,840,Stroll,14,0
990,2018,2,Bahrain Grand Prix,845,Sirotkin,15,0
990,2018,2,Bahrain Grand Prix,815,Pérez,16,0
990,2018,2,Bahrain Grand Prix,843,Hartley,17,0
991,2018,3,Chinese Grand Prix,817,Ricciardo,1,25
991,2018,3,Chinese Grand Prix,822,Bottas,2,18
991,2018,3,Chinese Grand Prix,8,Räikkönen,3,15
991,2018,3,Chinese Grand Prix,1,Hamilton,4,12
991,2018,3,Chinese Grand Prix,830,Verstappen,5,10
991,2018,3,Chinese Grand Prix,807,Hülkenberg,6,8
991,2018,3,Chinese Grand Prix,4,Alonso,7,6
991,2018,3,Chinese Grand Prix,20,Vettel,8,4
991,2018,3,Chinese Grand Prix,832,Sainz,9,2
991,2018,3,Chinese Grand Prix,825,Magnussen,10,1
991,2018,3,Chinese Grand Prix,839,Ocon,11,0
991,2018,3,Chinese Grand Prix,815,Pérez,12,0
991,2018,3,Chinese Grand Prix,838,Vandoorne,13,0
991,2018,3,Chinese Grand Prix,840,Stroll,14,0
991,2018,3,Chinese Grand Prix,845,Sirotkin,15,0
991,2018,3,Chinese Grand Prix,828,Ericsson,16,0
991,2018,3,Chinese Grand Prix,154,Grosjean,17,0
991,2018,3,Chinese Grand Prix,842,Gasly,18,0
991,2018,3,Chinese Grand Prix,844,Leclerc,19,0
991,2018,3,Chinese Grand Prix,843,Hartley,20,0
992,2018,4,Azerbaijan Grand Prix,1,Hamilton,1,25
992,2018,4,Azerbaijan Grand Prix,8,Räikkönen,2,18
992,2018,4,Azerbaijan Grand Prix,815,Pérez,3,15
992,2018,4,Azerbaijan Grand Prix,20,Vettel,4,12
992,2018,4,Azerbaijan Grand Prix,832,Sainz,5,10
992,2018,4,Azerbaijan Grand Prix,844,Leclerc,6,8
992,2018,4,Azerbaijan Grand Prix,4,Alonso,7,6
992,2018,4,Azerbaijan Grand Prix,840,Stroll,8,4
992,2018,4,Azerbaijan Grand Prix,838,Vandoorne,9,2
992,2018,4,Azerbaijan Grand Prix,843,Hartley,10,1
992,2018,4,Azerbaijan Grand Prix,828,Ericsson,11,0
992,2018,4,Azerbaijan Grand Prix,842,Gasly,12,0
992,2018,4,Azerbaijan Grand Prix,825,Magnussen,13,0
993,2018,5,Spanish Grand Prix,1,Hamilton,1,25
993,2018,5,Spanish Grand Prix,822,Bottas,2,18
993,2018,5,Spanish Grand Prix,830,Verstappen,3,15
993,2018,5,Spanish Grand Prix,20,Vettel,4,12
993,2018,5,Spanish Grand Prix,817,Ricciardo,5,10
993,2018,5,Spanish Grand Prix,825,Magnussen,6,8
993,2018,5,Spanish Grand Prix,832,Sainz,7,6
993,2018,5,Spanish Grand Prix,4,Alonso,8,4
993,2018,5,Spanish Grand Prix,815,Pérez,9,2
993,2018,5,Spanish Grand Prix,844,Leclerc,10,1
993,2018,5,Spanish Grand Prix,840,Stroll,11,0
993,2018,5,Spanish Grand Prix,843,Hartley,12,0
993,2018,5,Spanish Grand Prix,828,Ericsson,13,0
993,2018,5,Spanish Grand Prix,845,Sirotkin,14,0
994,2018,6,Monaco Grand Prix,817,Ricciardo,1,25
994,2018,6,Monaco Grand Prix,20,Vettel,2,18
994,2018,6,Monaco Grand Prix,1,Hamilton,3,15
994,2018,6,Monaco Grand Prix,8,Räikkönen,4,12
994,2018,6,Monaco Grand Prix,822,Bottas,5,10
994,2018,6,Monaco Grand Prix,839,Ocon,6,8
994,2018,6,Monaco Grand Prix,842,Gasly,7,6
994,2018,6,Monaco Grand Prix,807,Hülkenberg,8,4
994,2018,6,Monaco Grand Prix,830,Verstappen,9,2
994,2018,6,Monaco Grand Prix,832,Sainz,10,1
994,2018,6,Monaco Grand Prix,828,Ericsson,11,0
994,2018,6,Monaco Grand Prix,815,Pérez,12,0
994,2018,6,Monaco Grand Prix,825,Magnussen,13,0
994,2018,6,Monaco Grand Prix,838,Vandoorne,14,0
994,2018,6,Monaco Grand Prix,154,Grosjean,15,0
994,2018,6,Monaco Grand Prix,845,Sirotkin,16,0
994,2018,6,Monaco Grand Prix,840,Stroll,17,0
995,2018,7,Canadian Grand Prix,20,Vettel,1,25
995,2018,7,Canadian Grand Prix,822,Bottas,2,18
995,2018,7,Canadian Grand Prix,830,Verstappen,3,15
995,2018,7,Canadian Grand Prix,817,Ricciardo,4,12
995,2018,7,Canadian Grand Prix,1,Hamilton,5,10
995,2018,7,Canadian Grand Prix,8,Räikkönen,6,8
995,2018,7,Canadian Grand Prix,807,Hülkenberg,7,6
995,2018,7,Canadian Grand Prix,832,Sainz,8,4
995,2018,7,Canadian Grand Prix,839,Ocon,9,2
995,2018,7,Canadian Grand Prix,844,Leclerc,10,1
995,2018,7,Canadian Grand Prix,842,Gasly,11,0
995,2018,7,Canadian Grand Prix,154,Grosjean,12,0
995,2018,7,Canadian Grand Prix,825,Magnussen,13,0
995,2018,7,Canadian Grand Prix,815,Pérez,14,0
995,2018,7,Canadian Grand Prix,828,Ericsson,15,0
995,2018,7,Canadian Grand Prix,838,Vandoorne,16,0
995,2018,7,Canadian Grand Prix,845,Sirotkin,17,0
996,2018,8,French Grand Prix,1,Hamilton,1,25
996,2018,8,French Grand Prix,830,Verstappen,2,18
996,2018,8,French Grand Prix,8,Räikkönen,3,15
996,2018,8,French Grand Prix,817,Ricciardo,4,12
996,2018,8,French Grand Prix,20,Vettel,5,10
996,2018,8,French Grand Prix,825,Magnussen,6,8
996,2018,8,French Grand Prix,822,Bottas,7,6
996,2018,8,French Grand Prix,832,Sainz,8,4
996,2018,8,French Grand Prix,807,Hülkenberg,9,2
996,2018,8,French Grand Prix,844,Leclerc,10,1
996,2018,8,French Grand Prix,154,Grosjean,11,0
996,2018,8,French Grand Prix,838,Vandoorne,12,0
996,2018,8,French Grand Prix,828,Ericsson,13,0
996,2018,8,French Grand Prix,843,Hartley,14,0
996,2018,8,French Grand Prix,845,Sirotkin,15,0
996,2018,8,French Grand Prix,4,Alonso,16,0
996,2018,8,French Grand Prix,840,Stroll,17,0
997,2018,9,Austrian Grand Prix,830,Verstappen,1,25
997,2018,9,Austrian Grand Prix,8,Räikkönen,2,18
997,2018,9,Austrian Grand Prix,20,Vettel,3,15
997,2018,9,Austrian Grand Prix,154,Grosjean,4,12
997,2018,9,Austrian Grand Prix,825,Magnussen,5,10
997,2018,9,Austrian Grand Prix,839,Ocon,6,8
997,2018,9,Austrian Grand Prix,815,Pérez,7,6
997,2018,9,Austrian Grand Prix,4,Alonso,8,4
997,2018,9,Austrian Grand Prix,844,Leclerc,9,2
997,2018,9,Austrian Grand Prix,828,Ericsson,10,1
997,2018,9,Austrian Grand Prix,842,Gasly,11,0
997,2018,9,Austrian Grand Prix,832,Sainz,12,0
997,2018,9,Austrian Grand Prix,845,Sirotkin,13,0
997,2018,9,Austrian Grand Prix,840,Stroll,14,0
997,2018,9,Austrian Grand Prix,838,Vandoorne,15,0
998,2018,10,British Grand Prix,20,Vettel,1,25
998,2018,10,British Grand Prix,1,Hamilton,2,18
998,2018,10,British Grand Prix,8,Räikkönen,3,15
998,2018,10,British Grand Prix,822,Bottas,4,12
998,2018,10,British Grand Prix,817,Ricciardo,5,10
998,2018,10,British Grand Prix,807,Hülkenberg,6,8
998,2018,10,British Grand Prix,839,Ocon,7,6
998,2018,10,British Grand Prix,4,Alonso,8,4
998,2018,10,British Grand Prix,825,Magnussen,9,2
998,2018,10,British Grand Prix,815,Pérez,10,1
998,2018,10,British Grand Prix,838,Vandoorne,11,0
998,2018,10,British Grand Prix,840,Stroll,12,0
998,2018,10,British Grand Prix,842,Gasly,13,0
998,2018,10,British Grand Prix,845,Sirotkin,14,0
999,2018,11,German Grand Prix,1,Hamilton,1,25
999,2018,11,German Grand Prix,822,Bottas,2,18
999,2018,11,German Grand Prix,8,Räikkönen,3,15
999,2018,11,German Grand Prix,830,Verstappen,4,12
999,2018,11,German Grand Prix,807,Hülkenberg,5,10
999,2018,11,German Grand Prix,154,Grosjean,6,8
999,2018,11,German Grand Prix,815,Pérez,7,6
999,2018,11,German Grand Prix,839,Ocon,8,4
999,2018,11,German Grand Prix,828,Ericsson,9,2
999,2018,11,German Grand Prix,843,Hartley,10,1
999,2018,11,German Grand Prix,825,Magnussen,11,0
999,2018,11,German Grand Prix,832,Sainz,12,0
999,2018,11,German Grand Prix,838,Vandoorne,13,0
999,2018,11,German Grand Prix,842,Gasly,14,0
999,2018,11,German Grand Prix,844,Leclerc,15,0
999,2018,11,German Grand Prix,4,Alonso,16,0
1000,2018,12,Hungarian Grand Prix,1,Hamilton,1,25
1000,2018,12,Hungarian Grand Prix,20,Vettel,2,18
1000,2018,12,Hungarian Grand Prix,8,Räikkönen,3,15
1000,2018,12,Hungarian Grand Prix,817,Ricciardo,4,12
1000,2018,12,Hungarian Grand Prix,822,Bottas,5,10
1000,2018,12,Hungarian Grand Prix,842,Gasly,6,8
1000,2018,12,Hungarian Grand Prix,825,Magnussen,7,6
1000,2018,12,Hungarian Grand Prix,4,Alonso,8,4
1000,2018,12,Hungarian Grand Prix,832,Sainz,9,2
1000,2018,12,Hungarian Grand Prix,154,Grosjean,10,1
1000,2018,12,Hungarian Grand Prix,843,Hartley,11,0
1000,2018,12,Hungarian Grand Prix,807,Hülkenberg,12,0
1000,2018,12,Hungarian Grand Prix,839,Ocon,13,0
1000,2018,12,Hungarian Grand Prix,815,Pérez,14,0
1000,2018,12,Hungarian Grand Prix,828,Ericsson,15,0
1000,2018,12,Hungarian Grand Prix,845,Sirotkin,16,0
1000,2018,12,Hungarian Grand Prix,840,Stroll,17,0
1001,2018,13,Belgian Grand Prix,20,Vettel,1,25
1001,2018,13,Belgian Grand Prix,1,Hamilton,2,18
1001,2018,13,Belgian Grand Prix,830,Verstappen,3,15
1001,2018,13,Belgian Grand Prix,822,Bottas,4,12
1001,2018,13,Belgian Grand Prix,815,Pérez,5,10
1001,2018,13,Belgian Grand Prix,839,Ocon,6,8
1001,2018,13,Belgian Grand Prix,154,Grosjean,7,6
1001,2018,13,Belgian Grand Prix,825,Magnussen,8,4
1001,2018,13,Belgian Grand Prix,842,Gasly,9,2
1001,2018,13,Belgian Grand Prix,828,Ericsson,10,1
1001,2018,13,Belgian Grand Prix,832,Sainz,11,0
1001,2018,13,Belgian Grand Prix,845,Sirotkin,12,0
1001,2018,13,Belgian Grand Prix,840,Stroll,13,0
1001,2018,13,Belgian Grand Prix,843,Hartley,14,0
1001,2018,13,Belgian Grand Prix,838,Vandoorne,15,0
1002,2018,14,Italian Grand Prix,1,Hamilton,1,25
1002,2018,14,Italian Grand Prix,8,Räikkönen,2,18
1002,2018,14,Italian Grand Prix,822,Bottas,3,15
1002,2018,14,Italian Grand Prix,20,Vettel,4,12
1002,2018,14,Italian Grand Prix,830,Verstappen,5,10
1002,2018,14,Italian Grand Prix,839,Ocon,6,8
1002,2018,14,Italian Grand Prix,815,Pérez,7,6
1002,2018,14,Italian Grand Prix,832,Sainz,8,4
1002,2018,14,Italian Grand Prix,840,Stroll,9,2
1002,2018,14,Italian Grand Prix,845,Sirotkin,10,1
1002,2018,14,Italian Grand Prix,844,Leclerc,11,0
1002,2018,14,Italian Grand Prix,838,Vandoorne,12,0
1002,2018,14,Italian Grand Prix,807,Hülkenberg,13,0
1002,2018,14,Italian Grand Prix,842,Gasly,14,0
1002,2018,14,Italian Grand Prix,828,Ericsson,15,0
1002,2018,14,Italian Grand Prix,825,Magnussen,16,0
1003,2018,15,Singapore Grand Prix,1,Hamilton,1,25
1003,2018,15,Singapore Grand Prix,830,Verstappen,2,18
1003,2018,15,Singapore Grand Prix,20,Vettel,3,15
1003,2018,15,Singapore Grand Prix,822,Bottas,4,12
1003,2018,15,Singapore Grand Prix,8,Räikkönen,5,10
1003,2018,15,Singapore Grand Prix,817,Ricciardo,6,8
1003,2018,15,Singapore Grand Prix,4,Alonso,7,6
1003,2018,15,Singapore Grand Prix,832,Sainz,8,4
1003,2018,15,Singapore Grand Prix,844,Leclerc,9,2
1003,2018,15,Singapore Grand Prix,807,Hülkenberg,10,1
1003,2018,15,Singapore Grand Prix,828,Ericsson,11,0
1003,2018,15,Singapore Grand Prix,838,Vandoorne,12,0
1003,2018,15,Singapore Grand Prix,842,Gasly,13,0
1003,2018,15,Singapore Grand Prix,840,Stroll,14,0
1003,2018,15,Singapore Grand Prix,154,Grosjean,15,0
1003,2018,15,Singapore Grand Prix,815,Pérez,16,0
1003,2018,15,Singapore Grand Prix,843,Hartley,17,0
1003,2018,15,Singapore Grand Prix,825,Magnussen,18,0
1003,2018,15,Singapore Grand Prix,845,Sirotkin,19,0
1004,2018,16,Russian Grand Prix,1,Hamilton,1,25
1004,2018,16,Russian Grand Prix,822,Bottas,2,18
1004,2018,16,Russian Grand Prix,20,Vettel,3,15
1004,2018,16,Russian Grand Prix,8,Räikkönen,4,12
1004,2018,16,Russian Grand Prix,830,Verstappen,5,10
1004,2018,16,Russian Grand Prix,817,Ricciardo,6,8
1004,2018,16,Russian Grand Prix,844,Leclerc,7,6
1004,2018,16,Russian Grand Prix,825,Magnussen,8,4
1004,2018,16,Russian Grand Prix,839,Ocon,9,2
1004,2018,16,Russian Grand Prix,815,Pérez,10,1
1004,2018,16,Russian Grand Prix,154,Grosjean,11,0
1004,2018,16,Russian Grand Prix,807,Hülkenberg,12,0
1004,2018,16,Russian Grand Prix,828,Ericsson,13,0
1004,2018,16,Russian Grand Prix,4,Alonso,14,0
1004,2018,16,Russian Grand Prix,840,Stroll,15,0
1004,2018,16,Russian Grand Prix,838,Vandoorne,16,0
1004,2018,16,Russian Grand Prix,832,Sainz,17,0
1004,2018,16,Russian Grand Prix,845,Sirotkin,18,0
1005,2018,17,Japanese Grand Prix,1,Hamilton,1,25
1005,2018,17,Japanese Grand Prix,822,Bottas,2,18
1005,2018,17,Japanese Grand Prix,830,Verstappen,3,15
1005,2018,17,Japanese Grand Prix,817,Ricciardo,4,12
1005,2018,17,Japanese Grand Prix,8,Räikkönen,5,10
1005,2018,17,Japanese Grand Prix,20,Vettel,6,8
1005,2018,17,Japanese Grand Prix,815,Pérez,7,6
1005,2018,17,Japanese Grand Prix,154,Grosjean,8,4
1005,2018,17,Japanese Grand Prix,839,Ocon,9,2
1005,2018,17,Japanese Grand Prix,832,Sainz,10,1
1005,2018,17,Japanese Grand Prix,842,Gasly,11,0
1005,2018,17,Japanese Grand Prix,828,Ericsson,12,0
1005,2018,17,Japanese Grand Prix,843,Hartley,13,0
1005,2018,17,Japanese Grand Prix,4,Alonso,14,0
1005,2018,17,Japanese Grand Prix,838,Vandoorne,15,0
1005,2018,17,Japanese Grand Prix,845,Sirotkin,16,0
1005,2018,17,Japanese Grand Prix,840,Stroll,17,0
1006,2018,18,United States Grand Prix,8,Räikkönen,1,25
1006,2018,18,United States Grand Prix,830,Verstappen,2,18
1006,2018,18,United States Grand Prix,1,Hamilton,3,15
1006,2018,18,United States Grand Prix,20,Vettel,4,12
1006,2018,18,United States Grand Prix,822,Bottas,5,10
1006,2018,18,United States Grand Prix,807,Hülkenberg,6,8
1006,2018,18,United States Grand Prix,832,Sainz,7,6
1006,2018,18,United States Grand Prix,815,Pérez,8,4
1006,2018,18,United States Grand Prix,843,Hartley,9,2
1006,2018,18,United States Grand Prix,828,Ericsson,10,1
1006,2018,18,United States Grand Prix,838,Vandoorne,11,0
1006,2018,18,United States Grand Prix,842,Gasly,12,0
1006,2018,18,United States Grand Prix,845,Sirotkin,13,0
1006,2018,18,United States Grand Prix,840,Stroll,14,0
1007,2018,19,Mexican Grand Prix,830,Verstappen,1,25
1007,2018,19,Mexican Grand Prix,20,Vettel,2,18
1007,2018,19,Mexican Grand Prix,8,Räikkönen,3,15
1007,2018,19,Mexican Grand Prix,1,Hamilton,4,12
1007,2018,19,Mexican Grand Prix,822,Bottas,5,10
1007,2018,19,Mexican Grand Prix,807,Hülkenberg,6,8
1007,2018,19,Mexican Grand Prix,844,Leclerc,7,6
1007,2018,19,Mexican Grand Prix,838,Vandoorne,8,4
1007,2018,19,Mexican Grand Prix,828,Ericsson,9,2
1007,2018,19,Mexican Grand Prix,842,Gasly,10,1
1007,2018,19,Mexican Grand Prix,839,Ocon,11,0
1007,2018,19,Mexican Grand Prix,840,Stroll,12,0
1007,2018,19,Mexican Grand Prix,845,Sirotkin,13,0
1007,2018,19,Mexican Grand Prix,843,Hartley,14,0
1007,2018,19,Mexican Grand Prix,825,Magnussen,15,0
1007,2018,19,Mexican Grand Prix,154,Grosjean,16,0
1008,2018,20,Brazilian Grand Prix,1,Hamilton,1,25
1008,2018,20,Brazilian Grand Prix,830,Verstappen,2,18
1008,2018,20,Brazilian Grand Prix,8,Räikkönen,3,15
1008,2018,20,Brazilian Grand Prix,817,Ricciardo,4,12
1008,2018,20,Brazilian Grand Prix,822,Bottas,5,10
1008,2018,20,Brazilian Grand Prix,20,Vettel,6,8
1008,2018,20,Brazilian Grand Prix,844,Leclerc,7,6
1008,2018,20,Brazilian Grand Prix,154,Grosjean,8,4
1008,2018,20,Brazilian Grand Prix,825,Magnussen,9,2
1008,2018,20,Brazilian Grand Prix,815,Pérez,10,1
1008,2018,20,Brazilian Grand Prix,843,Hartley,11,0
1008,2018,20,Brazilian Grand Prix,832,Sainz,12,0
1008,2018,20,Brazilian Grand Prix,842,Gasly,13,0
1008,2018,20,Brazilian Grand Prix,838,Vandoorne,14,0
1008,2018,20,Brazilian Grand Prix,839,Ocon,15,0
1008,2018,20,Brazilian Grand Prix,845,Sirotkin,16,0
1008,2018,20,Brazilian Grand Prix,4,Alonso,17,0
1008,2018,20,Brazilian Grand Prix,840,Stroll,18,0
1009,2018,21,Abu Dhabi Grand Prix,1,Hamilton,1,25
1009,2018,21,Abu Dhabi Grand Prix,20,Vettel,2,18
1009,2018,21,Abu Dhabi Grand Prix,830,Verstappen,3,15
1009,2018,21,Abu Dhabi Grand Prix,817,Ricciardo,4,12
1009,2018,21,Abu Dhabi Grand Prix,822,Bottas,5,10
1009,2018,21,Abu Dhabi Grand Prix,832,Sainz,6,8
1009,2018,21,Abu Dhabi Grand Prix,844,Leclerc,7,6
1009,2018,21,Abu Dhabi Grand Prix,815,Pérez,8,4
1009,2018,21,Abu Dhabi Grand Prix,154,Grosjean,9,2
1009,2018,21,Abu Dhabi Grand Prix,825,Magnussen,10,1
1009,2018,21,Abu Dhabi Grand Prix,4,Alonso,11,0
1009,2018,21,Abu Dhabi Grand Prix,843,Hartley,12,0
1009,2018,21,Abu Dhabi Grand Prix,840,Stroll,13,0
1009,2018,21,Abu Dhabi Grand Prix,838,Vandoorne,14,0
1009,2018,21,Abu Dhabi Grand Prix,845,Sirotkin,15,0
1010,2019,1,Australian Grand Prix,822,Bottas,1,26
1010,2019,1,Australian Grand Prix,1,Hamilton,2,18
1010,2019,1,Australian Grand Prix,830,Verstappen,3,15
1010,2019,1,Australian Grand Prix,20,Vettel,4,12
1010,2019,1,Australian Grand Prix,844,Leclerc,5,10
1010,2019,1,Australian Grand Prix,825,Magnussen,6,8
1010,2019,1,Australian Grand Prix,807,Hülkenberg,7,6
1010,2019,1,Australian Grand Prix,8,Räikkönen,8,4
1010,2019,1,Australian Grand Prix,840,Stroll,9,2
1010,2019,1,Australian Grand Prix,826,Kvyat,10,1
1010,2019,1,Australian Grand Prix,842,Gasly,11,0
1010,2019,1,Australian Grand Prix,846,Norris,12,0
1010,2019,1,Australian Grand Prix,815,Pérez,13,0
1010,2019,1,Australian Grand Prix,848,Albon,14,0
1010,2019,1,Australian Grand Prix,841,Giovinazzi,15,0
1010,2019,1,Australian Grand Prix,847,Russell,16,0
1010,2019,1,Australian Grand Prix,9,Kubica,17,0
1011,2019,2,Bahrain Grand Prix,1,Hamilton,1,25
1011,2019,2,Bahrain Grand Prix,822,Bottas,2,18
1011,2019,2,Bahrain Grand Prix,844,Leclerc,3,16
1011,2019,2,Bahrain Grand Prix,830,Verstappen,4,12
1011,2019,2,Bahrain Grand Prix,20,Vettel,5,10
1011,2019,2,Bahrain Grand Prix,846,Norris,6,8
1011,2019,2,Bahrain Grand Prix,8,Räikkönen,7,6
1011,2019,2,Bahrain Grand Prix,842,Gasly,8,4
1011,2019,2,Bahrain Grand Prix,848,Albon,9,2
1011,2019,2,Bahrain Grand Prix,815,Pérez,10,1
1011,2019,2,Bahrain Grand Prix,841,Giovinazzi,11,0
1011,2019,2,Bahrain Grand Prix,826,Kvyat,12,0
1011,2019,2,Bahrain Grand Prix,825,Magnussen,13,0
1011,2019,2,Bahrain Grand Prix,840,Stroll,14,0
1011,2019,2,Bahrain Grand Prix,847,Russell,15,0
1011,2019,2,Bahrain Grand Prix,9,Kubica,16,0
1012,2019,3,Chinese Grand Prix,1,Hamilton,1,25
1012,2019,3,Chinese Grand Prix,822,Bottas,2,18
1012,2019,3,Chinese Grand Prix,20,Vettel,3,15
1012,2019,3,Chinese Grand Prix,830,Verstappen,4,12
1012,2019,3,Chinese Grand Prix,844,Leclerc,5,10
1012,2019,3,Chinese Grand Prix,842,Gasly,6,9
1012,2019,3,Chinese Grand Prix,817,Ricciardo,7,6
1012,2019,3,Chinese Grand Prix,815,Pérez,8,4
1012,2019,3,Chinese Grand Prix,8,Räikkönen,9,2
1012,2019,3,Chinese Grand Prix,848,Albon,10,1
1012,2019,3,Chinese Grand Prix,154,Grosjean,11,0
1012,2019,3,Chinese Grand Prix,840,Stroll,12,0
1012,2019,3,Chinese Grand Prix,825,Magnussen,13,0
1012,2019,3,Chinese Grand Prix,832,Sainz,14,0
1012,2019,3,Chinese Grand Prix,841,Giovinazzi,15,0
1012,2019,3,Chinese Grand Prix,847,Russell,16,0
1012,2019,3,Chinese Grand Prix,9,Kubica,17,0
1012,2019,3,Chinese Grand Prix,846,Norris,18,0
1013,2019,4,Azerbaijan Grand Prix,822,Bottas,1,25
1013,2019,4,Azerbaijan Grand Prix,1,Hamilton,2,18
1013,2019,4,Azerbaijan Grand Prix,20,Vettel,3,15
1013,2019,4,Azerbaijan Grand Prix,830,Verstappen,4,12
1013,2019,4,Azerbaijan Grand Prix,844,Leclerc,5,11
1013,2019,4,Azerbaijan Grand Prix,815,Pérez,6,8
1013,2019,4,Azerbaijan Grand Prix,832,Sainz,7,6
1013,2019,4,Azerbaijan Grand Prix,846,Norris,8,4
1013,2019,4,Azerbaijan Grand Prix,840,Stroll,9,2
1013,2019,4,Azerbaijan Grand Prix,8,Räikkönen,10,1
1013,2019,4,Azerbaijan Grand Prix,848,Albon,11,0
1013,2019,4,Azerbaijan Grand Prix,841,Giovinazzi,12,0
1013,2019,4,Azerbaijan Grand Prix,825,Magnussen,13,0
1013,2019,4,Azerbaijan Grand Prix,807,Hülkenberg,14,0
1013,2019,4,Azerbaijan Grand Prix,847,Russell,15,0
1013,2019,4,Azerbaijan Grand Prix,9,Kubica,16,0
1014,2019,5,Spanish Grand Prix,1,Hamilton,1,26
1014,2019,5,Spanish Grand Prix,822,Bottas,2,18
1014,2019,5,Spanish Grand Prix,830,Verstappen,3,15
1014,2019,5,Spanish Grand Prix,20,Vettel,4,12
1014,2019,5,Spanish Grand Prix,844,Leclerc,5,10
1014,2019,5,Spanish Grand Prix,842,Gasly,6,8
1014,2019,5,Spanish Grand Prix,825,Magnussen,7,6
1014,2019,5,Spanish Grand Prix,832,Sainz,8,4
1014,2019,5,Spanish Grand Prix,826,Kvyat,9,2
1014,2019,5,Spanish Grand Prix,154,Grosjean,10,1
1014,2019,5,Spanish Grand Prix,848,Albon,11,0
1014,2019,5,Spanish Grand Prix,817,Ricciardo,12,0
1014,2019,5,Spanish Grand Prix,807,Hülkenberg,13,0
1014,2019,5,Spanish Grand Prix,8,Räikkönen,14,0
1014,2019,5,Spanish Grand Prix,815,Pérez,15,0
1014,2019,5,Spanish Grand Prix,841,Giovinazzi,16,0
1014,2019,5,Spanish Grand Prix,847,Russell,17,0
1014,2019,5,Spanish Grand Prix,9,Kubica,18,0
745,1961,8,United States Grand Prix,418,Gregory,11,0
1015,2019,6,Monaco Grand Prix,1,Hamilton,1,25
1015,2019,6,Monaco Grand Prix,20,Vettel,2,18
1015,2019,6,Monaco Grand Prix,822,Bottas,3,15
1015,2019,6,Monaco Grand Prix,830,Verstappen,4,12
1015,2019,6,Monaco Grand Prix,842,Gasly,5,11
1015,2019,6,Monaco Grand Prix,832,Sainz,6,8
1015,2019,6,Monaco Grand Prix,826,Kvyat,7,6
1015,2019,6,Monaco Grand Prix,848,Albon,8,4
1015,2019,6,Monaco Grand Prix,817,Ricciardo,9,2
1015,2019,6,Monaco Grand Prix,154,Grosjean,10,1
1015,2019,6,Monaco Grand Prix,846,Norris,11,0
1015,2019,6,Monaco Grand Prix,825,Magnussen,14,0
1015,2019,6,Monaco Grand Prix,815,Pérez,12,0
1015,2019,6,Monaco Grand Prix,807,Hülkenberg,13,0
1015,2019,6,Monaco Grand Prix,847,Russell,15,0
1015,2019,6,Monaco Grand Prix,840,Stroll,16,0
1015,2019,6,Monaco Grand Prix,8,Räikkönen,17,0
1015,2019,6,Monaco Grand Prix,9,Kubica,18,0
1015,2019,6,Monaco Grand Prix,841,Giovinazzi,19,0
1016,2019,7,Canadian Grand Prix,1,Hamilton,1,25
1016,2019,7,Canadian Grand Prix,20,Vettel,2,18
1016,2019,7,Canadian Grand Prix,844,Leclerc,3,15
1016,2019,7,Canadian Grand Prix,822,Bottas,4,13
1016,2019,7,Canadian Grand Prix,830,Verstappen,5,10
1016,2019,7,Canadian Grand Prix,817,Ricciardo,6,8
1016,2019,7,Canadian Grand Prix,807,Hülkenberg,7,6
1016,2019,7,Canadian Grand Prix,842,Gasly,8,4
1016,2019,7,Canadian Grand Prix,840,Stroll,9,2
1016,2019,7,Canadian Grand Prix,826,Kvyat,10,1
1016,2019,7,Canadian Grand Prix,832,Sainz,11,0
1016,2019,7,Canadian Grand Prix,815,Pérez,12,0
1016,2019,7,Canadian Grand Prix,841,Giovinazzi,13,0
1016,2019,7,Canadian Grand Prix,154,Grosjean,14,0
1016,2019,7,Canadian Grand Prix,8,Räikkönen,15,0
1016,2019,7,Canadian Grand Prix,847,Russell,16,0
1016,2019,7,Canadian Grand Prix,825,Magnussen,17,0
1016,2019,7,Canadian Grand Prix,9,Kubica,18,0
1017,2019,8,French Grand Prix,1,Hamilton,1,25
1017,2019,8,French Grand Prix,822,Bottas,2,18
1017,2019,8,French Grand Prix,844,Leclerc,3,15
1017,2019,8,French Grand Prix,830,Verstappen,4,12
1017,2019,8,French Grand Prix,20,Vettel,5,11
1017,2019,8,French Grand Prix,832,Sainz,6,8
1017,2019,8,French Grand Prix,8,Räikkönen,7,6
1017,2019,8,French Grand Prix,807,Hülkenberg,8,4
1017,2019,8,French Grand Prix,846,Norris,9,2
1017,2019,8,French Grand Prix,842,Gasly,10,1
1017,2019,8,French Grand Prix,817,Ricciardo,11,0
1017,2019,8,French Grand Prix,815,Pérez,12,0
1017,2019,8,French Grand Prix,840,Stroll,13,0
1017,2019,8,French Grand Prix,826,Kvyat,14,0
1017,2019,8,French Grand Prix,848,Albon,15,0
1017,2019,8,French Grand Prix,841,Giovinazzi,16,0
1017,2019,8,French Grand Prix,825,Magnussen,17,0
1017,2019,8,French Grand Prix,9,Kubica,18,0
1017,2019,8,French Grand Prix,847,Russell,19,0
1017,2019,8,French Grand Prix,154,Grosjean,20,0
1018,2019,9,Austrian Grand Prix,830,Verstappen,1,26
1018,2019,9,Austrian Grand Prix,844,Leclerc,2,18
1018,2019,9,Austrian Grand Prix,822,Bottas,3,15
1018,2019,9,Austrian Grand Prix,20,Vettel,4,12
1018,2019,9,Austrian Grand Prix,1,Hamilton,5,10
1018,2019,9,Austrian Grand Prix,846,Norris,6,8
1018,2019,9,Austrian Grand Prix,842,Gasly,7,6
1018,2019,9,Austrian Grand Prix,832,Sainz,8,4
1018,2019,9,Austrian Grand Prix,8,Räikkönen,9,2
1018,2019,9,Austrian Grand Prix,841,Giovinazzi,10,1
1018,2019,9,Austrian Grand Prix,815,Pérez,11,0
1018,2019,9,Austrian Grand Prix,817,Ricciardo,12,0
1018,2019,9,Austrian Grand Prix,807,Hülkenberg,13,0
1018,2019,9,Austrian Grand Prix,840,Stroll,14,0
1018,2019,9,Austrian Grand Prix,848,Albon,15,0
1018,2019,9,Austrian Grand Prix,154,Grosjean,16,0
1018,2019,9,Austrian Grand Prix,826,Kvyat,17,0
1018,2019,9,Austrian Grand Prix,847,Russell,18,0
1018,2019,9,Austrian Grand Prix,825,Magnussen,19,0
1018,2019,9,Austrian Grand Prix,9,Kubica,20,0
1019,2019,10,British Grand Prix,1,Hamilton,1,26
1019,2019,10,British Grand Prix,822,Bottas,2,18
1019,2019,10,British Grand Prix,844,Leclerc,3,15
1019,2019,10,British Grand Prix,842,Gasly,4,12
1019,2019,10,British Grand Prix,830,Verstappen,5,10
1019,2019,10,British Grand Prix,832,Sainz,6,8
1019,2019,10,British Grand Prix,817,Ricciardo,7,6
1019,2019,10,British Grand Prix,8,Räikkönen,8,4
1019,2019,10,British Grand Prix,826,Kvyat,9,2
1019,2019,10,British Grand Prix,807,Hülkenberg,10,1
1019,2019,10,British Grand Prix,846,Norris,11,0
1019,2019,10,British Grand Prix,848,Albon,12,0
1019,2019,10,British Grand Prix,840,Stroll,13,0
1019,2019,10,British Grand Prix,847,Russell,14,0
1019,2019,10,British Grand Prix,9,Kubica,15,0
1019,2019,10,British Grand Prix,20,Vettel,16,0
1019,2019,10,British Grand Prix,815,Pérez,17,0
1020,2019,11,German Grand Prix,830,Verstappen,1,26
1020,2019,11,German Grand Prix,20,Vettel,2,18
1020,2019,11,German Grand Prix,826,Kvyat,3,15
1020,2019,11,German Grand Prix,840,Stroll,4,12
1020,2019,11,German Grand Prix,832,Sainz,5,10
1020,2019,11,German Grand Prix,848,Albon,6,8
1020,2019,11,German Grand Prix,154,Grosjean,7,6
1020,2019,11,German Grand Prix,825,Magnussen,8,4
1020,2019,11,German Grand Prix,1,Hamilton,9,2
1020,2019,11,German Grand Prix,9,Kubica,10,1
1020,2019,11,German Grand Prix,847,Russell,11,0
1020,2019,11,German Grand Prix,8,Räikkönen,12,0
1020,2019,11,German Grand Prix,841,Giovinazzi,13,0
1020,2019,11,German Grand Prix,842,Gasly,14,0
1021,2019,12,Hungarian Grand Prix,1,Hamilton,1,25
1021,2019,12,Hungarian Grand Prix,830,Verstappen,2,19
1021,2019,12,Hungarian Grand Prix,20,Vettel,3,15
1021,2019,12,Hungarian Grand Prix,844,Leclerc,4,12
1021,2019,12,Hungarian Grand Prix,832,Sainz,5,10
1021,2019,12,Hungarian Grand Prix,842,Gasly,6,8
1021,2019,12,Hungarian Grand Prix,8,Räikkönen,7,6
1021,2019,12,Hungarian Grand Prix,822,Bottas,8,4
1021,2019,12,Hungarian Grand Prix,846,Norris,9,2
1021,2019,12,Hungarian Grand Prix,848,Albon,10,1
1021,2019,12,Hungarian Grand Prix,815,Pérez,11,0
1021,2019,12,Hungarian Grand Prix,807,Hülkenberg,12,0
1021,2019,12,Hungarian Grand Prix,825,Magnussen,13,0
1021,2019,12,Hungarian Grand Prix,817,Ricciardo,14,0
1021,2019,12,Hungarian Grand Prix,826,Kvyat,15,0
1021,2019,12,Hungarian Grand Prix,847,Russell,16,0
1021,2019,12,Hungarian Grand Prix,840,Stroll,17,0
1021,2019,12,Hungarian Grand Prix,841,Giovinazzi,18,0
1021,2019,12,Hungarian Grand Prix,9,Kubica,19,0
1022,2019,13,Belgian Grand Prix,844,Leclerc,1,25
1022,2019,13,Belgian Grand Prix,1,Hamilton,2,18
1022,2019,13,Belgian Grand Prix,822,Bottas,3,15
1022,2019,13,Belgian Grand Prix,20,Vettel,4,13
1022,2019,13,Belgian Grand Prix,848,Albon,5,10
1022,2019,13,Belgian Grand Prix,815,Pérez,6,8
1022,2019,13,Belgian Grand Prix,826,Kvyat,7,6
1022,2019,13,Belgian Grand Prix,807,Hülkenberg,8,4
1022,2019,13,Belgian Grand Prix,842,Gasly,9,2
1022,2019,13,Belgian Grand Prix,840,Stroll,10,1
1022,2019,13,Belgian Grand Prix,846,Norris,11,0
1022,2019,13,Belgian Grand Prix,825,Magnussen,12,0
1022,2019,13,Belgian Grand Prix,154,Grosjean,13,0
1022,2019,13,Belgian Grand Prix,817,Ricciardo,14,0
1022,2019,13,Belgian Grand Prix,847,Russell,15,0
1022,2019,13,Belgian Grand Prix,8,Räikkönen,16,0
1022,2019,13,Belgian Grand Prix,9,Kubica,17,0
1022,2019,13,Belgian Grand Prix,841,Giovinazzi,18,0
1023,2019,14,Italian Grand Prix,844,Leclerc,1,25
1023,2019,14,Italian Grand Prix,822,Bottas,2,18
1023,2019,14,Italian Grand Prix,1,Hamilton,3,16
1023,2019,14,Italian Grand Prix,817,Ricciardo,4,12
1023,2019,14,Italian Grand Prix,807,Hülkenberg,5,10
1023,2019,14,Italian Grand Prix,848,Albon,6,8
1023,2019,14,Italian Grand Prix,815,Pérez,7,6
1023,2019,14,Italian Grand Prix,830,Verstappen,8,4
1023,2019,14,Italian Grand Prix,841,Giovinazzi,9,2
1023,2019,14,Italian Grand Prix,846,Norris,10,1
1023,2019,14,Italian Grand Prix,842,Gasly,11,0
1023,2019,14,Italian Grand Prix,840,Stroll,12,0
1023,2019,14,Italian Grand Prix,20,Vettel,13,0
1023,2019,14,Italian Grand Prix,847,Russell,14,0
1023,2019,14,Italian Grand Prix,8,Räikkönen,15,0
1023,2019,14,Italian Grand Prix,154,Grosjean,16,0
1023,2019,14,Italian Grand Prix,9,Kubica,17,0
1024,2019,15,Singapore Grand Prix,20,Vettel,1,25
1024,2019,15,Singapore Grand Prix,844,Leclerc,2,18
1024,2019,15,Singapore Grand Prix,830,Verstappen,3,15
1024,2019,15,Singapore Grand Prix,1,Hamilton,4,12
1024,2019,15,Singapore Grand Prix,822,Bottas,5,10
1024,2019,15,Singapore Grand Prix,848,Albon,6,8
1024,2019,15,Singapore Grand Prix,846,Norris,7,6
1024,2019,15,Singapore Grand Prix,842,Gasly,8,4
1024,2019,15,Singapore Grand Prix,807,Hülkenberg,9,2
1024,2019,15,Singapore Grand Prix,841,Giovinazzi,10,1
1024,2019,15,Singapore Grand Prix,154,Grosjean,11,0
1024,2019,15,Singapore Grand Prix,832,Sainz,12,0
1024,2019,15,Singapore Grand Prix,840,Stroll,13,0
1024,2019,15,Singapore Grand Prix,817,Ricciardo,14,0
1024,2019,15,Singapore Grand Prix,826,Kvyat,15,0
1024,2019,15,Singapore Grand Prix,9,Kubica,16,0
1024,2019,15,Singapore Grand Prix,825,Magnussen,17,0
1025,2019,16,Russian Grand Prix,1,Hamilton,1,26
1025,2019,16,Russian Grand Prix,822,Bottas,2,18
1025,2019,16,Russian Grand Prix,844,Leclerc,3,15
1025,2019,16,Russian Grand Prix,830,Verstappen,4,12
1025,2019,16,Russian Grand Prix,848,Albon,5,10
1025,2019,16,Russian Grand Prix,832,Sainz,6,8
1025,2019,16,Russian Grand Prix,815,Pérez,7,6
1025,2019,16,Russian Grand Prix,846,Norris,8,4
1025,2019,16,Russian Grand Prix,825,Magnussen,9,2
1025,2019,16,Russian Grand Prix,807,Hülkenberg,10,1
1025,2019,16,Russian Grand Prix,840,Stroll,11,0
1025,2019,16,Russian Grand Prix,826,Kvyat,12,0
1025,2019,16,Russian Grand Prix,8,Räikkönen,13,0
1025,2019,16,Russian Grand Prix,842,Gasly,14,0
1025,2019,16,Russian Grand Prix,841,Giovinazzi,15,0
1026,2019,17,Japanese Grand Prix,822,Bottas,1,25
1026,2019,17,Japanese Grand Prix,20,Vettel,2,18
1026,2019,17,Japanese Grand Prix,1,Hamilton,3,16
1026,2019,17,Japanese Grand Prix,848,Albon,4,12
1026,2019,17,Japanese Grand Prix,832,Sainz,5,10
1026,2019,17,Japanese Grand Prix,844,Leclerc,6,8
1026,2019,17,Japanese Grand Prix,842,Gasly,7,6
1026,2019,17,Japanese Grand Prix,815,Pérez,8,4
1026,2019,17,Japanese Grand Prix,840,Stroll,9,2
1026,2019,17,Japanese Grand Prix,826,Kvyat,10,1
1026,2019,17,Japanese Grand Prix,846,Norris,11,0
1026,2019,17,Japanese Grand Prix,8,Räikkönen,12,0
1026,2019,17,Japanese Grand Prix,154,Grosjean,13,0
1026,2019,17,Japanese Grand Prix,841,Giovinazzi,14,0
1026,2019,17,Japanese Grand Prix,825,Magnussen,15,0
1026,2019,17,Japanese Grand Prix,847,Russell,16,0
1026,2019,17,Japanese Grand Prix,9,Kubica,17,0
1027,2019,18,Mexican Grand Prix,1,Hamilton,1,25
1027,2019,18,Mexican Grand Prix,20,Vettel,2,18
1027,2019,18,Mexican Grand Prix,822,Bottas,3,15
1027,2019,18,Mexican Grand Prix,844,Leclerc,4,13
1027,2019,18,Mexican Grand Prix,848,Albon,5,10
1027,2019,18,Mexican Grand Prix,830,Verstappen,6,8
1027,2019,18,Mexican Grand Prix,815,Pérez,7,6
1027,2019,18,Mexican Grand Prix,817,Ricciardo,8,4
1027,2019,18,Mexican Grand Prix,842,Gasly,9,2
1027,2019,18,Mexican Grand Prix,807,Hülkenberg,10,1
1027,2019,18,Mexican Grand Prix,826,Kvyat,11,0
1027,2019,18,Mexican Grand Prix,840,Stroll,12,0
1027,2019,18,Mexican Grand Prix,832,Sainz,13,0
1027,2019,18,Mexican Grand Prix,841,Giovinazzi,14,0
1027,2019,18,Mexican Grand Prix,825,Magnussen,15,0
1027,2019,18,Mexican Grand Prix,847,Russell,16,0
1027,2019,18,Mexican Grand Prix,154,Grosjean,17,0
1027,2019,18,Mexican Grand Prix,9,Kubica,18,0
1031,2020,1,Austrian Grand Prix,822,Bottas,1,25
1028,2019,19,United States Grand Prix,822,Bottas,1,25
1028,2019,19,United States Grand Prix,1,Hamilton,2,18
1028,2019,19,United States Grand Prix,830,Verstappen,3,15
1028,2019,19,United States Grand Prix,844,Leclerc,4,13
1028,2019,19,United States Grand Prix,848,Albon,5,10
1028,2019,19,United States Grand Prix,817,Ricciardo,6,8
1028,2019,19,United States Grand Prix,846,Norris,7,6
1028,2019,19,United States Grand Prix,832,Sainz,8,4
1028,2019,19,United States Grand Prix,807,Hülkenberg,9,2
1028,2019,19,United States Grand Prix,815,Pérez,10,1
1028,2019,19,United States Grand Prix,8,Räikkönen,11,0
1028,2019,19,United States Grand Prix,826,Kvyat,12,0
1028,2019,19,United States Grand Prix,840,Stroll,13,0
1028,2019,19,United States Grand Prix,841,Giovinazzi,14,0
1028,2019,19,United States Grand Prix,154,Grosjean,15,0
1028,2019,19,United States Grand Prix,842,Gasly,16,0
1028,2019,19,United States Grand Prix,847,Russell,17,0
1028,2019,19,United States Grand Prix,825,Magnussen,18,0
1029,2019,20,Brazilian Grand Prix,830,Verstappen,1,25
1029,2019,20,Brazilian Grand Prix,842,Gasly,2,18
1029,2019,20,Brazilian Grand Prix,832,Sainz,3,15
1029,2019,20,Brazilian Grand Prix,8,Räikkönen,4,12
1029,2019,20,Brazilian Grand Prix,841,Giovinazzi,5,10
1029,2019,20,Brazilian Grand Prix,817,Ricciardo,6,8
1029,2019,20,Brazilian Grand Prix,1,Hamilton,7,6
1029,2019,20,Brazilian Grand Prix,846,Norris,8,4
1029,2019,20,Brazilian Grand Prix,815,Pérez,9,2
1029,2019,20,Brazilian Grand Prix,826,Kvyat,10,1
1029,2019,20,Brazilian Grand Prix,825,Magnussen,11,0
1029,2019,20,Brazilian Grand Prix,847,Russell,12,0
1029,2019,20,Brazilian Grand Prix,154,Grosjean,13,0
1029,2019,20,Brazilian Grand Prix,848,Albon,14,0
1029,2019,20,Brazilian Grand Prix,807,Hülkenberg,15,0
1029,2019,20,Brazilian Grand Prix,9,Kubica,16,0
1029,2019,20,Brazilian Grand Prix,20,Vettel,17,0
1029,2019,20,Brazilian Grand Prix,844,Leclerc,18,0
1029,2019,20,Brazilian Grand Prix,840,Stroll,19,0
1030,2019,21,Abu Dhabi Grand Prix,1,Hamilton,1,26
1030,2019,21,Abu Dhabi Grand Prix,830,Verstappen,2,18
1030,2019,21,Abu Dhabi Grand Prix,844,Leclerc,3,15
1030,2019,21,Abu Dhabi Grand Prix,822,Bottas,4,12
1030,2019,21,Abu Dhabi Grand Prix,20,Vettel,5,10
1030,2019,21,Abu Dhabi Grand Prix,848,Albon,6,8
1030,2019,21,Abu Dhabi Grand Prix,815,Pérez,7,6
1030,2019,21,Abu Dhabi Grand Prix,846,Norris,8,4
1030,2019,21,Abu Dhabi Grand Prix,826,Kvyat,9,2
1030,2019,21,Abu Dhabi Grand Prix,832,Sainz,10,1
1030,2019,21,Abu Dhabi Grand Prix,817,Ricciardo,11,0
1030,2019,21,Abu Dhabi Grand Prix,807,Hülkenberg,12,0
1030,2019,21,Abu Dhabi Grand Prix,8,Räikkönen,13,0
1030,2019,21,Abu Dhabi Grand Prix,825,Magnussen,14,0
1030,2019,21,Abu Dhabi Grand Prix,154,Grosjean,15,0
1030,2019,21,Abu Dhabi Grand Prix,841,Giovinazzi,16,0
1030,2019,21,Abu Dhabi Grand Prix,847,Russell,17,0
1030,2019,21,Abu Dhabi Grand Prix,842,Gasly,18,0
1030,2019,21,Abu Dhabi Grand Prix,9,Kubica,19,0
1031,2020,1,Austrian Grand Prix,844,Leclerc,2,18
1031,2020,1,Austrian Grand Prix,846,Norris,3,16
1031,2020,1,Austrian Grand Prix,1,Hamilton,4,12
1031,2020,1,Austrian Grand Prix,832,Sainz,5,10
1031,2020,1,Austrian Grand Prix,815,Pérez,6,8
1031,2020,1,Austrian Grand Prix,842,Gasly,7,6
1031,2020,1,Austrian Grand Prix,839,Ocon,8,4
1031,2020,1,Austrian Grand Prix,841,Giovinazzi,9,2
1031,2020,1,Austrian Grand Prix,20,Vettel,10,1
1031,2020,1,Austrian Grand Prix,849,Latifi,11,0
1031,2020,1,Austrian Grand Prix,826,Kvyat,12,0
1031,2020,1,Austrian Grand Prix,848,Albon,13,0
1032,2020,2,Styrian Grand Prix,1,Hamilton,1,25
1032,2020,2,Styrian Grand Prix,822,Bottas,2,18
1032,2020,2,Styrian Grand Prix,830,Verstappen,3,15
1032,2020,2,Styrian Grand Prix,848,Albon,4,12
1032,2020,2,Styrian Grand Prix,846,Norris,5,10
1032,2020,2,Styrian Grand Prix,815,Pérez,6,8
1032,2020,2,Styrian Grand Prix,840,Stroll,7,6
1032,2020,2,Styrian Grand Prix,817,Ricciardo,8,4
1032,2020,2,Styrian Grand Prix,832,Sainz,9,3
1032,2020,2,Styrian Grand Prix,826,Kvyat,10,1
1032,2020,2,Styrian Grand Prix,8,Räikkönen,11,0
1032,2020,2,Styrian Grand Prix,825,Magnussen,12,0
1032,2020,2,Styrian Grand Prix,154,Grosjean,13,0
1032,2020,2,Styrian Grand Prix,841,Giovinazzi,14,0
1032,2020,2,Styrian Grand Prix,842,Gasly,15,0
1032,2020,2,Styrian Grand Prix,847,Russell,16,0
1032,2020,2,Styrian Grand Prix,849,Latifi,17,0
1033,2020,3,Hungarian Grand Prix,1,Hamilton,1,26
1033,2020,3,Hungarian Grand Prix,830,Verstappen,2,18
1033,2020,3,Hungarian Grand Prix,822,Bottas,3,15
1033,2020,3,Hungarian Grand Prix,840,Stroll,4,12
1033,2020,3,Hungarian Grand Prix,848,Albon,5,10
1033,2020,3,Hungarian Grand Prix,20,Vettel,6,8
1033,2020,3,Hungarian Grand Prix,815,Pérez,7,6
1033,2020,3,Hungarian Grand Prix,817,Ricciardo,8,4
1033,2020,3,Hungarian Grand Prix,832,Sainz,9,2
1033,2020,3,Hungarian Grand Prix,825,Magnussen,10,1
1033,2020,3,Hungarian Grand Prix,844,Leclerc,11,0
1033,2020,3,Hungarian Grand Prix,826,Kvyat,12,0
1033,2020,3,Hungarian Grand Prix,846,Norris,13,0
1033,2020,3,Hungarian Grand Prix,839,Ocon,14,0
1033,2020,3,Hungarian Grand Prix,8,Räikkönen,15,0
1033,2020,3,Hungarian Grand Prix,154,Grosjean,16,0
1033,2020,3,Hungarian Grand Prix,841,Giovinazzi,17,0
1033,2020,3,Hungarian Grand Prix,847,Russell,18,0
1033,2020,3,Hungarian Grand Prix,849,Latifi,19,0
1034,2020,4,British Grand Prix,1,Hamilton,1,25
1034,2020,4,British Grand Prix,830,Verstappen,2,19
1034,2020,4,British Grand Prix,844,Leclerc,3,15
1034,2020,4,British Grand Prix,817,Ricciardo,4,12
1034,2020,4,British Grand Prix,846,Norris,5,10
1034,2020,4,British Grand Prix,839,Ocon,6,8
1034,2020,4,British Grand Prix,842,Gasly,7,6
1034,2020,4,British Grand Prix,848,Albon,8,4
1034,2020,4,British Grand Prix,840,Stroll,9,2
1034,2020,4,British Grand Prix,20,Vettel,10,1
1034,2020,4,British Grand Prix,822,Bottas,11,0
1034,2020,4,British Grand Prix,847,Russell,12,0
1034,2020,4,British Grand Prix,832,Sainz,13,0
1034,2020,4,British Grand Prix,841,Giovinazzi,14,0
1034,2020,4,British Grand Prix,849,Latifi,15,0
1034,2020,4,British Grand Prix,154,Grosjean,16,0
1034,2020,4,British Grand Prix,8,Räikkönen,17,0
1035,2020,5,70th Anniversary Grand Prix,830,Verstappen,1,25
1035,2020,5,70th Anniversary Grand Prix,1,Hamilton,2,19
1035,2020,5,70th Anniversary Grand Prix,822,Bottas,3,15
1035,2020,5,70th Anniversary Grand Prix,844,Leclerc,4,12
1035,2020,5,70th Anniversary Grand Prix,848,Albon,5,10
1035,2020,5,70th Anniversary Grand Prix,840,Stroll,6,8
1035,2020,5,70th Anniversary Grand Prix,807,Hülkenberg,7,6
1035,2020,5,70th Anniversary Grand Prix,839,Ocon,8,4
1035,2020,5,70th Anniversary Grand Prix,846,Norris,9,2
1035,2020,5,70th Anniversary Grand Prix,826,Kvyat,10,1
1035,2020,5,70th Anniversary Grand Prix,842,Gasly,11,0
1035,2020,5,70th Anniversary Grand Prix,20,Vettel,12,0
1035,2020,5,70th Anniversary Grand Prix,832,Sainz,13,0
1035,2020,5,70th Anniversary Grand Prix,817,Ricciardo,14,0
1035,2020,5,70th Anniversary Grand Prix,8,Räikkönen,15,0
1035,2020,5,70th Anniversary Grand Prix,154,Grosjean,16,0
1035,2020,5,70th Anniversary Grand Prix,841,Giovinazzi,17,0
1035,2020,5,70th Anniversary Grand Prix,847,Russell,18,0
1035,2020,5,70th Anniversary Grand Prix,849,Latifi,19,0
1036,2020,6,Spanish Grand Prix,1,Hamilton,1,25
1036,2020,6,Spanish Grand Prix,830,Verstappen,2,18
1036,2020,6,Spanish Grand Prix,822,Bottas,3,16
1036,2020,6,Spanish Grand Prix,840,Stroll,4,12
1036,2020,6,Spanish Grand Prix,815,Pérez,5,10
1036,2020,6,Spanish Grand Prix,832,Sainz,6,8
1036,2020,6,Spanish Grand Prix,20,Vettel,7,6
1036,2020,6,Spanish Grand Prix,848,Albon,8,4
1036,2020,6,Spanish Grand Prix,842,Gasly,9,2
1036,2020,6,Spanish Grand Prix,846,Norris,10,1
1036,2020,6,Spanish Grand Prix,817,Ricciardo,11,0
1036,2020,6,Spanish Grand Prix,826,Kvyat,12,0
1036,2020,6,Spanish Grand Prix,839,Ocon,13,0
1036,2020,6,Spanish Grand Prix,8,Räikkönen,14,0
1036,2020,6,Spanish Grand Prix,825,Magnussen,15,0
1036,2020,6,Spanish Grand Prix,841,Giovinazzi,16,0
1036,2020,6,Spanish Grand Prix,847,Russell,17,0
1036,2020,6,Spanish Grand Prix,849,Latifi,18,0
1036,2020,6,Spanish Grand Prix,154,Grosjean,19,0
1037,2020,7,Belgian Grand Prix,1,Hamilton,1,25
1037,2020,7,Belgian Grand Prix,822,Bottas,2,18
1037,2020,7,Belgian Grand Prix,830,Verstappen,3,15
1037,2020,7,Belgian Grand Prix,817,Ricciardo,4,13
1037,2020,7,Belgian Grand Prix,839,Ocon,5,10
1037,2020,7,Belgian Grand Prix,848,Albon,6,8
1037,2020,7,Belgian Grand Prix,846,Norris,7,6
1037,2020,7,Belgian Grand Prix,842,Gasly,8,4
1037,2020,7,Belgian Grand Prix,840,Stroll,9,2
1037,2020,7,Belgian Grand Prix,815,Pérez,10,1
1037,2020,7,Belgian Grand Prix,826,Kvyat,11,0
1037,2020,7,Belgian Grand Prix,8,Räikkönen,12,0
1037,2020,7,Belgian Grand Prix,20,Vettel,13,0
1037,2020,7,Belgian Grand Prix,844,Leclerc,14,0
1037,2020,7,Belgian Grand Prix,154,Grosjean,15,0
1037,2020,7,Belgian Grand Prix,849,Latifi,16,0
1037,2020,7,Belgian Grand Prix,825,Magnussen,17,0
1038,2020,8,Italian Grand Prix,842,Gasly,1,25
1038,2020,8,Italian Grand Prix,832,Sainz,2,18
1038,2020,8,Italian Grand Prix,840,Stroll,3,15
1038,2020,8,Italian Grand Prix,846,Norris,4,12
1038,2020,8,Italian Grand Prix,822,Bottas,5,10
1038,2020,8,Italian Grand Prix,817,Ricciardo,6,8
1038,2020,8,Italian Grand Prix,1,Hamilton,7,7
1038,2020,8,Italian Grand Prix,839,Ocon,8,4
1038,2020,8,Italian Grand Prix,826,Kvyat,9,2
1038,2020,8,Italian Grand Prix,815,Pérez,10,1
1038,2020,8,Italian Grand Prix,849,Latifi,11,0
1038,2020,8,Italian Grand Prix,154,Grosjean,12,0
1038,2020,8,Italian Grand Prix,8,Räikkönen,13,0
1038,2020,8,Italian Grand Prix,847,Russell,14,0
1038,2020,8,Italian Grand Prix,848,Albon,15,0
1038,2020,8,Italian Grand Prix,841,Giovinazzi,16,0
1039,2020,9,Tuscan Grand Prix,1,Hamilton,1,26
1039,2020,9,Tuscan Grand Prix,822,Bottas,2,18
1039,2020,9,Tuscan Grand Prix,848,Albon,3,15
1039,2020,9,Tuscan Grand Prix,817,Ricciardo,4,12
1039,2020,9,Tuscan Grand Prix,815,Pérez,5,10
1039,2020,9,Tuscan Grand Prix,846,Norris,6,8
1039,2020,9,Tuscan Grand Prix,826,Kvyat,7,6
1039,2020,9,Tuscan Grand Prix,844,Leclerc,8,4
1039,2020,9,Tuscan Grand Prix,8,Räikkönen,9,2
1039,2020,9,Tuscan Grand Prix,20,Vettel,10,1
1039,2020,9,Tuscan Grand Prix,847,Russell,11,0
1039,2020,9,Tuscan Grand Prix,154,Grosjean,12,0
1040,2020,10,Russian Grand Prix,822,Bottas,1,26
1040,2020,10,Russian Grand Prix,830,Verstappen,2,18
1040,2020,10,Russian Grand Prix,1,Hamilton,3,15
1040,2020,10,Russian Grand Prix,815,Pérez,4,12
1040,2020,10,Russian Grand Prix,817,Ricciardo,5,10
1040,2020,10,Russian Grand Prix,844,Leclerc,6,8
1040,2020,10,Russian Grand Prix,839,Ocon,7,6
1040,2020,10,Russian Grand Prix,826,Kvyat,8,4
1040,2020,10,Russian Grand Prix,842,Gasly,9,2
1040,2020,10,Russian Grand Prix,848,Albon,10,1
1040,2020,10,Russian Grand Prix,841,Giovinazzi,11,0
1040,2020,10,Russian Grand Prix,825,Magnussen,12,0
1040,2020,10,Russian Grand Prix,20,Vettel,13,0
1040,2020,10,Russian Grand Prix,8,Räikkönen,14,0
1040,2020,10,Russian Grand Prix,846,Norris,15,0
1040,2020,10,Russian Grand Prix,849,Latifi,16,0
1040,2020,10,Russian Grand Prix,154,Grosjean,17,0
1040,2020,10,Russian Grand Prix,847,Russell,18,0
1041,2020,11,Eifel Grand Prix,1,Hamilton,1,25
1041,2020,11,Eifel Grand Prix,830,Verstappen,2,19
1041,2020,11,Eifel Grand Prix,817,Ricciardo,3,15
1041,2020,11,Eifel Grand Prix,815,Pérez,4,12
1041,2020,11,Eifel Grand Prix,832,Sainz,5,10
1041,2020,11,Eifel Grand Prix,842,Gasly,6,8
1041,2020,11,Eifel Grand Prix,844,Leclerc,7,6
1041,2020,11,Eifel Grand Prix,807,Hülkenberg,8,4
1041,2020,11,Eifel Grand Prix,154,Grosjean,9,2
1041,2020,11,Eifel Grand Prix,841,Giovinazzi,10,1
1041,2020,11,Eifel Grand Prix,20,Vettel,11,0
1041,2020,11,Eifel Grand Prix,8,Räikkönen,12,0
1041,2020,11,Eifel Grand Prix,825,Magnussen,13,0
1041,2020,11,Eifel Grand Prix,849,Latifi,14,0
1041,2020,11,Eifel Grand Prix,826,Kvyat,15,0
1042,2020,12,Portuguese Grand Prix,1,Hamilton,1,26
1042,2020,12,Portuguese Grand Prix,822,Bottas,2,18
1042,2020,12,Portuguese Grand Prix,830,Verstappen,3,15
1042,2020,12,Portuguese Grand Prix,844,Leclerc,4,12
1042,2020,12,Portuguese Grand Prix,842,Gasly,5,10
1042,2020,12,Portuguese Grand Prix,832,Sainz,6,8
1042,2020,12,Portuguese Grand Prix,815,Pérez,7,6
1042,2020,12,Portuguese Grand Prix,839,Ocon,8,4
1042,2020,12,Portuguese Grand Prix,817,Ricciardo,9,2
1042,2020,12,Portuguese Grand Prix,20,Vettel,10,1
1042,2020,12,Portuguese Grand Prix,8,Räikkönen,11,0
1042,2020,12,Portuguese Grand Prix,848,Albon,12,0
1042,2020,12,Portuguese Grand Prix,846,Norris,13,0
1042,2020,12,Portuguese Grand Prix,847,Russell,14,0
1042,2020,12,Portuguese Grand Prix,841,Giovinazzi,15,0
1042,2020,12,Portuguese Grand Prix,825,Magnussen,16,0
1042,2020,12,Portuguese Grand Prix,154,Grosjean,17,0
1042,2020,12,Portuguese Grand Prix,849,Latifi,18,0
1042,2020,12,Portuguese Grand Prix,826,Kvyat,19,0
1043,2020,13,Emilia Romagna Grand Prix,1,Hamilton,1,26
1043,2020,13,Emilia Romagna Grand Prix,822,Bottas,2,18
1043,2020,13,Emilia Romagna Grand Prix,817,Ricciardo,3,15
1043,2020,13,Emilia Romagna Grand Prix,826,Kvyat,4,12
1043,2020,13,Emilia Romagna Grand Prix,844,Leclerc,5,10
1043,2020,13,Emilia Romagna Grand Prix,815,Pérez,6,8
1043,2020,13,Emilia Romagna Grand Prix,832,Sainz,7,6
1043,2020,13,Emilia Romagna Grand Prix,846,Norris,8,4
1043,2020,13,Emilia Romagna Grand Prix,8,Räikkönen,9,2
1043,2020,13,Emilia Romagna Grand Prix,841,Giovinazzi,10,1
1043,2020,13,Emilia Romagna Grand Prix,849,Latifi,11,0
1043,2020,13,Emilia Romagna Grand Prix,20,Vettel,12,0
1043,2020,13,Emilia Romagna Grand Prix,840,Stroll,13,0
1043,2020,13,Emilia Romagna Grand Prix,154,Grosjean,14,0
1043,2020,13,Emilia Romagna Grand Prix,848,Albon,15,0
1044,2020,14,Turkish Grand Prix,1,Hamilton,1,25
1044,2020,14,Turkish Grand Prix,815,Pérez,2,18
1044,2020,14,Turkish Grand Prix,20,Vettel,3,15
1044,2020,14,Turkish Grand Prix,844,Leclerc,4,12
1044,2020,14,Turkish Grand Prix,832,Sainz,5,10
1044,2020,14,Turkish Grand Prix,830,Verstappen,6,8
1044,2020,14,Turkish Grand Prix,848,Albon,7,6
1044,2020,14,Turkish Grand Prix,846,Norris,8,5
1044,2020,14,Turkish Grand Prix,840,Stroll,9,2
1044,2020,14,Turkish Grand Prix,817,Ricciardo,10,1
1044,2020,14,Turkish Grand Prix,839,Ocon,11,0
1044,2020,14,Turkish Grand Prix,826,Kvyat,12,0
1044,2020,14,Turkish Grand Prix,842,Gasly,13,0
1044,2020,14,Turkish Grand Prix,822,Bottas,14,0
1044,2020,14,Turkish Grand Prix,8,Räikkönen,15,0
1044,2020,14,Turkish Grand Prix,847,Russell,16,0
1044,2020,14,Turkish Grand Prix,825,Magnussen,17,0
1045,2020,15,Bahrain Grand Prix,1,Hamilton,1,25
1045,2020,15,Bahrain Grand Prix,830,Verstappen,2,19
1045,2020,15,Bahrain Grand Prix,848,Albon,3,15
1045,2020,15,Bahrain Grand Prix,846,Norris,4,12
1045,2020,15,Bahrain Grand Prix,832,Sainz,5,10
1045,2020,15,Bahrain Grand Prix,842,Gasly,6,8
1045,2020,15,Bahrain Grand Prix,817,Ricciardo,7,6
1045,2020,15,Bahrain Grand Prix,822,Bottas,8,4
1045,2020,15,Bahrain Grand Prix,839,Ocon,9,2
1045,2020,15,Bahrain Grand Prix,844,Leclerc,10,1
1045,2020,15,Bahrain Grand Prix,826,Kvyat,11,0
1045,2020,15,Bahrain Grand Prix,847,Russell,12,0
1045,2020,15,Bahrain Grand Prix,20,Vettel,13,0
1045,2020,15,Bahrain Grand Prix,849,Latifi,14,0
1045,2020,15,Bahrain Grand Prix,8,Räikkönen,15,0
1045,2020,15,Bahrain Grand Prix,841,Giovinazzi,16,0
1045,2020,15,Bahrain Grand Prix,825,Magnussen,17,0
1045,2020,15,Bahrain Grand Prix,815,Pérez,18,0
1046,2020,16,Sakhir Grand Prix,815,Pérez,1,25
1046,2020,16,Sakhir Grand Prix,839,Ocon,2,18
1046,2020,16,Sakhir Grand Prix,840,Stroll,3,15
1046,2020,16,Sakhir Grand Prix,832,Sainz,4,12
1046,2020,16,Sakhir Grand Prix,817,Ricciardo,5,10
1046,2020,16,Sakhir Grand Prix,848,Albon,6,8
1046,2020,16,Sakhir Grand Prix,826,Kvyat,7,6
1046,2020,16,Sakhir Grand Prix,822,Bottas,8,4
1046,2020,16,Sakhir Grand Prix,847,Russell,9,3
1046,2020,16,Sakhir Grand Prix,846,Norris,10,1
1046,2020,16,Sakhir Grand Prix,842,Gasly,11,0
1046,2020,16,Sakhir Grand Prix,20,Vettel,12,0
1046,2020,16,Sakhir Grand Prix,841,Giovinazzi,13,0
1046,2020,16,Sakhir Grand Prix,8,Räikkönen,14,0
1046,2020,16,Sakhir Grand Prix,825,Magnussen,15,0
1046,2020,16,Sakhir Grand Prix,851,Aitken,16,0
1046,2020,16,Sakhir Grand Prix,850,Fittipaldi,17,0
1047,2020,17,Abu Dhabi Grand Prix,830,Verstappen,1,25
1047,2020,17,Abu Dhabi Grand Prix,822,Bottas,2,18
1047,2020,17,Abu Dhabi Grand Prix,1,Hamilton,3,15
1047,2020,17,Abu Dhabi Grand Prix,848,Albon,4,12
1047,2020,17,Abu Dhabi Grand Prix,846,Norris,5,10
1047,2020,17,Abu Dhabi Grand Prix,832,Sainz,6,8
1047,2020,17,Abu Dhabi Grand Prix,817,Ricciardo,7,7
1047,2020,17,Abu Dhabi Grand Prix,842,Gasly,8,4
1047,2020,17,Abu Dhabi Grand Prix,839,Ocon,9,2
1047,2020,17,Abu Dhabi Grand Prix,840,Stroll,10,1
1047,2020,17,Abu Dhabi Grand Prix,826,Kvyat,11,0
1047,2020,17,Abu Dhabi Grand Prix,8,Räikkönen,12,0
1047,2020,17,Abu Dhabi Grand Prix,844,Leclerc,13,0
1047,2020,17,Abu Dhabi Grand Prix,20,Vettel,14,0
1047,2020,17,Abu Dhabi Grand Prix,847,Russell,15,0
1047,2020,17,Abu Dhabi Grand Prix,841,Giovinazzi,16,0
1047,2020,17,Abu Dhabi Grand Prix,849,Latifi,17,0
1047,2020,17,Abu Dhabi Grand Prix,825,Magnussen,18,0
1047,2020,17,Abu Dhabi Grand Prix,850,Fittipaldi,19,0
1052,2021,1,Bahrain Grand Prix,1,Hamilton,1,25
1052,2021,1,Bahrain Grand Prix,830,Verstappen,2,18
1052,2021,1,Bahrain Grand Prix,822,Bottas,3,16
1052,2021,1,Bahrain Grand Prix,846,Norris,4,12
1052,2021,1,Bahrain Grand Prix,815,Pérez,5,10
1052,2021,1,Bahrain Grand Prix,844,Leclerc,6,8
1052,2021,1,Bahrain Grand Prix,817,Ricciardo,7,6
1052,2021,1,Bahrain Grand Prix,832,Sainz,8,4
1052,2021,1,Bahrain Grand Prix,852,Tsunoda,9,2
1052,2021,1,Bahrain Grand Prix,840,Stroll,10,1
1052,2021,1,Bahrain Grand Prix,8,Räikkönen,11,0
1052,2021,1,Bahrain Grand Prix,841,Giovinazzi,12,0
1052,2021,1,Bahrain Grand Prix,839,Ocon,13,0
1052,2021,1,Bahrain Grand Prix,847,Russell,14,0
1052,2021,1,Bahrain Grand Prix,20,Vettel,15,0
1052,2021,1,Bahrain Grand Prix,854,Schumacher,16,0
1052,2021,1,Bahrain Grand Prix,842,Gasly,17,0
1052,2021,1,Bahrain Grand Prix,849,Latifi,18,0
1053,2021,2,Emilia Romagna Grand Prix,830,Verstappen,1,25
1053,2021,2,Emilia Romagna Grand Prix,1,Hamilton,2,19
1053,2021,2,Emilia Romagna Grand Prix,846,Norris,3,15
1053,2021,2,Emilia Romagna Grand Prix,844,Leclerc,4,12
1053,2021,2,Emilia Romagna Grand Prix,832,Sainz,5,10
1053,2021,2,Emilia Romagna Grand Prix,817,Ricciardo,6,8
1053,2021,2,Emilia Romagna Grand Prix,842,Gasly,7,6
1053,2021,2,Emilia Romagna Grand Prix,840,Stroll,8,4
1053,2021,2,Emilia Romagna Grand Prix,839,Ocon,9,2
1053,2021,2,Emilia Romagna Grand Prix,4,Alonso,10,1
1053,2021,2,Emilia Romagna Grand Prix,815,Pérez,11,0
1053,2021,2,Emilia Romagna Grand Prix,852,Tsunoda,12,0
1053,2021,2,Emilia Romagna Grand Prix,8,Räikkönen,13,0
1053,2021,2,Emilia Romagna Grand Prix,841,Giovinazzi,14,0
1053,2021,2,Emilia Romagna Grand Prix,20,Vettel,15,0
1053,2021,2,Emilia Romagna Grand Prix,854,Schumacher,16,0
1053,2021,2,Emilia Romagna Grand Prix,853,Mazepin,17,0
1054,2021,3,Portuguese Grand Prix,1,Hamilton,1,25
1054,2021,3,Portuguese Grand Prix,830,Verstappen,2,18
1054,2021,3,Portuguese Grand Prix,822,Bottas,3,16
1054,2021,3,Portuguese Grand Prix,815,Pérez,4,12
1054,2021,3,Portuguese Grand Prix,846,Norris,5,10
1054,2021,3,Portuguese Grand Prix,844,Leclerc,6,8
1054,2021,3,Portuguese Grand Prix,839,Ocon,7,6
1054,2021,3,Portuguese Grand Prix,4,Alonso,8,4
1054,2021,3,Portuguese Grand Prix,817,Ricciardo,9,2
1054,2021,3,Portuguese Grand Prix,842,Gasly,10,1
1054,2021,3,Portuguese Grand Prix,832,Sainz,11,0
1054,2021,3,Portuguese Grand Prix,841,Giovinazzi,12,0
1054,2021,3,Portuguese Grand Prix,20,Vettel,13,0
1054,2021,3,Portuguese Grand Prix,840,Stroll,14,0
1054,2021,3,Portuguese Grand Prix,852,Tsunoda,15,0
1054,2021,3,Portuguese Grand Prix,847,Russell,16,0
1054,2021,3,Portuguese Grand Prix,854,Schumacher,17,0
1054,2021,3,Portuguese Grand Prix,849,Latifi,18,0
1054,2021,3,Portuguese Grand Prix,853,Mazepin,19,0
1055,2021,4,Spanish Grand Prix,1,Hamilton,1,25
1055,2021,4,Spanish Grand Prix,830,Verstappen,2,19
1055,2021,4,Spanish Grand Prix,822,Bottas,3,15
1055,2021,4,Spanish Grand Prix,844,Leclerc,4,12
1055,2021,4,Spanish Grand Prix,815,Pérez,5,10
1055,2021,4,Spanish Grand Prix,817,Ricciardo,6,8
1055,2021,4,Spanish Grand Prix,832,Sainz,7,6
1055,2021,4,Spanish Grand Prix,846,Norris,8,4
1055,2021,4,Spanish Grand Prix,839,Ocon,9,2
1055,2021,4,Spanish Grand Prix,842,Gasly,10,1
1055,2021,4,Spanish Grand Prix,840,Stroll,11,0
1055,2021,4,Spanish Grand Prix,8,Räikkönen,12,0
1055,2021,4,Spanish Grand Prix,20,Vettel,13,0
1055,2021,4,Spanish Grand Prix,847,Russell,14,0
1055,2021,4,Spanish Grand Prix,841,Giovinazzi,15,0
1055,2021,4,Spanish Grand Prix,849,Latifi,16,0
1055,2021,4,Spanish Grand Prix,4,Alonso,17,0
1055,2021,4,Spanish Grand Prix,854,Schumacher,18,0
1055,2021,4,Spanish Grand Prix,853,Mazepin,19,0
1056,2021,5,Monaco Grand Prix,832,Sainz,2,18
1056,2021,5,Monaco Grand Prix,830,Verstappen,1,25
1056,2021,5,Monaco Grand Prix,846,Norris,3,15
1056,2021,5,Monaco Grand Prix,815,Pérez,4,12
1056,2021,5,Monaco Grand Prix,20,Vettel,5,10
1056,2021,5,Monaco Grand Prix,842,Gasly,6,8
1056,2021,5,Monaco Grand Prix,1,Hamilton,7,7
1056,2021,5,Monaco Grand Prix,840,Stroll,8,4
1056,2021,5,Monaco Grand Prix,839,Ocon,9,2
1056,2021,5,Monaco Grand Prix,841,Giovinazzi,10,1
1056,2021,5,Monaco Grand Prix,8,Räikkönen,11,0
1056,2021,5,Monaco Grand Prix,817,Ricciardo,12,0
1056,2021,5,Monaco Grand Prix,4,Alonso,13,0
1056,2021,5,Monaco Grand Prix,847,Russell,14,0
1056,2021,5,Monaco Grand Prix,849,Latifi,15,0
1056,2021,5,Monaco Grand Prix,852,Tsunoda,16,0
1056,2021,5,Monaco Grand Prix,853,Mazepin,17,0
1056,2021,5,Monaco Grand Prix,854,Schumacher,18,0
1057,2021,6,Azerbaijan Grand Prix,815,Pérez,1,25
1057,2021,6,Azerbaijan Grand Prix,20,Vettel,2,18
1057,2021,6,Azerbaijan Grand Prix,842,Gasly,3,15
1057,2021,6,Azerbaijan Grand Prix,844,Leclerc,4,12
1057,2021,6,Azerbaijan Grand Prix,846,Norris,5,10
1057,2021,6,Azerbaijan Grand Prix,4,Alonso,6,8
1057,2021,6,Azerbaijan Grand Prix,852,Tsunoda,7,6
1057,2021,6,Azerbaijan Grand Prix,832,Sainz,8,4
1057,2021,6,Azerbaijan Grand Prix,817,Ricciardo,9,2
1057,2021,6,Azerbaijan Grand Prix,8,Räikkönen,10,1
1057,2021,6,Azerbaijan Grand Prix,841,Giovinazzi,11,0
1057,2021,6,Azerbaijan Grand Prix,822,Bottas,12,0
1057,2021,6,Azerbaijan Grand Prix,854,Schumacher,13,0
1057,2021,6,Azerbaijan Grand Prix,853,Mazepin,14,0
1057,2021,6,Azerbaijan Grand Prix,1,Hamilton,15,0
1057,2021,6,Azerbaijan Grand Prix,849,Latifi,16,0
1059,2021,7,French Grand Prix,830,Verstappen,1,26
1059,2021,7,French Grand Prix,1,Hamilton,2,18
1059,2021,7,French Grand Prix,815,Pérez,3,15
1059,2021,7,French Grand Prix,822,Bottas,4,12
1059,2021,7,French Grand Prix,846,Norris,5,10
1059,2021,7,French Grand Prix,817,Ricciardo,6,8
1059,2021,7,French Grand Prix,842,Gasly,7,6
1059,2021,7,French Grand Prix,4,Alonso,8,4
1059,2021,7,French Grand Prix,20,Vettel,9,2
1059,2021,7,French Grand Prix,840,Stroll,10,1
1059,2021,7,French Grand Prix,832,Sainz,11,0
1059,2021,7,French Grand Prix,847,Russell,12,0
1059,2021,7,French Grand Prix,852,Tsunoda,13,0
1059,2021,7,French Grand Prix,839,Ocon,14,0
1059,2021,7,French Grand Prix,841,Giovinazzi,15,0
1059,2021,7,French Grand Prix,844,Leclerc,16,0
1059,2021,7,French Grand Prix,8,Räikkönen,17,0
1059,2021,7,French Grand Prix,849,Latifi,18,0
1059,2021,7,French Grand Prix,854,Schumacher,19,0
1059,2021,7,French Grand Prix,853,Mazepin,20,0
1058,2021,8,Styrian Grand Prix,830,Verstappen,1,25
1058,2021,8,Styrian Grand Prix,1,Hamilton,2,19
1058,2021,8,Styrian Grand Prix,822,Bottas,3,15
1058,2021,8,Styrian Grand Prix,815,Pérez,4,12
1058,2021,8,Styrian Grand Prix,846,Norris,5,10
1058,2021,8,Styrian Grand Prix,832,Sainz,6,8
1058,2021,8,Styrian Grand Prix,844,Leclerc,7,6
1058,2021,8,Styrian Grand Prix,840,Stroll,8,4
1058,2021,8,Styrian Grand Prix,4,Alonso,9,2
1058,2021,8,Styrian Grand Prix,852,Tsunoda,10,1
1058,2021,8,Styrian Grand Prix,8,Räikkönen,11,0
1058,2021,8,Styrian Grand Prix,20,Vettel,12,0
1058,2021,8,Styrian Grand Prix,817,Ricciardo,13,0
1058,2021,8,Styrian Grand Prix,839,Ocon,14,0
1058,2021,8,Styrian Grand Prix,841,Giovinazzi,15,0
1058,2021,8,Styrian Grand Prix,854,Schumacher,16,0
1058,2021,8,Styrian Grand Prix,849,Latifi,17,0
1058,2021,8,Styrian Grand Prix,853,Mazepin,18,0
1060,2021,9,Austrian Grand Prix,830,Verstappen,1,26
1060,2021,9,Austrian Grand Prix,822,Bottas,2,18
1060,2021,9,Austrian Grand Prix,846,Norris,3,15
1060,2021,9,Austrian Grand Prix,1,Hamilton,4,12
1060,2021,9,Austrian Grand Prix,832,Sainz,5,10
1060,2021,9,Austrian Grand Prix,815,Pérez,6,8
1060,2021,9,Austrian Grand Prix,817,Ricciardo,7,6
1060,2021,9,Austrian Grand Prix,844,Leclerc,8,4
1060,2021,9,Austrian Grand Prix,842,Gasly,9,2
1060,2021,9,Austrian Grand Prix,4,Alonso,10,1
1060,2021,9,Austrian Grand Prix,847,Russell,11,0
1060,2021,9,Austrian Grand Prix,852,Tsunoda,12,0
1060,2021,9,Austrian Grand Prix,840,Stroll,13,0
1060,2021,9,Austrian Grand Prix,841,Giovinazzi,14,0
1060,2021,9,Austrian Grand Prix,8,Räikkönen,15,0
1060,2021,9,Austrian Grand Prix,849,Latifi,16,0
1060,2021,9,Austrian Grand Prix,20,Vettel,17,0
1060,2021,9,Austrian Grand Prix,854,Schumacher,18,0
1060,2021,9,Austrian Grand Prix,853,Mazepin,19,0
1061,2021,10,British Grand Prix,1,Hamilton,1,25
1061,2021,10,British Grand Prix,844,Leclerc,2,18
1061,2021,10,British Grand Prix,822,Bottas,3,15
1061,2021,10,British Grand Prix,846,Norris,4,12
1061,2021,10,British Grand Prix,817,Ricciardo,5,10
1061,2021,10,British Grand Prix,832,Sainz,6,8
1061,2021,10,British Grand Prix,4,Alonso,7,6
1061,2021,10,British Grand Prix,840,Stroll,8,4
1061,2021,10,British Grand Prix,839,Ocon,9,2
1061,2021,10,British Grand Prix,852,Tsunoda,10,1
1061,2021,10,British Grand Prix,842,Gasly,11,0
1061,2021,10,British Grand Prix,847,Russell,12,0
1061,2021,10,British Grand Prix,841,Giovinazzi,13,0
1061,2021,10,British Grand Prix,849,Latifi,14,0
1061,2021,10,British Grand Prix,8,Räikkönen,15,0
1061,2021,10,British Grand Prix,815,Pérez,16,0
1061,2021,10,British Grand Prix,853,Mazepin,17,0
1061,2021,10,British Grand Prix,854,Schumacher,18,0
1062,2021,11,Hungarian Grand Prix,839,Ocon,1,25
1062,2021,11,Hungarian Grand Prix,1,Hamilton,2,18
1062,2021,11,Hungarian Grand Prix,832,Sainz,3,15
1062,2021,11,Hungarian Grand Prix,4,Alonso,4,12
1062,2021,11,Hungarian Grand Prix,842,Gasly,5,11
1062,2021,11,Hungarian Grand Prix,852,Tsunoda,6,8
1062,2021,11,Hungarian Grand Prix,849,Latifi,7,6
1062,2021,11,Hungarian Grand Prix,847,Russell,8,4
1062,2021,11,Hungarian Grand Prix,830,Verstappen,9,2
1062,2021,11,Hungarian Grand Prix,8,Räikkönen,10,1
1062,2021,11,Hungarian Grand Prix,817,Ricciardo,11,0
1062,2021,11,Hungarian Grand Prix,854,Schumacher,12,0
1062,2021,11,Hungarian Grand Prix,841,Giovinazzi,13,0
1063,2021,12,Belgian Grand Prix,830,Verstappen,1,12.5
1063,2021,12,Belgian Grand Prix,847,Russell,2,9
1063,2021,12,Belgian Grand Prix,1,Hamilton,3,7.5
1063,2021,12,Belgian Grand Prix,817,Ricciardo,4,6
1063,2021,12,Belgian Grand Prix,20,Vettel,5,5
1063,2021,12,Belgian Grand Prix,842,Gasly,6,4
1063,2021,12,Belgian Grand Prix,839,Ocon,7,3
1063,2021,12,Belgian Grand Prix,844,Leclerc,8,2
1063,2021,12,Belgian Grand Prix,849,Latifi,9,1
1063,2021,12,Belgian Grand Prix,832,Sainz,10,0.5
1063,2021,12,Belgian Grand Prix,4,Alonso,11,0
1063,2021,12,Belgian Grand Prix,822,Bottas,12,0
1063,2021,12,Belgian Grand Prix,841,Giovinazzi,13,0
1063,2021,12,Belgian Grand Prix,846,Norris,14,0
1063,2021,12,Belgian Grand Prix,852,Tsunoda,15,0
1063,2021,12,Belgian Grand Prix,854,Schumacher,16,0
1063,2021,12,Belgian Grand Prix,853,Mazepin,17,0
1063,2021,12,Belgian Grand Prix,8,Räikkönen,18,0
1063,2021,12,Belgian Grand Prix,815,Pérez,19,0
1063,2021,12,Belgian Grand Prix,840,Stroll,20,0
1064,2021,13,Dutch Grand Prix,830,Verstappen,1,25
1064,2021,13,Dutch Grand Prix,1,Hamilton,2,19
1064,2021,13,Dutch Grand Prix,822,Bottas,3,15
1064,2021,13,Dutch Grand Prix,842,Gasly,4,12
1064,2021,13,Dutch Grand Prix,844,Leclerc,5,10
1064,2021,13,Dutch Grand Prix,4,Alonso,6,8
1064,2021,13,Dutch Grand Prix,832,Sainz,7,6
1064,2021,13,Dutch Grand Prix,815,Pérez,8,4
1064,2021,13,Dutch Grand Prix,839,Ocon,9,2
1064,2021,13,Dutch Grand Prix,846,Norris,10,1
1064,2021,13,Dutch Grand Prix,817,Ricciardo,11,0
1064,2021,13,Dutch Grand Prix,840,Stroll,12,0
1064,2021,13,Dutch Grand Prix,20,Vettel,13,0
1064,2021,13,Dutch Grand Prix,841,Giovinazzi,14,0
1064,2021,13,Dutch Grand Prix,9,Kubica,15,0
1064,2021,13,Dutch Grand Prix,849,Latifi,16,0
1064,2021,13,Dutch Grand Prix,847,Russell,17,0
1064,2021,13,Dutch Grand Prix,854,Schumacher,18,0
1065,2021,14,Italian Grand Prix,817,Ricciardo,1,26
1065,2021,14,Italian Grand Prix,846,Norris,2,18
1065,2021,14,Italian Grand Prix,822,Bottas,3,15
1065,2021,14,Italian Grand Prix,844,Leclerc,4,12
1065,2021,14,Italian Grand Prix,815,Pérez,5,10
1065,2021,14,Italian Grand Prix,832,Sainz,6,8
1065,2021,14,Italian Grand Prix,840,Stroll,7,6
1065,2021,14,Italian Grand Prix,4,Alonso,8,4
1065,2021,14,Italian Grand Prix,847,Russell,9,2
1065,2021,14,Italian Grand Prix,839,Ocon,10,1
1065,2021,14,Italian Grand Prix,849,Latifi,11,0
1065,2021,14,Italian Grand Prix,20,Vettel,12,0
1065,2021,14,Italian Grand Prix,841,Giovinazzi,13,0
1065,2021,14,Italian Grand Prix,9,Kubica,14,0
1065,2021,14,Italian Grand Prix,854,Schumacher,15,0
1066,2021,15,Russian Grand Prix,1,Hamilton,1,25
1066,2021,15,Russian Grand Prix,830,Verstappen,2,18
1066,2021,15,Russian Grand Prix,832,Sainz,3,15
1066,2021,15,Russian Grand Prix,817,Ricciardo,4,12
1066,2021,15,Russian Grand Prix,822,Bottas,5,10
1066,2021,15,Russian Grand Prix,4,Alonso,6,8
1066,2021,15,Russian Grand Prix,846,Norris,7,7
1066,2021,15,Russian Grand Prix,8,Räikkönen,8,4
1066,2021,15,Russian Grand Prix,815,Pérez,9,2
1066,2021,15,Russian Grand Prix,847,Russell,10,1
1066,2021,15,Russian Grand Prix,840,Stroll,11,0
1066,2021,15,Russian Grand Prix,20,Vettel,12,0
1066,2021,15,Russian Grand Prix,842,Gasly,13,0
1066,2021,15,Russian Grand Prix,839,Ocon,14,0
1066,2021,15,Russian Grand Prix,844,Leclerc,15,0
1066,2021,15,Russian Grand Prix,841,Giovinazzi,16,0
1066,2021,15,Russian Grand Prix,852,Tsunoda,17,0
1066,2021,15,Russian Grand Prix,853,Mazepin,18,0
1066,2021,15,Russian Grand Prix,849,Latifi,19,0
1067,2021,16,Turkish Grand Prix,822,Bottas,1,26
1067,2021,16,Turkish Grand Prix,830,Verstappen,2,18
1067,2021,16,Turkish Grand Prix,815,Pérez,3,15
1067,2021,16,Turkish Grand Prix,844,Leclerc,4,12
1067,2021,16,Turkish Grand Prix,1,Hamilton,5,10
1067,2021,16,Turkish Grand Prix,842,Gasly,6,8
1067,2021,16,Turkish Grand Prix,846,Norris,7,6
1067,2021,16,Turkish Grand Prix,832,Sainz,8,4
1067,2021,16,Turkish Grand Prix,840,Stroll,9,2
1067,2021,16,Turkish Grand Prix,839,Ocon,10,1
1067,2021,16,Turkish Grand Prix,841,Giovinazzi,11,0
1067,2021,16,Turkish Grand Prix,8,Räikkönen,12,0
1067,2021,16,Turkish Grand Prix,817,Ricciardo,13,0
1067,2021,16,Turkish Grand Prix,852,Tsunoda,14,0
1067,2021,16,Turkish Grand Prix,847,Russell,15,0
1067,2021,16,Turkish Grand Prix,4,Alonso,16,0
1067,2021,16,Turkish Grand Prix,849,Latifi,17,0
1067,2021,16,Turkish Grand Prix,20,Vettel,18,0
1067,2021,16,Turkish Grand Prix,854,Schumacher,19,0
1067,2021,16,Turkish Grand Prix,853,Mazepin,20,0
1069,2021,17,United States Grand Prix,830,Verstappen,1,25
1069,2021,17,United States Grand Prix,1,Hamilton,2,19
1069,2021,17,United States Grand Prix,815,Pérez,3,15
1069,2021,17,United States Grand Prix,844,Leclerc,4,12
1069,2021,17,United States Grand Prix,817,Ricciardo,5,10
1069,2021,17,United States Grand Prix,822,Bottas,6,8
1069,2021,17,United States Grand Prix,832,Sainz,7,6
1069,2021,17,United States Grand Prix,846,Norris,8,4
1069,2021,17,United States Grand Prix,852,Tsunoda,9,2
1069,2021,17,United States Grand Prix,20,Vettel,10,1
1069,2021,17,United States Grand Prix,841,Giovinazzi,11,0
1069,2021,17,United States Grand Prix,840,Stroll,12,0
1069,2021,17,United States Grand Prix,8,Räikkönen,13,0
1069,2021,17,United States Grand Prix,847,Russell,14,0
1069,2021,17,United States Grand Prix,849,Latifi,15,0
1069,2021,17,United States Grand Prix,854,Schumacher,16,0
1069,2021,17,United States Grand Prix,853,Mazepin,17,0
1070,2021,18,Mexico City Grand Prix,830,Verstappen,1,25
1070,2021,18,Mexico City Grand Prix,1,Hamilton,2,18
1070,2021,18,Mexico City Grand Prix,815,Pérez,3,15
1070,2021,18,Mexico City Grand Prix,842,Gasly,4,12
1070,2021,18,Mexico City Grand Prix,844,Leclerc,5,10
1070,2021,18,Mexico City Grand Prix,832,Sainz,6,8
1070,2021,18,Mexico City Grand Prix,20,Vettel,7,6
1070,2021,18,Mexico City Grand Prix,8,Räikkönen,8,4
1070,2021,18,Mexico City Grand Prix,4,Alonso,9,2
1070,2021,18,Mexico City Grand Prix,846,Norris,10,1
1070,2021,18,Mexico City Grand Prix,841,Giovinazzi,11,0
1070,2021,18,Mexico City Grand Prix,817,Ricciardo,12,0
1070,2021,18,Mexico City Grand Prix,839,Ocon,13,0
1070,2021,18,Mexico City Grand Prix,840,Stroll,14,0
1070,2021,18,Mexico City Grand Prix,822,Bottas,15,0
1070,2021,18,Mexico City Grand Prix,847,Russell,16,0
1070,2021,18,Mexico City Grand Prix,849,Latifi,17,0
1070,2021,18,Mexico City Grand Prix,853,Mazepin,18,0
1071,2021,19,São Paulo Grand Prix,1,Hamilton,1,25
1071,2021,19,São Paulo Grand Prix,830,Verstappen,2,18
1071,2021,19,São Paulo Grand Prix,822,Bottas,3,15
1071,2021,19,São Paulo Grand Prix,815,Pérez,4,13
1071,2021,19,São Paulo Grand Prix,844,Leclerc,5,10
1071,2021,19,São Paulo Grand Prix,832,Sainz,6,8
1071,2021,19,São Paulo Grand Prix,842,Gasly,7,6
1071,2021,19,São Paulo Grand Prix,839,Ocon,8,4
1071,2021,19,São Paulo Grand Prix,4,Alonso,9,2
1071,2021,19,São Paulo Grand Prix,846,Norris,10,1
1071,2021,19,São Paulo Grand Prix,20,Vettel,11,0
1071,2021,19,São Paulo Grand Prix,8,Räikkönen,12,0
1071,2021,19,São Paulo Grand Prix,847,Russell,13,0
1071,2021,19,São Paulo Grand Prix,841,Giovinazzi,14,0
1071,2021,19,São Paulo Grand Prix,852,Tsunoda,15,0
1071,2021,19,São Paulo Grand Prix,849,Latifi,16,0
1071,2021,19,São Paulo Grand Prix,853,Mazepin,17,0
1071,2021,19,São Paulo Grand Prix,854,Schumacher,18,0
1051,2021,20,Qatar Grand Prix,1,Hamilton,1,25
1051,2021,20,Qatar Grand Prix,830,Verstappen,2,19
1051,2021,20,Qatar Grand Prix,4,Alonso,3,15
1051,2021,20,Qatar Grand Prix,815,Pérez,4,12
1051,2021,20,Qatar Grand Prix,839,Ocon,5,10
1051,2021,20,Qatar Grand Prix,840,Stroll,6,8
1051,2021,20,Qatar Grand Prix,832,Sainz,7,6
1051,2021,20,Qatar Grand Prix,844,Leclerc,8,4
1051,2021,20,Qatar Grand Prix,846,Norris,9,2
1051,2021,20,Qatar Grand Prix,20,Vettel,10,1
1051,2021,20,Qatar Grand Prix,842,Gasly,11,0
1051,2021,20,Qatar Grand Prix,817,Ricciardo,12,0
1051,2021,20,Qatar Grand Prix,852,Tsunoda,13,0
1051,2021,20,Qatar Grand Prix,8,Räikkönen,14,0
1051,2021,20,Qatar Grand Prix,841,Giovinazzi,15,0
1051,2021,20,Qatar Grand Prix,854,Schumacher,16,0
1051,2021,20,Qatar Grand Prix,847,Russell,17,0
1051,2021,20,Qatar Grand Prix,853,Mazepin,18,0
1072,2021,21,Saudi Arabian Grand Prix,1,Hamilton,1,26
1072,2021,21,Saudi Arabian Grand Prix,830,Verstappen,2,18
1072,2021,21,Saudi Arabian Grand Prix,822,Bottas,3,15
1072,2021,21,Saudi Arabian Grand Prix,839,Ocon,4,12
1072,2021,21,Saudi Arabian Grand Prix,817,Ricciardo,5,10
1072,2021,21,Saudi Arabian Grand Prix,842,Gasly,6,8
1072,2021,21,Saudi Arabian Grand Prix,844,Leclerc,7,6
1072,2021,21,Saudi Arabian Grand Prix,832,Sainz,8,4
1072,2021,21,Saudi Arabian Grand Prix,841,Giovinazzi,9,2
1072,2021,21,Saudi Arabian Grand Prix,846,Norris,10,1
1072,2021,21,Saudi Arabian Grand Prix,840,Stroll,11,0
1072,2021,21,Saudi Arabian Grand Prix,849,Latifi,12,0
1072,2021,21,Saudi Arabian Grand Prix,4,Alonso,13,0
1072,2021,21,Saudi Arabian Grand Prix,852,Tsunoda,14,0
1072,2021,21,Saudi Arabian Grand Prix,8,Räikkönen,15,0
1073,2021,22,Abu Dhabi Grand Prix,830,Verstappen,1,26
1073,2021,22,Abu Dhabi Grand Prix,1,Hamilton,2,18
1073,2021,22,Abu Dhabi Grand Prix,832,Sainz,3,15
1073,2021,22,Abu Dhabi Grand Prix,852,Tsunoda,4,12
1073,2021,22,Abu Dhabi Grand Prix,842,Gasly,5,10
1073,2021,22,Abu Dhabi Grand Prix,822,Bottas,6,8
1073,2021,22,Abu Dhabi Grand Prix,846,Norris,7,6
1073,2021,22,Abu Dhabi Grand Prix,4,Alonso,8,4
1073,2021,22,Abu Dhabi Grand Prix,839,Ocon,9,2
1073,2021,22,Abu Dhabi Grand Prix,844,Leclerc,10,1
1073,2021,22,Abu Dhabi Grand Prix,20,Vettel,11,0
1073,2021,22,Abu Dhabi Grand Prix,817,Ricciardo,12,0
1073,2021,22,Abu Dhabi Grand Prix,840,Stroll,13,0
1073,2021,22,Abu Dhabi Grand Prix,854,Schumacher,14,0
1073,2021,22,Abu Dhabi Grand Prix,815,Pérez,15,0
1074,2022,1,Bahrain Grand Prix,844,Leclerc,1,26
1074,2022,1,Bahrain Grand Prix,832,Sainz,2,18
1074,2022,1,Bahrain Grand Prix,1,Hamilton,3,15
1074,2022,1,Bahrain Grand Prix,847,Russell,4,12
1074,2022,1,Bahrain Grand Prix,825,Magnussen,5,10
1074,2022,1,Bahrain Grand Prix,822,Bottas,6,8
1074,2022,1,Bahrain Grand Prix,839,Ocon,7,6
1074,2022,1,Bahrain Grand Prix,852,Tsunoda,8,4
1074,2022,1,Bahrain Grand Prix,4,Alonso,9,2
1074,2022,1,Bahrain Grand Prix,855,Zhou,10,1
1074,2022,1,Bahrain Grand Prix,854,Schumacher,11,0
1074,2022,1,Bahrain Grand Prix,840,Stroll,12,0
1074,2022,1,Bahrain Grand Prix,848,Albon,13,0
1074,2022,1,Bahrain Grand Prix,817,Ricciardo,14,0
1074,2022,1,Bahrain Grand Prix,846,Norris,15,0
1074,2022,1,Bahrain Grand Prix,849,Latifi,16,0
1074,2022,1,Bahrain Grand Prix,807,Hülkenberg,17,0
1074,2022,1,Bahrain Grand Prix,815,Pérez,18,0
1074,2022,1,Bahrain Grand Prix,830,Verstappen,19,0
1075,2022,2,Saudi Arabian Grand Prix,830,Verstappen,1,25
1075,2022,2,Saudi Arabian Grand Prix,844,Leclerc,2,19
1075,2022,2,Saudi Arabian Grand Prix,832,Sainz,3,15
1075,2022,2,Saudi Arabian Grand Prix,815,Pérez,4,12
1075,2022,2,Saudi Arabian Grand Prix,847,Russell,5,10
1075,2022,2,Saudi Arabian Grand Prix,839,Ocon,6,8
1075,2022,2,Saudi Arabian Grand Prix,846,Norris,7,6
1075,2022,2,Saudi Arabian Grand Prix,842,Gasly,8,4
1075,2022,2,Saudi Arabian Grand Prix,825,Magnussen,9,2
1075,2022,2,Saudi Arabian Grand Prix,1,Hamilton,10,1
1075,2022,2,Saudi Arabian Grand Prix,855,Zhou,11,0
1075,2022,2,Saudi Arabian Grand Prix,807,Hülkenberg,12,0
1075,2022,2,Saudi Arabian Grand Prix,840,Stroll,13,0
1075,2022,2,Saudi Arabian Grand Prix,848,Albon,14,0
1076,2022,3,Australian Grand Prix,844,Leclerc,1,26
1076,2022,3,Australian Grand Prix,815,Pérez,2,18
1076,2022,3,Australian Grand Prix,847,Russell,3,15
1076,2022,3,Australian Grand Prix,1,Hamilton,4,12
1076,2022,3,Australian Grand Prix,846,Norris,5,10
1076,2022,3,Australian Grand Prix,817,Ricciardo,6,8
1076,2022,3,Australian Grand Prix,839,Ocon,7,6
1076,2022,3,Australian Grand Prix,822,Bottas,8,4
1076,2022,3,Australian Grand Prix,842,Gasly,9,2
1076,2022,3,Australian Grand Prix,848,Albon,10,1
1076,2022,3,Australian Grand Prix,855,Zhou,11,0
1076,2022,3,Australian Grand Prix,840,Stroll,12,0
1076,2022,3,Australian Grand Prix,854,Schumacher,13,0
1076,2022,3,Australian Grand Prix,825,Magnussen,14,0
1076,2022,3,Australian Grand Prix,852,Tsunoda,15,0
1076,2022,3,Australian Grand Prix,849,Latifi,16,0
1076,2022,3,Australian Grand Prix,4,Alonso,17,0
1077,2022,4,Emilia Romagna Grand Prix,830,Verstappen,1,26
1077,2022,4,Emilia Romagna Grand Prix,815,Pérez,2,18
1077,2022,4,Emilia Romagna Grand Prix,846,Norris,3,15
1077,2022,4,Emilia Romagna Grand Prix,847,Russell,4,12
1077,2022,4,Emilia Romagna Grand Prix,822,Bottas,5,10
1077,2022,4,Emilia Romagna Grand Prix,844,Leclerc,6,8
1077,2022,4,Emilia Romagna Grand Prix,852,Tsunoda,7,6
1077,2022,4,Emilia Romagna Grand Prix,20,Vettel,8,4
1077,2022,4,Emilia Romagna Grand Prix,825,Magnussen,9,2
1077,2022,4,Emilia Romagna Grand Prix,840,Stroll,10,1
1077,2022,4,Emilia Romagna Grand Prix,848,Albon,11,0
1077,2022,4,Emilia Romagna Grand Prix,842,Gasly,12,0
1077,2022,4,Emilia Romagna Grand Prix,1,Hamilton,13,0
1077,2022,4,Emilia Romagna Grand Prix,839,Ocon,14,0
1077,2022,4,Emilia Romagna Grand Prix,855,Zhou,15,0
1077,2022,4,Emilia Romagna Grand Prix,849,Latifi,16,0
1077,2022,4,Emilia Romagna Grand Prix,854,Schumacher,17,0
1077,2022,4,Emilia Romagna Grand Prix,817,Ricciardo,18,0
1078,2022,5,Miami Grand Prix,830,Verstappen,1,26
1078,2022,5,Miami Grand Prix,844,Leclerc,2,18
1078,2022,5,Miami Grand Prix,832,Sainz,3,15
1078,2022,5,Miami Grand Prix,815,Pérez,4,12
1078,2022,5,Miami Grand Prix,847,Russell,5,10
1078,2022,5,Miami Grand Prix,1,Hamilton,6,8
1078,2022,5,Miami Grand Prix,822,Bottas,7,6
1078,2022,5,Miami Grand Prix,839,Ocon,8,4
1078,2022,5,Miami Grand Prix,848,Albon,9,2
1078,2022,5,Miami Grand Prix,840,Stroll,10,1
1078,2022,5,Miami Grand Prix,4,Alonso,11,0
1078,2022,5,Miami Grand Prix,852,Tsunoda,12,0
1078,2022,5,Miami Grand Prix,817,Ricciardo,13,0
1078,2022,5,Miami Grand Prix,849,Latifi,14,0
1078,2022,5,Miami Grand Prix,854,Schumacher,15,0
1078,2022,5,Miami Grand Prix,825,Magnussen,16,0
1078,2022,5,Miami Grand Prix,20,Vettel,17,0
1079,2022,6,Spanish Grand Prix,830,Verstappen,1,25
1079,2022,6,Spanish Grand Prix,815,Pérez,2,19
1079,2022,6,Spanish Grand Prix,847,Russell,3,15
1079,2022,6,Spanish Grand Prix,832,Sainz,4,12
1079,2022,6,Spanish Grand Prix,1,Hamilton,5,10
1079,2022,6,Spanish Grand Prix,822,Bottas,6,8
1079,2022,6,Spanish Grand Prix,839,Ocon,7,6
1079,2022,6,Spanish Grand Prix,846,Norris,8,4
1079,2022,6,Spanish Grand Prix,4,Alonso,9,2
1079,2022,6,Spanish Grand Prix,852,Tsunoda,10,1
1079,2022,6,Spanish Grand Prix,20,Vettel,11,0
1079,2022,6,Spanish Grand Prix,817,Ricciardo,12,0
1079,2022,6,Spanish Grand Prix,842,Gasly,13,0
1079,2022,6,Spanish Grand Prix,854,Schumacher,14,0
1079,2022,6,Spanish Grand Prix,840,Stroll,15,0
1079,2022,6,Spanish Grand Prix,849,Latifi,16,0
1079,2022,6,Spanish Grand Prix,825,Magnussen,17,0
1079,2022,6,Spanish Grand Prix,848,Albon,18,0
1080,2022,7,Monaco Grand Prix,815,Pérez,1,25
1080,2022,7,Monaco Grand Prix,832,Sainz,2,18
1080,2022,7,Monaco Grand Prix,830,Verstappen,3,15
1080,2022,7,Monaco Grand Prix,844,Leclerc,4,12
1080,2022,7,Monaco Grand Prix,847,Russell,5,10
1080,2022,7,Monaco Grand Prix,846,Norris,6,9
1080,2022,7,Monaco Grand Prix,4,Alonso,7,6
1080,2022,7,Monaco Grand Prix,1,Hamilton,8,4
1080,2022,7,Monaco Grand Prix,822,Bottas,9,2
1080,2022,7,Monaco Grand Prix,20,Vettel,10,1
1080,2022,7,Monaco Grand Prix,842,Gasly,11,0
1080,2022,7,Monaco Grand Prix,839,Ocon,12,0
1080,2022,7,Monaco Grand Prix,817,Ricciardo,13,0
1080,2022,7,Monaco Grand Prix,840,Stroll,14,0
1080,2022,7,Monaco Grand Prix,849,Latifi,15,0
1080,2022,7,Monaco Grand Prix,855,Zhou,16,0
1080,2022,7,Monaco Grand Prix,852,Tsunoda,17,0
1081,2022,8,Azerbaijan Grand Prix,830,Verstappen,1,25
1081,2022,8,Azerbaijan Grand Prix,815,Pérez,2,19
1081,2022,8,Azerbaijan Grand Prix,847,Russell,3,15
1081,2022,8,Azerbaijan Grand Prix,1,Hamilton,4,12
1081,2022,8,Azerbaijan Grand Prix,842,Gasly,5,10
1081,2022,8,Azerbaijan Grand Prix,20,Vettel,6,8
1081,2022,8,Azerbaijan Grand Prix,4,Alonso,7,6
1081,2022,8,Azerbaijan Grand Prix,817,Ricciardo,8,4
1081,2022,8,Azerbaijan Grand Prix,846,Norris,9,2
1081,2022,8,Azerbaijan Grand Prix,839,Ocon,10,1
1081,2022,8,Azerbaijan Grand Prix,822,Bottas,11,0
1081,2022,8,Azerbaijan Grand Prix,848,Albon,12,0
1081,2022,8,Azerbaijan Grand Prix,852,Tsunoda,13,0
1081,2022,8,Azerbaijan Grand Prix,854,Schumacher,14,0
1081,2022,8,Azerbaijan Grand Prix,849,Latifi,15,0
1081,2022,8,Azerbaijan Grand Prix,840,Stroll,16,0
1082,2022,9,Canadian Grand Prix,830,Verstappen,1,25
1082,2022,9,Canadian Grand Prix,832,Sainz,2,19
1082,2022,9,Canadian Grand Prix,1,Hamilton,3,15
1082,2022,9,Canadian Grand Prix,847,Russell,4,12
1082,2022,9,Canadian Grand Prix,844,Leclerc,5,10
1082,2022,9,Canadian Grand Prix,839,Ocon,6,8
1082,2022,9,Canadian Grand Prix,822,Bottas,7,6
1082,2022,9,Canadian Grand Prix,855,Zhou,8,4
1082,2022,9,Canadian Grand Prix,4,Alonso,9,2
1082,2022,9,Canadian Grand Prix,840,Stroll,10,1
1082,2022,9,Canadian Grand Prix,817,Ricciardo,11,0
1082,2022,9,Canadian Grand Prix,20,Vettel,12,0
1082,2022,9,Canadian Grand Prix,848,Albon,13,0
1082,2022,9,Canadian Grand Prix,842,Gasly,14,0
1082,2022,9,Canadian Grand Prix,846,Norris,15,0
1082,2022,9,Canadian Grand Prix,849,Latifi,16,0
1082,2022,9,Canadian Grand Prix,825,Magnussen,17,0
1083,2022,10,British Grand Prix,832,Sainz,1,25
1083,2022,10,British Grand Prix,815,Pérez,2,18
1083,2022,10,British Grand Prix,1,Hamilton,3,16
1083,2022,10,British Grand Prix,844,Leclerc,4,12
1083,2022,10,British Grand Prix,4,Alonso,5,10
1083,2022,10,British Grand Prix,846,Norris,6,8
1083,2022,10,British Grand Prix,830,Verstappen,7,6
1083,2022,10,British Grand Prix,854,Schumacher,8,4
1083,2022,10,British Grand Prix,20,Vettel,9,2
1083,2022,10,British Grand Prix,825,Magnussen,10,1
1083,2022,10,British Grand Prix,840,Stroll,11,0
1083,2022,10,British Grand Prix,849,Latifi,12,0
1083,2022,10,British Grand Prix,817,Ricciardo,13,0
1083,2022,10,British Grand Prix,852,Tsunoda,14,0
1084,2022,11,Austrian Grand Prix,844,Leclerc,1,25
1084,2022,11,Austrian Grand Prix,830,Verstappen,2,19
1084,2022,11,Austrian Grand Prix,1,Hamilton,3,15
1084,2022,11,Austrian Grand Prix,847,Russell,4,12
1084,2022,11,Austrian Grand Prix,839,Ocon,5,10
1084,2022,11,Austrian Grand Prix,854,Schumacher,6,8
1084,2022,11,Austrian Grand Prix,846,Norris,7,6
1084,2022,11,Austrian Grand Prix,825,Magnussen,8,4
1084,2022,11,Austrian Grand Prix,817,Ricciardo,9,2
1084,2022,11,Austrian Grand Prix,4,Alonso,10,1
1084,2022,11,Austrian Grand Prix,822,Bottas,11,0
1084,2022,11,Austrian Grand Prix,848,Albon,12,0
1084,2022,11,Austrian Grand Prix,840,Stroll,13,0
1084,2022,11,Austrian Grand Prix,855,Zhou,14,0
1084,2022,11,Austrian Grand Prix,842,Gasly,15,0
1084,2022,11,Austrian Grand Prix,852,Tsunoda,16,0
1084,2022,11,Austrian Grand Prix,20,Vettel,17,0
1085,2022,12,French Grand Prix,830,Verstappen,1,25
1085,2022,12,French Grand Prix,1,Hamilton,2,18
1085,2022,12,French Grand Prix,847,Russell,3,15
1085,2022,12,French Grand Prix,815,Pérez,4,12
1085,2022,12,French Grand Prix,832,Sainz,5,11
1085,2022,12,French Grand Prix,4,Alonso,6,8
1085,2022,12,French Grand Prix,846,Norris,7,6
1085,2022,12,French Grand Prix,839,Ocon,8,4
1085,2022,12,French Grand Prix,817,Ricciardo,9,2
1085,2022,12,French Grand Prix,840,Stroll,10,1
1085,2022,12,French Grand Prix,20,Vettel,11,0
1085,2022,12,French Grand Prix,842,Gasly,12,0
1085,2022,12,French Grand Prix,848,Albon,13,0
1085,2022,12,French Grand Prix,822,Bottas,14,0
1085,2022,12,French Grand Prix,854,Schumacher,15,0
1085,2022,12,French Grand Prix,855,Zhou,16,0
1086,2022,13,Hungarian Grand Prix,830,Verstappen,1,25
1086,2022,13,Hungarian Grand Prix,1,Hamilton,2,19
1086,2022,13,Hungarian Grand Prix,847,Russell,3,15
1086,2022,13,Hungarian Grand Prix,832,Sainz,4,12
1086,2022,13,Hungarian Grand Prix,815,Pérez,5,10
1086,2022,13,Hungarian Grand Prix,844,Leclerc,6,8
1086,2022,13,Hungarian Grand Prix,846,Norris,7,6
1086,2022,13,Hungarian Grand Prix,4,Alonso,8,4
1086,2022,13,Hungarian Grand Prix,839,Ocon,9,2
1086,2022,13,Hungarian Grand Prix,20,Vettel,10,1
1086,2022,13,Hungarian Grand Prix,840,Stroll,11,0
1086,2022,13,Hungarian Grand Prix,842,Gasly,12,0
1086,2022,13,Hungarian Grand Prix,855,Zhou,13,0
1086,2022,13,Hungarian Grand Prix,854,Schumacher,14,0
1086,2022,13,Hungarian Grand Prix,817,Ricciardo,15,0
1086,2022,13,Hungarian Grand Prix,825,Magnussen,16,0
1086,2022,13,Hungarian Grand Prix,848,Albon,17,0
1086,2022,13,Hungarian Grand Prix,849,Latifi,18,0
1086,2022,13,Hungarian Grand Prix,852,Tsunoda,19,0
1086,2022,13,Hungarian Grand Prix,822,Bottas,20,0
1087,2022,14,Belgian Grand Prix,830,Verstappen,1,26
1087,2022,14,Belgian Grand Prix,815,Pérez,2,18
1087,2022,14,Belgian Grand Prix,832,Sainz,3,15
1087,2022,14,Belgian Grand Prix,847,Russell,4,12
1087,2022,14,Belgian Grand Prix,4,Alonso,5,10
1087,2022,14,Belgian Grand Prix,844,Leclerc,6,8
1087,2022,14,Belgian Grand Prix,839,Ocon,7,6
1087,2022,14,Belgian Grand Prix,20,Vettel,8,4
1087,2022,14,Belgian Grand Prix,842,Gasly,9,2
1087,2022,14,Belgian Grand Prix,848,Albon,10,1
1087,2022,14,Belgian Grand Prix,840,Stroll,11,0
1087,2022,14,Belgian Grand Prix,846,Norris,12,0
1087,2022,14,Belgian Grand Prix,852,Tsunoda,13,0
1087,2022,14,Belgian Grand Prix,855,Zhou,14,0
1087,2022,14,Belgian Grand Prix,817,Ricciardo,15,0
1087,2022,14,Belgian Grand Prix,825,Magnussen,16,0
1087,2022,14,Belgian Grand Prix,854,Schumacher,17,0
1087,2022,14,Belgian Grand Prix,849,Latifi,18,0
1088,2022,15,Dutch Grand Prix,830,Verstappen,1,26
1088,2022,15,Dutch Grand Prix,847,Russell,2,18
1088,2022,15,Dutch Grand Prix,844,Leclerc,3,15
1088,2022,15,Dutch Grand Prix,1,Hamilton,4,12
1088,2022,15,Dutch Grand Prix,815,Pérez,5,10
1088,2022,15,Dutch Grand Prix,4,Alonso,6,8
1088,2022,15,Dutch Grand Prix,846,Norris,7,6
1088,2022,15,Dutch Grand Prix,832,Sainz,8,4
1088,2022,15,Dutch Grand Prix,839,Ocon,9,2
1088,2022,15,Dutch Grand Prix,840,Stroll,10,1
1088,2022,15,Dutch Grand Prix,842,Gasly,11,0
1088,2022,15,Dutch Grand Prix,848,Albon,12,0
1088,2022,15,Dutch Grand Prix,854,Schumacher,13,0
1088,2022,15,Dutch Grand Prix,20,Vettel,14,0
1088,2022,15,Dutch Grand Prix,825,Magnussen,15,0
1088,2022,15,Dutch Grand Prix,855,Zhou,16,0
1088,2022,15,Dutch Grand Prix,817,Ricciardo,17,0
1088,2022,15,Dutch Grand Prix,849,Latifi,18,0
1089,2022,16,Italian Grand Prix,830,Verstappen,1,25
1089,2022,16,Italian Grand Prix,844,Leclerc,2,18
1089,2022,16,Italian Grand Prix,847,Russell,3,15
1089,2022,16,Italian Grand Prix,832,Sainz,4,12
1089,2022,16,Italian Grand Prix,1,Hamilton,5,10
1089,2022,16,Italian Grand Prix,815,Pérez,6,9
1089,2022,16,Italian Grand Prix,846,Norris,7,6
1089,2022,16,Italian Grand Prix,842,Gasly,8,4
1089,2022,16,Italian Grand Prix,856,de Vries,9,2
1089,2022,16,Italian Grand Prix,855,Zhou,10,1
1089,2022,16,Italian Grand Prix,839,Ocon,11,0
1089,2022,16,Italian Grand Prix,854,Schumacher,12,0
1089,2022,16,Italian Grand Prix,822,Bottas,13,0
1089,2022,16,Italian Grand Prix,852,Tsunoda,14,0
1089,2022,16,Italian Grand Prix,849,Latifi,15,0
1089,2022,16,Italian Grand Prix,825,Magnussen,16,0
1091,2022,17,Singapore Grand Prix,815,Pérez,1,25
1091,2022,17,Singapore Grand Prix,844,Leclerc,2,18
1091,2022,17,Singapore Grand Prix,832,Sainz,3,15
1091,2022,17,Singapore Grand Prix,846,Norris,4,12
1091,2022,17,Singapore Grand Prix,817,Ricciardo,5,10
1091,2022,17,Singapore Grand Prix,840,Stroll,6,8
1091,2022,17,Singapore Grand Prix,830,Verstappen,7,6
1091,2022,17,Singapore Grand Prix,20,Vettel,8,4
1091,2022,17,Singapore Grand Prix,1,Hamilton,9,2
1091,2022,17,Singapore Grand Prix,842,Gasly,10,1
1091,2022,17,Singapore Grand Prix,822,Bottas,11,0
1091,2022,17,Singapore Grand Prix,825,Magnussen,12,0
1091,2022,17,Singapore Grand Prix,854,Schumacher,13,0
1091,2022,17,Singapore Grand Prix,847,Russell,14,0
1092,2022,18,Japanese Grand Prix,830,Verstappen,1,25
1092,2022,18,Japanese Grand Prix,815,Pérez,2,18
1092,2022,18,Japanese Grand Prix,844,Leclerc,3,15
1092,2022,18,Japanese Grand Prix,839,Ocon,4,12
1092,2022,18,Japanese Grand Prix,1,Hamilton,5,10
1092,2022,18,Japanese Grand Prix,20,Vettel,6,8
1092,2022,18,Japanese Grand Prix,4,Alonso,7,6
1092,2022,18,Japanese Grand Prix,847,Russell,8,4
1092,2022,18,Japanese Grand Prix,849,Latifi,9,2
1092,2022,18,Japanese Grand Prix,846,Norris,10,1
1092,2022,18,Japanese Grand Prix,817,Ricciardo,11,0
1092,2022,18,Japanese Grand Prix,840,Stroll,12,0
1092,2022,18,Japanese Grand Prix,852,Tsunoda,13,0
1092,2022,18,Japanese Grand Prix,825,Magnussen,14,0
1092,2022,18,Japanese Grand Prix,822,Bottas,15,0
1092,2022,18,Japanese Grand Prix,855,Zhou,16,0
1092,2022,18,Japanese Grand Prix,854,Schumacher,17,0
1092,2022,18,Japanese Grand Prix,842,Gasly,18,0
1093,2022,19,United States Grand Prix,830,Verstappen,1,25
1093,2022,19,United States Grand Prix,1,Hamilton,2,18
1093,2022,19,United States Grand Prix,844,Leclerc,3,15
1093,2022,19,United States Grand Prix,815,Pérez,4,12
1093,2022,19,United States Grand Prix,847,Russell,5,11
1093,2022,19,United States Grand Prix,846,Norris,6,8
1093,2022,19,United States Grand Prix,4,Alonso,7,6
1093,2022,19,United States Grand Prix,20,Vettel,8,4
1093,2022,19,United States Grand Prix,825,Magnussen,9,2
1093,2022,19,United States Grand Prix,852,Tsunoda,10,1
1093,2022,19,United States Grand Prix,839,Ocon,11,0
1093,2022,19,United States Grand Prix,855,Zhou,12,0
1093,2022,19,United States Grand Prix,848,Albon,13,0
1093,2022,19,United States Grand Prix,842,Gasly,14,0
1093,2022,19,United States Grand Prix,854,Schumacher,15,0
1093,2022,19,United States Grand Prix,817,Ricciardo,16,0
1093,2022,19,United States Grand Prix,849,Latifi,17,0
1094,2022,20,Mexico City Grand Prix,830,Verstappen,1,25
1094,2022,20,Mexico City Grand Prix,1,Hamilton,2,18
1094,2022,20,Mexico City Grand Prix,815,Pérez,3,15
1094,2022,20,Mexico City Grand Prix,847,Russell,4,13
1094,2022,20,Mexico City Grand Prix,832,Sainz,5,10
1094,2022,20,Mexico City Grand Prix,844,Leclerc,6,8
1094,2022,20,Mexico City Grand Prix,817,Ricciardo,7,6
1094,2022,20,Mexico City Grand Prix,839,Ocon,8,4
1094,2022,20,Mexico City Grand Prix,846,Norris,9,2
1094,2022,20,Mexico City Grand Prix,822,Bottas,10,1
1094,2022,20,Mexico City Grand Prix,842,Gasly,11,0
1094,2022,20,Mexico City Grand Prix,848,Albon,12,0
1094,2022,20,Mexico City Grand Prix,855,Zhou,13,0
1094,2022,20,Mexico City Grand Prix,20,Vettel,14,0
1094,2022,20,Mexico City Grand Prix,840,Stroll,15,0
1094,2022,20,Mexico City Grand Prix,854,Schumacher,16,0
1094,2022,20,Mexico City Grand Prix,825,Magnussen,17,0
1094,2022,20,Mexico City Grand Prix,849,Latifi,18,0
1094,2022,20,Mexico City Grand Prix,4,Alonso,19,0
1095,2022,21,São Paulo Grand Prix,847,Russell,1,26
1095,2022,21,São Paulo Grand Prix,1,Hamilton,2,18
1095,2022,21,São Paulo Grand Prix,832,Sainz,3,15
1095,2022,21,São Paulo Grand Prix,844,Leclerc,4,12
1095,2022,21,São Paulo Grand Prix,4,Alonso,5,10
1095,2022,21,São Paulo Grand Prix,830,Verstappen,6,8
1095,2022,21,São Paulo Grand Prix,815,Pérez,7,6
1095,2022,21,São Paulo Grand Prix,839,Ocon,8,4
1095,2022,21,São Paulo Grand Prix,822,Bottas,9,2
1095,2022,21,São Paulo Grand Prix,840,Stroll,10,1
1095,2022,21,São Paulo Grand Prix,20,Vettel,11,0
1095,2022,21,São Paulo Grand Prix,855,Zhou,12,0
1095,2022,21,São Paulo Grand Prix,854,Schumacher,13,0
1095,2022,21,São Paulo Grand Prix,842,Gasly,14,0
1095,2022,21,São Paulo Grand Prix,848,Albon,15,0
1095,2022,21,São Paulo Grand Prix,849,Latifi,16,0
1095,2022,21,São Paulo Grand Prix,852,Tsunoda,17,0
1096,2022,22,Abu Dhabi Grand Prix,830,Verstappen,1,25
1096,2022,22,Abu Dhabi Grand Prix,844,Leclerc,2,18
1096,2022,22,Abu Dhabi Grand Prix,815,Pérez,3,15
1096,2022,22,Abu Dhabi Grand Prix,832,Sainz,4,12
1096,2022,22,Abu Dhabi Grand Prix,847,Russell,5,10
1096,2022,22,Abu Dhabi Grand Prix,846,Norris,6,9
1096,2022,22,Abu Dhabi Grand Prix,839,Ocon,7,6
1096,2022,22,Abu Dhabi Grand Prix,840,Stroll,8,4
1096,2022,22,Abu Dhabi Grand Prix,817,Ricciardo,9,2
1096,2022,22,Abu Dhabi Grand Prix,20,Vettel,10,1
1096,2022,22,Abu Dhabi Grand Prix,852,Tsunoda,11,0
1096,2022,22,Abu Dhabi Grand Prix,855,Zhou,12,0
1096,2022,22,Abu Dhabi Grand Prix,848,Albon,13,0
1096,2022,22,Abu Dhabi Grand Prix,842,Gasly,14,0
1096,2022,22,Abu Dhabi Grand Prix,822,Bottas,15,0
1096,2022,22,Abu Dhabi Grand Prix,854,Schumacher,16,0
1096,2022,22,Abu Dhabi Grand Prix,825,Magnussen,17,0
1096,2022,22,Abu Dhabi Grand Prix,1,Hamilton,18,0
1096,2022,22,Abu Dhabi Grand Prix,849,Latifi,19,0
1098,2023,1,Bahrain Grand Prix,830,Verstappen,1,25
1098,2023,1,Bahrain Grand Prix,815,Pérez,2,18
1098,2023,1,Bahrain Grand Prix,4,Alonso,3,15
1098,2023,1,Bahrain Grand Prix,832,Sainz,4,12
1098,2023,1,Bahrain Grand Prix,1,Hamilton,5,10
1098,2023,1,Bahrain Grand Prix,840,Stroll,6,8
1098,2023,1,Bahrain Grand Prix,847,Russell,7,6
1098,2023,1,Bahrain Grand Prix,822,Bottas,8,4
1098,2023,1,Bahrain Grand Prix,842,Gasly,9,2
1098,2023,1,Bahrain Grand Prix,848,Albon,10,1
1098,2023,1,Bahrain Grand Prix,852,Tsunoda,11,0
1098,2023,1,Bahrain Grand Prix,858,Sargeant,12,0
1098,2023,1,Bahrain Grand Prix,825,Magnussen,13,0
1098,2023,1,Bahrain Grand Prix,856,de Vries,14,0
1098,2023,1,Bahrain Grand Prix,807,Hülkenberg,15,0
1098,2023,1,Bahrain Grand Prix,855,Zhou,16,0
1098,2023,1,Bahrain Grand Prix,846,Norris,17,0
1099,2023,2,Saudi Arabian Grand Prix,815,Pérez,1,25
1099,2023,2,Saudi Arabian Grand Prix,830,Verstappen,2,19
1099,2023,2,Saudi Arabian Grand Prix,4,Alonso,3,15
1099,2023,2,Saudi Arabian Grand Prix,847,Russell,4,12
1099,2023,2,Saudi Arabian Grand Prix,1,Hamilton,5,10
1099,2023,2,Saudi Arabian Grand Prix,832,Sainz,6,8
1099,2023,2,Saudi Arabian Grand Prix,844,Leclerc,7,6
1099,2023,2,Saudi Arabian Grand Prix,839,Ocon,8,4
1099,2023,2,Saudi Arabian Grand Prix,842,Gasly,9,2
1099,2023,2,Saudi Arabian Grand Prix,825,Magnussen,10,1
1099,2023,2,Saudi Arabian Grand Prix,852,Tsunoda,11,0
1099,2023,2,Saudi Arabian Grand Prix,807,Hülkenberg,12,0
1099,2023,2,Saudi Arabian Grand Prix,855,Zhou,13,0
1099,2023,2,Saudi Arabian Grand Prix,856,de Vries,14,0
1099,2023,2,Saudi Arabian Grand Prix,857,Piastri,15,0
1099,2023,2,Saudi Arabian Grand Prix,858,Sargeant,16,0
1099,2023,2,Saudi Arabian Grand Prix,846,Norris,17,0
1099,2023,2,Saudi Arabian Grand Prix,822,Bottas,18,0
1100,2023,3,Australian Grand Prix,830,Verstappen,1,25
1100,2023,3,Australian Grand Prix,1,Hamilton,2,18
1100,2023,3,Australian Grand Prix,4,Alonso,3,15
1100,2023,3,Australian Grand Prix,840,Stroll,4,12
1100,2023,3,Australian Grand Prix,815,Pérez,5,11
1100,2023,3,Australian Grand Prix,846,Norris,6,8
1100,2023,3,Australian Grand Prix,807,Hülkenberg,7,6
1100,2023,3,Australian Grand Prix,857,Piastri,8,4
1100,2023,3,Australian Grand Prix,855,Zhou,9,2
1100,2023,3,Australian Grand Prix,852,Tsunoda,10,1
1100,2023,3,Australian Grand Prix,822,Bottas,11,0
1100,2023,3,Australian Grand Prix,832,Sainz,12,0
1100,2023,3,Australian Grand Prix,842,Gasly,13,0
1100,2023,3,Australian Grand Prix,839,Ocon,14,0
1100,2023,3,Australian Grand Prix,856,de Vries,15,0
1100,2023,3,Australian Grand Prix,858,Sargeant,16,0
1100,2023,3,Australian Grand Prix,825,Magnussen,17,0
1101,2023,4,Azerbaijan Grand Prix,815,Pérez,1,25
1101,2023,4,Azerbaijan Grand Prix,830,Verstappen,2,18
1101,2023,4,Azerbaijan Grand Prix,844,Leclerc,3,15
1101,2023,4,Azerbaijan Grand Prix,4,Alonso,4,12
1101,2023,4,Azerbaijan Grand Prix,832,Sainz,5,10
1101,2023,4,Azerbaijan Grand Prix,1,Hamilton,6,8
1101,2023,4,Azerbaijan Grand Prix,840,Stroll,7,6
1101,2023,4,Azerbaijan Grand Prix,847,Russell,8,5
1101,2023,4,Azerbaijan Grand Prix,846,Norris,9,2
1101,2023,4,Azerbaijan Grand Prix,852,Tsunoda,10,1
1101,2023,4,Azerbaijan Grand Prix,857,Piastri,11,0
1101,2023,4,Azerbaijan Grand Prix,848,Albon,12,0
1101,2023,4,Azerbaijan Grand Prix,825,Magnussen,13,0
1101,2023,4,Azerbaijan Grand Prix,842,Gasly,14,0
1101,2023,4,Azerbaijan Grand Prix,839,Ocon,15,0
1101,2023,4,Azerbaijan Grand Prix,858,Sargeant,16,0
1101,2023,4,Azerbaijan Grand Prix,807,Hülkenberg,17,0
1101,2023,4,Azerbaijan Grand Prix,822,Bottas,18,0
1102,2023,5,Miami Grand Prix,830,Verstappen,1,26
1102,2023,5,Miami Grand Prix,815,Pérez,2,18
1102,2023,5,Miami Grand Prix,4,Alonso,3,15
1102,2023,5,Miami Grand Prix,847,Russell,4,12
1102,2023,5,Miami Grand Prix,832,Sainz,5,10
1102,2023,5,Miami Grand Prix,1,Hamilton,6,8
1102,2023,5,Miami Grand Prix,844,Leclerc,7,6
1102,2023,5,Miami Grand Prix,842,Gasly,8,4
1102,2023,5,Miami Grand Prix,839,Ocon,9,2
1102,2023,5,Miami Grand Prix,825,Magnussen,10,1
1102,2023,5,Miami Grand Prix,852,Tsunoda,11,0
1102,2023,5,Miami Grand Prix,840,Stroll,12,0
1102,2023,5,Miami Grand Prix,822,Bottas,13,0
1102,2023,5,Miami Grand Prix,848,Albon,14,0
1102,2023,5,Miami Grand Prix,807,Hülkenberg,15,0
1102,2023,5,Miami Grand Prix,855,Zhou,16,0
1102,2023,5,Miami Grand Prix,846,Norris,17,0
1102,2023,5,Miami Grand Prix,856,de Vries,18,0
1102,2023,5,Miami Grand Prix,857,Piastri,19,0
1102,2023,5,Miami Grand Prix,858,Sargeant,20,0
1104,2023,6,Monaco Grand Prix,830,Verstappen,1,25
1104,2023,6,Monaco Grand Prix,4,Alonso,2,18
1104,2023,6,Monaco Grand Prix,839,Ocon,3,15
1104,2023,6,Monaco Grand Prix,1,Hamilton,4,13
1104,2023,6,Monaco Grand Prix,847,Russell,5,10
1104,2023,6,Monaco Grand Prix,844,Leclerc,6,8
1104,2023,6,Monaco Grand Prix,842,Gasly,7,6
1104,2023,6,Monaco Grand Prix,832,Sainz,8,4
1104,2023,6,Monaco Grand Prix,846,Norris,9,2
1104,2023,6,Monaco Grand Prix,857,Piastri,10,1
1104,2023,6,Monaco Grand Prix,822,Bottas,11,0
1104,2023,6,Monaco Grand Prix,856,de Vries,12,0
1104,2023,6,Monaco Grand Prix,855,Zhou,13,0
1104,2023,6,Monaco Grand Prix,848,Albon,14,0
1104,2023,6,Monaco Grand Prix,852,Tsunoda,15,0
1104,2023,6,Monaco Grand Prix,815,Pérez,16,0
1104,2023,6,Monaco Grand Prix,807,Hülkenberg,17,0
1104,2023,6,Monaco Grand Prix,858,Sargeant,18,0
1105,2023,7,Spanish Grand Prix,830,Verstappen,1,26
1105,2023,7,Spanish Grand Prix,1,Hamilton,2,18
1105,2023,7,Spanish Grand Prix,847,Russell,3,15
1105,2023,7,Spanish Grand Prix,815,Pérez,4,12
1105,2023,7,Spanish Grand Prix,832,Sainz,5,10
1105,2023,7,Spanish Grand Prix,840,Stroll,6,8
1105,2023,7,Spanish Grand Prix,4,Alonso,7,6
1105,2023,7,Spanish Grand Prix,839,Ocon,8,4
1105,2023,7,Spanish Grand Prix,855,Zhou,9,2
1105,2023,7,Spanish Grand Prix,842,Gasly,10,1
1105,2023,7,Spanish Grand Prix,844,Leclerc,11,0
1105,2023,7,Spanish Grand Prix,852,Tsunoda,12,0
1105,2023,7,Spanish Grand Prix,857,Piastri,13,0
1105,2023,7,Spanish Grand Prix,856,de Vries,14,0
1105,2023,7,Spanish Grand Prix,807,Hülkenberg,15,0
1105,2023,7,Spanish Grand Prix,848,Albon,16,0
1105,2023,7,Spanish Grand Prix,846,Norris,17,0
1105,2023,7,Spanish Grand Prix,825,Magnussen,18,0
1105,2023,7,Spanish Grand Prix,822,Bottas,19,0
1105,2023,7,Spanish Grand Prix,858,Sargeant,20,0
1106,2023,8,Canadian Grand Prix,830,Verstappen,1,25
1106,2023,8,Canadian Grand Prix,4,Alonso,2,18
1106,2023,8,Canadian Grand Prix,1,Hamilton,3,15
1106,2023,8,Canadian Grand Prix,844,Leclerc,4,12
1106,2023,8,Canadian Grand Prix,832,Sainz,5,10
1106,2023,8,Canadian Grand Prix,815,Pérez,6,9
1106,2023,8,Canadian Grand Prix,848,Albon,7,6
1106,2023,8,Canadian Grand Prix,839,Ocon,8,4
1106,2023,8,Canadian Grand Prix,840,Stroll,9,2
1106,2023,8,Canadian Grand Prix,822,Bottas,10,1
1106,2023,8,Canadian Grand Prix,857,Piastri,11,0
1106,2023,8,Canadian Grand Prix,842,Gasly,12,0
1106,2023,8,Canadian Grand Prix,846,Norris,13,0
1106,2023,8,Canadian Grand Prix,852,Tsunoda,14,0
1106,2023,8,Canadian Grand Prix,807,Hülkenberg,15,0
1106,2023,8,Canadian Grand Prix,855,Zhou,16,0
1106,2023,8,Canadian Grand Prix,825,Magnussen,17,0
1106,2023,8,Canadian Grand Prix,856,de Vries,18,0
1107,2023,9,Austrian Grand Prix,830,Verstappen,1,26
1107,2023,9,Austrian Grand Prix,844,Leclerc,2,18
1107,2023,9,Austrian Grand Prix,815,Pérez,3,15
1107,2023,9,Austrian Grand Prix,846,Norris,4,12
1107,2023,9,Austrian Grand Prix,4,Alonso,5,10
1107,2023,9,Austrian Grand Prix,832,Sainz,6,8
1107,2023,9,Austrian Grand Prix,847,Russell,7,6
1107,2023,9,Austrian Grand Prix,1,Hamilton,8,4
1107,2023,9,Austrian Grand Prix,840,Stroll,9,2
1107,2023,9,Austrian Grand Prix,842,Gasly,10,1
1107,2023,9,Austrian Grand Prix,848,Albon,11,0
1107,2023,9,Austrian Grand Prix,855,Zhou,12,0
1107,2023,9,Austrian Grand Prix,858,Sargeant,13,0
1107,2023,9,Austrian Grand Prix,839,Ocon,14,0
1107,2023,9,Austrian Grand Prix,822,Bottas,15,0
1107,2023,9,Austrian Grand Prix,857,Piastri,16,0
1107,2023,9,Austrian Grand Prix,856,de Vries,17,0
1107,2023,9,Austrian Grand Prix,825,Magnussen,18,0
1107,2023,9,Austrian Grand Prix,852,Tsunoda,19,0
1108,2023,10,British Grand Prix,830,Verstappen,1,26
1108,2023,10,British Grand Prix,846,Norris,2,18
1108,2023,10,British Grand Prix,1,Hamilton,3,15
1108,2023,10,British Grand Prix,857,Piastri,4,12
1108,2023,10,British Grand Prix,847,Russell,5,10
1108,2023,10,British Grand Prix,815,Pérez,6,8
1108,2023,10,British Grand Prix,4,Alonso,7,6
1108,2023,10,British Grand Prix,848,Albon,8,4
1108,2023,10,British Grand Prix,844,Leclerc,9,2
1108,2023,10,British Grand Prix,832,Sainz,10,1
1108,2023,10,British Grand Prix,858,Sargeant,11,0
1108,2023,10,British Grand Prix,822,Bottas,12,0
1108,2023,10,British Grand Prix,807,Hülkenberg,13,0
1108,2023,10,British Grand Prix,840,Stroll,14,0
1108,2023,10,British Grand Prix,855,Zhou,15,0
1108,2023,10,British Grand Prix,852,Tsunoda,16,0
1108,2023,10,British Grand Prix,856,de Vries,17,0
1108,2023,10,British Grand Prix,842,Gasly,18,0
1109,2023,11,Hungarian Grand Prix,830,Verstappen,1,26
1109,2023,11,Hungarian Grand Prix,846,Norris,2,18
1109,2023,11,Hungarian Grand Prix,815,Pérez,3,15
1109,2023,11,Hungarian Grand Prix,1,Hamilton,4,12
1109,2023,11,Hungarian Grand Prix,857,Piastri,5,10
1109,2023,11,Hungarian Grand Prix,847,Russell,6,8
1109,2023,11,Hungarian Grand Prix,844,Leclerc,7,6
1109,2023,11,Hungarian Grand Prix,832,Sainz,8,4
1109,2023,11,Hungarian Grand Prix,4,Alonso,9,2
1109,2023,11,Hungarian Grand Prix,840,Stroll,10,1
1109,2023,11,Hungarian Grand Prix,848,Albon,11,0
1109,2023,11,Hungarian Grand Prix,822,Bottas,12,0
1109,2023,11,Hungarian Grand Prix,817,Ricciardo,13,0
1109,2023,11,Hungarian Grand Prix,807,Hülkenberg,14,0
1109,2023,11,Hungarian Grand Prix,852,Tsunoda,15,0
1109,2023,11,Hungarian Grand Prix,855,Zhou,16,0
1109,2023,11,Hungarian Grand Prix,825,Magnussen,17,0
1110,2023,12,Belgian Grand Prix,830,Verstappen,1,25
1110,2023,12,Belgian Grand Prix,815,Pérez,2,18
1110,2023,12,Belgian Grand Prix,844,Leclerc,3,15
1110,2023,12,Belgian Grand Prix,1,Hamilton,4,13
1110,2023,12,Belgian Grand Prix,4,Alonso,5,10
1110,2023,12,Belgian Grand Prix,847,Russell,6,8
1110,2023,12,Belgian Grand Prix,846,Norris,7,6
1110,2023,12,Belgian Grand Prix,839,Ocon,8,4
1110,2023,12,Belgian Grand Prix,840,Stroll,9,2
1110,2023,12,Belgian Grand Prix,852,Tsunoda,10,1
1110,2023,12,Belgian Grand Prix,842,Gasly,11,0
1110,2023,12,Belgian Grand Prix,822,Bottas,12,0
1110,2023,12,Belgian Grand Prix,855,Zhou,13,0
1110,2023,12,Belgian Grand Prix,848,Albon,14,0
1110,2023,12,Belgian Grand Prix,825,Magnussen,15,0
1110,2023,12,Belgian Grand Prix,817,Ricciardo,16,0
1110,2023,12,Belgian Grand Prix,858,Sargeant,17,0
1110,2023,12,Belgian Grand Prix,807,Hülkenberg,18,0
1111,2023,13,Dutch Grand Prix,830,Verstappen,1,25
1111,2023,13,Dutch Grand Prix,4,Alonso,2,19
1111,2023,13,Dutch Grand Prix,842,Gasly,3,15
1111,2023,13,Dutch Grand Prix,815,Pérez,4,12
1111,2023,13,Dutch Grand Prix,832,Sainz,5,10
1111,2023,13,Dutch Grand Prix,1,Hamilton,6,8
1111,2023,13,Dutch Grand Prix,846,Norris,7,6
1111,2023,13,Dutch Grand Prix,848,Albon,8,4
1111,2023,13,Dutch Grand Prix,857,Piastri,9,2
1111,2023,13,Dutch Grand Prix,839,Ocon,10,1
1111,2023,13,Dutch Grand Prix,840,Stroll,11,0
1111,2023,13,Dutch Grand Prix,807,Hülkenberg,12,0
1111,2023,13,Dutch Grand Prix,859,Lawson,13,0
1111,2023,13,Dutch Grand Prix,822,Bottas,14,0
1111,2023,13,Dutch Grand Prix,852,Tsunoda,15,0
1111,2023,13,Dutch Grand Prix,825,Magnussen,16,0
1111,2023,13,Dutch Grand Prix,847,Russell,17,0
1112,2023,14,Italian Grand Prix,830,Verstappen,1,25
1112,2023,14,Italian Grand Prix,815,Pérez,2,18
1112,2023,14,Italian Grand Prix,832,Sainz,3,15
1112,2023,14,Italian Grand Prix,844,Leclerc,4,12
1112,2023,14,Italian Grand Prix,847,Russell,5,10
1112,2023,14,Italian Grand Prix,1,Hamilton,6,8
1112,2023,14,Italian Grand Prix,848,Albon,7,6
1112,2023,14,Italian Grand Prix,846,Norris,8,4
1112,2023,14,Italian Grand Prix,4,Alonso,9,2
1112,2023,14,Italian Grand Prix,822,Bottas,10,1
1112,2023,14,Italian Grand Prix,859,Lawson,11,0
1112,2023,14,Italian Grand Prix,857,Piastri,12,0
1112,2023,14,Italian Grand Prix,858,Sargeant,13,0
1112,2023,14,Italian Grand Prix,855,Zhou,14,0
1112,2023,14,Italian Grand Prix,842,Gasly,15,0
1112,2023,14,Italian Grand Prix,840,Stroll,16,0
1112,2023,14,Italian Grand Prix,807,Hülkenberg,17,0
1112,2023,14,Italian Grand Prix,825,Magnussen,18,0
1113,2023,15,Singapore Grand Prix,832,Sainz,1,25
1113,2023,15,Singapore Grand Prix,846,Norris,2,18
1113,2023,15,Singapore Grand Prix,1,Hamilton,3,16
1113,2023,15,Singapore Grand Prix,844,Leclerc,4,12
1113,2023,15,Singapore Grand Prix,830,Verstappen,5,10
1113,2023,15,Singapore Grand Prix,842,Gasly,6,8
1113,2023,15,Singapore Grand Prix,857,Piastri,7,6
1113,2023,15,Singapore Grand Prix,815,Pérez,8,4
1113,2023,15,Singapore Grand Prix,859,Lawson,9,2
1113,2023,15,Singapore Grand Prix,825,Magnussen,10,1
1113,2023,15,Singapore Grand Prix,848,Albon,11,0
1113,2023,15,Singapore Grand Prix,855,Zhou,12,0
1113,2023,15,Singapore Grand Prix,807,Hülkenberg,13,0
1113,2023,15,Singapore Grand Prix,858,Sargeant,14,0
1113,2023,15,Singapore Grand Prix,4,Alonso,15,0
1113,2023,15,Singapore Grand Prix,847,Russell,16,0
1114,2023,16,Japanese Grand Prix,830,Verstappen,1,26
1114,2023,16,Japanese Grand Prix,846,Norris,2,18
1114,2023,16,Japanese Grand Prix,857,Piastri,3,15
1114,2023,16,Japanese Grand Prix,844,Leclerc,4,12
1114,2023,16,Japanese Grand Prix,1,Hamilton,5,10
1114,2023,16,Japanese Grand Prix,832,Sainz,6,8
1114,2023,16,Japanese Grand Prix,847,Russell,7,6
1114,2023,16,Japanese Grand Prix,4,Alonso,8,4
1114,2023,16,Japanese Grand Prix,839,Ocon,9,2
1114,2023,16,Japanese Grand Prix,842,Gasly,10,1
1114,2023,16,Japanese Grand Prix,859,Lawson,11,0
1114,2023,16,Japanese Grand Prix,852,Tsunoda,12,0
1114,2023,16,Japanese Grand Prix,855,Zhou,13,0
1114,2023,16,Japanese Grand Prix,807,Hülkenberg,14,0
1114,2023,16,Japanese Grand Prix,825,Magnussen,15,0
1115,2023,17,Qatar Grand Prix,830,Verstappen,1,26
1115,2023,17,Qatar Grand Prix,857,Piastri,2,18
1115,2023,17,Qatar Grand Prix,846,Norris,3,15
1115,2023,17,Qatar Grand Prix,847,Russell,4,12
1115,2023,17,Qatar Grand Prix,844,Leclerc,5,10
1115,2023,17,Qatar Grand Prix,4,Alonso,6,8
1115,2023,17,Qatar Grand Prix,839,Ocon,7,6
1115,2023,17,Qatar Grand Prix,822,Bottas,8,4
1115,2023,17,Qatar Grand Prix,855,Zhou,9,2
1115,2023,17,Qatar Grand Prix,815,Pérez,10,1
1115,2023,17,Qatar Grand Prix,840,Stroll,11,0
1115,2023,17,Qatar Grand Prix,842,Gasly,12,0
1115,2023,17,Qatar Grand Prix,848,Albon,13,0
1115,2023,17,Qatar Grand Prix,825,Magnussen,14,0
1115,2023,17,Qatar Grand Prix,852,Tsunoda,15,0
1115,2023,17,Qatar Grand Prix,807,Hülkenberg,16,0
1115,2023,17,Qatar Grand Prix,859,Lawson,17,0
1116,2023,18,United States Grand Prix,830,Verstappen,1,25
1116,2023,18,United States Grand Prix,846,Norris,2,18
1116,2023,18,United States Grand Prix,832,Sainz,3,15
1116,2023,18,United States Grand Prix,815,Pérez,4,12
1116,2023,18,United States Grand Prix,847,Russell,5,10
1116,2023,18,United States Grand Prix,842,Gasly,6,8
1116,2023,18,United States Grand Prix,840,Stroll,7,6
1116,2023,18,United States Grand Prix,852,Tsunoda,8,5
1116,2023,18,United States Grand Prix,848,Albon,9,2
1116,2023,18,United States Grand Prix,858,Sargeant,10,1
1116,2023,18,United States Grand Prix,807,Hülkenberg,11,0
1116,2023,18,United States Grand Prix,822,Bottas,12,0
1116,2023,18,United States Grand Prix,855,Zhou,13,0
1116,2023,18,United States Grand Prix,825,Magnussen,14,0
1116,2023,18,United States Grand Prix,817,Ricciardo,15,0
1117,2023,19,Mexico City Grand Prix,830,Verstappen,1,25
1117,2023,19,Mexico City Grand Prix,1,Hamilton,2,19
1117,2023,19,Mexico City Grand Prix,844,Leclerc,3,15
1117,2023,19,Mexico City Grand Prix,832,Sainz,4,12
1117,2023,19,Mexico City Grand Prix,846,Norris,5,10
1117,2023,19,Mexico City Grand Prix,847,Russell,6,8
1117,2023,19,Mexico City Grand Prix,817,Ricciardo,7,6
1117,2023,19,Mexico City Grand Prix,857,Piastri,8,4
1117,2023,19,Mexico City Grand Prix,848,Albon,9,2
1117,2023,19,Mexico City Grand Prix,839,Ocon,10,1
1117,2023,19,Mexico City Grand Prix,842,Gasly,11,0
1117,2023,19,Mexico City Grand Prix,852,Tsunoda,12,0
1117,2023,19,Mexico City Grand Prix,807,Hülkenberg,13,0
1117,2023,19,Mexico City Grand Prix,855,Zhou,14,0
1117,2023,19,Mexico City Grand Prix,822,Bottas,15,0
1117,2023,19,Mexico City Grand Prix,858,Sargeant,16,0
1117,2023,19,Mexico City Grand Prix,840,Stroll,17,0
1118,2023,20,São Paulo Grand Prix,830,Verstappen,1,25
1118,2023,20,São Paulo Grand Prix,846,Norris,2,19
1118,2023,20,São Paulo Grand Prix,4,Alonso,3,15
1118,2023,20,São Paulo Grand Prix,815,Pérez,4,12
1118,2023,20,São Paulo Grand Prix,840,Stroll,5,10
1118,2023,20,São Paulo Grand Prix,832,Sainz,6,8
1118,2023,20,São Paulo Grand Prix,842,Gasly,7,6
1118,2023,20,São Paulo Grand Prix,1,Hamilton,8,4
1118,2023,20,São Paulo Grand Prix,852,Tsunoda,9,2
1118,2023,20,São Paulo Grand Prix,839,Ocon,10,1
1118,2023,20,São Paulo Grand Prix,858,Sargeant,11,0
1118,2023,20,São Paulo Grand Prix,807,Hülkenberg,12,0
1118,2023,20,São Paulo Grand Prix,817,Ricciardo,13,0
1118,2023,20,São Paulo Grand Prix,857,Piastri,14,0
1119,2023,21,Las Vegas Grand Prix,830,Verstappen,1,25
1119,2023,21,Las Vegas Grand Prix,844,Leclerc,2,18
1119,2023,21,Las Vegas Grand Prix,815,Pérez,3,15
1119,2023,21,Las Vegas Grand Prix,839,Ocon,4,12
1119,2023,21,Las Vegas Grand Prix,840,Stroll,5,10
1119,2023,21,Las Vegas Grand Prix,832,Sainz,6,8
1119,2023,21,Las Vegas Grand Prix,1,Hamilton,7,6
1119,2023,21,Las Vegas Grand Prix,847,Russell,8,4
1119,2023,21,Las Vegas Grand Prix,4,Alonso,9,2
1119,2023,21,Las Vegas Grand Prix,857,Piastri,10,2
1119,2023,21,Las Vegas Grand Prix,842,Gasly,11,0
1119,2023,21,Las Vegas Grand Prix,848,Albon,12,0
1119,2023,21,Las Vegas Grand Prix,825,Magnussen,13,0
1119,2023,21,Las Vegas Grand Prix,817,Ricciardo,14,0
1119,2023,21,Las Vegas Grand Prix,855,Zhou,15,0
1119,2023,21,Las Vegas Grand Prix,858,Sargeant,16,0
1119,2023,21,Las Vegas Grand Prix,822,Bottas,17,0
1119,2023,21,Las Vegas Grand Prix,852,Tsunoda,18,0
1119,2023,21,Las Vegas Grand Prix,807,Hülkenberg,19,0
1120,2023,22,Abu Dhabi Grand Prix,830,Verstappen,1,26
1120,2023,22,Abu Dhabi Grand Prix,844,Leclerc,2,18
1120,2023,22,Abu Dhabi Grand Prix,847,Russell,3,15
1120,2023,22,Abu Dhabi Grand Prix,815,Pérez,4,12
1120,2023,22,Abu Dhabi Grand Prix,846,Norris,5,10
1120,2023,22,Abu Dhabi Grand Prix,857,Piastri,6,8
1120,2023,22,Abu Dhabi Grand Prix,4,Alonso,7,6
1120,2023,22,Abu Dhabi Grand Prix,852,Tsunoda,8,4
1120,2023,22,Abu Dhabi Grand Prix,1,Hamilton,9,2
1120,2023,22,Abu Dhabi Grand Prix,840,Stroll,10,1
1120,2023,22,Abu Dhabi Grand Prix,817,Ricciardo,11,0
1120,2023,22,Abu Dhabi Grand Prix,839,Ocon,12,0
1120,2023,22,Abu Dhabi Grand Prix,842,Gasly,13,0
1120,2023,22,Abu Dhabi Grand Prix,848,Albon,14,0
1120,2023,22,Abu Dhabi Grand Prix,807,Hülkenberg,15,0
1120,2023,22,Abu Dhabi Grand Prix,858,Sargeant,16,0
1120,2023,22,Abu Dhabi Grand Prix,855,Zhou,17,0
1120,2023,22,Abu Dhabi Grand Prix,832,Sainz,18,0
1120,2023,22,Abu Dhabi Grand Prix,822,Bottas,19,0
1120,2023,22,Abu Dhabi Grand Prix,825,Magnussen,20,0
1121,2024,1,Bahrain Grand Prix,830,Verstappen,1,26
1121,2024,1,Bahrain Grand Prix,815,Pérez,2,18
1121,2024,1,Bahrain Grand Prix,832,Sainz,3,15
1121,2024,1,Bahrain Grand Prix,844,Leclerc,4,12
1121,2024,1,Bahrain Grand Prix,847,Russell,5,10
1121,2024,1,Bahrain Grand Prix,846,Norris,6,8
1121,2024,1,Bahrain Grand Prix,1,Hamilton,7,6
1121,2024,1,Bahrain Grand Prix,857,Piastri,8,4
1121,2024,1,Bahrain Grand Prix,4,Alonso,9,2
1121,2024,1,Bahrain Grand Prix,840,Stroll,10,1
1121,2024,1,Bahrain Grand Prix,855,Zhou,11,0
1121,2024,1,Bahrain Grand Prix,825,Magnussen,12,0
1121,2024,1,Bahrain Grand Prix,817,Ricciardo,13,0
1121,2024,1,Bahrain Grand Prix,852,Tsunoda,14,0
1121,2024,1,Bahrain Grand Prix,848,Albon,15,0
1121,2024,1,Bahrain Grand Prix,807,Hülkenberg,16,0
1121,2024,1,Bahrain Grand Prix,839,Ocon,17,0
1121,2024,1,Bahrain Grand Prix,842,Gasly,18,0
1121,2024,1,Bahrain Grand Prix,822,Bottas,19,0
1121,2024,1,Bahrain Grand Prix,858,Sargeant,20,0
1122,2024,2,Saudi Arabian Grand Prix,830,Verstappen,1,25
1122,2024,2,Saudi Arabian Grand Prix,815,Pérez,2,18
1122,2024,2,Saudi Arabian Grand Prix,844,Leclerc,3,16
1122,2024,2,Saudi Arabian Grand Prix,857,Piastri,4,12
1122,2024,2,Saudi Arabian Grand Prix,4,Alonso,5,10
1122,2024,2,Saudi Arabian Grand Prix,847,Russell,6,8
1122,2024,2,Saudi Arabian Grand Prix,860,Bearman,7,6
1122,2024,2,Saudi Arabian Grand Prix,846,Norris,8,4
1122,2024,2,Saudi Arabian Grand Prix,1,Hamilton,9,2
1122,2024,2,Saudi Arabian Grand Prix,807,Hülkenberg,10,1
1122,2024,2,Saudi Arabian Grand Prix,848,Albon,11,0
1122,2024,2,Saudi Arabian Grand Prix,825,Magnussen,12,0
1122,2024,2,Saudi Arabian Grand Prix,839,Ocon,13,0
1122,2024,2,Saudi Arabian Grand Prix,858,Sargeant,14,0
1122,2024,2,Saudi Arabian Grand Prix,852,Tsunoda,15,0
1122,2024,2,Saudi Arabian Grand Prix,817,Ricciardo,16,0
1122,2024,2,Saudi Arabian Grand Prix,822,Bottas,17,0
1122,2024,2,Saudi Arabian Grand Prix,855,Zhou,18,0
1123,2024,3,Australian Grand Prix,832,Sainz,1,25
1123,2024,3,Australian Grand Prix,844,Leclerc,2,19
1123,2024,3,Australian Grand Prix,846,Norris,3,15
1123,2024,3,Australian Grand Prix,857,Piastri,4,12
1123,2024,3,Australian Grand Prix,815,Pérez,5,10
1123,2024,3,Australian Grand Prix,840,Stroll,6,8
1123,2024,3,Australian Grand Prix,852,Tsunoda,7,6
1123,2024,3,Australian Grand Prix,4,Alonso,8,4
1123,2024,3,Australian Grand Prix,807,Hülkenberg,9,2
1123,2024,3,Australian Grand Prix,825,Magnussen,10,1
1123,2024,3,Australian Grand Prix,848,Albon,11,0
1123,2024,3,Australian Grand Prix,817,Ricciardo,12,0
1123,2024,3,Australian Grand Prix,842,Gasly,13,0
1123,2024,3,Australian Grand Prix,822,Bottas,14,0
1123,2024,3,Australian Grand Prix,855,Zhou,15,0
1123,2024,3,Australian Grand Prix,839,Ocon,16,0
1123,2024,3,Australian Grand Prix,847,Russell,17,0
1124,2024,4,Japanese Grand Prix,830,Verstappen,1,26
1124,2024,4,Japanese Grand Prix,815,Pérez,2,18
1124,2024,4,Japanese Grand Prix,832,Sainz,3,15
1124,2024,4,Japanese Grand Prix,844,Leclerc,4,12
1124,2024,4,Japanese Grand Prix,846,Norris,5,10
1124,2024,4,Japanese Grand Prix,4,Alonso,6,8
1124,2024,4,Japanese Grand Prix,847,Russell,7,6
1124,2024,4,Japanese Grand Prix,857,Piastri,8,4
1124,2024,4,Japanese Grand Prix,1,Hamilton,9,2
1124,2024,4,Japanese Grand Prix,852,Tsunoda,10,1
1124,2024,4,Japanese Grand Prix,807,Hülkenberg,11,0
1124,2024,4,Japanese Grand Prix,840,Stroll,12,0
1124,2024,4,Japanese Grand Prix,825,Magnussen,13,0
1124,2024,4,Japanese Grand Prix,822,Bottas,14,0
1124,2024,4,Japanese Grand Prix,839,Ocon,15,0
1124,2024,4,Japanese Grand Prix,842,Gasly,16,0
1124,2024,4,Japanese Grand Prix,858,Sargeant,17,0
1125,2024,5,Chinese Grand Prix,830,Verstappen,1,25
1125,2024,5,Chinese Grand Prix,846,Norris,2,18
1125,2024,5,Chinese Grand Prix,815,Pérez,3,15
1125,2024,5,Chinese Grand Prix,844,Leclerc,4,12
1125,2024,5,Chinese Grand Prix,832,Sainz,5,10
1125,2024,5,Chinese Grand Prix,847,Russell,6,8
1125,2024,5,Chinese Grand Prix,4,Alonso,7,7
1125,2024,5,Chinese Grand Prix,857,Piastri,8,4
1125,2024,5,Chinese Grand Prix,1,Hamilton,9,2
1125,2024,5,Chinese Grand Prix,807,Hülkenberg,10,1
1125,2024,5,Chinese Grand Prix,839,Ocon,11,0
1125,2024,5,Chinese Grand Prix,848,Albon,12,0
1125,2024,5,Chinese Grand Prix,842,Gasly,13,0
1125,2024,5,Chinese Grand Prix,855,Zhou,14,0
1125,2024,5,Chinese Grand Prix,840,Stroll,15,0
1125,2024,5,Chinese Grand Prix,825,Magnussen,16,0
1125,2024,5,Chinese Grand Prix,858,Sargeant,17,0
1126,2024,6,Miami Grand Prix,846,Norris,1,25
1126,2024,6,Miami Grand Prix,830,Verstappen,2,18
1126,2024,6,Miami Grand Prix,844,Leclerc,3,15
1126,2024,6,Miami Grand Prix,815,Pérez,4,12
1126,2024,6,Miami Grand Prix,832,Sainz,5,10
1126,2024,6,Miami Grand Prix,1,Hamilton,6,8
1126,2024,6,Miami Grand Prix,852,Tsunoda,7,6
1126,2024,6,Miami Grand Prix,847,Russell,8,4
1126,2024,6,Miami Grand Prix,4,Alonso,9,2
1126,2024,6,Miami Grand Prix,839,Ocon,10,1
1126,2024,6,Miami Grand Prix,807,Hülkenberg,11,0
1126,2024,6,Miami Grand Prix,842,Gasly,12,0
1126,2024,6,Miami Grand Prix,857,Piastri,13,0
1126,2024,6,Miami Grand Prix,855,Zhou,14,0
1126,2024,6,Miami Grand Prix,817,Ricciardo,15,0
1126,2024,6,Miami Grand Prix,822,Bottas,16,0
1126,2024,6,Miami Grand Prix,840,Stroll,17,0
1126,2024,6,Miami Grand Prix,848,Albon,18,0
1126,2024,6,Miami Grand Prix,825,Magnussen,19,0
1127,2024,7,Emilia Romagna Grand Prix,830,Verstappen,1,25
1127,2024,7,Emilia Romagna Grand Prix,846,Norris,2,18
1127,2024,7,Emilia Romagna Grand Prix,844,Leclerc,3,15
1127,2024,7,Emilia Romagna Grand Prix,857,Piastri,4,12
1127,2024,7,Emilia Romagna Grand Prix,832,Sainz,5,10
1127,2024,7,Emilia Romagna Grand Prix,1,Hamilton,6,8
1127,2024,7,Emilia Romagna Grand Prix,847,Russell,7,7
1127,2024,7,Emilia Romagna Grand Prix,815,Pérez,8,4
1127,2024,7,Emilia Romagna Grand Prix,840,Stroll,9,2
1127,2024,7,Emilia Romagna Grand Prix,852,Tsunoda,10,1
1127,2024,7,Emilia Romagna Grand Prix,807,Hülkenberg,11,0
1127,2024,7,Emilia Romagna Grand Prix,825,Magnussen,12,0
1127,2024,7,Emilia Romagna Grand Prix,817,Ricciardo,13,0
1127,2024,7,Emilia Romagna Grand Prix,839,Ocon,14,0
1127,2024,7,Emilia Romagna Grand Prix,855,Zhou,15,0
1127,2024,7,Emilia Romagna Grand Prix,842,Gasly,16,0
1127,2024,7,Emilia Romagna Grand Prix,858,Sargeant,17,0
1127,2024,7,Emilia Romagna Grand Prix,822,Bottas,18,0
1127,2024,7,Emilia Romagna Grand Prix,4,Alonso,19,0
1128,2024,8,Monaco Grand Prix,844,Leclerc,1,25
1128,2024,8,Monaco Grand Prix,857,Piastri,2,18
1128,2024,8,Monaco Grand Prix,832,Sainz,3,15
1128,2024,8,Monaco Grand Prix,846,Norris,4,12
1128,2024,8,Monaco Grand Prix,847,Russell,5,10
1128,2024,8,Monaco Grand Prix,830,Verstappen,6,8
1128,2024,8,Monaco Grand Prix,1,Hamilton,7,7
1128,2024,8,Monaco Grand Prix,852,Tsunoda,8,4
1128,2024,8,Monaco Grand Prix,848,Albon,9,2
1128,2024,8,Monaco Grand Prix,842,Gasly,10,1
1128,2024,8,Monaco Grand Prix,4,Alonso,11,0
1128,2024,8,Monaco Grand Prix,817,Ricciardo,12,0
1128,2024,8,Monaco Grand Prix,822,Bottas,13,0
1128,2024,8,Monaco Grand Prix,840,Stroll,14,0
1128,2024,8,Monaco Grand Prix,858,Sargeant,15,0
1128,2024,8,Monaco Grand Prix,855,Zhou,16,0
1129,2024,9,Canadian Grand Prix,830,Verstappen,1,25
1129,2024,9,Canadian Grand Prix,846,Norris,2,18
1129,2024,9,Canadian Grand Prix,847,Russell,3,15
1129,2024,9,Canadian Grand Prix,1,Hamilton,4,13
1129,2024,9,Canadian Grand Prix,857,Piastri,5,10
1129,2024,9,Canadian Grand Prix,4,Alonso,6,8
1129,2024,9,Canadian Grand Prix,840,Stroll,7,6
1129,2024,9,Canadian Grand Prix,817,Ricciardo,8,4
1129,2024,9,Canadian Grand Prix,842,Gasly,9,2
1129,2024,9,Canadian Grand Prix,839,Ocon,10,1
1129,2024,9,Canadian Grand Prix,807,Hülkenberg,11,0
1129,2024,9,Canadian Grand Prix,825,Magnussen,12,0
1129,2024,9,Canadian Grand Prix,822,Bottas,13,0
1129,2024,9,Canadian Grand Prix,852,Tsunoda,14,0
1129,2024,9,Canadian Grand Prix,855,Zhou,15,0
1130,2024,10,Spanish Grand Prix,830,Verstappen,1,25
1130,2024,10,Spanish Grand Prix,846,Norris,2,19
1130,2024,10,Spanish Grand Prix,1,Hamilton,3,15
1130,2024,10,Spanish Grand Prix,847,Russell,4,12
1130,2024,10,Spanish Grand Prix,844,Leclerc,5,10
1130,2024,10,Spanish Grand Prix,832,Sainz,6,8
1130,2024,10,Spanish Grand Prix,857,Piastri,7,6
1130,2024,10,Spanish Grand Prix,815,Pérez,8,4
1130,2024,10,Spanish Grand Prix,842,Gasly,9,2
1130,2024,10,Spanish Grand Prix,839,Ocon,10,1
1130,2024,10,Spanish Grand Prix,807,Hülkenberg,11,0
1130,2024,10,Spanish Grand Prix,4,Alonso,12,0
1130,2024,10,Spanish Grand Prix,855,Zhou,13,0
1130,2024,10,Spanish Grand Prix,840,Stroll,14,0
1130,2024,10,Spanish Grand Prix,817,Ricciardo,15,0
1130,2024,10,Spanish Grand Prix,822,Bottas,16,0
1130,2024,10,Spanish Grand Prix,825,Magnussen,17,0
1130,2024,10,Spanish Grand Prix,848,Albon,18,0
1130,2024,10,Spanish Grand Prix,852,Tsunoda,19,0
1130,2024,10,Spanish Grand Prix,858,Sargeant,20,0
1131,2024,11,Austrian Grand Prix,847,Russell,1,25
1131,2024,11,Austrian Grand Prix,857,Piastri,2,18
1131,2024,11,Austrian Grand Prix,832,Sainz,3,15
1131,2024,11,Austrian Grand Prix,1,Hamilton,4,12
1131,2024,11,Austrian Grand Prix,830,Verstappen,5,10
1131,2024,11,Austrian Grand Prix,807,Hülkenberg,6,8
1131,2024,11,Austrian Grand Prix,815,Pérez,7,6
1131,2024,11,Austrian Grand Prix,825,Magnussen,8,4
1131,2024,11,Austrian Grand Prix,817,Ricciardo,9,2
1131,2024,11,Austrian Grand Prix,842,Gasly,10,1
1131,2024,11,Austrian Grand Prix,844,Leclerc,11,0
1131,2024,11,Austrian Grand Prix,839,Ocon,12,0
1131,2024,11,Austrian Grand Prix,840,Stroll,13,0
1131,2024,11,Austrian Grand Prix,852,Tsunoda,14,0
1131,2024,11,Austrian Grand Prix,848,Albon,15,0
1131,2024,11,Austrian Grand Prix,822,Bottas,16,0
1131,2024,11,Austrian Grand Prix,855,Zhou,17,0
1131,2024,11,Austrian Grand Prix,4,Alonso,18,0
1131,2024,11,Austrian Grand Prix,858,Sargeant,19,0
1131,2024,11,Austrian Grand Prix,846,Norris,20,0
1132,2024,12,British Grand Prix,1,Hamilton,1,25
1132,2024,12,British Grand Prix,830,Verstappen,2,18
1132,2024,12,British Grand Prix,846,Norris,3,15
1132,2024,12,British Grand Prix,857,Piastri,4,12
1132,2024,12,British Grand Prix,832,Sainz,5,11
1132,2024,12,British Grand Prix,807,Hülkenberg,6,8
1132,2024,12,British Grand Prix,840,Stroll,7,6
1132,2024,12,British Grand Prix,4,Alonso,8,4
1132,2024,12,British Grand Prix,848,Albon,9,2
1132,2024,12,British Grand Prix,852,Tsunoda,10,1
1132,2024,12,British Grand Prix,858,Sargeant,11,0
1132,2024,12,British Grand Prix,825,Magnussen,12,0
1132,2024,12,British Grand Prix,817,Ricciardo,13,0
1132,2024,12,British Grand Prix,844,Leclerc,14,0
1132,2024,12,British Grand Prix,822,Bottas,15,0
1132,2024,12,British Grand Prix,839,Ocon,16,0
1132,2024,12,British Grand Prix,815,Pérez,17,0
1132,2024,12,British Grand Prix,855,Zhou,18,0
1133,2024,13,Hungarian Grand Prix,857,Piastri,1,25
1133,2024,13,Hungarian Grand Prix,846,Norris,2,18
1133,2024,13,Hungarian Grand Prix,1,Hamilton,3,15
1133,2024,13,Hungarian Grand Prix,844,Leclerc,4,12
1133,2024,13,Hungarian Grand Prix,830,Verstappen,5,10
1133,2024,13,Hungarian Grand Prix,832,Sainz,6,8
1133,2024,13,Hungarian Grand Prix,815,Pérez,7,6
1133,2024,13,Hungarian Grand Prix,847,Russell,8,5
1133,2024,13,Hungarian Grand Prix,852,Tsunoda,9,2
1133,2024,13,Hungarian Grand Prix,840,Stroll,10,1
1133,2024,13,Hungarian Grand Prix,4,Alonso,11,0
1133,2024,13,Hungarian Grand Prix,817,Ricciardo,12,0
1133,2024,13,Hungarian Grand Prix,807,Hülkenberg,13,0
1133,2024,13,Hungarian Grand Prix,848,Albon,14,0
1133,2024,13,Hungarian Grand Prix,825,Magnussen,15,0
1133,2024,13,Hungarian Grand Prix,822,Bottas,16,0
1133,2024,13,Hungarian Grand Prix,858,Sargeant,17,0
1133,2024,13,Hungarian Grand Prix,839,Ocon,18,0
1133,2024,13,Hungarian Grand Prix,855,Zhou,19,0
1134,2024,14,Belgian Grand Prix,1,Hamilton,1,25
1134,2024,14,Belgian Grand Prix,857,Piastri,2,18
1134,2024,14,Belgian Grand Prix,844,Leclerc,3,15
1134,2024,14,Belgian Grand Prix,830,Verstappen,4,12
1134,2024,14,Belgian Grand Prix,846,Norris,5,10
1134,2024,14,Belgian Grand Prix,832,Sainz,6,8
1134,2024,14,Belgian Grand Prix,815,Pérez,7,7
1134,2024,14,Belgian Grand Prix,4,Alonso,8,4
1134,2024,14,Belgian Grand Prix,839,Ocon,9,2
1134,2024,14,Belgian Grand Prix,817,Ricciardo,10,1
1134,2024,14,Belgian Grand Prix,840,Stroll,11,0
1134,2024,14,Belgian Grand Prix,848,Albon,12,0
1134,2024,14,Belgian Grand Prix,842,Gasly,13,0
1134,2024,14,Belgian Grand Prix,825,Magnussen,14,0
1134,2024,14,Belgian Grand Prix,822,Bottas,15,0
1134,2024,14,Belgian Grand Prix,852,Tsunoda,16,0
1134,2024,14,Belgian Grand Prix,858,Sargeant,17,0
1134,2024,14,Belgian Grand Prix,807,Hülkenberg,18,0
1135,2024,15,Dutch Grand Prix,846,Norris,1,26
1135,2024,15,Dutch Grand Prix,830,Verstappen,2,18
1135,2024,15,Dutch Grand Prix,844,Leclerc,3,15
1135,2024,15,Dutch Grand Prix,857,Piastri,4,12
1135,2024,15,Dutch Grand Prix,832,Sainz,5,10
1135,2024,15,Dutch Grand Prix,815,Pérez,6,8
1135,2024,15,Dutch Grand Prix,847,Russell,7,6
1135,2024,15,Dutch Grand Prix,1,Hamilton,8,4
1135,2024,15,Dutch Grand Prix,842,Gasly,9,2
1135,2024,15,Dutch Grand Prix,4,Alonso,10,1
1135,2024,15,Dutch Grand Prix,807,Hülkenberg,11,0
1135,2024,15,Dutch Grand Prix,817,Ricciardo,12,0
1135,2024,15,Dutch Grand Prix,840,Stroll,13,0
1135,2024,15,Dutch Grand Prix,848,Albon,14,0
1135,2024,15,Dutch Grand Prix,839,Ocon,15,0
1135,2024,15,Dutch Grand Prix,858,Sargeant,16,0
1135,2024,15,Dutch Grand Prix,852,Tsunoda,17,0
1135,2024,15,Dutch Grand Prix,825,Magnussen,18,0
1135,2024,15,Dutch Grand Prix,822,Bottas,19,0
1135,2024,15,Dutch Grand Prix,855,Zhou,20,0
1136,2024,16,Italian Grand Prix,844,Leclerc,1,25
1136,2024,16,Italian Grand Prix,857,Piastri,2,18
1136,2024,16,Italian Grand Prix,846,Norris,3,16
1136,2024,16,Italian Grand Prix,832,Sainz,4,12
1136,2024,16,Italian Grand Prix,1,Hamilton,5,10
1136,2024,16,Italian Grand Prix,830,Verstappen,6,8
1136,2024,16,Italian Grand Prix,847,Russell,7,6
1136,2024,16,Italian Grand Prix,815,Pérez,8,4
1136,2024,16,Italian Grand Prix,848,Albon,9,2
1136,2024,16,Italian Grand Prix,825,Magnussen,10,1
1136,2024,16,Italian Grand Prix,4,Alonso,11,0
1136,2024,16,Italian Grand Prix,861,Colapinto,12,0
1136,2024,16,Italian Grand Prix,817,Ricciardo,13,0
1136,2024,16,Italian Grand Prix,839,Ocon,14,0
1136,2024,16,Italian Grand Prix,842,Gasly,15,0
1136,2024,16,Italian Grand Prix,822,Bottas,16,0
1136,2024,16,Italian Grand Prix,807,Hülkenberg,17,0
1136,2024,16,Italian Grand Prix,855,Zhou,18,0
1136,2024,16,Italian Grand Prix,840,Stroll,19,0
1137,2024,17,Azerbaijan Grand Prix,857,Piastri,1,25
1137,2024,17,Azerbaijan Grand Prix,844,Leclerc,2,18
1137,2024,17,Azerbaijan Grand Prix,847,Russell,3,15
1137,2024,17,Azerbaijan Grand Prix,846,Norris,4,13
1137,2024,17,Azerbaijan Grand Prix,830,Verstappen,5,10
1137,2024,17,Azerbaijan Grand Prix,4,Alonso,6,8
1137,2024,17,Azerbaijan Grand Prix,848,Albon,7,6
1137,2024,17,Azerbaijan Grand Prix,861,Colapinto,8,4
1137,2024,17,Azerbaijan Grand Prix,1,Hamilton,9,2
1137,2024,17,Azerbaijan Grand Prix,860,Bearman,10,1
1137,2024,17,Azerbaijan Grand Prix,807,Hülkenberg,11,0
1137,2024,17,Azerbaijan Grand Prix,842,Gasly,12,0
1137,2024,17,Azerbaijan Grand Prix,817,Ricciardo,13,0
1137,2024,17,Azerbaijan Grand Prix,855,Zhou,14,0
1137,2024,17,Azerbaijan Grand Prix,839,Ocon,15,0
1137,2024,17,Azerbaijan Grand Prix,822,Bottas,16,0
1137,2024,17,Azerbaijan Grand Prix,815,Pérez,17,0
1137,2024,17,Azerbaijan Grand Prix,832,Sainz,18,0
1137,2024,17,Azerbaijan Grand Prix,840,Stroll,19,0
1138,2024,18,Singapore Grand Prix,846,Norris,1,25
1138,2024,18,Singapore Grand Prix,830,Verstappen,2,18
1138,2024,18,Singapore Grand Prix,857,Piastri,3,15
1138,2024,18,Singapore Grand Prix,847,Russell,4,12
1138,2024,18,Singapore Grand Prix,844,Leclerc,5,10
1138,2024,18,Singapore Grand Prix,1,Hamilton,6,8
1138,2024,18,Singapore Grand Prix,832,Sainz,7,6
1138,2024,18,Singapore Grand Prix,4,Alonso,8,4
1138,2024,18,Singapore Grand Prix,807,Hülkenberg,9,2
1138,2024,18,Singapore Grand Prix,815,Pérez,10,1
1138,2024,18,Singapore Grand Prix,861,Colapinto,11,0
1138,2024,18,Singapore Grand Prix,852,Tsunoda,12,0
1138,2024,18,Singapore Grand Prix,839,Ocon,13,0
1138,2024,18,Singapore Grand Prix,840,Stroll,14,0
1138,2024,18,Singapore Grand Prix,855,Zhou,15,0
1138,2024,18,Singapore Grand Prix,822,Bottas,16,0
1138,2024,18,Singapore Grand Prix,842,Gasly,17,0
1138,2024,18,Singapore Grand Prix,817,Ricciardo,18,0
1138,2024,18,Singapore Grand Prix,825,Magnussen,19,0
1139,2024,19,United States Grand Prix,844,Leclerc,1,25
1139,2024,19,United States Grand Prix,832,Sainz,2,18
1139,2024,19,United States Grand Prix,830,Verstappen,3,15
1139,2024,19,United States Grand Prix,846,Norris,4,12
1139,2024,19,United States Grand Prix,857,Piastri,5,10
1139,2024,19,United States Grand Prix,847,Russell,6,8
1139,2024,19,United States Grand Prix,815,Pérez,7,6
1139,2024,19,United States Grand Prix,807,Hülkenberg,8,4
1139,2024,19,United States Grand Prix,859,Lawson,9,2
1139,2024,19,United States Grand Prix,861,Colapinto,10,1
1139,2024,19,United States Grand Prix,825,Magnussen,11,0
1139,2024,19,United States Grand Prix,842,Gasly,12,0
1139,2024,19,United States Grand Prix,4,Alonso,13,0
1139,2024,19,United States Grand Prix,852,Tsunoda,14,0
1139,2024,19,United States Grand Prix,840,Stroll,15,0
1139,2024,19,United States Grand Prix,848,Albon,16,0
1139,2024,19,United States Grand Prix,822,Bottas,17,0
1139,2024,19,United States Grand Prix,839,Ocon,18,0
1139,2024,19,United States Grand Prix,855,Zhou,19,0
1140,2024,20,Mexico City Grand Prix,832,Sainz,1,25
1140,2024,20,Mexico City Grand Prix,846,Norris,2,18
1140,2024,20,Mexico City Grand Prix,844,Leclerc,3,16
1140,2024,20,Mexico City Grand Prix,1,Hamilton,4,12
1140,2024,20,Mexico City Grand Prix,847,Russell,5,10
1140,2024,20,Mexico City Grand Prix,830,Verstappen,6,8
1140,2024,20,Mexico City Grand Prix,825,Magnussen,7,6
1140,2024,20,Mexico City Grand Prix,857,Piastri,8,4
1140,2024,20,Mexico City Grand Prix,807,Hülkenberg,9,2
1140,2024,20,Mexico City Grand Prix,842,Gasly,10,1
1140,2024,20,Mexico City Grand Prix,840,Stroll,11,0
1140,2024,20,Mexico City Grand Prix,861,Colapinto,12,0
1140,2024,20,Mexico City Grand Prix,839,Ocon,13,0
1140,2024,20,Mexico City Grand Prix,822,Bottas,14,0
1140,2024,20,Mexico City Grand Prix,855,Zhou,15,0
1140,2024,20,Mexico City Grand Prix,859,Lawson,16,0
1140,2024,20,Mexico City Grand Prix,815,Pérez,17,0
1141,2024,21,São Paulo Grand Prix,830,Verstappen,1,26
1141,2024,21,São Paulo Grand Prix,839,Ocon,2,18
1141,2024,21,São Paulo Grand Prix,842,Gasly,3,15
1141,2024,21,São Paulo Grand Prix,847,Russell,4,12
1141,2024,21,São Paulo Grand Prix,844,Leclerc,5,10
1141,2024,21,São Paulo Grand Prix,846,Norris,6,8
1141,2024,21,São Paulo Grand Prix,852,Tsunoda,7,6
1141,2024,21,São Paulo Grand Prix,857,Piastri,8,4
1141,2024,21,São Paulo Grand Prix,859,Lawson,9,2
1141,2024,21,São Paulo Grand Prix,1,Hamilton,10,1
1141,2024,21,São Paulo Grand Prix,815,Pérez,11,0
1141,2024,21,São Paulo Grand Prix,860,Bearman,12,0
1141,2024,21,São Paulo Grand Prix,822,Bottas,13,0
1141,2024,21,São Paulo Grand Prix,4,Alonso,14,0
1141,2024,21,São Paulo Grand Prix,855,Zhou,15,0
1142,2024,22,Las Vegas Grand Prix,847,Russell,1,25
1142,2024,22,Las Vegas Grand Prix,1,Hamilton,2,18
1142,2024,22,Las Vegas Grand Prix,832,Sainz,3,15
1142,2024,22,Las Vegas Grand Prix,844,Leclerc,4,12
1142,2024,22,Las Vegas Grand Prix,830,Verstappen,5,10
1142,2024,22,Las Vegas Grand Prix,846,Norris,6,9
1142,2024,22,Las Vegas Grand Prix,857,Piastri,7,6
1142,2024,22,Las Vegas Grand Prix,807,Hülkenberg,8,4
1142,2024,22,Las Vegas Grand Prix,852,Tsunoda,9,2
1142,2024,22,Las Vegas Grand Prix,815,Pérez,10,1
1142,2024,22,Las Vegas Grand Prix,4,Alonso,11,0
1142,2024,22,Las Vegas Grand Prix,825,Magnussen,12,0
1142,2024,22,Las Vegas Grand Prix,855,Zhou,13,0
1142,2024,22,Las Vegas Grand Prix,861,Colapinto,14,0
1142,2024,22,Las Vegas Grand Prix,840,Stroll,15,0
1142,2024,22,Las Vegas Grand Prix,859,Lawson,16,0
1142,2024,22,Las Vegas Grand Prix,839,Ocon,17,0
1142,2024,22,Las Vegas Grand Prix,822,Bottas,18,0
1143,2024,23,Qatar Grand Prix,830,Verstappen,1,25
1143,2024,23,Qatar Grand Prix,844,Leclerc,2,18
1143,2024,23,Qatar Grand Prix,857,Piastri,3,15
1143,2024,23,Qatar Grand Prix,847,Russell,4,12
1143,2024,23,Qatar Grand Prix,842,Gasly,5,10
1143,2024,23,Qatar Grand Prix,832,Sainz,6,8
1143,2024,23,Qatar Grand Prix,4,Alonso,7,6
1143,2024,23,Qatar Grand Prix,855,Zhou,8,4
1143,2024,23,Qatar Grand Prix,825,Magnussen,9,2
1143,2024,23,Qatar Grand Prix,846,Norris,10,2
1143,2024,23,Qatar Grand Prix,822,Bottas,11,0
1143,2024,23,Qatar Grand Prix,1,Hamilton,12,0
1143,2024,23,Qatar Grand Prix,852,Tsunoda,13,0
1143,2024,23,Qatar Grand Prix,859,Lawson,14,0
1143,2024,23,Qatar Grand Prix,848,Albon,15,0
1144,2024,24,Abu Dhabi Grand Prix,846,Norris,1,25
1144,2024,24,Abu Dhabi Grand Prix,832,Sainz,2,18
1144,2024,24,Abu Dhabi Grand Prix,844,Leclerc,3,15
1144,2024,24,Abu Dhabi Grand Prix,1,Hamilton,4,12
1144,2024,24,Abu Dhabi Grand Prix,847,Russell,5,10
1144,2024,24,Abu Dhabi Grand Prix,830,Verstappen,6,8
1144,2024,24,Abu Dhabi Grand Prix,842,Gasly,7,6
1144,2024,24,Abu Dhabi Grand Prix,807,Hülkenberg,8,4
1144,2024,24,Abu Dhabi Grand Prix,4,Alonso,9,2
1144,2024,24,Abu Dhabi Grand Prix,857,Piastri,10,1
1144,2024,24,Abu Dhabi Grand Prix,848,Albon,11,0
1144,2024,24,Abu Dhabi Grand Prix,852,Tsunoda,12,0
1144,2024,24,Abu Dhabi Grand Prix,855,Zhou,13,0
1144,2024,24,Abu Dhabi Grand Prix,840,Stroll,14,0
1144,2024,24,Abu Dhabi Grand Prix,862,Doohan,15,0
1144,2024,24,Abu Dhabi Grand Prix,825,Magnussen,16,0
1144,2024,24,Abu Dhabi Grand Prix,859,Lawson,17,0
