driverId,year,round,win_rate,avg_points,win
1,2007,6,0.0,7.6,1
1,2007,7,0.16666666666666666,8.0,1
1,2007,8,0.2857142857142857,8.285714285714286,0
1,2007,9,0.25,8.0,0
1,2007,10,0.2222222222222222,7.777777777777778,0
1,2007,11,0.2,7.0,1
1,2007,12,0.2727272727272727,7.2727272727272725,0
1,2007,13,0.25,7.0,0
1,2007,14,0.23076923076923078,7.076923076923077,0
1,2007,15,0.21428571428571427,6.928571428571429,1
1,2007,17,0.26666666666666666,7.133333333333334,0
1,2008,1,0.25,6.8125,1
1,2008,2,0.29411764705882354,7.0,0
1,2008,3,0.2777777777777778,6.833333333333333,0
1,2008,4,0.2631578947368421,6.473684210526316,0
1,2008,5,0.25,6.45,0
1,2008,6,0.23809523809523808,6.523809523809524,1
1,2008,8,0.2727272727272727,6.681818181818182,0
1,2008,9,0.2608695652173913,6.391304347826087,1
1,2008,10,0.2916666666666667,6.541666666666667,1
1,2008,11,0.32,6.68,0
1,2008,12,0.3076923076923077,6.576923076923077,0
1,2008,13,0.2962962962962963,6.62962962962963,0
1,2008,14,0.2857142857142857,6.607142857142857,0
1,2008,15,0.27586206896551724,6.448275862068965,0
1,2008,16,0.26666666666666666,6.433333333333334,0
1,2008,17,0.25806451612903225,6.225806451612903,1
1,2008,18,0.28125,6.34375,0
1,2009,2,0.2727272727272727,6.2727272727272725,0
1,2009,3,0.2647058823529412,6.117647058823529,0
1,2009,4,0.2571428571428571,6.0285714285714285,0
1,2009,5,0.25,6.0,0
1,2009,6,0.24324324324324326,5.837837837837838,0
1,2009,7,0.23684210526315788,5.684210526315789,0
1,2009,8,0.23076923076923078,5.538461538461538,0
1,2009,9,0.225,5.4,0
1,2009,10,0.21951219512195122,5.2682926829268295,1
1,2009,11,0.23809523809523808,5.380952380952381,0
1,2009,13,0.23255813953488372,5.441860465116279,0
1,2009,14,0.22727272727272727,5.318181818181818,1
1,2009,15,0.24444444444444444,5.4222222222222225,0
1,2009,16,0.2391304347826087,5.434782608695652,0
1,2010,1,0.23404255319148937,5.446808510638298,0
1,2010,2,0.22916666666666666,5.645833333333333,0
1,2010,3,0.22448979591836735,5.6938775510204085,0
1,2010,4,0.22,5.74,0
1,2010,5,0.21568627450980393,5.980392156862745,0
1,2010,6,0.21153846153846154,5.865384615384615,0
1,2010,7,0.20754716981132076,5.943396226415095,1
1,2010,8,0.2222222222222222,6.296296296296297,1
1,2010,9,0.23636363636363636,6.636363636363637,0
1,2010,10,0.23214285714285715,6.839285714285714,0
1,2010,11,0.22807017543859648,7.035087719298246,0
1,2010,13,0.22413793103448276,7.120689655172414,1
1,2010,16,0.23728813559322035,7.423728813559322,0
1,2010,17,0.23333333333333334,7.466666666666667,0
1,2010,18,0.22950819672131148,7.639344262295082,0
1,2010,19,0.22580645161290322,7.709677419354839,0
1,2011,1,0.2222222222222222,7.873015873015873,0
1,2011,2,0.21875,8.03125,0
1,2011,3,0.2153846153846154,7.969230769230769,1
1,2011,4,0.22727272727272727,8.227272727272727,0
1,2011,5,0.22388059701492538,8.283582089552239,0
1,2011,6,0.22058823529411764,8.426470588235293,0
1,2011,8,0.21739130434782608,8.420289855072463,0
1,2011,9,0.21428571428571427,8.471428571428572,0
1,2011,10,0.2112676056338028,8.52112676056338,1
1,2011,11,0.2222222222222222,8.75,0
1,2011,13,0.2191780821917808,8.794520547945206,0
1,2011,14,0.21621621621621623,8.837837837837839,0
1,2011,15,0.21333333333333335,8.853333333333333,0
1,2011,16,0.21052631578947367,8.868421052631579,0
1,2011,17,0.2077922077922078,8.987012987012987,0
1,2011,18,0.20512820512820512,8.948717948717949,1
1,2012,1,0.21518987341772153,9.151898734177216,0
1,2012,2,0.2125,9.225,0
1,2012,3,0.20987654320987653,9.296296296296296,0
1,2012,4,0.2073170731707317,9.365853658536585,0
1,2012,5,0.20481927710843373,9.301204819277109,0
1,2012,6,0.20238095238095238,9.238095238095237,0
1,2012,7,0.2,9.24705882352941,1
1,2012,8,0.20930232558139536,9.430232558139535,0
1,2012,9,0.20689655172413793,9.32183908045977,0
1,2012,11,0.20454545454545456,9.261363636363637,1
1,2012,13,0.21348314606741572,9.438202247191011,1
1,2012,15,0.2222222222222222,9.61111111111111,0
1,2012,16,0.21978021978021978,9.615384615384615,0
1,2012,17,0.21739130434782608,9.521739130434783,0
1,2012,19,0.21505376344086022,9.548387096774194,1
1,2013,1,0.22340425531914893,9.712765957446809,0
1,2013,2,0.22105263157894736,9.715789473684211,0
1,2013,3,0.21875,9.770833333333334,0
1,2013,4,0.21649484536082475,9.824742268041238,0
1,2013,5,0.21428571428571427,9.826530612244898,0
1,2013,6,0.21212121212121213,9.727272727272727,0
1,2013,7,0.21,9.75,0
1,2013,8,0.2079207920792079,9.801980198019802,0
1,2013,9,0.20588235294117646,9.823529411764707,0
1,2013,10,0.20388349514563106,9.825242718446601,1
1,2013,11,0.21153846153846154,9.971153846153847,0
1,2013,12,0.20952380952380953,10.019047619047619,0
1,2013,13,0.20754716981132076,9.943396226415095,0
1,2013,14,0.205607476635514,9.94392523364486,0
1,2013,16,0.2037037037037037,9.944444444444445,0
1,2013,17,0.2018348623853211,9.926605504587156,0
1,2013,18,0.2,9.89090909090909,0
1,2013,19,0.1981981981981982,9.90990990990991,0
1,2014,2,0.19642857142857142,9.839285714285714,1
1,2014,3,0.20353982300884957,9.973451327433628,1
1,2014,4,0.21052631578947367,10.105263157894736,1
1,2014,5,0.21739130434782608,10.234782608695653,1
1,2014,6,0.22413793103448276,10.362068965517242,0
1,2014,8,0.2222222222222222,10.427350427350428,0
1,2014,9,0.22033898305084745,10.491525423728813,1
1,2014,10,0.226890756302521,10.61344537815126,0
1,2014,11,0.225,10.65,0
1,2014,13,0.2231404958677686,10.685950413223141,1
1,2014,14,0.22950819672131148,10.80327868852459,1
1,2014,15,0.23577235772357724,10.91869918699187,1
1,2014,16,0.24193548387096775,11.03225806451613,1
1,2014,17,0.248,11.144,1
1,2014,18,0.25396825396825395,11.253968253968255,0
1,2014,19,0.25196850393700787,11.307086614173228,1
1,2015,1,0.2578125,11.609375,1
1,2015,2,0.26356589147286824,11.713178294573643,0
1,2015,3,0.26153846153846155,11.761538461538462,1
1,2015,4,0.26717557251908397,11.86259541984733,1
1,2015,5,0.2727272727272727,11.962121212121213,0
1,2015,6,0.2706766917293233,12.007518796992482,0
1,2015,7,0.26865671641791045,12.029850746268657,1
1,2015,8,0.2740740740740741,12.125925925925927,0
1,2015,9,0.27205882352941174,12.169117647058824,1
1,2015,10,0.2773722627737226,12.262773722627736,0
1,2015,11,0.2753623188405797,12.231884057971014,1
1,2015,12,0.2805755395683453,12.323741007194245,1
1,2015,14,0.2857142857142857,12.414285714285715,1
1,2015,15,0.2907801418439716,12.50354609929078,1
1,2015,16,0.29577464788732394,12.591549295774648,1
1,2015,17,0.3006993006993007,12.678321678321678,0
1,2015,18,0.2986111111111111,12.715277777777779,0
1,2015,19,0.296551724137931,12.751724137931035,0
1,2016,1,0.2945205479452055,12.787671232876713,0
1,2016,2,0.2925170068027211,12.82312925170068,0
1,2016,3,0.2905405405405405,12.837837837837839,0
1,2016,4,0.28859060402684567,12.791946308724832,0
1,2016,6,0.2866666666666667,12.826666666666666,1
1,2016,7,0.2913907284768212,12.907284768211921,1
1,2016,8,0.29605263157894735,12.986842105263158,0
1,2016,9,0.29411764705882354,12.967320261437909,1
1,2016,10,0.2987012987012987,13.045454545454545,1
1,2016,11,0.3032258064516129,13.12258064516129,1
1,2016,12,0.3076923076923077,13.198717948717949,1
1,2016,13,0.31210191082802546,13.273885350318471,0
1,2016,14,0.310126582278481,13.284810126582279,0
1,2016,15,0.3081761006289308,13.314465408805031,0
1,2016,17,0.30625,13.325,0
1,2016,18,0.30434782608695654,13.335403726708075,1
1,2016,19,0.30864197530864196,13.407407407407407,1
1,2016,20,0.3128834355828221,13.478527607361963,1
1,2016,21,0.3170731707317073,13.548780487804878,1
1,2017,1,0.3212121212121212,13.618181818181819,0
1,2017,2,0.3192771084337349,13.644578313253012,1
1,2017,3,0.32335329341317365,13.7125748502994,0
1,2017,4,0.32142857142857145,13.738095238095237,0
1,2017,5,0.31952662721893493,13.727810650887575,1
1,2017,6,0.3235294117647059,13.794117647058824,0
1,2017,7,0.3216374269005848,13.748538011695906,1
1,2017,8,0.32558139534883723,13.813953488372093,0
1,2017,9,0.3236994219653179,13.791907514450868,0
1,2017,10,0.3218390804597701,13.781609195402298,1
1,2017,11,0.32571428571428573,13.845714285714285,0
1,2017,12,0.32386363636363635,13.835227272727273,1
1,2017,13,0.327683615819209,13.898305084745763,1
1,2017,14,0.33146067415730335,13.960674157303371,1
1,2017,15,0.33519553072625696,14.022346368715084,0
1,2017,16,0.3333333333333333,14.044444444444444,1
1,2017,17,0.3370165745856354,14.104972375690608,1
1,2017,18,0.34065934065934067,14.164835164835164,0
1,2017,19,0.33879781420765026,14.098360655737705,0
1,2017,20,0.33695652173913043,14.08695652173913,0
1,2018,1,0.33513513513513515,14.108108108108109,0
1,2018,2,0.3333333333333333,14.129032258064516,0
1,2018,3,0.3315508021390374,14.133689839572192,0
1,2018,4,0.32978723404255317,14.122340425531915,1
1,2018,5,0.3333333333333333,14.17989417989418,1
1,2018,6,0.3368421052631579,14.236842105263158,0
1,2018,7,0.33507853403141363,14.24083769633508,0
1,2018,8,0.3333333333333333,14.21875,1
1,2018,10,0.33678756476683935,14.27461139896373,0
1,2018,11,0.33505154639175255,14.293814432989691,1
1,2018,12,0.3384615384615385,14.34871794871795,1
1,2018,13,0.34183673469387754,14.403061224489797,0
1,2018,14,0.3401015228426396,14.421319796954315,1
1,2018,15,0.3434343434343434,14.474747474747474,1
1,2018,16,0.34673366834170855,14.527638190954773,1
1,2018,17,0.35,14.58,1
1,2018,18,0.35323383084577115,14.631840796019901,0
1,2018,19,0.35148514851485146,14.633663366336634,0
1,2018,20,0.3497536945812808,14.620689655172415,1
1,2018,21,0.35294117647058826,14.67156862745098,1
1,2019,1,0.35609756097560974,14.721951219512196,0
1,2019,2,0.35436893203883496,14.737864077669903,1
1,2019,3,0.357487922705314,14.78743961352657,1
1,2019,4,0.3605769230769231,14.836538461538462,0
1,2019,5,0.3588516746411483,14.851674641148325,1
1,2019,6,0.3619047619047619,14.904761904761905,1
1,2019,7,0.36492890995260663,14.95260663507109,1
1,2019,8,0.36792452830188677,15.0,1
1,2019,9,0.37089201877934275,15.046948356807512,0
1,2019,10,0.3691588785046729,15.023364485981308,1
1,2019,11,0.37209302325581395,15.074418604651163,0
1,2019,12,0.37037037037037035,15.01388888888889,1
1,2019,13,0.37327188940092165,15.059907834101383,0
1,2019,14,0.37155963302752293,15.073394495412844,0
1,2019,15,0.3698630136986301,15.077625570776256,0
1,2019,16,0.36818181818181817,15.063636363636364,1
1,2019,17,0.37104072398190047,15.113122171945701,0
1,2019,18,0.36936936936936937,15.117117117117116,1
1,2019,19,0.3721973094170404,15.161434977578475,0
1,2019,20,0.3705357142857143,15.174107142857142,0
1,2019,21,0.3688888888888889,15.133333333333333,1
1,2020,1,0.37168141592920356,15.18141592920354,0
1,2020,2,0.3700440528634361,15.167400881057269,1
1,2020,3,0.37280701754385964,15.210526315789474,1
1,2020,4,0.37554585152838427,15.25764192139738,1
1,2020,5,0.3782608695652174,15.3,0
1,2020,6,0.37662337662337664,15.316017316017316,1
1,2020,7,0.3793103448275862,15.357758620689655,1
1,2020,8,0.38197424892703863,15.399141630901287,0
1,2020,9,0.3803418803418803,15.363247863247864,1
1,2020,10,0.3829787234042553,15.408510638297873,0
1,2020,11,0.3813559322033898,15.40677966101695,1
1,2020,12,0.38396624472573837,15.447257383966244,1
1,2020,13,0.3865546218487395,15.491596638655462,1
1,2020,14,0.3891213389121339,15.535564853556485,1
1,2020,15,0.39166666666666666,15.575,1
1,2020,17,0.3941908713692946,15.614107883817427,0
1,2021,1,0.3925619834710744,15.611570247933884,1
1,2021,2,0.3950617283950617,15.650205761316872,0
1,2021,3,0.39344262295081966,15.663934426229508,1
1,2021,4,0.39591836734693875,15.70204081632653,1
1,2021,5,0.3983739837398374,15.739837398373984,0
1,2021,6,0.3967611336032389,15.704453441295547,0
1,2021,7,0.3951612903225806,15.641129032258064,0
1,2021,8,0.39357429718875503,15.650602409638553,0
1,2021,9,0.392,15.664,0
1,2021,10,0.3904382470119522,15.649402390438247,1
1,2021,11,0.39285714285714285,15.686507936507937,0
1,2021,12,0.391304347826087,15.695652173913043,0
1,2021,13,0.38976377952755903,15.663385826771654,0
1,2021,15,0.38823529411764707,15.676470588235293,1
1,2021,16,0.390625,15.712890625,0
1,2021,17,0.38910505836575876,15.690661478599221,0
1,2021,18,0.3875968992248062,15.703488372093023,0
1,2021,19,0.3861003861003861,15.712355212355213,1
1,2021,20,0.38846153846153847,15.748076923076923,1
1,2021,21,0.39080459770114945,15.78352490421456,1
1,2021,22,0.3931297709923664,15.822519083969466,0
1,2022,1,0.3916349809885932,15.830798479087452,0
1,2022,2,0.39015151515151514,15.827651515151516,0
1,2022,3,0.3886792452830189,15.771698113207547,0
1,2022,4,0.38721804511278196,15.757518796992482,0
1,2022,5,0.3857677902621723,15.698501872659175,0
1,2022,6,0.3843283582089552,15.669776119402986,0
1,2022,7,0.3828996282527881,15.648698884758364,0
1,2022,8,0.3814814814814815,15.605555555555556,0
1,2022,9,0.3800738007380074,15.592250922509225,0
1,2022,10,0.3786764705882353,15.590073529411764,0
1,2022,11,0.3772893772893773,15.591575091575091,0
1,2022,12,0.3759124087591241,15.58941605839416,0
1,2022,13,0.37454545454545457,15.598181818181818,0
1,2022,15,0.37318840579710144,15.610507246376812,0
1,2022,16,0.37184115523465705,15.597472924187725,0
1,2022,17,0.37050359712230213,15.577338129496402,0
1,2022,18,0.36917562724014336,15.528673835125447,0
1,2022,19,0.3678571428571429,15.508928571428571,0
1,2022,20,0.3665480427046263,15.517793594306049,0
1,2022,21,0.36524822695035464,15.52659574468085,0
1,2022,22,0.36395759717314485,15.535335689045937,0
1,2023,1,0.3626760563380282,15.480633802816902,0
1,2023,2,0.36140350877192984,15.46140350877193,0
1,2023,3,0.36013986013986016,15.442307692307692,0
1,2023,4,0.3588850174216028,15.451219512195122,0
1,2023,5,0.3576388888888889,15.425347222222221,0
1,2023,6,0.356401384083045,15.399653979238755,0
1,2023,7,0.35517241379310344,15.391379310344828,0
1,2023,8,0.3539518900343643,15.400343642611684,0
1,2023,9,0.3527397260273973,15.398972602739725,0
1,2023,10,0.3515358361774744,15.360068259385665,0
1,2023,11,0.35034013605442177,15.358843537414966,0
1,2023,12,0.34915254237288135,15.347457627118644,0
1,2023,13,0.34797297297297297,15.339527027027026,0
1,2023,14,0.3468013468013468,15.314814814814815,0
1,2023,15,0.34563758389261745,15.29026845637584,0
1,2023,16,0.34448160535117056,15.292642140468228,0
1,2023,19,0.3433333333333333,15.275,0
1,2023,20,0.34219269102990035,15.287375415282392,0
1,2023,21,0.34105960264900664,15.25,0
1,2023,22,0.33993399339933994,15.21947194719472,0
1,2024,1,0.33881578947368424,15.175986842105264,0
1,2024,2,0.3377049180327869,15.145901639344263,0
1,2024,4,0.3366013071895425,15.102941176470589,0
1,2024,5,0.3355048859934853,15.060260586319218,0
1,2024,6,0.3344155844155844,15.017857142857142,0
1,2024,7,0.3333333333333333,14.995145631067961,0
1,2024,8,0.33225806451612905,14.97258064516129,0
1,2024,9,0.3311897106109325,14.946945337620578,0
1,2024,10,0.3301282051282051,14.940705128205128,0
1,2024,11,0.329073482428115,14.940894568690096,0
1,2024,12,0.32802547770700635,14.931528662420382,1
1,2024,13,0.33015873015873015,14.963492063492064,0
1,2024,14,0.3291139240506329,14.96360759493671,1
1,2024,15,0.3312302839116719,14.995268138801261,0
1,2024,16,0.330188679245283,14.96069182389937,0
1,2024,17,0.329153605015674,14.945141065830722,0
1,2024,18,0.328125,14.9046875,0
1,2024,20,0.32710280373831774,14.883177570093459,0
1,2024,21,0.32608695652173914,14.874223602484472,0
1,2024,22,0.32507739938080493,14.8312693498452,0
1,2024,23,0.32407407407407407,14.841049382716049,0
1,2024,24,0.3230769230769231,14.795384615384615,0
2,2000,15,0.0,0.0,0
2,2001,1,0.0,0.0,0
2,2001,3,0.0,0.42857142857142855,0
2,2001,4,0.0,0.875,0
2,2001,5,0.0,0.7777777777777778,0
2,2001,6,0.0,0.8,0
2,2001,10,0.0,0.7272727272727273,0
2,2001,11,0.0,0.75,0
2,2001,13,0.0,0.7692307692307693,0
2,2001,15,0.0,0.7857142857142857,0
2,2001,16,0.0,0.7333333333333333,0
2,2001,17,0.0,0.75,0
2,2002,2,0.0,0.7058823529411765,0
2,2002,4,0.0,0.7777777777777778,0
2,2002,5,0.0,0.7368421052631579,0
2,2002,7,0.0,0.85,0
2,2002,8,0.0,0.8095238095238095,0
2,2002,9,0.0,0.7727272727272727,0
2,2002,10,0.0,0.7391304347826086,0
2,2002,11,0.0,0.75,0
2,2002,12,0.0,0.72,0
2,2002,13,0.0,0.7307692307692307,0
2,2002,14,0.0,0.7037037037037037,0
2,2002,15,0.0,0.6785714285714286,0
2,2002,16,0.0,0.6551724137931034,0
2,2002,17,0.0,0.6333333333333333,0
2,2003,2,0.0,0.6129032258064516,0
2,2003,4,0.0,0.625,0
2,2003,5,0.0,0.6060606060606061,0
2,2003,7,0.0,0.5882352941176471,0
2,2003,9,0.0,0.5714285714285714,0
2,2003,10,0.0,0.5833333333333334,0
2,2003,11,0.0,0.5675675675675675,0
2,2003,12,0.0,0.5526315789473685,0
2,2003,13,0.0,0.5384615384615384,0
2,2003,14,0.0,0.525,0
2,2003,15,0.0,0.5121951219512195,0
2,2003,16,0.0,0.5952380952380952,0
2,2004,3,0.0,0.5813953488372093,0
2,2004,6,0.0,0.5681818181818182,0
2,2004,7,0.0,0.6,0
2,2004,8,0.0,0.5869565217391305,0
2,2004,10,0.0,0.5957446808510638,0
2,2004,11,0.0,0.5833333333333334,0
2,2004,13,0.0,0.5714285714285714,0
2,2004,14,0.0,0.56,0
2,2004,15,0.0,0.5490196078431373,0
2,2004,16,0.0,0.5384615384615384,0
2,2004,17,0.0,0.5283018867924528,0
2,2005,2,0.0,0.5185185185185185,0
2,2005,4,0.0,0.6181818181818182,0
2,2005,5,0.0,0.6607142857142857,0
2,2005,6,0.0,0.6491228070175439,0
2,2005,7,0.0,0.7758620689655172,0
2,2005,10,0.0,0.8983050847457628,0
2,2005,11,0.0,0.8833333333333333,0
2,2005,12,0.0,0.8688524590163934,0
2,2005,13,0.0,0.8548387096774194,0
2,2006,1,0.0,0.8888888888888888,0
2,2006,3,0.0,0.875,0
2,2006,4,0.0,0.9384615384615385,0
2,2006,5,0.0,0.9242424242424242,0
2,2006,6,0.0,0.9104477611940298,0
2,2006,7,0.0,0.9117647058823529,0
2,2006,8,0.0,0.927536231884058,0
2,2006,9,0.0,0.9428571428571428,0
2,2006,11,0.0,0.9577464788732394,0
2,2006,13,0.0,0.9583333333333334,0
2,2006,14,0.0,1.0273972602739727,0
2,2006,15,0.0,1.0135135135135136,0
2,2006,16,0.0,1.0133333333333334,0
2,2006,17,0.0,1.0263157894736843,0
2,2006,18,0.0,1.025974025974026,0
2,2007,1,0.0,1.0128205128205128,0
2,2007,2,0.0,1.0632911392405062,0
2,2007,3,0.0,1.1125,0
2,2007,5,0.0,1.1604938271604939,0
2,2007,6,0.0,1.1829268292682926,0
2,2007,8,0.0,1.2650602409638554,0
2,2007,9,0.0,1.2976190476190477,0
2,2007,10,0.0,1.3176470588235294,0
2,2007,11,0.0,1.3372093023255813,0
2,2007,12,0.0,1.3908045977011494,0
2,2007,13,0.0,1.4318181818181819,0
2,2007,14,0.0,1.4719101123595506,0
2,2007,15,0.0,1.5,0
2,2007,16,0.0,1.4835164835164836,0
2,2007,17,0.0,1.4891304347826086,0
2,2008,1,0.0,1.5053763440860215,0
2,2008,2,0.0,1.574468085106383,0
2,2008,3,0.0,1.5894736842105264,0
2,2008,4,0.0,1.625,0
2,2008,5,0.0,1.6082474226804124,0
2,2008,6,0.0,1.6326530612244898,0
2,2008,7,0.0,1.6161616161616161,0
2,2008,8,0.0,1.68,0
2,2008,9,0.0,1.6633663366336633,0
2,2008,10,0.0,1.7254901960784315,0
2,2008,11,0.0,1.7572815533980584,0
2,2008,12,0.0,1.7403846153846154,0
2,2008,13,0.0,1.723809523809524,0
2,2008,14,0.0,1.7830188679245282,0
2,2008,15,0.0,1.8037383177570094,0
2,2008,16,0.0,1.8148148148148149,0
2,2008,17,0.0,1.798165137614679,0
2,2008,18,0.0,1.8181818181818181,0
2,2009,1,0.0,1.8018018018018018,0
2,2009,2,0.0,1.7857142857142858,0
2,2009,3,0.0,1.8053097345132743,0
2,2009,4,0.0,1.7894736842105263,0
2,2009,5,0.0,1.7739130434782608,0
2,2009,6,0.0,1.7758620689655173,0
2,2009,7,0.0,1.7606837606837606,0
2,2009,8,0.0,1.7457627118644068,0
2,2009,9,0.0,1.73109243697479,0
2,2009,10,0.0,1.7166666666666666,0
2,2009,11,0.0,1.7024793388429753,0
2,2009,12,0.0,1.6885245901639345,0
2,2009,13,0.0,1.7073170731707317,0
2,2009,15,0.0,1.7096774193548387,0
2,2009,17,0.0,1.72,0
2,2010,16,0.0,1.7380952380952381,0
2,2010,17,0.0,1.7559055118110236,0
2,2010,18,0.0,1.7578125,0
2,2010,19,0.0,1.744186046511628,0
2,2011,1,0.0,1.7307692307692308,0
2,2011,2,0.0,1.717557251908397,0
2,2011,3,0.0,1.8181818181818181,0
2,2011,4,0.0,1.8045112781954886,0
2,2011,5,0.0,1.835820895522388,0
2,2011,6,0.0,1.8518518518518519,0
2,2011,8,0.0,1.8676470588235294,0
2,2011,9,0.0,1.8613138686131387,0
3,2006,10,0.0,0.8,0
3,2006,11,0.0,0.6666666666666666,0
3,2006,16,0.0,0.5714285714285714,0
3,2006,17,0.0,0.5,0
3,2007,1,0.0,0.4444444444444444,0
3,2007,3,0.0,0.6,0
3,2007,4,0.0,0.5454545454545454,0
3,2007,5,0.0,0.75,0
3,2007,6,0.0,0.6923076923076923,0
3,2007,7,0.0,0.6428571428571429,0
3,2007,8,0.0,0.6,0
3,2007,9,0.0,0.5625,0
3,2007,11,0.0,0.5294117647058824,0
3,2007,12,0.0,0.6111111111111112,0
3,2007,13,0.0,0.6842105263157895,0
3,2007,14,0.0,0.8,0
3,2007,16,0.0,0.9047619047619048,0
3,2007,17,0.0,0.8636363636363636,0
3,2008,1,0.0,1.0434782608695652,0
3,2008,2,0.0,1.25,0
3,2008,3,0.0,1.2,0
3,2008,5,0.0,1.1923076923076923,0
3,2008,7,0.0,1.1851851851851851,0
3,2008,8,0.0,1.1428571428571428,0
3,2008,9,0.0,1.103448275862069,0
3,2008,10,0.0,1.0666666666666667,0
3,2008,11,0.0,1.032258064516129,0
3,2008,12,0.0,1.0,0
3,2008,13,0.0,1.0,0
3,2008,14,0.0,0.9705882352941176,0
3,2008,15,0.0,0.9428571428571428,0
3,2008,16,0.0,1.1388888888888888,0
3,2008,17,0.0,1.1081081081081081,0
3,2008,18,0.0,1.0789473684210527,0
3,2009,1,0.0,1.0512820512820513,0
3,2009,2,0.0,1.1,0
3,2009,3,0.0,1.0853658536585367,0
3,2009,4,0.0,1.0595238095238095,0
3,2009,5,0.0,1.0348837209302326,0
3,2009,6,0.0,1.0340909090909092,0
3,2009,7,0.0,1.0777777777777777,0
3,2009,8,0.0,1.141304347826087,0
3,2009,9,0.0,1.202127659574468,0
3,2009,10,0.0,1.28125,0
3,2009,11,0.0,1.3571428571428572,0
3,2009,12,0.0,1.41,0
3,2009,13,0.0,1.4019607843137254,0
3,2009,14,0.0,1.375,0
3,2009,15,0.0,1.349056603773585,0
3,2009,17,0.0,1.3981481481481481,0
3,2010,1,0.0,1.3727272727272728,0
3,2010,2,0.0,1.5267857142857142,0
3,2010,3,0.0,1.6754385964912282,0
3,2010,4,0.0,1.9051724137931034,0
3,2010,5,0.0,2.1271186440677967,0
3,2010,6,0.0,2.091666666666667,0
3,2010,7,0.0,2.1557377049180326,0
3,2010,8,0.0,2.282258064516129,0
3,2010,9,0.0,2.373015873015873,0
3,2010,10,0.0,2.3515625,0
3,2010,11,0.0,2.546153846153846,0
3,2010,13,0.0,2.5681818181818183,0
3,2010,14,0.0,2.6492537313432836,0
3,2010,15,0.0,2.7573529411764706,0
3,2010,18,0.0,2.86231884057971,0
3,2010,19,0.0,2.9357142857142855,0
3,2011,2,0.0,3.063380281690141,0
3,2011,3,0.0,3.0208333333333335,0
3,2011,4,0.0,3.1164383561643834,0
3,2011,5,0.0,3.2094594594594597,0
3,2011,6,0.0,3.2466666666666666,0
3,2011,7,0.0,3.2039473684210527,0
3,2011,8,0.0,3.1623376623376624,0
3,2011,9,0.0,3.198717948717949,0
3,2011,10,0.0,3.259493670886076,0
3,2011,11,0.0,3.29375,0
3,2011,12,0.0,3.2777777777777777,0
3,2011,14,0.0,3.3353658536585367,0
3,2011,15,0.0,3.3674698795180724,0
3,2011,16,0.0,3.3392857142857144,0
3,2011,17,0.0,3.347058823529412,0
3,2011,18,0.0,3.4011627906976742,0
3,2011,19,0.0,3.454022988505747,0
3,2012,1,0.0,3.4829545454545454,0
3,2012,2,0.0,3.443820224719101,0
3,2012,3,0.0,3.4055555555555554,1
3,2012,4,0.01098901098901099,3.642857142857143,0
3,2012,5,0.010869565217391304,3.7119565217391304,0
3,2012,6,0.010752688172043012,3.736559139784946,0
3,2012,7,0.010638297872340425,3.8882978723404253,0
3,2012,8,0.010526315789473684,3.931578947368421,0
3,2012,9,0.010416666666666666,3.9739583333333335,0
3,2012,10,0.010309278350515464,3.9329896907216493,0
3,2012,11,0.01020408163265306,3.9030612244897958,0
3,2012,12,0.010101010101010102,3.8737373737373737,0
3,2012,13,0.01,3.835,0
3,2012,14,0.009900990099009901,3.8564356435643563,0
3,2012,17,0.00980392156862745,3.9166666666666665,0
3,2012,19,0.009708737864077669,3.878640776699029,0
3,2012,20,0.009615384615384616,3.8413461538461537,0
3,2013,2,0.009523809523809525,3.8047619047619046,0
3,2013,4,0.009433962264150943,3.8820754716981134,0
3,2013,5,0.009345794392523364,3.864485981308411,0
3,2013,6,0.009259259259259259,3.9027777777777777,1
3,2013,7,0.01834862385321101,4.0963302752293576,0
3,2013,8,0.01818181818181818,4.15,1
3,2013,9,0.02702702702702703,4.337837837837838,0
3,2013,10,0.026785714285714284,4.316964285714286,0
3,2013,11,0.02654867256637168,4.278761061946903,0
3,2013,12,0.02631578947368421,4.3464912280701755,0
3,2013,13,0.02608695652173913,4.378260869565217,0
3,2013,14,0.02586206896551724,4.443965517241379,0
3,2013,15,0.02564102564102564,4.457264957264957,0
3,2013,16,0.025423728813559324,4.453389830508475,0
3,2013,17,0.025210084033613446,4.567226890756302,0
3,2013,18,0.025,4.654166666666667,0
3,2013,19,0.024793388429752067,4.632231404958677,0
3,2014,1,0.02459016393442623,4.676229508196721,1
3,2014,2,0.032520325203252036,4.841463414634147,0
3,2014,3,0.03225806451612903,4.94758064516129,0
3,2014,4,0.032,5.052,0
3,2014,5,0.031746031746031744,5.154761904761905,0
3,2014,6,0.031496062992125984,5.255905511811024,1
3,2014,7,0.0390625,5.41015625,0
3,2014,8,0.03875968992248062,5.507751937984496,1
3,2014,10,0.046153846153846156,5.657692307692308,1
3,2014,11,0.05343511450381679,5.805343511450381,0
3,2014,12,0.05303030303030303,5.8522727272727275,0
3,2014,13,0.05263157894736842,5.943609022556391,0
3,2014,15,0.05223880597014925,6.0335820895522385,0
3,2014,16,0.05185185185185185,6.122222222222222,0
3,2014,17,0.051470588235294115,6.209558823529412,0
3,2014,18,0.051094890510948905,6.295620437956204,1
3,2014,19,0.057971014492753624,6.431159420289855,0
3,2015,1,0.05755395683453238,6.384892086330935,0
3,2015,2,0.05714285714285714,6.4678571428571425,0
3,2015,3,0.05673758865248227,6.528368794326241,0
3,2015,4,0.056338028169014086,6.609154929577465,0
3,2015,5,0.055944055944055944,6.6678321678321675,1
3,2015,6,0.0625,6.795138888888889,1
3,2015,7,0.06896551724137931,6.9206896551724135,0
3,2015,8,0.0684931506849315,6.9965753424657535,1
3,2015,9,0.07482993197278912,7.119047619047619,0
3,2015,10,0.07432432432432433,7.1925675675675675,0
3,2015,11,0.0738255033557047,7.171140939597316,0
3,2015,12,0.07333333333333333,7.243333333333333,0
3,2015,13,0.0728476821192053,7.195364238410596,0
3,2015,14,0.07236842105263158,7.2269736842105265,0
3,2015,16,0.0718954248366013,7.2973856209150325,0
3,2015,17,0.07142857142857142,7.366883116883117,1
3,2015,18,0.07741935483870968,7.480645161290322,1
3,2015,19,0.08333333333333333,7.592948717948718,1
3,2016,1,0.08917197452229299,7.703821656050955,1
3,2016,2,0.0949367088607595,7.813291139240507,1
3,2016,3,0.10062893081761007,7.921383647798742,1
3,2016,4,0.10625,8.028125,1
3,2016,6,0.11180124223602485,8.133540372670808,0
3,2016,7,0.1111111111111111,8.12037037037037,0
3,2016,8,0.11042944785276074,8.131901840490798,1
3,2016,9,0.11585365853658537,8.234756097560975,0
3,2016,10,0.11515151515151516,8.257575757575758,0
3,2016,11,0.1144578313253012,8.298192771084338,0
3,2016,12,0.11377245508982035,8.3562874251497,0
3,2016,13,0.1130952380952381,8.37797619047619,1
3,2016,14,0.11834319526627218,8.476331360946746,1
3,2016,15,0.12352941176470589,8.573529411764707,1
3,2016,16,0.1286549707602339,8.669590643274853,0
3,2016,17,0.12790697674418605,8.706395348837209,1
3,2016,18,0.1329479768786127,8.800578034682081,0
3,2016,19,0.13218390804597702,8.85344827586207,0
3,2016,20,0.13142857142857142,8.905714285714286,0
3,2016,21,0.13068181818181818,8.957386363636363,0
4,2001,11,0.0,0.0,0
4,2001,12,0.0,0.0,0
4,2001,15,0.0,0.0,0
4,2001,17,0.0,0.0,0
4,2003,1,0.0,0.0,0
4,2003,2,0.0,0.2,0
4,2003,3,0.0,0.7272727272727273,0
4,2003,4,0.0,1.1666666666666667,0
4,2003,5,0.0,1.3076923076923077,0
4,2003,7,0.0,1.7857142857142858,0
4,2003,8,0.0,1.9333333333333333,0
4,2003,9,0.0,2.125,0
4,2003,12,0.0,2.2941176470588234,0
4,2003,13,0.0,2.4444444444444446,1
4,2003,14,0.05263157894736842,2.8421052631578947,0
4,2004,1,0.05,2.75,0
4,2004,2,0.047619047619047616,2.9047619047619047,0
4,2004,3,0.045454545454545456,2.8636363636363638,0
4,2004,4,0.043478260869565216,2.869565217391304,0
4,2004,5,0.041666666666666664,2.9583333333333335,0
4,2004,7,0.04,3.04,0
4,2004,10,0.038461538461538464,3.076923076923077,0
4,2004,11,0.037037037037037035,3.259259259259259,0
4,2004,12,0.03571428571428571,3.142857142857143,0
4,2004,13,0.034482758620689655,3.2413793103448274,0
4,2004,16,0.03333333333333333,3.3333333333333335,0
4,2004,17,0.03225806451612903,3.3870967741935485,0
4,2004,18,0.03125,3.40625,0
4,2005,1,0.030303030303030304,3.4545454545454546,0
4,2005,2,0.029411764705882353,3.5294117647058822,1
4,2005,3,0.05714285714285714,3.7142857142857144,1
4,2005,4,0.08333333333333333,3.888888888888889,1
4,2005,5,0.10810810810810811,4.054054054054054,0
4,2005,6,0.10526315789473684,4.157894736842105,0
4,2005,7,0.10256410256410256,4.17948717948718,1
4,2005,10,0.125,4.325,1
4,2005,11,0.14634146341463414,4.463414634146342,0
4,2005,12,0.14285714285714285,4.5476190476190474,1
4,2005,13,0.16279069767441862,4.674418604651163,0
4,2005,14,0.1590909090909091,4.568181818181818,0
4,2005,15,0.15555555555555556,4.644444444444445,0
4,2005,16,0.15217391304347827,4.717391304347826,0
4,2005,17,0.14893617021276595,4.787234042553192,0
4,2005,18,0.14583333333333334,4.8125,0
4,2005,19,0.14285714285714285,4.836734693877551,1
4,2006,1,0.16,4.94,1
4,2006,2,0.17647058823529413,5.03921568627451,0
4,2006,3,0.17307692307692307,5.096153846153846,1
4,2006,4,0.18867924528301888,5.188679245283019,0
4,2006,5,0.18518518518518517,5.2407407407407405,0
4,2006,6,0.18181818181818182,5.290909090909091,1
4,2006,7,0.19642857142857142,5.375,1
4,2006,8,0.21052631578947367,5.456140350877193,1
4,2006,9,0.22413793103448276,5.5344827586206895,1
4,2006,10,0.23728813559322035,5.610169491525424,0
4,2006,11,0.23333333333333334,5.583333333333333,0
4,2006,12,0.22950819672131148,5.622950819672131,0
4,2006,14,0.22580645161290322,5.596774193548387,0
4,2006,16,0.2222222222222222,5.634920634920635,0
4,2006,17,0.21875,5.671875,1
4,2006,18,0.23076923076923078,5.7384615384615385,0
4,2007,1,0.22727272727272727,5.7727272727272725,0
4,2007,2,0.22388059701492538,5.8059701492537314,1
4,2007,3,0.23529411764705882,5.867647058823529,0
4,2007,4,0.2318840579710145,5.840579710144928,0
4,2007,5,0.22857142857142856,5.8428571428571425,1
4,2007,6,0.23943661971830985,5.901408450704225,0
4,2007,7,0.2361111111111111,5.847222222222222,0
4,2007,8,0.2328767123287671,5.876712328767123,0
4,2007,9,0.22972972972972974,5.824324324324325,0
4,2007,10,0.22666666666666666,5.8533333333333335,1
4,2007,11,0.23684210526315788,5.907894736842105,0
4,2007,12,0.23376623376623376,5.896103896103896,0
4,2007,13,0.23076923076923078,5.897435897435898,1
4,2007,14,0.24050632911392406,5.949367088607595,0
4,2007,16,0.2375,5.95,0
4,2007,17,0.2345679012345679,5.9753086419753085,0
4,2008,1,0.23170731707317074,5.975609756097561,0
4,2008,2,0.2289156626506024,5.963855421686747,0
4,2008,3,0.2261904761904762,5.904761904761905,0
4,2008,5,0.2235294117647059,5.8352941176470585,0
4,2008,6,0.22093023255813954,5.8023255813953485,0
4,2008,8,0.21839080459770116,5.735632183908046,0
4,2008,9,0.2159090909090909,5.681818181818182,0
4,2008,10,0.21348314606741572,5.651685393258427,0
4,2008,11,0.2111111111111111,5.588888888888889,0
4,2008,13,0.2087912087912088,5.582417582417582,0
4,2008,14,0.20652173913043478,5.576086956521739,0
4,2008,15,0.20430107526881722,5.56989247311828,1
4,2008,16,0.2127659574468085,5.617021276595745,1
4,2008,17,0.22105263157894736,5.663157894736842,0
4,2008,18,0.21875,5.65625,0
4,2009,1,0.21649484536082475,5.680412371134021,0
4,2009,2,0.21428571428571427,5.663265306122449,0
4,2009,3,0.21212121212121213,5.606060606060606,0
4,2009,4,0.21,5.55,0
4,2009,5,0.2079207920792079,5.5049504950495045,0
4,2009,6,0.20588235294117646,5.490196078431373,0
4,2009,7,0.20388349514563106,5.456310679611651,0
4,2009,8,0.20192307692307693,5.403846153846154,0
4,2009,9,0.2,5.352380952380952,0
4,2009,11,0.19811320754716982,5.320754716981132,0
4,2009,13,0.19626168224299065,5.299065420560748,0
4,2009,14,0.19444444444444445,5.287037037037037,0
4,2009,15,0.1926605504587156,5.293577981651376,0
4,2009,17,0.19090909090909092,5.245454545454545,0
4,2010,1,0.1891891891891892,5.198198198198198,1
4,2010,2,0.19642857142857142,5.375,0
4,2010,3,0.19469026548672566,5.433628318584071,0
4,2010,4,0.19298245614035087,5.385964912280702,0
4,2010,5,0.19130434782608696,5.443478260869565,0
4,2010,6,0.1896551724137931,5.551724137931035,0
4,2010,7,0.18803418803418803,5.572649572649572,0
4,2010,8,0.1864406779661017,5.559322033898305,0
4,2010,9,0.18487394957983194,5.638655462184874,0
4,2010,10,0.18333333333333332,5.625,0
4,2010,11,0.18181818181818182,5.578512396694215,1
4,2010,12,0.1885245901639344,5.737704918032787,0
4,2010,14,0.18699186991869918,5.837398373983739,1
4,2010,15,0.1935483870967742,5.991935483870968,1
4,2010,16,0.2,6.144,0
4,2010,17,0.1984126984126984,6.214285714285714,1
4,2010,18,0.2047244094488189,6.362204724409449,0
4,2010,19,0.203125,6.4296875,0
4,2011,1,0.20155038759689922,6.426356589147287,0
4,2011,2,0.2,6.469230769230769,0
4,2011,3,0.1984732824427481,6.480916030534351,0
4,2011,4,0.19696969696969696,6.4772727272727275,0
4,2011,5,0.19548872180451127,6.541353383458647,0
4,2011,6,0.19402985074626866,6.567164179104478,0
4,2011,8,0.1925925925925926,6.651851851851852,0
4,2011,9,0.19117647058823528,6.735294117647059,1
4,2011,10,0.19708029197080293,6.868613138686132,0
4,2011,11,0.1956521739130435,6.949275362318841,0
4,2011,12,0.19424460431654678,7.0071942446043165,0
4,2011,13,0.19285714285714287,7.042857142857143,0
4,2011,14,0.19148936170212766,7.099290780141844,0
4,2011,15,0.19014084507042253,7.133802816901408,0
4,2011,16,0.1888111888111888,7.20979020979021,0
4,2011,17,0.1875,7.229166666666667,0
4,2011,18,0.18620689655172415,7.2827586206896555,0
4,2011,19,0.18493150684931506,7.3561643835616435,0
4,2012,1,0.1836734693877551,7.387755102040816,0
4,2012,2,0.18243243243243243,7.405405405405405,1
4,2012,3,0.18791946308724833,7.523489932885906,0
4,2012,4,0.18666666666666668,7.486666666666666,0
4,2012,5,0.18543046357615894,7.47682119205298,0
4,2012,6,0.18421052631578946,7.546052631578948,0
4,2012,7,0.1830065359477124,7.594771241830065,0
4,2012,8,0.18181818181818182,7.6103896103896105,1
4,2012,9,0.1870967741935484,7.72258064516129,0
4,2012,10,0.1858974358974359,7.788461538461538,1
4,2012,11,0.1910828025477707,7.898089171974522,0
4,2012,13,0.189873417721519,7.9113924050632916,0
4,2012,14,0.18867924528301888,7.955974842767295,0
4,2012,16,0.1875,8.0,0
4,2012,17,0.18633540372670807,8.043478260869565,0
4,2012,18,0.18518518518518517,8.104938271604938,0
4,2012,19,0.18404907975460122,8.16564417177914,0
4,2012,20,0.18292682926829268,8.207317073170731,0
4,2013,1,0.18181818181818182,8.266666666666667,0
4,2013,3,0.18072289156626506,8.325301204819278,1
4,2013,4,0.18562874251497005,8.425149700598803,0
4,2013,5,0.18452380952380953,8.398809523809524,1
4,2013,6,0.1893491124260355,8.497041420118343,0
4,2013,7,0.18823529411764706,8.48235294117647,0
4,2013,8,0.1871345029239766,8.538011695906432,0
4,2013,9,0.18604651162790697,8.575581395348838,0
4,2013,10,0.18497109826589594,8.595375722543352,0
4,2013,11,0.1839080459770115,8.60344827586207,0
4,2013,12,0.18285714285714286,8.657142857142857,0
4,2013,13,0.18181818181818182,8.710227272727273,0
4,2013,14,0.1807909604519774,8.76271186440678,0
4,2013,15,0.1797752808988764,8.758426966292134,0
4,2013,16,0.1787709497206704,8.776536312849162,0
4,2013,17,0.17777777777777778,8.727777777777778,0
4,2013,18,0.17679558011049723,8.734806629834255,0
4,2013,19,0.17582417582417584,8.741758241758241,0
4,2014,1,0.17486338797814208,8.775956284153006,0
4,2014,2,0.17391304347826086,8.793478260869565,0
4,2014,3,0.17297297297297298,8.81081081081081,0
4,2014,4,0.17204301075268819,8.774193548387096,0
4,2014,5,0.1711229946524064,8.807486631016042,0
4,2014,6,0.1702127659574468,8.803191489361701,0
4,2014,7,0.1693121693121693,8.82010582010582,0
4,2014,8,0.16842105263157894,8.81578947368421,0
4,2014,9,0.16753926701570682,8.821989528795811,0
4,2014,10,0.16666666666666666,8.817708333333334,0
4,2014,11,0.16580310880829016,8.823834196891191,0
4,2014,12,0.16494845360824742,8.871134020618557,0
4,2014,14,0.1641025641025641,8.856410256410257,0
4,2014,16,0.16326530612244897,8.872448979591837,0
4,2014,17,0.16243654822335024,8.868020304568528,0
4,2014,18,0.16161616161616163,8.863636363636363,0
4,2014,19,0.16080402010050251,8.859296482412061,0
4,2015,3,0.16,8.835,0
4,2015,4,0.15920398009950248,8.791044776119403,0
4,2015,9,0.15841584158415842,8.747524752475247,0
4,2015,10,0.15763546798029557,8.70935960591133,0
4,2015,11,0.1568627450980392,8.715686274509803,0
4,2015,12,0.15609756097560976,8.673170731707318,0
4,2015,14,0.1553398058252427,8.631067961165048,0
4,2015,15,0.15458937198067632,8.58937198067633,0
4,2015,16,0.15384615384615385,8.548076923076923,0
4,2015,18,0.15311004784688995,8.507177033492823,0
4,2015,19,0.1523809523809524,8.466666666666667,0
4,2016,3,0.15165876777251186,8.42654028436019,0
4,2016,4,0.1509433962264151,8.38679245283019,0
4,2016,6,0.15023474178403756,8.384976525821596,0
4,2016,7,0.14953271028037382,8.392523364485982,0
4,2016,9,0.14883720930232558,8.353488372093024,0
4,2016,10,0.14814814814814814,8.314814814814815,0
4,2016,11,0.14746543778801843,8.276497695852534,0
4,2016,12,0.14678899082568808,8.26605504587156,0
4,2016,13,0.1461187214611872,8.228310502283104,0
4,2016,14,0.14545454545454545,8.218181818181819,0
4,2016,15,0.14479638009049775,8.180995475113122,0
4,2016,16,0.14414414414414414,8.17117117117117,0
4,2016,17,0.14349775784753363,8.161434977578475,0
4,2016,18,0.14285714285714285,8.125,0
4,2016,19,0.14222222222222222,8.133333333333333,0
4,2016,20,0.1415929203539823,8.097345132743364,0
4,2016,21,0.14096916299559473,8.066079295154186,0
4,2017,3,0.14035087719298245,8.035087719298245,0
4,2017,5,0.13973799126637554,8.0,0
4,2017,7,0.1391304347826087,7.965217391304348,0
4,2017,8,0.13852813852813853,7.93073593073593,0
4,2017,11,0.13793103448275862,7.905172413793103,0
4,2017,13,0.13733905579399142,7.905579399141631,0
4,2017,15,0.13675213675213677,7.871794871794871,0
4,2017,16,0.13617021276595745,7.8382978723404255,0
4,2017,18,0.13559322033898305,7.805084745762712,0
4,2017,19,0.1350210970464135,7.776371308016878,0
4,2017,20,0.13445378151260504,7.760504201680672,0
4,2018,1,0.13389121338912133,7.7364016736401675,0
4,2018,2,0.13333333333333333,7.745833333333334,0
4,2018,3,0.13278008298755187,7.738589211618257,0
4,2018,4,0.1322314049586777,7.731404958677686,0
4,2018,5,0.13168724279835392,7.724279835390947,0
4,2018,8,0.13114754098360656,7.709016393442623,0
4,2018,9,0.1306122448979592,7.677551020408163,0
4,2018,10,0.13008130081300814,7.662601626016261,0
4,2018,11,0.12955465587044535,7.647773279352227,0
4,2018,12,0.12903225806451613,7.616935483870968,0
4,2018,15,0.1285140562248996,7.602409638554217,0
4,2018,16,0.128,7.596,0
4,2018,17,0.12749003984063745,7.565737051792829,0
4,2018,20,0.12698412698412698,7.535714285714286,0
4,2018,21,0.12648221343873517,7.5059288537549405,0
4,2021,2,0.12598425196850394,7.4763779527559056,0
4,2021,3,0.12549019607843137,7.450980392156863,0
4,2021,4,0.125,7.4375,0
4,2021,5,0.1245136186770428,7.408560311284047,0
4,2021,6,0.12403100775193798,7.37984496124031,0
4,2021,7,0.12355212355212356,7.382239382239383,0
4,2021,8,0.12307692307692308,7.369230769230769,0
4,2021,9,0.12260536398467432,7.3486590038314175,0
4,2021,10,0.12213740458015267,7.324427480916031,0
4,2021,11,0.12167300380228137,7.319391634980988,0
4,2021,12,0.12121212121212122,7.337121212121212,0
4,2021,13,0.12075471698113208,7.309433962264151,0
4,2021,14,0.12030075187969924,7.31203007518797,0
4,2021,15,0.1198501872659176,7.299625468164794,0
4,2021,16,0.11940298507462686,7.302238805970149,0
4,2021,18,0.11895910780669144,7.275092936802974,0
4,2021,19,0.11851851851851852,7.2555555555555555,0
4,2021,20,0.11808118081180811,7.236162361623617,0
4,2021,21,0.11764705882352941,7.264705882352941,0
4,2021,22,0.11721611721611722,7.238095238095238,0
4,2022,1,0.11678832116788321,7.226277372262774,0
4,2022,3,0.11636363636363636,7.207272727272727,0
4,2022,5,0.11594202898550725,7.181159420289855,0
4,2022,6,0.11552346570397112,7.155234657039712,0
4,2022,7,0.11510791366906475,7.136690647482014,0
4,2022,8,0.11469534050179211,7.132616487455197,0
4,2022,9,0.11428571428571428,7.128571428571429,0
4,2022,10,0.11387900355871886,7.110320284697509,0
4,2022,11,0.11347517730496454,7.120567375886525,0
4,2022,12,0.11307420494699646,7.098939929328622,0
4,2022,13,0.11267605633802817,7.102112676056338,0
4,2022,14,0.11228070175438597,7.091228070175439,0
4,2022,15,0.11188811188811189,7.101398601398602,0
4,2022,18,0.11149825783972125,7.104529616724738,0
4,2022,19,0.1111111111111111,7.100694444444445,0
4,2022,20,0.11072664359861592,7.096885813148789,0
4,2022,21,0.1103448275862069,7.072413793103448,0
4,2023,1,0.10996563573883161,7.082474226804123,0
4,2023,2,0.1095890410958904,7.109589041095891,0
4,2023,3,0.10921501706484642,7.136518771331058,0
4,2023,4,0.10884353741496598,7.163265306122449,0
4,2023,5,0.10847457627118644,7.179661016949153,0
4,2023,6,0.10810810810810811,7.206081081081081,0
4,2023,7,0.10774410774410774,7.242424242424242,0
4,2023,8,0.10738255033557047,7.238255033557047,0
4,2023,9,0.10702341137123746,7.274247491638796,0
4,2023,10,0.10666666666666667,7.283333333333333,0
4,2023,11,0.10631229235880399,7.27906976744186,0
4,2023,12,0.10596026490066225,7.26158940397351,0
4,2023,13,0.10561056105610561,7.270627062706271,0
4,2023,14,0.10526315789473684,7.309210526315789,0
4,2023,15,0.10491803278688525,7.2918032786885245,0
4,2023,16,0.10457516339869281,7.26797385620915,0
4,2023,17,0.10423452768729642,7.257328990228013,0
4,2023,20,0.1038961038961039,7.259740259740259,0
4,2023,21,0.10355987055016182,7.284789644012945,0
4,2023,22,0.1032258064516129,7.267741935483871,0
4,2024,1,0.10289389067524116,7.263665594855305,0
4,2024,2,0.10256410256410256,7.246794871794871,0
4,2024,3,0.10223642172523961,7.255591054313099,0
4,2024,4,0.10191082802547771,7.245222929936306,0
4,2024,5,0.10158730158730159,7.247619047619048,0
4,2024,6,0.10126582278481013,7.246835443037975,0
4,2024,7,0.10094637223974763,7.230283911671925,0
4,2024,8,0.10062893081761007,7.2075471698113205,0
4,2024,9,0.10031347962382445,7.184952978056426,0
4,2024,10,0.1,7.1875,0
4,2024,11,0.09968847352024922,7.165109034267913,0
4,2024,12,0.09937888198757763,7.142857142857143,0
4,2024,13,0.09907120743034056,7.13312693498452,0
4,2024,14,0.09876543209876543,7.111111111111111,0
4,2024,15,0.09846153846153846,7.101538461538461,0
4,2024,16,0.09815950920245399,7.08282208588957,0
4,2024,17,0.09785932721712538,7.061162079510703,0
4,2024,18,0.0975609756097561,7.064024390243903,0
4,2024,19,0.0972644376899696,7.054711246200608,0
4,2024,21,0.09696969696969697,7.033333333333333,0
4,2024,22,0.09667673716012085,7.0120845921450154,0
4,2024,23,0.0963855421686747,6.990963855421687,0
4,2024,24,0.0960960960960961,6.987987987987988,0
5,2007,6,0.0,0.6,0
5,2007,7,0.0,1.3333333333333333,0
5,2007,8,0.0,1.7142857142857142,0
5,2007,9,0.0,1.5,0
5,2007,10,0.0,1.5555555555555556,0
5,2007,11,0.0,1.5,0
5,2007,12,0.0,1.4545454545454546,0
5,2007,13,0.0,1.5833333333333333,0
5,2007,14,0.0,1.6153846153846154,0
5,2007,15,0.0,1.5714285714285714,0
5,2007,16,0.0,2.0,0
5,2008,1,0.0,1.875,0
5,2008,2,0.0,2.0,0
5,2008,3,0.0,2.2222222222222223,0
5,2008,5,0.0,2.3157894736842106,0
5,2008,6,0.0,2.2,0
5,2008,7,0.0,2.142857142857143,0
5,2008,8,0.0,2.0454545454545454,0
5,2008,9,0.0,2.1739130434782608,0
5,2008,10,0.0,2.25,0
5,2008,11,0.0,2.32,1
5,2008,12,0.038461538461538464,2.6153846153846154,0
5,2008,13,0.037037037037037035,2.7037037037037037,0
5,2008,14,0.03571428571428571,2.607142857142857,0
5,2008,15,0.034482758620689655,2.793103448275862,0
5,2008,18,0.03333333333333333,2.7,0
5,2009,3,0.03225806451612903,2.6774193548387095,0
5,2009,4,0.03125,2.71875,0
5,2009,7,0.030303030303030304,2.6363636363636362,0
5,2009,9,0.029411764705882353,2.5588235294117645,0
5,2009,10,0.02857142857142857,2.5142857142857142,0
5,2009,11,0.027777777777777776,2.5555555555555554,0
5,2009,12,0.02702702702702703,2.6216216216216215,0
5,2009,13,0.02631578947368421,2.6315789473684212,0
5,2009,14,0.02564102564102564,2.641025641025641,0
5,2009,15,0.025,2.625,0
5,2009,16,0.024390243902439025,2.5609756097560976,0
5,2009,17,0.023809523809523808,2.5,0
5,2010,1,0.023255813953488372,2.441860465116279,0
5,2010,2,0.022727272727272728,2.3863636363636362,0
5,2010,4,0.022222222222222223,2.3333333333333335,0
5,2010,8,0.021739130434782608,2.282608695652174,0
5,2010,10,0.02127659574468085,2.234042553191489,0
5,2010,12,0.020833333333333332,2.1875,0
5,2010,13,0.02040816326530612,2.142857142857143,0
5,2010,14,0.02,2.1,0
5,2010,15,0.0196078431372549,2.0588235294117645,0
5,2010,16,0.019230769230769232,2.019230769230769,0
5,2010,17,0.018867924528301886,1.9811320754716981,0
5,2010,18,0.018518518518518517,1.9444444444444444,0
5,2010,19,0.01818181818181818,1.9090909090909092,0
5,2011,2,0.017857142857142856,1.875,0
5,2011,3,0.017543859649122806,1.8421052631578947,0
5,2011,4,0.017241379310344827,1.8103448275862069,0
5,2011,6,0.01694915254237288,1.7796610169491525,0
5,2011,8,0.016666666666666666,1.75,0
5,2011,10,0.01639344262295082,1.721311475409836,0
5,2011,12,0.016129032258064516,1.6935483870967742,0
5,2011,13,0.015873015873015872,1.6666666666666667,0
5,2011,14,0.015625,1.640625,0
5,2011,15,0.015384615384615385,1.6153846153846154,0
5,2011,16,0.015151515151515152,1.5909090909090908,0
5,2011,17,0.014925373134328358,1.5671641791044777,0
5,2011,18,0.014705882352941176,1.5441176470588236,0
5,2011,19,0.014492753623188406,1.5217391304347827,0
5,2012,2,0.014285714285714285,1.5,0
5,2012,3,0.014084507042253521,1.4788732394366197,0
5,2012,4,0.013888888888888888,1.4583333333333333,0
5,2012,5,0.0136986301369863,1.4383561643835616,0
5,2012,6,0.013513513513513514,1.4189189189189189,0
5,2012,7,0.013333333333333334,1.4,0
5,2012,8,0.013157894736842105,1.381578947368421,0
5,2012,9,0.012987012987012988,1.3636363636363635,0
5,2012,10,0.01282051282051282,1.3461538461538463,0
5,2012,11,0.012658227848101266,1.3291139240506329,0
5,2012,12,0.0125,1.3125,0
5,2012,13,0.012345679012345678,1.2962962962962963,0
5,2012,14,0.012195121951219513,1.2804878048780488,0
5,2012,15,0.012048192771084338,1.2650602409638554,0
5,2012,16,0.011904761904761904,1.25,0
5,2012,17,0.011764705882352941,1.2352941176470589,0
5,2012,18,0.011627906976744186,1.2209302325581395,0
5,2012,19,0.011494252873563218,1.206896551724138,0
5,2012,20,0.011363636363636364,1.1931818181818181,0
5,2013,18,0.011235955056179775,1.1797752808988764,0
5,2013,19,0.011111111111111112,1.1666666666666667,0
6,2008,6,0.0,1.0,0
6,2008,8,0.0,1.1666666666666667,0
6,2008,9,0.0,1.0,0
6,2008,10,0.0,1.0,0
6,2008,11,0.0,0.8888888888888888,0
6,2008,12,0.0,0.8,0
6,2008,13,0.0,0.7272727272727273,0
6,2008,14,0.0,0.6666666666666666,0
6,2008,15,0.0,0.6153846153846154,0
6,2008,16,0.0,0.6428571428571429,0
6,2008,17,0.0,0.6,0
6,2008,18,0.0,0.5625,0
6,2009,2,0.0,0.5294117647058824,0
6,2009,5,0.0,0.5,0
6,2009,6,0.0,0.47368421052631576,0
6,2009,7,0.0,0.45,0
6,2009,8,0.0,0.42857142857142855,0
6,2009,9,0.0,0.4090909090909091,0
6,2009,10,0.0,0.391304347826087,0
6,2009,11,0.0,0.375,0
6,2009,12,0.0,0.36,0
6,2009,13,0.0,0.34615384615384615,0
6,2009,14,0.0,0.3333333333333333,0
6,2009,15,0.0,0.32142857142857145,0
6,2009,17,0.0,0.3103448275862069,0
7,2008,10,0.0,0.4,0
7,2008,11,0.0,0.3333333333333333,0
7,2008,12,0.0,0.2857142857142857,0
7,2008,13,0.0,0.25,0
7,2008,14,0.0,0.4444444444444444,0
7,2008,15,0.0,0.4,0
7,2008,16,0.0,0.36363636363636365,0
7,2008,17,0.0,0.3333333333333333,0
7,2008,18,0.0,0.3076923076923077,0
7,2009,1,0.0,0.2857142857142857,0
7,2009,2,0.0,0.3333333333333333,0
7,2009,3,0.0,0.3125,0
7,2009,4,0.0,0.29411764705882354,0
7,2009,6,0.0,0.2777777777777778,0
7,2009,7,0.0,0.3157894736842105,0
8,2001,9,0.0,1.4,0
8,2001,10,0.0,1.1666666666666667,0
8,2001,11,0.0,1.0,0
8,2001,13,0.0,1.125,0
8,2001,15,0.0,1.0,0
8,2002,1,0.0,0.9,0
8,2002,3,0.0,1.1818181818181819,0
8,2002,8,0.0,1.0833333333333333,0
8,2002,9,0.0,1.2307692307692308,0
8,2002,11,0.0,1.4285714285714286,0
8,2002,13,0.0,1.7333333333333334,0
8,2002,17,0.0,1.8125,0
8,2003,1,0.0,1.9411764705882353,0
8,2003,2,0.0,2.1666666666666665,1
8,2003,3,0.05263157894736842,2.5789473684210527,0
8,2003,4,0.05,2.85,0
8,2003,6,0.047619047619047616,3.0952380952380953,0
8,2003,7,0.045454545454545456,3.3181818181818183,0
8,2003,8,0.043478260869565216,3.5217391304347827,0
8,2003,10,0.041666666666666664,3.5,0
8,2003,11,0.04,3.56,0
8,2003,13,0.038461538461538464,3.6538461538461537,0
8,2003,14,0.037037037037037035,3.814814814814815,0
8,2003,15,0.03571428571428571,3.857142857142857,0
8,2003,16,0.034482758620689655,4.0,0
8,2004,4,0.03333333333333333,4.133333333333334,0
8,2004,5,0.03225806451612903,4.032258064516129,0
8,2004,8,0.03125,3.90625,0
8,2004,9,0.030303030303030304,3.909090909090909,0
8,2004,10,0.029411764705882353,3.8823529411764706,0
8,2004,11,0.02857142857142857,3.8285714285714287,0
8,2004,14,0.027777777777777776,3.9444444444444446,1
8,2004,16,0.05405405405405406,4.108108108108108,0
8,2004,17,0.05263157894736842,4.157894736842105,0
8,2004,18,0.05128205128205128,4.128205128205129,0
8,2005,1,0.05,4.225,0
8,2005,2,0.04878048780487805,4.146341463414634,0
8,2005,3,0.047619047619047616,4.0476190476190474,0
8,2005,5,0.046511627906976744,4.093023255813954,1
8,2005,6,0.06818181818181818,4.2272727272727275,1
8,2005,7,0.08888888888888889,4.355555555555555,0
8,2005,8,0.08695652173913043,4.260869565217392,1
8,2005,10,0.10638297872340426,4.382978723404255,0
8,2005,11,0.10416666666666667,4.458333333333333,0
8,2005,13,0.10204081632653061,4.489795918367347,1
8,2005,14,0.12,4.6,1
8,2005,15,0.13725490196078433,4.705882352941177,0
8,2005,16,0.1346153846153846,4.711538461538462,1
8,2005,17,0.1509433962264151,4.811320754716981,0
8,2005,18,0.14814814814814814,4.87037037037037,1
8,2005,19,0.16363636363636364,4.963636363636364,0
8,2006,1,0.16071428571428573,5.017857142857143,0
8,2006,3,0.15789473684210525,5.035087719298246,0
8,2006,4,0.15517241379310345,5.086206896551724,0
8,2006,5,0.15254237288135594,5.067796610169491,0
8,2006,6,0.15,5.066666666666666,0
8,2006,8,0.14754098360655737,5.049180327868853,0
8,2006,9,0.14516129032258066,5.064516129032258,0
8,2006,11,0.14285714285714285,5.079365079365079,0
8,2006,12,0.140625,5.0625,0
8,2006,15,0.13846153846153847,5.076923076923077,0
8,2006,17,0.13636363636363635,5.121212121212121,0
8,2006,18,0.13432835820895522,5.104477611940299,0
8,2007,1,0.1323529411764706,5.088235294117647,1
8,2007,2,0.14492753623188406,5.159420289855072,0
8,2007,3,0.14285714285714285,5.171428571428572,0
8,2007,5,0.14084507042253522,5.183098591549296,0
8,2007,6,0.1388888888888889,5.125,0
8,2007,7,0.136986301369863,5.109589041095891,0
8,2007,8,0.13513513513513514,5.108108108108108,1
8,2007,9,0.14666666666666667,5.173333333333333,1
8,2007,11,0.15789473684210525,5.2368421052631575,0
8,2007,12,0.15584415584415584,5.2727272727272725,0
8,2007,13,0.15384615384615385,5.3076923076923075,0
8,2007,14,0.1518987341772152,5.3164556962025316,1
8,2007,15,0.1625,5.375,0
8,2007,16,0.16049382716049382,5.382716049382716,1
8,2007,17,0.17073170731707318,5.439024390243903,1
8,2008,1,0.18072289156626506,5.493975903614458,0
8,2008,2,0.17857142857142858,5.440476190476191,1
8,2008,3,0.18823529411764706,5.4941176470588236,0
8,2008,4,0.18604651162790697,5.523255813953488,1
8,2008,5,0.19540229885057472,5.574712643678161,0
8,2008,6,0.19318181818181818,5.579545454545454,0
8,2008,8,0.19101123595505617,5.51685393258427,0
8,2008,9,0.18888888888888888,5.544444444444444,0
8,2008,10,0.18681318681318682,5.538461538461538,0
8,2008,11,0.18478260869565216,5.510869565217392,0
8,2008,13,0.1827956989247312,5.516129032258065,0
8,2008,14,0.18085106382978725,5.457446808510638,0
8,2008,15,0.17894736842105263,5.4,0
8,2008,16,0.17708333333333334,5.34375,0
8,2008,17,0.17525773195876287,5.350515463917525,0
8,2008,18,0.17346938775510204,5.357142857142857,0
8,2009,1,0.1717171717171717,5.363636363636363,0
8,2009,2,0.17,5.31,0
8,2009,3,0.16831683168316833,5.257425742574258,0
8,2009,4,0.16666666666666666,5.205882352941177,0
8,2009,6,0.1650485436893204,5.184466019417476,0
8,2009,7,0.16346153846153846,5.1923076923076925,0
8,2009,8,0.1619047619047619,5.142857142857143,0
8,2009,10,0.16037735849056603,5.10377358490566,0
8,2009,11,0.1588785046728972,5.130841121495327,0
8,2009,12,0.1574074074074074,5.138888888888889,1
8,2009,13,0.1651376146788991,5.18348623853211,0
8,2009,14,0.16363636363636364,5.1909090909090905,0
8,2009,15,0.16216216216216217,5.1441441441441444,0
8,2009,16,0.16071428571428573,5.142857142857143,0
8,2009,17,0.1592920353982301,5.123893805309734,0
8,2012,1,0.15789473684210525,5.078947368421052,0
8,2012,2,0.1565217391304348,5.086956521739131,0
8,2012,3,0.15517241379310345,5.129310344827586,0
8,2012,4,0.15384615384615385,5.085470085470085,0
8,2012,5,0.15254237288135594,5.194915254237288,0
8,2012,6,0.15126050420168066,5.277310924369748,0
8,2012,7,0.15,5.25,0
8,2012,8,0.1487603305785124,5.239669421487603,0
8,2012,9,0.14754098360655737,5.344262295081967,0
8,2012,10,0.14634146341463414,5.382113821138211,0
8,2012,11,0.14516129032258066,5.459677419354839,0
8,2012,12,0.144,5.56,0
8,2012,13,0.14285714285714285,5.634920634920635,0
8,2012,14,0.14173228346456693,5.669291338582677,0
8,2012,15,0.140625,5.6875,0
8,2012,16,0.13953488372093023,5.705426356589148,0
8,2012,17,0.13846153846153847,5.7384615384615385,0
8,2012,18,0.13740458015267176,5.740458015267175,1
8,2012,19,0.14393939393939395,5.886363636363637,0
8,2012,20,0.14285714285714285,5.902255639097745,0
8,2013,1,0.1417910447761194,5.865671641791045,1
8,2013,2,0.14814814814814814,6.007407407407407,0
8,2013,3,0.14705882352941177,6.007352941176471,0
8,2013,4,0.145985401459854,6.094890510948905,0
8,2013,5,0.14492753623188406,6.181159420289855,0
8,2013,6,0.14388489208633093,6.266187050359712,0
8,2013,7,0.14285714285714285,6.228571428571429,0
8,2013,8,0.14184397163120568,6.198581560283688,0
8,2013,9,0.14084507042253522,6.225352112676056,0
8,2013,10,0.13986013986013987,6.3076923076923075,0
8,2013,12,0.1388888888888889,6.388888888888889,0
8,2013,13,0.13793103448275862,6.344827586206897,0
8,2013,14,0.136986301369863,6.404109589041096,0
8,2013,15,0.1360544217687075,6.482993197278912,0
8,2013,16,0.13513513513513514,6.506756756756757,0
8,2014,1,0.1342281879194631,6.503355704697986,0
8,2014,2,0.13333333333333333,6.5,0
8,2014,3,0.13245033112582782,6.456953642384106,0
8,2014,4,0.13157894736842105,6.421052631578948,0
8,2014,5,0.13071895424836602,6.405228758169935,0
8,2014,6,0.12987012987012986,6.402597402597403,0
8,2014,7,0.12903225806451613,6.361290322580645,0
8,2014,8,0.1282051282051282,6.326923076923077,0
8,2014,10,0.12738853503184713,6.292993630573249,0
8,2014,11,0.12658227848101267,6.253164556962025,0
8,2014,12,0.12578616352201258,6.264150943396227,0
8,2014,13,0.125,6.3,0
8,2014,14,0.12422360248447205,6.273291925465839,0
8,2014,15,0.12345679012345678,6.2592592592592595,0
8,2014,16,0.12269938650306748,6.220858895705521,0
8,2014,17,0.12195121951219512,6.195121951219512,0
8,2014,18,0.12121212121212122,6.157575757575757,0
8,2014,19,0.12048192771084337,6.156626506024097,0
8,2015,2,0.11976047904191617,6.131736526946108,0
8,2015,3,0.11904761904761904,6.166666666666667,0
8,2015,4,0.11834319526627218,6.201183431952662,0
8,2015,5,0.11764705882352941,6.270588235294118,0
8,2015,6,0.11695906432748537,6.292397660818714,0
8,2015,7,0.11627906976744186,6.3023255813953485,0
8,2015,9,0.11560693641618497,6.335260115606936,0
8,2015,11,0.11494252873563218,6.32183908045977,0
8,2015,12,0.11428571428571428,6.32,0
8,2015,13,0.11363636363636363,6.340909090909091,0
8,2015,14,0.11299435028248588,6.389830508474576,0
8,2015,15,0.11235955056179775,6.421348314606742,0
8,2015,18,0.11173184357541899,6.407821229050279,0
8,2015,19,0.1111111111111111,6.438888888888889,0
8,2016,2,0.11049723756906077,6.486187845303867,0
8,2016,3,0.10989010989010989,6.549450549450549,0
8,2016,4,0.1092896174863388,6.5683060109289615,0
8,2016,5,0.10869565217391304,6.614130434782608,0
8,2016,7,0.10810810810810811,6.675675675675675,0
8,2016,8,0.10752688172043011,6.682795698924731,0
8,2016,9,0.10695187165775401,6.711229946524064,0
8,2016,10,0.10638297872340426,6.75531914893617,0
8,2016,11,0.10582010582010581,6.772486772486772,0
8,2016,12,0.10526315789473684,6.778947368421052,0
8,2016,13,0.10471204188481675,6.785340314136126,0
8,2016,14,0.10416666666666667,6.760416666666667,0
8,2016,15,0.10362694300518134,6.787564766839378,0
8,2016,16,0.10309278350515463,6.814432989690721,0
8,2016,17,0.10256410256410256,6.841025641025641,0
8,2016,19,0.10204081632653061,6.857142857142857,0
8,2016,21,0.10152284263959391,6.862944162436548,0
8,2017,1,0.10101010101010101,6.8686868686868685,0
8,2017,2,0.10050251256281408,6.894472361809045,0
8,2017,3,0.1,6.91,0
8,2017,4,0.09950248756218906,6.935323383084577,0
8,2017,6,0.09900990099009901,6.975247524752476,0
8,2017,7,0.09852216748768473,7.029556650246305,0
8,2017,8,0.09803921568627451,7.0245098039215685,0
8,2017,9,0.0975609756097561,6.990243902439024,0
8,2017,10,0.0970873786407767,7.004854368932039,0
8,2017,11,0.0966183574879227,7.043478260869565,0
8,2017,12,0.09615384615384616,7.096153846153846,0
8,2017,13,0.09569377990430622,7.119617224880383,0
8,2017,16,0.09523809523809523,7.133333333333334,0
8,2017,17,0.0947867298578199,7.1469194312796205,0
8,2017,18,0.09433962264150944,7.183962264150943,0
8,2017,19,0.09389671361502347,7.220657276995305,0
8,2017,20,0.09345794392523364,7.257009345794392,0
8,2018,1,0.09302325581395349,7.27906976744186,0
8,2018,3,0.09259259259259259,7.314814814814815,0
8,2018,4,0.09216589861751152,7.350230414746544,0
8,2018,6,0.09174311926605505,7.39908256880734,0
8,2018,7,0.091324200913242,7.420091324200913,0
8,2018,8,0.09090909090909091,7.422727272727273,0
8,2018,9,0.09049773755656108,7.457013574660634,0
8,2018,10,0.09009009009009009,7.504504504504505,0
8,2018,11,0.08968609865470852,7.538116591928251,0
8,2018,12,0.08928571428571429,7.571428571428571,0
8,2018,14,0.08888888888888889,7.604444444444445,0
8,2018,15,0.08849557522123894,7.650442477876106,0
8,2018,16,0.0881057268722467,7.6607929515418505,0
8,2018,17,0.08771929824561403,7.6798245614035086,0
8,2018,18,0.08733624454148471,7.689956331877729,1
8,2018,19,0.09130434782608696,7.765217391304348,0
8,2018,20,0.09090909090909091,7.796536796536796,0
8,2019,1,0.09051724137931035,7.827586206896552,0
8,2019,2,0.09012875536480687,7.8111587982832615,0
8,2019,3,0.08974358974358974,7.803418803418803,0
8,2019,4,0.08936170212765958,7.778723404255319,0
8,2019,5,0.08898305084745763,7.75,0
8,2019,6,0.08860759493670886,7.717299578059071,0
8,2019,7,0.08823529411764706,7.684873949579832,0
8,2019,8,0.08786610878661087,7.652719665271967,0
8,2019,9,0.0875,7.645833333333333,0
8,2019,10,0.08713692946058091,7.622406639004149,0
8,2019,11,0.08677685950413223,7.607438016528926,0
8,2019,12,0.08641975308641975,7.576131687242798,0
8,2019,13,0.0860655737704918,7.569672131147541,0
8,2019,14,0.08571428571428572,7.538775510204082,0
8,2019,16,0.08536585365853659,7.508130081300813,0
8,2019,17,0.08502024291497975,7.477732793522267,0
8,2019,19,0.0846774193548387,7.44758064516129,0
8,2019,20,0.08433734939759036,7.417670682730924,0
8,2019,21,0.084,7.436,0
8,2020,2,0.08366533864541832,7.4063745019920315,0
8,2020,3,0.08333333333333333,7.376984126984127,0
8,2020,4,0.08300395256916997,7.3478260869565215,0
8,2020,5,0.08267716535433071,7.318897637795276,0
8,2020,6,0.08235294117647059,7.290196078431372,0
8,2020,7,0.08203125,7.26171875,0
8,2020,8,0.08171206225680934,7.233463035019455,0
8,2020,9,0.08139534883720931,7.205426356589148,0
8,2020,10,0.08108108108108109,7.185328185328185,0
8,2020,11,0.08076923076923077,7.157692307692308,0
8,2020,12,0.08045977011494253,7.130268199233717,0
8,2020,13,0.08015267175572519,7.103053435114504,0
8,2020,14,0.07984790874524715,7.083650190114068,0
8,2020,15,0.07954545454545454,7.056818181818182,0
8,2020,16,0.07924528301886792,7.030188679245283,0
8,2020,17,0.07894736842105263,7.003759398496241,0
8,2021,1,0.07865168539325842,6.977528089887641,0
8,2021,2,0.07835820895522388,6.951492537313433,0
8,2021,4,0.07806691449814127,6.925650557620818,0
8,2021,5,0.07777777777777778,6.9,0
8,2021,6,0.07749077490774908,6.874538745387454,0
8,2021,7,0.07720588235294118,6.852941176470588,0
8,2021,8,0.07692307692307693,6.827838827838828,0
8,2021,9,0.07664233576642336,6.802919708029197,0
8,2021,10,0.07636363636363637,6.778181818181818,0
8,2021,11,0.07608695652173914,6.753623188405797,0
8,2021,12,0.07581227436823104,6.7328519855595665,0
8,2021,15,0.07553956834532374,6.7086330935251794,0
8,2021,16,0.07526881720430108,6.698924731182796,0
8,2021,17,0.075,6.675,0
8,2021,18,0.07473309608540925,6.6512455516014235,0
8,2021,19,0.07446808510638298,6.641843971631205,0
8,2021,20,0.07420494699646643,6.618374558303887,0
8,2021,21,0.07394366197183098,6.595070422535211,0
9,2007,2,0.0,1.2,0
9,2007,3,0.0,1.0,0
9,2007,4,0.0,1.2857142857142858,0
9,2007,5,0.0,1.75,0
9,2007,8,0.0,2.0,0
9,2007,9,0.0,2.3,0
9,2007,10,0.0,2.5454545454545454,0
9,2007,11,0.0,2.5,0
9,2007,12,0.0,2.6153846153846154,0
9,2007,13,0.0,2.5,0
9,2007,14,0.0,2.6,0
9,2007,15,0.0,2.4375,0
9,2007,17,0.0,2.411764705882353,0
9,2008,2,0.0,2.5,0
9,2008,3,0.0,2.789473684210526,0
9,2008,4,0.0,2.95,0
9,2008,5,0.0,3.0476190476190474,0
9,2008,6,0.0,3.1363636363636362,0
9,2008,7,0.0,3.347826086956522,1
9,2008,8,0.041666666666666664,3.625,0
9,2008,10,0.04,3.64,0
9,2008,11,0.038461538461538464,3.576923076923077,0
9,2008,12,0.037037037037037035,3.4814814814814814,0
9,2008,13,0.03571428571428571,3.5714285714285716,0
9,2008,14,0.034482758620689655,3.5517241379310347,0
9,2008,15,0.03333333333333333,3.6333333333333333,0
9,2008,16,0.03225806451612903,3.5161290322580645,0
9,2008,17,0.03125,3.65625,0
9,2008,18,0.030303030303030304,3.6363636363636362,0
9,2009,1,0.029411764705882353,3.5294117647058822,0
9,2009,3,0.02857142857142857,3.4285714285714284,0
9,2009,4,0.027777777777777776,3.3333333333333335,0
9,2009,5,0.02702702702702703,3.2432432432432434,0
9,2009,7,0.02631578947368421,3.1578947368421053,0
9,2009,8,0.02564102564102564,3.128205128205128,0
9,2009,9,0.025,3.05,0
9,2009,10,0.024390243902439025,2.975609756097561,0
9,2009,11,0.023809523809523808,2.9047619047619047,0
9,2009,12,0.023255813953488372,2.86046511627907,0
9,2009,14,0.022727272727272728,2.909090909090909,0
9,2009,15,0.022222222222222223,2.8666666666666667,0
9,2009,16,0.021739130434782608,2.8043478260869565,0
9,2009,17,0.02127659574468085,2.9148936170212765,0
9,2010,1,0.020833333333333332,2.8541666666666665,0
9,2010,2,0.02040816326530612,2.795918367346939,0
9,2010,3,0.02,3.1,0
9,2010,4,0.0196078431372549,3.2745098039215685,0
9,2010,5,0.019230769230769232,3.4038461538461537,0
9,2010,6,0.018867924528301886,3.4150943396226414,0
9,2010,7,0.018518518518518517,3.6296296296296298,0
9,2010,8,0.01818181818181818,3.709090909090909,0
9,2010,9,0.017857142857142856,3.75,0
9,2010,11,0.017543859649122806,3.8596491228070176,0
9,2010,13,0.017241379310344827,3.896551724137931,0
9,2010,14,0.01694915254237288,4.084745762711864,0
9,2010,15,0.016666666666666666,4.083333333333333,0
9,2010,17,0.01639344262295082,4.114754098360656,0
9,2010,18,0.016129032258064516,4.209677419354839,0
9,2010,19,0.015873015873015872,4.174603174603175,0
9,2019,1,0.015625,4.265625,0
9,2019,2,0.015384615384615385,4.2,0
9,2019,3,0.015151515151515152,4.136363636363637,0
9,2019,4,0.014925373134328358,4.074626865671642,0
9,2019,5,0.014705882352941176,4.014705882352941,0
9,2019,6,0.014492753623188406,3.9565217391304346,0
9,2019,7,0.014285714285714285,3.9,0
9,2019,8,0.014084507042253521,3.8450704225352115,0
9,2019,9,0.013888888888888888,3.7916666666666665,0
9,2019,10,0.0136986301369863,3.73972602739726,0
9,2019,11,0.013513513513513514,3.689189189189189,0
9,2019,12,0.013333333333333334,3.6533333333333333,0
9,2019,13,0.013157894736842105,3.6052631578947367,0
9,2019,14,0.012987012987012988,3.5584415584415585,0
9,2019,15,0.01282051282051282,3.5128205128205128,0
9,2019,17,0.012658227848101266,3.4683544303797467,0
9,2019,18,0.0125,3.425,0
9,2019,20,0.012345679012345678,3.382716049382716,0
9,2019,21,0.012195121951219513,3.341463414634146,0
9,2021,13,0.012048192771084338,3.3012048192771086,0
9,2021,14,0.011904761904761904,3.261904761904762,0
10,2008,4,0.0,0.4,0
10,2008,5,0.0,0.3333333333333333,0
10,2008,6,0.0,0.2857142857142857,0
10,2008,7,0.0,0.25,0
10,2008,8,0.0,0.7777777777777778,0
10,2008,9,0.0,0.7,0
10,2008,11,0.0,0.6363636363636364,0
10,2008,12,0.0,1.25,0
10,2008,13,0.0,1.3076923076923077,0
10,2008,14,0.0,1.2142857142857142,0
10,2008,15,0.0,1.1333333333333333,0
10,2008,17,0.0,1.375,0
10,2008,18,0.0,1.411764705882353,0
10,2009,1,0.0,1.5,0
10,2009,2,0.0,1.6842105263157894,0
10,2009,3,0.0,1.75,0
10,2009,4,0.0,1.7619047619047619,0
10,2009,5,0.0,1.7727272727272727,0
10,2009,6,0.0,1.6956521739130435,0
10,2009,7,0.0,1.625,0
10,2009,8,0.0,1.6,0
10,2009,9,0.0,1.5384615384615385,0
10,2009,10,0.0,1.4814814814814814,0
10,2009,11,0.0,1.5357142857142858,0
10,2009,12,0.0,1.4827586206896552,0
10,2009,13,0.0,1.4333333333333333,0
10,2009,14,0.0,1.3870967741935485,0
10,2010,5,0.0,1.59375,0
10,2010,7,0.0,1.5454545454545454,0
10,2010,9,0.0,1.5,0
10,2010,10,0.0,1.457142857142857,0
10,2010,11,0.0,1.4166666666666667,0
10,2010,12,0.0,1.3783783783783783,0
10,2010,13,0.0,1.3421052631578947,0
10,2010,14,0.0,1.3076923076923077,0
10,2010,16,0.0,1.275,0
10,2010,18,0.0,1.2439024390243902,0
10,2011,2,0.0,1.2142857142857142,0
10,2011,3,0.0,1.186046511627907,0
10,2011,5,0.0,1.1590909090909092,0
10,2011,7,0.0,1.1333333333333333,0
10,2011,8,0.0,1.108695652173913,0
10,2011,9,0.0,1.0851063829787233,0
10,2011,10,0.0,1.0625,0
10,2011,11,0.0,1.0408163265306123,0
10,2011,12,0.0,1.02,0
10,2011,13,0.0,1.0,0
10,2011,15,0.0,0.9807692307692307,0
10,2011,16,0.0,0.9622641509433962,0
10,2011,18,0.0,0.9444444444444444,0
10,2012,1,0.0,0.9272727272727272,0
10,2012,2,0.0,0.9107142857142857,0
10,2012,3,0.0,0.8947368421052632,0
10,2012,4,0.0,0.8793103448275862,0
10,2012,5,0.0,0.864406779661017,0
10,2012,6,0.0,0.85,0
10,2012,7,0.0,0.8360655737704918,0
10,2012,9,0.0,0.8225806451612904,0
10,2012,10,0.0,0.8095238095238095,0
10,2012,11,0.0,0.796875,0
10,2012,12,0.0,0.7846153846153846,0
10,2012,13,0.0,0.7727272727272727,0
10,2012,14,0.0,0.7611940298507462,0
10,2012,15,0.0,0.75,0
10,2012,16,0.0,0.7391304347826086,0
10,2012,17,0.0,0.7285714285714285,0
10,2012,18,0.0,0.7183098591549296,0
10,2012,19,0.0,0.7083333333333334,0
10,2012,20,0.0,0.6986301369863014,0
11,2002,13,0.0,0.0,0
11,2002,14,0.0,0.0,0
11,2002,15,0.0,0.0,0
11,2002,16,0.0,0.0,0
11,2002,17,0.0,0.0,0
11,2003,16,0.0,0.2,0
11,2004,1,0.0,0.45454545454545453,0
11,2004,2,0.0,0.4166666666666667,0
11,2004,3,0.0,0.38461538461538464,0
11,2004,4,0.0,0.6428571428571429,0
11,2004,5,0.0,0.6,0
11,2004,9,0.0,0.8125,0
11,2004,11,0.0,1.1176470588235294,0
11,2004,12,0.0,1.0555555555555556,0
11,2004,13,0.0,1.0526315789473684,0
11,2004,15,0.0,1.15,0
11,2004,16,0.0,1.3333333333333333,0
11,2004,17,0.0,1.4090909090909092,0
11,2004,18,0.0,1.565217391304348,0
11,2005,7,0.0,1.625,0
11,2005,10,0.0,1.56,0
11,2005,11,0.0,1.5,0
11,2005,12,0.0,1.4444444444444444,0
11,2005,13,0.0,1.3928571428571428,0
11,2005,14,0.0,1.3793103448275863,0
11,2005,15,0.0,1.3333333333333333,0
11,2005,17,0.0,1.2903225806451613,0
11,2006,1,0.0,1.25,0
11,2006,2,0.0,1.2121212121212122,0
11,2006,3,0.0,1.1764705882352942,0
11,2006,6,0.0,1.1428571428571428,0
11,2006,8,0.0,1.1111111111111112,0
11,2006,9,0.0,1.0810810810810811,0
11,2006,13,0.0,1.0526315789473684,0
11,2006,15,0.0,1.0256410256410255,0
11,2006,17,0.0,1.0,0
11,2006,18,0.0,0.975609756097561,0
11,2007,1,0.0,0.9523809523809523,0
11,2007,2,0.0,0.9302325581395349,0
11,2007,4,0.0,0.9090909090909091,0
11,2007,5,0.0,0.9111111111111111,0
11,2007,6,0.0,0.8913043478260869,0
11,2007,8,0.0,0.9361702127659575,0
11,2007,9,0.0,0.9166666666666666,0
11,2007,11,0.0,0.8979591836734694,0
11,2007,12,0.0,0.88,0
11,2007,13,0.0,0.8627450980392157,0
11,2007,14,0.0,0.8461538461538461,0
11,2007,15,0.0,0.8301886792452831,0
11,2007,16,0.0,0.8148148148148148,0
11,2007,17,0.0,0.8,0
11,2008,2,0.0,0.7857142857142857,0
11,2008,3,0.0,0.7719298245614035,0
11,2008,4,0.0,0.7586206896551724,0
12,2008,12,0.0,2.6,0
12,2008,14,0.0,2.1666666666666665,0
12,2008,16,0.0,1.8571428571428572,0
12,2008,17,0.0,2.25,0
12,2009,2,0.0,2.111111111111111,0
12,2009,3,0.0,1.9,0
12,2009,4,0.0,1.7272727272727273,0
12,2009,5,0.0,1.5833333333333333,0
12,2009,7,0.0,1.4615384615384615,0
12,2009,8,0.0,1.3571428571428572,0
12,2009,9,0.0,1.2666666666666666,0
12,2009,10,0.0,1.1875,0
13,2002,10,0.0,0.8,0
13,2002,12,0.0,0.6666666666666666,0
13,2002,13,0.0,0.5714285714285714,0
13,2004,2,0.0,0.5,0
13,2004,3,0.0,0.5555555555555556,0
13,2004,4,0.0,0.5,0
13,2004,5,0.0,0.45454545454545453,0
13,2004,6,0.0,0.4166666666666667,0
13,2004,7,0.0,0.6923076923076923,0
13,2004,10,0.0,0.6428571428571429,0
13,2004,11,0.0,0.6,0
13,2004,12,0.0,0.5625,0
13,2004,14,0.0,0.5294117647058824,0
13,2004,15,0.0,0.7777777777777778,0
13,2004,16,0.0,0.7368421052631579,0
13,2004,17,0.0,0.75,0
13,2004,18,0.0,0.7142857142857143,0
13,2005,1,0.0,0.7272727272727273,0
13,2005,2,0.0,0.6956521739130435,0
13,2005,3,0.0,0.6666666666666666,0
13,2005,4,0.0,0.72,0
13,2005,5,0.0,0.6923076923076923,0
13,2005,6,0.0,0.6666666666666666,0
13,2005,7,0.0,0.6428571428571429,0
13,2005,8,0.0,0.6206896551724138,0
13,2005,11,0.0,0.7666666666666667,0
13,2005,12,0.0,0.7419354838709677,0
13,2005,13,0.0,0.75,0
13,2005,15,0.0,0.7272727272727273,0
13,2005,16,0.0,0.7058823529411765,0
13,2005,17,0.0,0.6857142857142857,0
13,2005,18,0.0,0.6666666666666666,0
13,2005,19,0.0,0.6486486486486487,0
13,2006,1,0.0,0.7105263157894737,0
13,2006,2,0.0,0.6923076923076923,0
13,2006,4,0.0,0.775,0
13,2006,5,0.0,0.8780487804878049,0
13,2006,6,0.0,1.0,0
13,2006,7,0.0,1.0930232558139534,0
13,2006,8,0.0,1.0681818181818181,0
13,2006,9,0.0,1.1333333333333333,0
13,2006,10,0.0,1.1956521739130435,0
13,2006,11,0.0,1.3404255319148937,0
13,2006,12,0.0,1.4375,0
13,2006,13,0.0,1.5714285714285714,0
13,2006,14,0.0,1.58,1
13,2006,15,0.0196078431372549,1.7450980392156863,0
13,2006,17,0.019230769230769232,1.7115384615384615,0
13,2006,18,0.018867924528301886,1.830188679245283,1
13,2007,1,0.037037037037037035,1.9814814814814814,0
13,2007,2,0.03636363636363636,2.0,0
13,2007,3,0.03571428571428571,2.0357142857142856,1
13,2007,4,0.05263157894736842,2.175438596491228,1
13,2007,5,0.06896551724137931,2.310344827586207,0
13,2007,7,0.06779661016949153,2.3728813559322033,0
13,2007,8,0.06666666666666667,2.433333333333333,0
13,2007,9,0.06557377049180328,2.5245901639344264,0
13,2007,10,0.06451612903225806,2.5483870967741935,0
13,2007,11,0.06349206349206349,2.634920634920635,0
13,2007,12,0.0625,2.59375,1
13,2007,14,0.07692307692307693,2.707692307692308,0
13,2007,15,0.07575757575757576,2.787878787878788,0
13,2007,16,0.07462686567164178,2.791044776119403,0
13,2007,17,0.07352941176470588,2.838235294117647,0
13,2008,3,0.07246376811594203,2.9130434782608696,1
13,2008,4,0.08571428571428572,3.0142857142857142,0
13,2008,5,0.08450704225352113,3.084507042253521,1
13,2008,6,0.09722222222222222,3.1805555555555554,0
13,2008,7,0.0958904109589041,3.219178082191781,0
13,2008,8,0.0945945945945946,3.22972972972973,1
13,2008,9,0.10666666666666667,3.32,0
13,2008,10,0.10526315789473684,3.276315789473684,0
13,2008,11,0.1038961038961039,3.311688311688312,0
13,2008,12,0.10256410256410256,3.269230769230769,1
13,2008,13,0.11392405063291139,3.3544303797468356,1
13,2008,14,0.125,3.4375,0
13,2008,15,0.12345679012345678,3.432098765432099,0
13,2008,16,0.12195121951219512,3.3902439024390243,0
13,2008,17,0.12048192771084337,3.3734939759036147,0
13,2008,18,0.11904761904761904,3.4285714285714284,1
13,2009,2,0.12941176470588237,3.5058823529411764,0
13,2009,4,0.12790697674418605,3.4651162790697674,0
13,2009,5,0.12643678160919541,3.425287356321839,0
13,2009,6,0.125,3.4204545454545454,0
13,2009,7,0.12359550561797752,3.438202247191011,0
13,2009,8,0.12222222222222222,3.433333333333333,0
13,2009,9,0.12087912087912088,3.4505494505494507,0
13,2010,1,0.11956521739130435,3.4782608695652173,0
13,2010,2,0.11827956989247312,3.6344086021505375,0
13,2010,3,0.11702127659574468,3.75531914893617,0
13,2010,4,0.11578947368421053,3.778947368421053,0
13,2010,5,0.11458333333333333,3.7604166666666665,0
13,2010,6,0.1134020618556701,3.804123711340206,0
13,2010,7,0.11224489795918367,3.8877551020408165,0
13,2010,8,0.1111111111111111,3.909090909090909,0
13,2010,9,0.11,3.87,0
13,2010,10,0.10891089108910891,3.8316831683168315,0
13,2010,11,0.10784313725490197,3.7941176470588234,0
13,2010,12,0.10679611650485436,3.9320388349514563,0
13,2010,13,0.10576923076923077,4.009615384615385,0
13,2010,14,0.10476190476190476,4.085714285714285,0
13,2010,15,0.10377358490566038,4.188679245283019,0
13,2010,17,0.102803738317757,4.186915887850467,0
13,2010,18,0.10185185185185185,4.287037037037037,0
13,2010,19,0.10091743119266056,4.247706422018348,0
13,2011,1,0.1,4.218181818181818,0
13,2011,2,0.0990990990990991,4.2342342342342345,0
13,2011,3,0.09821428571428571,4.285714285714286,0
13,2011,4,0.09734513274336283,4.31858407079646,0
13,2011,7,0.09649122807017543,4.280701754385965,0
13,2011,8,0.09565217391304348,4.3130434782608695,0
13,2011,9,0.09482758620689655,4.362068965517241,0
13,2011,10,0.09401709401709402,4.410256410256411,0
13,2011,11,0.09322033898305085,4.4576271186440675,0
13,2011,12,0.09243697478991597,4.487394957983193,0
13,2011,13,0.09166666666666666,4.483333333333333,0
13,2011,14,0.09090909090909091,4.512396694214876,0
13,2011,15,0.09016393442622951,4.491803278688525,0
13,2011,16,0.08943089430894309,4.504065040650406,0
13,2011,18,0.08870967741935484,4.532258064516129,0
13,2011,19,0.088,4.576,0
13,2012,2,0.0873015873015873,4.619047619047619,0
13,2012,3,0.08661417322834646,4.582677165354331,0
13,2012,4,0.0859375,4.546875,0
13,2012,5,0.08527131782945736,4.5271317829457365,0
13,2012,6,0.08461538461538462,4.492307692307692,0
13,2012,7,0.08396946564885496,4.519083969465649,0
13,2012,8,0.08333333333333333,4.492424242424242,0
13,2012,9,0.08270676691729323,4.458646616541353,0
13,2012,10,0.08208955223880597,4.514925373134329,0
13,2012,11,0.08148148148148149,4.481481481481482,0
13,2012,12,0.08088235294117647,4.463235294117647,0
13,2012,13,0.08029197080291971,4.5036496350364965,0
13,2012,14,0.07971014492753623,4.557971014492754,0
13,2012,15,0.07913669064748201,4.553956834532374,0
13,2012,16,0.07857142857142857,4.65,0
13,2012,17,0.07801418439716312,4.702127659574468,0
13,2012,18,0.07746478873239436,4.725352112676056,0
13,2012,19,0.07692307692307693,4.734265734265734,0
13,2012,20,0.0763888888888889,4.784722222222222,0
13,2013,1,0.07586206896551724,4.855172413793103,0
13,2013,2,0.07534246575342465,4.904109589041096,0
13,2013,3,0.07482993197278912,4.938775510204081,0
13,2013,4,0.07432432432432433,4.95945945945946,0
13,2013,5,0.0738255033557047,4.926174496644295,0
13,2013,7,0.07333333333333333,4.993333333333333,0
13,2013,8,0.0728476821192053,4.986754966887418,0
13,2013,10,0.07236842105263158,5.006578947368421,0
13,2013,11,0.0718954248366013,5.0,0
13,2013,12,0.07142857142857142,5.0064935064935066,0
13,2013,13,0.07096774193548387,5.051612903225807,0
13,2013,14,0.07051282051282051,5.07051282051282,0
13,2013,15,0.07006369426751592,5.050955414012739,0
13,2013,16,0.06962025316455696,5.025316455696203,0
13,2013,17,0.06918238993710692,5.069182389937107,0
13,2013,18,0.06875,5.0625,0
13,2013,19,0.06832298136645963,5.031055900621118,0
13,2014,2,0.06790123456790123,5.037037037037037,0
13,2014,3,0.06748466257668712,5.042944785276074,0
13,2014,4,0.06707317073170732,5.048780487804878,0
13,2014,5,0.06666666666666667,5.0181818181818185,0
13,2014,6,0.06626506024096386,4.9879518072289155,0
13,2014,7,0.0658682634730539,4.994011976047904,0
13,2014,8,0.06547619047619048,4.964285714285714,0
13,2014,11,0.0650887573964497,5.005917159763314,0
13,2014,12,0.06470588235294118,5.035294117647059,0
13,2014,13,0.06432748538011696,5.005847953216374,0
13,2014,14,0.06395348837209303,5.063953488372093,0
13,2014,15,0.06358381502890173,5.092485549132948,0
13,2014,16,0.06321839080459771,5.097701149425287,0
13,2014,17,0.06285714285714286,5.0685714285714285,0
13,2014,18,0.0625,5.107954545454546,0
13,2014,19,0.062146892655367235,5.163841807909605,0
13,2015,1,0.06179775280898876,5.337078651685394,0
13,2015,2,0.061452513966480445,5.374301675977653,0
13,2015,3,0.06111111111111111,5.388888888888889,0
13,2015,4,0.06077348066298342,5.414364640883978,0
13,2015,5,0.06043956043956044,5.3901098901098905,0
13,2015,6,0.060109289617486336,5.404371584699454,0
13,2015,7,0.059782608695652176,5.375,0
13,2015,8,0.05945945945945946,5.389189189189189,0
13,2015,9,0.05913978494623656,5.440860215053763,0
13,2015,10,0.058823529411764705,5.475935828877005,0
13,2015,11,0.05851063829787234,5.446808510638298,0
13,2015,12,0.0582010582010582,5.4603174603174605,0
13,2015,14,0.05789473684210526,5.510526315789473,0
13,2015,15,0.05759162303664921,5.481675392670157,0
13,2015,17,0.057291666666666664,5.515625,0
13,2015,19,0.05699481865284974,5.528497409326425,0
13,2016,1,0.05670103092783505,5.520618556701031,0
13,2016,2,0.05641025641025641,5.543589743589743,0
13,2016,3,0.05612244897959184,5.535714285714286,0
13,2016,4,0.05583756345177665,5.548223350253807,0
13,2016,5,0.05555555555555555,5.570707070707071,0
13,2016,6,0.05527638190954774,5.562814070351759,0
13,2016,8,0.055,5.54,0
13,2016,9,0.05472636815920398,5.517412935323383,0
13,2016,10,0.054455445544554455,5.49009900990099,0
13,2016,11,0.054187192118226604,5.463054187192118,0
13,2016,13,0.05392156862745098,5.436274509803922,0
13,2016,14,0.05365853658536585,5.414634146341464,0
13,2016,15,0.05339805825242718,5.398058252427185,0
13,2016,16,0.05314009661835749,5.371980676328502,0
13,2016,17,0.052884615384615384,5.346153846153846,0
13,2016,18,0.05263157894736842,5.330143540669856,0
13,2016,19,0.05238095238095238,5.333333333333333,0
13,2016,21,0.052132701421800945,5.317535545023697,0
13,2017,1,0.05188679245283019,5.30188679245283,0
13,2017,2,0.051643192488262914,5.314553990610329,0
13,2017,3,0.0514018691588785,5.289719626168225,0
13,2017,4,0.05116279069767442,5.3023255813953485,0
13,2017,5,0.05092592592592592,5.287037037037037,0
13,2017,6,0.05069124423963134,5.2626728110599075,0
13,2017,9,0.05045871559633028,5.247706422018348,0
13,2017,10,0.0502283105022831,5.232876712328767,0
13,2017,12,0.05,5.213636363636364,0
13,2017,13,0.049773755656108594,5.208144796380091,0
13,2017,14,0.04954954954954955,5.202702702702703,0
13,2017,15,0.04932735426008968,5.179372197309417,0
13,2017,16,0.049107142857142856,5.165178571428571,0
13,2017,17,0.04888888888888889,5.1466666666666665,0
13,2017,18,0.048672566371681415,5.132743362831858,0
13,2017,19,0.048458149779735685,5.110132158590308,0
13,2017,20,0.04824561403508772,5.114035087719298,0
14,1995,1,0.0,2.8,0
14,1995,3,0.0,3.3333333333333335,0
14,1995,7,0.0,3.2857142857142856,0
14,1995,8,0.0,3.375,0
14,1995,9,0.0,3.4444444444444446,0
14,1995,10,0.0,3.7,0
14,1995,13,0.0,3.909090909090909,1
14,1995,14,0.08333333333333333,4.416666666666667,0
14,1995,15,0.07692307692307693,4.384615384615385,0
14,1996,3,0.07142857142857142,4.5,0
14,1996,4,0.06666666666666667,4.2,0
14,1996,6,0.0625,4.1875,0
14,1996,8,0.058823529411764705,4.294117647058823,0
14,1996,9,0.05555555555555555,4.222222222222222,0
14,1996,10,0.05263157894736842,4.052631578947368,0
14,1996,11,0.05,3.95,0
14,1996,15,0.047619047619047616,3.857142857142857,0
14,1996,16,0.045454545454545456,3.6818181818181817,0
14,1997,1,0.043478260869565216,3.5217391304347827,1
14,1997,2,0.08333333333333333,3.7916666666666665,0
14,1997,6,0.08,3.64,0
14,1997,7,0.07692307692307693,3.5384615384615383,0
14,1997,8,0.07407407407407407,3.4074074074074074,0
14,1997,9,0.07142857142857142,3.2857142857142856,0
14,1997,13,0.06896551724137931,3.2758620689655173,1
14,1997,14,0.1,3.5,0
14,1997,16,0.0967741935483871,3.5806451612903225,0
14,1997,17,0.09375,3.46875,0
14,1998,1,0.09090909090909091,3.5454545454545454,0
14,1998,2,0.08823529411764706,3.6176470588235294,0
14,1998,3,0.08571428571428572,3.6857142857142855,0
14,1998,4,0.08333333333333333,3.611111111111111,1
14,1998,5,0.10810810810810811,3.7837837837837838,0
14,1998,8,0.10526315789473684,3.8421052631578947,0
14,1998,10,0.10256410256410256,3.769230769230769,0
14,1998,11,0.1,3.825,0
14,1998,12,0.0975609756097561,3.8780487804878048,0
14,1998,13,0.09523809523809523,3.9285714285714284,0
14,1998,15,0.09302325581395349,3.8372093023255816,0
14,1998,16,0.09090909090909091,3.840909090909091,0
14,1999,3,0.08888888888888889,3.8444444444444446,0
14,1999,5,0.08695652173913043,3.891304347826087,0
14,1999,6,0.0851063829787234,3.9361702127659575,0
14,1999,8,0.08333333333333333,3.8541666666666665,1
14,1999,9,0.10204081632653061,3.979591836734694,0
14,1999,10,0.1,4.02,0
14,1999,11,0.09803921568627451,3.980392156862745,0
14,1999,12,0.09615384615384616,4.019230769230769,1
14,1999,13,0.11320754716981132,4.132075471698113,0
14,2000,3,0.1111111111111111,4.092592592592593,0
14,2000,4,0.10909090909090909,4.090909090909091,1
14,2000,5,0.125,4.196428571428571,0
14,2000,6,0.12280701754385964,4.228070175438597,0
14,2000,7,0.1206896551724138,4.224137931034483,1
14,2000,8,0.13559322033898305,4.322033898305085,0
14,2000,9,0.13333333333333333,4.25,1
14,2000,10,0.14754098360655737,4.344262295081967,0
14,2000,11,0.14516129032258066,4.370967741935484,0
14,2000,12,0.14285714285714285,4.365079365079365,0
14,2000,13,0.140625,4.359375,0
14,2000,15,0.13846153846153847,4.338461538461538,0
14,2000,16,0.13636363636363635,4.303030303030303,0
14,2000,17,0.13432835820895522,4.298507462686567,0
14,2001,1,0.1323529411764706,4.323529411764706,0
14,2001,2,0.13043478260869565,4.3478260869565215,0
14,2001,3,0.12857142857142856,4.3428571428571425,1
14,2001,4,0.14084507042253522,4.422535211267606,0
14,2001,5,0.1388888888888889,4.444444444444445,0
14,2001,6,0.136986301369863,4.410958904109589,1
14,2001,7,0.14864864864864866,4.486486486486487,0
14,2001,9,0.14666666666666667,4.453333333333333,0
14,2001,10,0.14473684210526316,4.447368421052632,0
14,2001,13,0.14285714285714285,4.428571428571429,0
14,2001,14,0.14102564102564102,4.423076923076923,0
14,2001,16,0.13924050632911392,4.443037974683544,0
14,2001,17,0.1375,4.4375,0
14,2002,3,0.13580246913580246,4.432098765432099,0
14,2002,4,0.13414634146341464,4.426829268292683,0
14,2002,5,0.13253012048192772,4.385542168674699,0
14,2002,6,0.13095238095238096,4.380952380952381,0
14,2002,7,0.12941176470588237,4.341176470588235,1
14,2002,8,0.13953488372093023,4.406976744186046,0
14,2002,10,0.13793103448275862,4.425287356321839,0
14,2002,11,0.13636363636363635,4.375,0
14,2002,12,0.1348314606741573,4.370786516853933,0
14,2002,13,0.13333333333333333,4.344444444444444,0
14,2002,14,0.13186813186813187,4.318681318681318,0
14,2002,15,0.13043478260869565,4.304347826086956,0
14,2002,16,0.12903225806451613,4.258064516129032,0
14,2003,1,0.1276595744680851,4.25531914893617,1
14,2003,3,0.1368421052631579,4.315789473684211,0
14,2003,4,0.13541666666666666,4.322916666666667,0
14,2003,6,0.13402061855670103,4.319587628865979,0
14,2003,7,0.1326530612244898,4.316326530612245,0
14,2003,9,0.13131313131313133,4.292929292929293,0
14,2003,10,0.13,4.25,0
14,2003,11,0.12871287128712872,4.247524752475248,0
14,2003,12,0.12745098039215685,4.245098039215686,0
14,2003,13,0.1262135922330097,4.281553398058253,0
14,2003,16,0.125,4.278846153846154,0
14,2004,1,0.12380952380952381,4.295238095238095,0
14,2004,2,0.12264150943396226,4.264150943396227,0
14,2004,4,0.12149532710280374,4.252336448598131,0
14,2004,5,0.12037037037037036,4.212962962962963,0
14,2004,8,0.11926605504587157,4.174311926605505,0
14,2004,9,0.11818181818181818,4.163636363636364,0
14,2004,10,0.11711711711711711,4.1441441441441444,0
14,2004,11,0.11607142857142858,4.133928571428571,0
14,2004,12,0.11504424778761062,4.115044247787611,0
14,2004,13,0.11403508771929824,4.12280701754386,0
14,2004,14,0.11304347826086956,4.086956521739131,0
14,2004,15,0.11206896551724138,4.068965517241379,0
14,2004,16,0.1111111111111111,4.05982905982906,0
14,2004,18,0.11016949152542373,4.02542372881356,0
14,2005,1,0.1092436974789916,3.991596638655462,0
14,2005,2,0.10833333333333334,4.0,0
14,2005,3,0.10743801652892562,3.9917355371900825,0
14,2005,4,0.10655737704918032,3.9672131147540983,0
14,2005,5,0.10569105691056911,3.934959349593496,0
14,2005,7,0.10483870967741936,3.911290322580645,0
14,2005,8,0.104,3.92,0
14,2005,10,0.10317460317460317,3.9047619047619047,0
14,2005,11,0.10236220472440945,3.874015748031496,0
14,2005,12,0.1015625,3.84375,0
14,2005,14,0.10077519379844961,3.8294573643410854,0
14,2005,15,0.1,3.8153846153846156,0
14,2005,18,0.09923664122137404,3.786259541984733,0
14,2005,19,0.09848484848484848,3.7803030303030303,0
14,2006,1,0.09774436090225563,3.7518796992481205,0
14,2006,3,0.09701492537313433,3.7238805970149254,0
14,2006,6,0.0962962962962963,3.7037037037037037,0
14,2006,7,0.09558823529411764,3.676470588235294,0
14,2006,8,0.0948905109489051,3.6934306569343067,0
14,2006,9,0.09420289855072464,3.6666666666666665,0
14,2006,10,0.09352517985611511,3.647482014388489,0
14,2006,11,0.09285714285714286,3.6357142857142857,0
14,2006,12,0.09219858156028368,3.6099290780141846,0
14,2006,13,0.09154929577464789,3.584507042253521,0
14,2006,14,0.09090909090909091,3.5874125874125875,0
14,2006,15,0.09027777777777778,3.5625,0
14,2006,16,0.0896551724137931,3.537931034482759,0
14,2007,4,0.08904109589041095,3.5136986301369864,0
14,2007,5,0.08843537414965986,3.5170068027210886,0
14,2007,8,0.08783783783783784,3.4932432432432434,0
14,2007,9,0.087248322147651,3.469798657718121,0
14,2007,10,0.08666666666666667,3.4466666666666668,0
14,2007,11,0.08609271523178808,3.4503311258278146,0
14,2007,12,0.08552631578947369,3.4276315789473686,0
14,2007,15,0.08496732026143791,3.4052287581699345,0
14,2007,16,0.08441558441558442,3.4155844155844157,0
14,2007,17,0.08387096774193549,3.4,0
14,2008,2,0.08333333333333333,3.378205128205128,0
14,2008,3,0.08280254777070063,3.356687898089172,0
14,2008,4,0.08227848101265822,3.3354430379746836,0
14,2008,5,0.08176100628930817,3.3144654088050314,0
14,2008,7,0.08125,3.29375,0
14,2008,8,0.08074534161490683,3.31055900621118,0
14,2008,10,0.08024691358024691,3.2901234567901234,0
14,2008,11,0.07975460122699386,3.2699386503067487,0
14,2008,12,0.07926829268292683,3.25,0
14,2008,13,0.07878787878787878,3.2303030303030305,0
14,2008,14,0.0783132530120482,3.210843373493976,0
14,2008,15,0.07784431137724551,3.191616766467066,0
14,2008,17,0.07738095238095238,3.1845238095238093,0
15,1997,9,0.0,0.0,0
15,1997,10,0.0,0.0,0
15,1997,11,0.0,0.42857142857142855,0
15,1997,12,0.0,0.375,0
15,1997,13,0.0,0.3333333333333333,0
15,1998,3,0.0,0.3,0
15,1998,5,0.0,0.2727272727272727,0
15,1998,10,0.0,0.25,0
15,1998,11,0.0,0.23076923076923078,0
15,1998,13,0.0,0.21428571428571427,0
15,1998,14,0.0,0.26666666666666666,0
15,1998,16,0.0,0.25,0
15,1999,4,0.0,0.23529411764705882,0
15,1999,5,0.0,0.2222222222222222,0
15,1999,7,0.0,0.2631578947368421,0
15,1999,8,0.0,0.25,0
15,1999,9,0.0,0.23809523809523808,0
15,1999,11,0.0,0.22727272727272727,0
15,1999,12,0.0,0.21739130434782608,0
15,1999,14,0.0,0.20833333333333334,0
15,2000,2,0.0,0.44,0
15,2000,3,0.0,0.5384615384615384,0
15,2000,4,0.0,0.5185185185185185,0
15,2000,5,0.0,0.5357142857142857,0
15,2000,8,0.0,0.5172413793103449,0
15,2000,9,0.0,0.5333333333333333,0
15,2000,11,0.0,0.5483870967741935,0
15,2000,12,0.0,0.53125,0
15,2000,16,0.0,0.5151515151515151,0
15,2000,17,0.0,0.5,0
15,2001,2,0.0,0.4857142857142857,0
15,2001,3,0.0,0.4722222222222222,0
15,2001,4,0.0,0.5135135135135135,0
15,2001,5,0.0,0.5526315789473685,0
15,2001,8,0.0,0.6153846153846154,0
15,2001,10,0.0,0.6,0
15,2001,16,0.0,0.6341463414634146,0
15,2001,17,0.0,0.6904761904761905,0
15,2002,4,0.0,0.6744186046511628,0
15,2002,5,0.0,0.6590909090909091,0
15,2002,7,0.0,0.6444444444444445,0
15,2002,8,0.0,0.6956521739130435,0
15,2002,9,0.0,0.7021276595744681,0
15,2002,13,0.0,0.6875,0
15,2002,15,0.0,0.673469387755102,0
15,2002,16,0.0,0.72,0
15,2003,1,0.0,0.7450980392156863,0
15,2003,2,0.0,0.8076923076923077,0
15,2003,3,0.0,0.8679245283018868,0
15,2003,4,0.0,0.8703703703703703,0
15,2003,6,0.0,0.8545454545454545,0
15,2003,7,0.0,0.8571428571428571,0
15,2003,11,0.0,0.8947368421052632,0
15,2003,12,0.0,0.9310344827586207,0
15,2003,13,0.0,1.0169491525423728,0
15,2003,15,0.0,1.0333333333333334,0
15,2003,16,0.0,1.098360655737705,0
15,2004,1,0.0,1.1451612903225807,0
15,2004,2,0.0,1.1587301587301588,0
15,2004,3,0.0,1.203125,0
15,2004,4,0.0,1.2615384615384615,0
15,2004,5,0.0,1.303030303030303,0
15,2004,6,0.0,1.373134328358209,1
15,2004,7,0.014705882352941176,1.5,0
15,2004,9,0.014492753623188406,1.5507246376811594,0
15,2004,10,0.014285714285714285,1.6,0
15,2004,12,0.014084507042253521,1.647887323943662,0
15,2004,14,0.013888888888888888,1.625,0
15,2004,15,0.0136986301369863,1.6027397260273972,0
15,2004,17,0.013513513513513514,1.5810810810810811,0
15,2004,18,0.013333333333333334,1.56,0
15,2005,1,0.013157894736842105,1.5394736842105263,0
15,2005,2,0.012987012987012988,1.5194805194805194,0
15,2005,3,0.01282051282051282,1.6025641025641026,0
15,2005,4,0.012658227848101266,1.6835443037974684,0
15,2005,5,0.0125,1.7125,0
15,2005,6,0.012345679012345678,1.7654320987654322,0
15,2005,7,0.012195121951219513,1.7439024390243902,0
15,2005,10,0.012048192771084338,1.7349397590361446,0
15,2005,11,0.011904761904761904,1.7619047619047619,0
15,2005,12,0.011764705882352941,1.7411764705882353,0
15,2005,13,0.011627906976744186,1.7209302325581395,0
15,2005,14,0.011494252873563218,1.7586206896551724,0
15,2005,15,0.011363636363636364,1.7727272727272727,0
15,2005,17,0.011235955056179775,1.797752808988764,0
15,2005,19,0.011111111111111112,1.7777777777777777,0
15,2006,1,0.01098901098901099,1.7582417582417582,0
15,2006,2,0.010869565217391304,1.7391304347826086,0
15,2006,5,0.010752688172043012,1.7204301075268817,0
15,2006,6,0.010638297872340425,1.702127659574468,0
15,2006,7,0.010526315789473684,1.6842105263157894,0
15,2006,8,0.010416666666666666,1.6666666666666667,0
15,2006,9,0.010309278350515464,1.6494845360824741,0
15,2006,10,0.01020408163265306,1.663265306122449,0
15,2006,12,0.010101010101010102,1.696969696969697,0
15,2006,13,0.01,1.7,0
15,2006,14,0.009900990099009901,1.683168316831683,0
15,2006,15,0.00980392156862745,1.6666666666666667,0
15,2006,17,0.009708737864077669,1.6699029126213591,0
15,2007,1,0.009615384615384616,1.6826923076923077,0
15,2007,2,0.009523809523809525,1.6666666666666667,0
15,2007,3,0.009433962264150943,1.669811320754717,0
15,2007,5,0.009345794392523364,1.6728971962616823,0
15,2007,7,0.009259259259259259,1.6574074074074074,0
15,2007,10,0.009174311926605505,1.6697247706422018,0
15,2007,11,0.00909090909090909,1.6545454545454545,0
15,2007,12,0.009009009009009009,1.6396396396396395,0
15,2007,13,0.008928571428571428,1.625,0
15,2007,14,0.008849557522123894,1.6106194690265487,0
15,2007,15,0.008771929824561403,1.5964912280701755,0
15,2007,16,0.008695652173913044,1.5826086956521739,0
15,2007,17,0.008620689655172414,1.5689655172413792,0
15,2008,2,0.008547008547008548,1.564102564102564,0
15,2008,3,0.00847457627118644,1.5932203389830508,0
15,2008,4,0.008403361344537815,1.6050420168067228,0
15,2008,5,0.008333333333333333,1.6,0
15,2008,6,0.008264462809917356,1.5867768595041323,0
15,2008,7,0.00819672131147541,1.5737704918032787,0
15,2008,8,0.008130081300813009,1.5853658536585367,0
15,2008,9,0.008064516129032258,1.6209677419354838,0
15,2008,10,0.008,1.624,0
15,2008,11,0.007936507936507936,1.6111111111111112,0
15,2008,12,0.007874015748031496,1.6141732283464567,0
15,2008,13,0.0078125,1.6328125,0
15,2008,14,0.007751937984496124,1.62015503875969,0
15,2008,16,0.007692307692307693,1.6076923076923078,0
15,2008,18,0.007633587786259542,1.6259541984732824,0
15,2009,1,0.007575757575757576,1.621212121212121,0
15,2009,2,0.007518796992481203,1.6541353383458646,0
15,2009,4,0.007462686567164179,1.6604477611940298,0
15,2009,6,0.007407407407407408,1.6925925925925926,0
15,2009,7,0.007352941176470588,1.6801470588235294,0
15,2009,8,0.0072992700729927005,1.7043795620437956,0
15,2009,9,0.007246376811594203,1.7065217391304348,0
15,2009,10,0.007194244604316547,1.6942446043165467,0
15,2009,11,0.007142857142857143,1.6892857142857143,0
15,2009,13,0.0070921985815602835,1.677304964539007,0
15,2009,14,0.007042253521126761,1.6654929577464788,0
15,2009,15,0.006993006993006993,1.6538461538461537,0
15,2009,17,0.006944444444444444,1.6979166666666667,0
15,2010,1,0.006896551724137931,1.7,0
15,2010,3,0.00684931506849315,1.6883561643835616,0
15,2010,5,0.006802721088435374,1.6768707482993197,0
15,2010,6,0.006756756756756757,1.6655405405405406,0
15,2010,9,0.006711409395973154,1.6543624161073827,0
15,2010,10,0.006666666666666667,1.6433333333333333,0
15,2010,12,0.006622516556291391,1.6324503311258278,0
15,2010,13,0.006578947368421052,1.6217105263157894,0
15,2010,16,0.006535947712418301,1.6111111111111112,0
15,2010,18,0.006493506493506494,1.6006493506493507,0
15,2010,19,0.0064516129032258064,1.5903225806451613,0
15,2011,1,0.00641025641025641,1.580128205128205,0
15,2011,3,0.006369426751592357,1.570063694267516,0
15,2011,4,0.006329113924050633,1.5601265822784811,0
15,2011,5,0.006289308176100629,1.550314465408805,0
15,2011,6,0.00625,1.540625,0
15,2011,7,0.006211180124223602,1.531055900621118,0
15,2011,8,0.006172839506172839,1.521604938271605,0
15,2011,12,0.006134969325153374,1.5122699386503067,0
15,2011,13,0.006097560975609756,1.5030487804878048,0
15,2011,15,0.006060606060606061,1.493939393939394,0
15,2011,16,0.006024096385542169,1.4849397590361446,0
15,2011,17,0.005988023952095809,1.4760479041916168,0
15,2011,18,0.005952380952380952,1.4672619047619047,0
15,2011,19,0.005917159763313609,1.4585798816568047,0
16,2007,11,0.0,0.0,0
16,2007,12,0.0,0.0,0
16,2007,13,0.0,0.0,0
16,2007,14,0.0,0.0,0
16,2007,15,0.0,0.0,0
16,2008,3,0.0,0.1,0
16,2008,5,0.0,0.09090909090909091,0
16,2008,8,0.0,0.08333333333333333,0
16,2008,10,0.0,0.07692307692307693,0
16,2008,13,0.0,0.07142857142857142,0
16,2008,14,0.0,0.06666666666666667,0
16,2008,18,0.0,0.0625,0
16,2009,1,0.0,0.058823529411764705,0
16,2009,2,0.0,0.05555555555555555,0
16,2009,3,0.0,0.05263157894736842,0
16,2009,4,0.0,0.05,0
16,2009,6,0.0,0.047619047619047616,0
16,2009,7,0.0,0.045454545454545456,0
16,2009,8,0.0,0.043478260869565216,0
16,2009,9,0.0,0.041666666666666664,0
16,2009,11,0.0,0.04,0
16,2009,12,0.0,0.038461538461538464,0
16,2009,13,0.0,0.037037037037037035,0
16,2009,15,0.0,0.21428571428571427,0
16,2009,17,0.0,0.20689655172413793,0
16,2010,1,0.0,0.2,0
16,2010,3,0.0,0.1935483870967742,0
16,2010,4,0.0,0.5,0
16,2010,5,0.0,0.48484848484848486,0
16,2010,6,0.0,0.6470588235294118,0
16,2010,7,0.0,0.7428571428571429,0
16,2010,8,0.0,0.7777777777777778,0
16,2010,9,0.0,0.7837837837837838,0
16,2010,10,0.0,0.9736842105263158,0
16,2010,11,0.0,1.0512820512820513,0
16,2010,13,0.0,1.025,0
16,2010,14,0.0,1.2439024390243902,0
16,2010,15,0.0,1.2142857142857142,0
16,2010,18,0.0,1.2325581395348837,0
16,2010,19,0.0,1.2045454545454546,0
16,2011,1,0.0,1.1777777777777778,0
16,2011,2,0.0,1.1956521739130435,0
16,2011,3,0.0,1.1702127659574468,0
16,2011,4,0.0,1.1458333333333333,0
16,2011,5,0.0,1.1224489795918366,0
16,2011,6,0.0,1.1,0
16,2011,8,0.0,1.196078431372549,0
16,2011,9,0.0,1.2115384615384615,0
16,2011,10,0.0,1.1886792452830188,0
16,2011,11,0.0,1.3148148148148149,0
16,2011,12,0.0,1.290909090909091,0
16,2011,14,0.0,1.375,0
16,2011,15,0.0,1.4210526315789473,0
16,2011,16,0.0,1.396551724137931,0
16,2011,17,0.0,1.3728813559322033,0
16,2011,18,0.0,1.3833333333333333,0
16,2011,19,0.0,1.4262295081967213,0
16,2013,1,0.0,1.532258064516129,0
16,2013,4,0.0,1.6031746031746033,0
16,2013,5,0.0,1.578125,0
16,2013,6,0.0,1.5538461538461539,0
16,2013,7,0.0,1.6818181818181819,0
16,2013,8,0.0,1.671641791044776,0
16,2013,9,0.0,1.7352941176470589,0
16,2013,11,0.0,1.710144927536232,0
16,2013,12,0.0,1.7142857142857142,0
16,2013,13,0.0,1.6901408450704225,0
16,2013,14,0.0,1.6805555555555556,0
16,2013,15,0.0,1.6575342465753424,0
16,2013,16,0.0,1.635135135135135,0
16,2013,17,0.0,1.64,0
16,2013,19,0.0,1.631578947368421,0
16,2014,1,0.0,1.6103896103896105,0
16,2014,5,0.0,1.5897435897435896,0
16,2014,7,0.0,1.5696202531645569,0
16,2014,8,0.0,1.55,0
16,2014,9,0.0,1.5308641975308641,0
16,2014,11,0.0,1.5121951219512195,0
16,2014,12,0.0,1.4939759036144578,0
16,2014,13,0.0,1.4761904761904763,0
16,2014,15,0.0,1.4588235294117646,0
16,2014,16,0.0,1.441860465116279,0
16,2014,18,0.0,1.4252873563218391,0
16,2014,19,0.0,1.4090909090909092,0
17,2002,8,0.0,0.4,0
17,2002,9,0.0,0.3333333333333333,0
17,2002,11,0.0,0.2857142857142857,0
17,2002,13,0.0,0.25,0
17,2002,17,0.0,0.2222222222222222,0
17,2003,3,0.0,0.2,0
17,2003,5,0.0,0.18181818181818182,0
17,2003,6,0.0,0.3333333333333333,0
17,2003,8,0.0,0.46153846153846156,0
17,2003,9,0.0,0.5714285714285714,0
17,2003,10,0.0,0.7333333333333333,0
17,2003,11,0.0,0.875,0
17,2003,12,0.0,0.8235294117647058,0
17,2003,13,0.0,0.7777777777777778,0
17,2003,14,0.0,0.8947368421052632,0
17,2003,16,0.0,0.95,0
17,2004,3,0.0,0.9047619047619048,0
17,2004,4,0.0,0.9090909090909091,0
17,2004,5,0.0,0.8695652173913043,0
17,2004,7,0.0,0.8333333333333334,0
17,2004,10,0.0,0.88,0
17,2004,11,0.0,0.8461538461538461,0
17,2004,12,0.0,0.8518518518518519,0
17,2004,13,0.0,0.9285714285714286,0
17,2004,15,0.0,0.896551724137931,0
17,2004,16,0.0,0.8666666666666667,0
17,2005,1,0.0,0.8387096774193549,0
17,2005,3,0.0,0.9375,0
17,2005,4,0.0,1.0,0
17,2005,5,0.0,1.0294117647058822,0
17,2005,6,0.0,1.0857142857142856,0
17,2005,8,0.0,1.2222222222222223,0
17,2005,10,0.0,1.2972972972972974,0
17,2005,11,0.0,1.263157894736842,0
17,2005,13,0.0,1.2307692307692308,0
17,2005,15,0.0,1.25,0
17,2005,16,0.0,1.2195121951219512,0
17,2005,18,0.0,1.3095238095238095,0
17,2005,19,0.0,1.3953488372093024,0
17,2006,1,0.0,1.4090909090909092,0
17,2006,4,0.0,1.4444444444444444,0
17,2006,6,0.0,1.4782608695652173,0
17,2006,9,0.0,1.446808510638298,0
17,2006,14,0.0,1.4166666666666667,0
17,2006,15,0.0,1.3877551020408163,0
17,2006,16,0.0,1.36,0
17,2007,1,0.0,1.3529411764705883,0
17,2007,2,0.0,1.3269230769230769,0
17,2007,6,0.0,1.3018867924528301,0
17,2007,7,0.0,1.2777777777777777,0
17,2007,8,0.0,1.290909090909091,0
17,2007,10,0.0,1.2678571428571428,0
17,2007,11,0.0,1.3508771929824561,0
17,2007,13,0.0,1.3275862068965518,0
17,2007,14,0.0,1.305084745762712,0
17,2007,16,0.0,1.3166666666666667,0
17,2008,2,0.0,1.2950819672131149,0
17,2008,3,0.0,1.3064516129032258,0
17,2008,4,0.0,1.3174603174603174,0
17,2008,5,0.0,1.359375,0
17,2008,6,0.0,1.3692307692307693,0
17,2008,7,0.0,1.4242424242424243,0
17,2008,8,0.0,1.4029850746268657,0
17,2008,9,0.0,1.4264705882352942,0
17,2008,11,0.0,1.4057971014492754,0
17,2008,12,0.0,1.3857142857142857,0
17,2008,13,0.0,1.3661971830985915,0
17,2008,14,0.0,1.3611111111111112,0
17,2008,16,0.0,1.356164383561644,0
17,2008,17,0.0,1.3513513513513513,0
17,2008,18,0.0,1.3333333333333333,0
17,2009,1,0.0,1.3157894736842106,0
17,2009,2,0.0,1.2987012987012987,0
17,2009,3,0.0,1.3012820512820513,0
17,2009,4,0.0,1.3860759493670887,0
17,2009,5,0.0,1.36875,0
17,2009,6,0.0,1.4259259259259258,0
17,2009,7,0.0,1.4573170731707317,0
17,2009,8,0.0,1.536144578313253,0
17,2009,9,0.0,1.6130952380952381,1
17,2009,10,0.011764705882352941,1.7117647058823529,0
17,2009,11,0.011627906976744186,1.7616279069767442,0
17,2009,12,0.011494252873563218,1.7413793103448276,0
17,2009,15,0.011363636363636364,1.7215909090909092,0
17,2009,16,0.011235955056179775,1.702247191011236,1
17,2009,17,0.022222222222222223,1.7944444444444445,0
17,2010,1,0.02197802197802198,1.8626373626373627,0
17,2010,2,0.021739130434782608,1.8858695652173914,0
17,2010,3,0.021505376344086023,1.8870967741935485,0
17,2010,4,0.02127659574468085,2.0585106382978724,0
17,2010,5,0.021052631578947368,2.0789473684210527,1
17,2010,6,0.03125,2.3177083333333335,1
17,2010,7,0.041237113402061855,2.551546391752577,0
17,2010,8,0.04081632653061224,2.6785714285714284,0
17,2010,10,0.04040404040404041,2.7525252525252526,1
17,2010,11,0.05,2.975,0
17,2010,12,0.04950495049504951,3.0247524752475248,1
17,2010,13,0.058823529411764705,3.2401960784313726,0
17,2010,14,0.05825242718446602,3.383495145631068,0
17,2010,15,0.057692307692307696,3.4278846153846154,0
17,2010,16,0.05714285714285714,3.538095238095238,0
17,2010,18,0.05660377358490566,3.6745283018867925,0
17,2010,19,0.056074766355140186,3.808411214953271,0
17,2011,1,0.05555555555555555,3.810185185185185,0
17,2011,2,0.05504587155963303,3.86697247706422,0
17,2011,3,0.05454545454545454,3.940909090909091,0
17,2011,4,0.05405405405405406,4.04054054054054,0
17,2011,5,0.05357142857142857,4.165178571428571,0
17,2011,6,0.05309734513274336,4.234513274336283,0
17,2011,7,0.05263157894736842,4.302631578947368,0
17,2011,8,0.05217391304347826,4.395652173913043,0
17,2011,9,0.05172413793103448,4.487068965517241,0
17,2011,10,0.05128205128205128,4.576923076923077,0
17,2011,11,0.05084745762711865,4.665254237288136,0
17,2011,12,0.05042016806722689,4.7100840336134455,0
17,2011,14,0.05,4.820833333333334,0
17,2011,15,0.049586776859504134,4.904958677685951,0
17,2011,16,0.04918032786885246,4.963114754098361,0
17,2011,17,0.04878048780487805,5.044715447154472,0
17,2011,18,0.04838709677419355,5.100806451612903,0
17,2011,19,0.048,5.156,1
17,2012,1,0.05555555555555555,5.313492063492063,0
17,2012,2,0.05511811023622047,5.366141732283465,0
17,2012,3,0.0546875,5.41796875,0
17,2012,4,0.05426356589147287,5.4689922480620154,0
17,2012,5,0.05384615384615385,5.519230769230769,0
17,2012,6,0.05343511450381679,5.477099236641221,1
17,2012,7,0.06060606060606061,5.625,0
17,2012,8,0.06015037593984962,5.62781954887218,0
17,2012,9,0.05970149253731343,5.675373134328358,1
17,2012,10,0.06666666666666667,5.818518518518519,0
17,2012,11,0.0661764705882353,5.805147058823529,0
17,2012,12,0.06569343065693431,5.791970802919708,0
17,2012,13,0.06521739130434782,5.807971014492754,0
17,2012,14,0.06474820143884892,5.766187050359712,0
17,2012,15,0.06428571428571428,5.725,0
17,2012,16,0.06382978723404255,5.698581560283688,0
17,2012,17,0.06338028169014084,5.785211267605634,0
17,2012,20,0.06293706293706294,5.84965034965035,0
17,2013,1,0.0625,5.892361111111111,0
17,2013,2,0.06206896551724138,5.906896551724138,0
17,2013,4,0.06164383561643835,5.989726027397261,0
17,2013,5,0.061224489795918366,5.989795918367347,0
17,2013,6,0.060810810810810814,6.016891891891892,0
17,2013,7,0.06040268456375839,6.077181208053691,0
17,2013,8,0.06,6.116666666666666,0
17,2013,9,0.059602649006622516,6.195364238410596,0
17,2013,10,0.05921052631578947,6.194078947368421,0
17,2013,11,0.058823529411764705,6.23202614379085,0
17,2013,12,0.05844155844155844,6.2564935064935066,0
17,2013,13,0.05806451612903226,6.312903225806451,0
17,2013,15,0.057692307692307696,6.272435897435898,0
17,2013,17,0.05732484076433121,6.3471337579617835,0
17,2013,18,0.056962025316455694,6.420886075949367,0
17,2013,19,0.05660377358490566,6.4748427672955975,0
18,2000,9,0.0,0.6,0
18,2000,10,0.0,0.5,0
18,2000,11,0.0,0.7142857142857143,0
18,2000,12,0.0,1.0,0
18,2000,13,0.0,0.8888888888888888,0
18,2000,16,0.0,1.0,0
18,2001,2,0.0,1.0909090909090908,0
18,2001,3,0.0,1.0,0
18,2001,4,0.0,0.9230769230769231,0
18,2001,5,0.0,0.8571428571428571,0
18,2001,7,0.0,0.8,0
18,2001,9,0.0,0.75,0
18,2001,10,0.0,0.7058823529411765,0
18,2001,11,0.0,0.6666666666666666,0
18,2001,12,0.0,0.631578947368421,0
18,2001,16,0.0,0.7,0
18,2001,17,0.0,0.6666666666666666,0
18,2002,2,0.0,0.6363636363636364,0
18,2002,3,0.0,0.7391304347826086,0
18,2002,4,0.0,0.8333333333333334,0
18,2002,5,0.0,0.88,0
18,2002,6,0.0,0.8461538461538461,0
18,2002,8,0.0,0.8148148148148148,0
18,2002,9,0.0,0.7857142857142857,0
18,2002,10,0.0,0.8275862068965517,0
18,2002,11,0.0,0.8,0
18,2002,15,0.0,0.8064516129032258,0
18,2002,16,0.0,0.84375,0
18,2002,17,0.0,0.8181818181818182,0
18,2003,1,0.0,0.8235294117647058,0
18,2003,2,0.0,0.8,0
18,2003,4,0.0,0.8333333333333334,0
18,2003,5,0.0,0.8378378378378378,0
18,2003,6,0.0,0.8157894736842105,0
18,2003,9,0.0,0.9230769230769231,0
18,2003,11,0.0,0.95,0
18,2003,12,0.0,0.9512195121951219,0
18,2003,13,0.0,0.9523809523809523,0
18,2003,16,0.0,0.9302325581395349,0
18,2004,1,0.0,1.0227272727272727,0
18,2004,2,0.0,1.0666666666666667,0
18,2004,3,0.0,1.173913043478261,0
18,2004,4,0.0,1.2765957446808511,0
18,2004,5,0.0,1.4166666666666667,0
18,2004,6,0.0,1.4081632653061225,0
18,2004,7,0.0,1.54,0
18,2004,8,0.0,1.6274509803921569,0
18,2004,10,0.0,1.7115384615384615,0
18,2004,11,0.0,1.7547169811320755,0
18,2004,12,0.0,1.8148148148148149,0
18,2004,13,0.0,1.9272727272727272,0
18,2004,15,0.0,1.9642857142857142,0
18,2004,16,0.0,2.0350877192982457,0
18,2004,17,0.0,2.1379310344827585,0
18,2005,7,0.0,2.2033898305084745,0
18,2005,10,0.0,2.1666666666666665,0
18,2005,11,0.0,2.2131147540983607,0
18,2005,12,0.0,2.2419354838709675,0
18,2005,13,0.0,2.3015873015873014,0
18,2005,14,0.0,2.328125,0
18,2005,15,0.0,2.353846153846154,0
18,2005,16,0.0,2.3333333333333335,0
18,2005,17,0.0,2.388059701492537,0
18,2005,18,0.0,2.3823529411764706,0
18,2005,19,0.0,2.4057971014492754,0
18,2006,1,0.0,2.3857142857142857,0
18,2006,2,0.0,2.4225352112676055,0
18,2006,3,0.0,2.4722222222222223,0
18,2006,4,0.0,2.4383561643835616,0
18,2006,6,0.0,2.4324324324324325,0
18,2006,7,0.0,2.44,0
18,2006,9,0.0,2.4078947368421053,0
18,2006,12,0.0,2.3766233766233764,0
18,2006,13,0.0,2.41025641025641,1
18,2006,14,0.012658227848101266,2.5063291139240507,0
18,2006,15,0.0125,2.5375,0
18,2006,16,0.012345679012345678,2.5555555555555554,0
18,2006,17,0.012195121951219513,2.5853658536585367,0
18,2006,18,0.012048192771084338,2.6144578313253013,0
18,2007,1,0.011904761904761904,2.6547619047619047,0
18,2007,2,0.011764705882352941,2.623529411764706,0
18,2007,4,0.011627906976744186,2.5930232558139537,0
18,2007,5,0.011494252873563218,2.5632183908045976,0
18,2007,7,0.011363636363636364,2.534090909090909,0
18,2007,8,0.011235955056179775,2.50561797752809,0
18,2007,9,0.011111111111111112,2.488888888888889,0
18,2007,12,0.01098901098901099,2.4615384615384617,0
18,2007,13,0.010869565217391304,2.4347826086956523,0
18,2007,15,0.010752688172043012,2.4193548387096775,0
18,2007,16,0.010638297872340425,2.393617021276596,0
18,2008,2,0.010526315789473684,2.4105263157894736,0
18,2008,4,0.010416666666666666,2.3854166666666665,0
18,2008,5,0.010309278350515464,2.3917525773195876,0
18,2008,6,0.01020408163265306,2.36734693877551,0
18,2008,7,0.010101010101010102,2.3434343434343434,0
18,2008,10,0.01,2.32,0
18,2008,11,0.009900990099009901,2.297029702970297,0
18,2008,12,0.00980392156862745,2.2745098039215685,0
18,2008,13,0.009708737864077669,2.2524271844660193,0
18,2008,14,0.009615384615384616,2.230769230769231,0
18,2008,15,0.009523809523809525,2.2095238095238097,0
18,2008,16,0.009433962264150943,2.188679245283019,0
18,2008,17,0.009345794392523364,2.1682242990654204,0
18,2008,18,0.009259259259259259,2.1481481481481484,0
18,2009,1,0.009174311926605505,2.128440366972477,1
18,2009,2,0.01818181818181818,2.2,1
18,2009,3,0.02702702702702703,2.225225225225225,0
18,2009,4,0.026785714285714284,2.2589285714285716,1
18,2009,5,0.035398230088495575,2.327433628318584,1
18,2009,6,0.043859649122807015,2.3947368421052633,1
18,2009,7,0.05217391304347826,2.4608695652173913,1
18,2009,8,0.0603448275862069,2.5258620689655173,0
18,2009,9,0.05982905982905983,2.52991452991453,0
18,2009,10,0.059322033898305086,2.542372881355932,0
18,2009,11,0.058823529411764705,2.53781512605042,0
18,2009,13,0.058333333333333334,2.533333333333333,0
18,2009,14,0.05785123966942149,2.5785123966942147,0
18,2009,15,0.05737704918032787,2.5901639344262297,0
18,2009,16,0.056910569105691054,2.5772357723577235,0
18,2009,17,0.056451612903225805,2.588709677419355,0
18,2010,1,0.056,2.616,0
18,2010,2,0.05555555555555555,2.642857142857143,1
18,2010,3,0.06299212598425197,2.8188976377952755,0
18,2010,4,0.0625,2.828125,1
18,2010,5,0.06976744186046512,3.0,0
18,2010,7,0.06923076923076923,3.0538461538461537,0
18,2010,8,0.06870229007633588,3.16793893129771,0
18,2010,9,0.06818181818181818,3.2803030303030303,0
18,2010,10,0.06766917293233082,3.3684210526315788,0
18,2010,11,0.06716417910447761,3.4328358208955225,0
18,2010,12,0.06666666666666667,3.4814814814814814,0
18,2010,14,0.0661764705882353,3.485294117647059,0
18,2010,15,0.06569343065693431,3.591240875912409,0
18,2010,16,0.06521739130434782,3.652173913043478,0
18,2010,17,0.06474820143884892,3.712230215827338,0
18,2010,18,0.06428571428571428,3.6857142857142855,0
18,2010,19,0.06382978723404255,3.730496453900709,0
18,2011,1,0.06338028169014084,3.8098591549295775,0
18,2011,2,0.06293706293706294,3.839160839160839,0
18,2011,3,0.0625,3.9375,0
18,2011,4,0.06206896551724138,3.9931034482758623,0
18,2011,5,0.06164383561643835,4.02054794520548,0
18,2011,6,0.061224489795918366,4.095238095238095,0
18,2011,7,0.060810810810810814,4.168918918918919,1
18,2011,8,0.06711409395973154,4.308724832214765,0
18,2011,11,0.06666666666666667,4.333333333333333,1
18,2011,12,0.0728476821192053,4.470198675496689,0
18,2011,13,0.07236842105263158,4.5394736842105265,0
18,2011,14,0.0718954248366013,4.627450980392157,0
18,2011,15,0.07142857142857142,4.714285714285714,1
18,2011,16,0.07741935483870968,4.84516129032258,0
18,2011,17,0.07692307692307693,4.891025641025641,0
18,2011,18,0.07643312101910828,4.974522292993631,0
18,2011,19,0.0759493670886076,5.037974683544304,0
18,2012,1,0.07547169811320754,5.10062893081761,1
18,2012,2,0.08125,5.225,0
18,2012,3,0.08074534161490683,5.192546583850931,0
18,2012,4,0.08024691358024691,5.271604938271605,0
18,2012,5,0.07975460122699386,5.2392638036809815,0
18,2012,6,0.07926829268292683,5.219512195121951,0
18,2012,7,0.07878787878787878,5.1878787878787875,0
18,2012,8,0.0783132530120482,5.156626506024097,0
18,2012,9,0.07784431137724551,5.149700598802395,0
18,2012,10,0.07738095238095238,5.125,0
18,2012,11,0.07692307692307693,5.201183431952662,0
18,2012,12,0.07647058823529412,5.2176470588235295,1
18,2012,14,0.08187134502923976,5.333333333333333,0
18,2012,15,0.08139534883720931,5.406976744186046,0
18,2012,17,0.08092485549132948,5.445086705202312,0
18,2012,18,0.08045977011494253,5.471264367816092,0
18,2012,19,0.08,5.508571428571429,0
18,2012,20,0.07954545454545454,5.534090909090909,1
18,2013,1,0.0847457627118644,5.6440677966101696,0
18,2013,2,0.08426966292134831,5.623595505617978,0
18,2013,3,0.08379888268156424,5.592178770949721,0
18,2013,4,0.08333333333333333,5.616666666666666,0
18,2013,5,0.08287292817679558,5.5911602209944755,0
18,2013,6,0.08241758241758242,5.582417582417582,0
18,2013,7,0.08196721311475409,5.595628415300546,0
18,2013,8,0.08152173913043478,5.565217391304348,0
18,2013,9,0.08108108108108109,5.535135135135135,0
18,2013,10,0.08064516129032258,5.548387096774194,0
18,2013,11,0.08021390374331551,5.550802139037433,0
18,2013,12,0.0797872340425532,5.5638297872340425,0
18,2013,13,0.07936507936507936,5.5396825396825395,0
18,2013,14,0.07894736842105263,5.542105263157895,0
18,2013,15,0.07853403141361257,5.534031413612565,0
18,2013,16,0.078125,5.515625,0
18,2013,17,0.07772020725388601,5.487046632124352,0
18,2013,18,0.07731958762886598,5.458762886597938,0
18,2013,19,0.07692307692307693,5.435897435897436,0
18,2014,1,0.07653061224489796,5.469387755102041,0
18,2014,2,0.07614213197969544,5.517766497461929,0
18,2014,3,0.07575757575757576,5.53030303030303,0
18,2014,4,0.07537688442211055,5.50251256281407,0
18,2014,5,0.075,5.475,0
18,2014,6,0.07462686567164178,5.447761194029851,0
18,2014,7,0.07425742574257425,5.46039603960396,0
18,2014,8,0.07389162561576355,5.4926108374384235,0
18,2014,9,0.07352941176470588,5.465686274509804,0
18,2014,10,0.07317073170731707,5.4975609756097565,0
18,2014,11,0.07281553398058252,5.490291262135922,0
18,2014,12,0.07246376811594203,5.468599033816425,0
18,2014,13,0.07211538461538461,5.480769230769231,0
18,2014,15,0.07177033492822966,5.473684210526316,0
18,2014,16,0.07142857142857142,5.495238095238095,0
18,2014,17,0.07109004739336493,5.5260663507109005,0
18,2014,18,0.07075471698113207,5.5,0
18,2014,19,0.07042253521126761,5.530516431924883,0
18,2015,1,0.07009345794392523,5.598130841121495,0
18,2015,3,0.06976744186046512,5.572093023255814,0
18,2015,5,0.06944444444444445,5.546296296296297,0
18,2015,6,0.06912442396313365,5.52073732718894,0
18,2015,10,0.06880733944954129,5.513761467889908,0
18,2015,11,0.0684931506849315,5.497716894977169,0
18,2015,12,0.06818181818181818,5.472727272727273,0
18,2015,14,0.06787330316742081,5.447963800904978,0
18,2015,15,0.06756756756756757,5.423423423423423,0
18,2015,16,0.06726457399103139,5.408071748878924,0
18,2015,17,0.06696428571428571,5.419642857142857,0
18,2015,18,0.06666666666666667,5.395555555555555,0
18,2015,19,0.06637168141592921,5.371681415929204,0
18,2016,1,0.06607929515418502,5.348017621145375,0
18,2016,3,0.06578947368421052,5.324561403508772,0
18,2016,4,0.06550218340611354,5.301310043668122,0
18,2016,5,0.06521739130434782,5.282608695652174,0
18,2016,6,0.06493506493506493,5.268398268398268,0
18,2016,8,0.06465517241379311,5.254310344827586,0
18,2016,9,0.06437768240343347,5.23175965665236,0
18,2016,10,0.0641025641025641,5.243589743589744,0
18,2016,12,0.06382978723404255,5.221276595744681,0
18,2016,14,0.0635593220338983,5.216101694915254,0
18,2016,16,0.06329113924050633,5.194092827004219,0
18,2016,17,0.06302521008403361,5.180672268907563,0
18,2016,18,0.06276150627615062,5.158995815899582,0
18,2016,19,0.0625,5.145833333333333,0
18,2016,20,0.06224066390041494,5.124481327800829,0
19,2007,6,0.0,0.0,0
19,2007,7,0.0,0.0,0
19,2007,10,0.0,0.0,0
19,2007,12,0.0,0.0,0
19,2007,13,0.0,0.0,0
19,2007,14,0.0,0.0,0
19,2007,17,0.0,0.0,0
19,2008,2,0.0,0.0,0
19,2008,3,0.0,0.0,0
20,2008,5,0.0,1.2,0
20,2008,6,0.0,1.0,0
20,2008,7,0.0,1.4285714285714286,0
20,2008,8,0.0,1.375,0
20,2008,10,0.0,1.2222222222222223,0
20,2008,12,0.0,1.2,0
20,2008,13,0.0,1.3636363636363635,0
20,2008,14,0.0,1.5833333333333333,1
20,2008,15,0.07692307692307693,2.230769230769231,0
20,2008,16,0.07142857142857142,2.357142857142857,0
20,2008,17,0.06666666666666667,2.4,0
20,2008,18,0.0625,2.25,0
20,2009,1,0.058823529411764705,2.411764705882353,0
20,2009,2,0.05555555555555555,2.2777777777777777,0
20,2009,3,0.05263157894736842,2.1578947368421053,1
20,2009,4,0.1,2.55,0
20,2009,5,0.09523809523809523,2.8095238095238093,0
20,2009,7,0.09090909090909091,2.909090909090909,0
20,2009,8,0.08695652173913043,3.0434782608695654,1
20,2009,9,0.125,3.3333333333333335,0
20,2009,12,0.12,3.52,0
20,2009,13,0.11538461538461539,3.6153846153846154,0
20,2009,14,0.1111111111111111,3.5185185185185186,0
20,2009,15,0.10714285714285714,3.5714285714285716,1
20,2009,16,0.13793103448275862,3.793103448275862,0
20,2009,17,0.13333333333333333,3.8333333333333335,1
20,2010,1,0.16129032258064516,4.032258064516129,0
20,2010,3,0.15625,4.28125,1
20,2010,4,0.18181818181818182,4.909090909090909,0
20,2010,5,0.17647058823529413,5.0,0
20,2010,6,0.17142857142857143,5.285714285714286,0
20,2010,8,0.16666666666666666,5.638888888888889,0
20,2010,9,0.16216216216216217,5.8108108108108105,1
20,2010,10,0.18421052631578946,6.315789473684211,0
20,2010,11,0.1794871794871795,6.3076923076923075,0
20,2010,12,0.175,6.525,0
20,2010,13,0.17073170731707318,6.7317073170731705,0
20,2010,14,0.16666666666666666,6.571428571428571,0
20,2010,15,0.16279069767441862,6.6976744186046515,0
20,2010,16,0.1590909090909091,6.954545454545454,1
20,2010,18,0.17777777777777778,7.355555555555555,1
20,2010,19,0.1956521739130435,7.739130434782608,1
20,2011,1,0.2127659574468085,8.106382978723405,1
20,2011,2,0.22916666666666666,8.458333333333334,1
20,2011,3,0.24489795918367346,8.795918367346939,0
20,2011,4,0.24,8.98,1
20,2011,5,0.2549019607843137,9.294117647058824,1
20,2011,6,0.2692307692307692,9.596153846153847,1
20,2011,7,0.2830188679245283,9.88679245283019,0
20,2011,8,0.2777777777777778,10.037037037037036,1
20,2011,9,0.2909090909090909,10.309090909090909,0
20,2011,10,0.2857142857142857,10.446428571428571,0
20,2011,11,0.2807017543859649,10.473684210526315,0
20,2011,12,0.27586206896551724,10.60344827586207,1
20,2011,13,0.288135593220339,10.847457627118644,1
20,2011,14,0.3,11.083333333333334,1
20,2011,15,0.3114754098360656,11.311475409836065,0
20,2011,16,0.3064516129032258,11.370967741935484,1
20,2011,17,0.31746031746031744,11.587301587301587,1
20,2011,19,0.328125,11.796875,0
20,2012,1,0.3230769230769231,11.892307692307693,0
20,2012,2,0.3181818181818182,11.984848484848484,0
20,2012,3,0.31343283582089554,11.805970149253731,0
20,2012,4,0.3088235294117647,11.779411764705882,1
20,2012,5,0.3188405797101449,11.971014492753623,0
20,2012,6,0.3142857142857143,11.914285714285715,0
20,2012,7,0.30985915492957744,11.915492957746478,0
20,2012,9,0.3055555555555556,11.916666666666666,0
20,2012,10,0.3013698630136986,11.95890410958904,0
20,2012,11,0.2972972972972973,11.932432432432432,0
20,2012,12,0.29333333333333333,11.933333333333334,0
20,2012,13,0.2894736842105263,12.013157894736842,0
20,2012,14,0.2857142857142857,11.857142857142858,1
20,2012,15,0.2948717948717949,12.025641025641026,1
20,2012,16,0.3037974683544304,12.189873417721518,1
20,2012,17,0.3125,12.35,1
20,2012,18,0.32098765432098764,12.506172839506172,0
20,2012,19,0.3170731707317073,12.536585365853659,0
20,2012,20,0.3132530120481928,12.602409638554217,0
20,2013,1,0.30952380952380953,12.547619047619047,0
20,2013,2,0.3058823529411765,12.576470588235294,1
20,2013,3,0.313953488372093,12.720930232558139,0
20,2013,4,0.3103448275862069,12.71264367816092,1
20,2013,5,0.3181818181818182,12.852272727272727,0
20,2013,6,0.3146067415730337,12.842696629213483,0
20,2013,7,0.3111111111111111,12.9,1
20,2013,9,0.31868131868131866,13.032967032967033,1
20,2013,10,0.32608695652173914,13.16304347826087,0
20,2013,11,0.3225806451612903,13.182795698924732,1
20,2013,12,0.32978723404255317,13.308510638297872,1
20,2013,13,0.3368421052631579,13.43157894736842,1
20,2013,14,0.34375,13.552083333333334,1
20,2013,15,0.35051546391752575,13.670103092783505,1
20,2013,16,0.35714285714285715,13.785714285714286,1
20,2013,17,0.36363636363636365,13.8989898989899,1
20,2013,18,0.37,14.01,1
20,2013,19,0.37623762376237624,14.118811881188119,1
20,2014,2,0.38235294117647056,14.22549019607843,0
20,2014,3,0.3786407766990291,14.233009708737864,0
20,2014,4,0.375,14.173076923076923,0
20,2014,5,0.37142857142857144,14.133333333333333,0
20,2014,7,0.36792452830188677,14.11320754716981,0
20,2014,9,0.3644859813084112,14.121495327102803,0
20,2014,10,0.3611111111111111,14.083333333333334,0
20,2014,11,0.3577981651376147,14.064220183486238,0
20,2014,12,0.35454545454545455,13.99090909090909,0
20,2014,13,0.35135135135135137,13.954954954954955,0
20,2014,14,0.3482142857142857,13.901785714285714,0
20,2014,15,0.34513274336283184,13.938053097345133,0
20,2014,16,0.34210526315789475,13.947368421052632,0
20,2014,17,0.3391304347826087,13.860869565217392,0
20,2014,18,0.33620689655172414,13.793103448275861,0
20,2014,19,0.3333333333333333,13.760683760683762,0
20,2015,1,0.3305084745762712,13.711864406779661,0
20,2015,2,0.3277310924369748,13.722689075630251,1
20,2015,3,0.3333333333333333,13.816666666666666,0
20,2015,4,0.3305785123966942,13.826446280991735,0
20,2015,5,0.32786885245901637,13.795081967213115,0
20,2015,6,0.3252032520325203,13.804878048780488,0
20,2015,7,0.3225806451612903,13.838709677419354,0
20,2015,8,0.32,13.808,0
20,2015,9,0.31746031746031744,13.793650793650794,0
20,2015,10,0.31496062992125984,13.803149606299213,1
20,2015,11,0.3203125,13.890625,0
20,2015,12,0.3178294573643411,13.782945736434108,0
20,2015,13,0.3153846153846154,13.815384615384616,1
20,2015,14,0.32061068702290074,13.900763358778626,0
20,2015,15,0.3181818181818182,13.909090909090908,0
20,2015,16,0.3157894736842105,13.93984962406015,0
20,2015,18,0.31343283582089554,13.947761194029852,0
20,2015,19,0.3111111111111111,13.955555555555556,0
20,2016,1,0.3088235294117647,13.941176470588236,0
20,2016,3,0.30656934306569344,13.94890510948905,0
20,2016,5,0.30434782608695654,13.978260869565217,0
20,2016,6,0.302158273381295,13.985611510791367,0
20,2016,7,0.3,13.971428571428572,0
20,2016,8,0.2978723404255319,14.0,0
20,2016,10,0.29577464788732394,14.028169014084508,0
20,2016,11,0.2937062937062937,13.944055944055943,0
20,2016,12,0.2916666666666667,13.930555555555555,0
20,2016,13,0.2896551724137931,13.903448275862068,0
20,2016,14,0.2876712328767123,13.863013698630137,0
20,2016,15,0.2857142857142857,13.870748299319727,0
20,2016,17,0.28378378378378377,13.844594594594595,0
20,2016,18,0.28187919463087246,13.832214765100671,0
20,2016,19,0.28,13.82,0
20,2016,20,0.2781456953642384,13.794701986754967,0
20,2016,21,0.27631578947368424,13.769736842105264,0
20,2017,1,0.27450980392156865,13.777777777777779,1
20,2017,2,0.2792207792207792,13.85064935064935,0
20,2017,3,0.27741935483870966,13.87741935483871,1
20,2017,4,0.28205128205128205,13.948717948717949,0
20,2017,5,0.2802547770700637,13.97452229299363,0
20,2017,6,0.27848101265822783,14.0,1
20,2017,7,0.2830188679245283,14.069182389937106,0
20,2017,8,0.28125,14.05625,0
20,2017,9,0.2795031055900621,14.043478260869565,0
20,2017,10,0.2777777777777778,14.067901234567902,0
20,2017,11,0.27607361963190186,14.01840490797546,1
20,2017,12,0.2804878048780488,14.085365853658537,0
20,2017,13,0.2787878787878788,14.10909090909091,0
20,2017,15,0.27710843373493976,14.114457831325302,0
20,2017,17,0.2754491017964072,14.10179640718563,0
20,2017,18,0.27380952380952384,14.125,0
20,2017,19,0.27218934911242604,14.112426035502958,1
20,2017,20,0.27647058823529413,14.176470588235293,0
20,2018,1,0.27485380116959063,14.181286549707602,1
20,2018,2,0.27906976744186046,14.244186046511627,1
20,2018,3,0.2832369942196532,14.306358381502891,0
20,2018,4,0.28160919540229884,14.24712643678161,0
20,2018,5,0.28,14.234285714285715,0
20,2018,6,0.2784090909090909,14.221590909090908,0
20,2018,7,0.2768361581920904,14.242937853107344,1
20,2018,8,0.2808988764044944,14.303370786516854,0
20,2018,9,0.27932960893854747,14.279329608938548,0
20,2018,10,0.2777777777777778,14.283333333333333,1
20,2018,12,0.281767955801105,14.342541436464089,0
20,2018,13,0.2802197802197802,14.362637362637363,1
20,2018,14,0.28415300546448086,14.420765027322405,0
20,2018,15,0.2826086956521739,14.407608695652174,0
20,2018,16,0.2810810810810811,14.41081081081081,0
20,2018,17,0.27956989247311825,14.413978494623656,0
20,2018,18,0.27807486631016043,14.379679144385026,0
20,2018,19,0.2765957446808511,14.367021276595745,0
20,2018,20,0.2751322751322751,14.386243386243386,0
20,2018,21,0.2736842105263158,14.352631578947369,0
20,2019,1,0.27225130890052357,14.3717277486911,0
20,2019,2,0.2708333333333333,14.359375,0
20,2019,3,0.2694300518134715,14.336787564766839,0
20,2019,4,0.26804123711340205,14.34020618556701,0
20,2019,5,0.26666666666666666,14.343589743589744,0
20,2019,6,0.2653061224489796,14.331632653061224,0
20,2019,7,0.2639593908629442,14.350253807106599,0
20,2019,8,0.26262626262626265,14.368686868686869,0
20,2019,9,0.2613065326633166,14.35175879396985,0
20,2019,10,0.26,14.34,0
20,2019,11,0.25870646766169153,14.26865671641791,0
20,2019,12,0.25742574257425743,14.287128712871286,0
20,2019,13,0.2561576354679803,14.29064039408867,0
20,2019,14,0.2549019607843137,14.284313725490197,0
20,2019,15,0.25365853658536586,14.214634146341464,1
20,2019,17,0.25728155339805825,14.266990291262136,0
20,2019,18,0.2560386473429952,14.285024154589372,0
20,2019,20,0.2548076923076923,14.302884615384615,0
20,2019,21,0.2535885167464115,14.23444976076555,0
20,2020,1,0.2523809523809524,14.214285714285714,0
20,2020,3,0.25118483412322273,14.151658767772512,0
20,2020,4,0.25,14.122641509433961,0
20,2020,5,0.24882629107981222,14.061032863849766,0
20,2020,6,0.24766355140186916,13.995327102803738,0
20,2020,7,0.24651162790697675,13.95813953488372,0
20,2020,9,0.24537037037037038,13.893518518518519,0
20,2020,10,0.24423963133640553,13.834101382488479,0
20,2020,11,0.24311926605504589,13.770642201834862,0
20,2020,12,0.2420091324200913,13.707762557077626,0
20,2020,13,0.2409090909090909,13.65,0
20,2020,14,0.2398190045248869,13.588235294117647,0
20,2020,15,0.23873873873873874,13.594594594594595,0
20,2020,16,0.23766816143497757,13.533632286995516,0
20,2020,17,0.23660714285714285,13.473214285714286,0
20,2021,1,0.23555555555555555,13.413333333333334,0
20,2021,2,0.2345132743362832,13.353982300884956,0
20,2021,3,0.23348017621145375,13.295154185022026,0
20,2021,4,0.2324561403508772,13.236842105263158,0
20,2021,5,0.2314410480349345,13.179039301310043,0
20,2021,6,0.23043478260869565,13.165217391304347,0
20,2021,7,0.22943722943722944,13.186147186147187,0
20,2021,8,0.22844827586206898,13.137931034482758,0
20,2021,9,0.22746781115879827,13.081545064377682,0
20,2021,12,0.2264957264957265,13.025641025641026,0
20,2021,13,0.225531914893617,12.991489361702127,0
20,2021,14,0.2245762711864407,12.936440677966102,0
20,2021,15,0.22362869198312235,12.881856540084389,0
20,2021,16,0.22268907563025211,12.827731092436975,0
20,2021,17,0.2217573221757322,12.774058577405858,0
20,2021,18,0.22083333333333333,12.725,0
20,2021,19,0.21991701244813278,12.697095435684647,0
20,2021,20,0.2190082644628099,12.644628099173554,0
20,2021,22,0.21810699588477367,12.59670781893004,0
20,2022,4,0.21721311475409835,12.545081967213115,0
20,2022,5,0.2163265306122449,12.510204081632653,0
20,2022,6,0.21544715447154472,12.459349593495935,0
20,2022,7,0.2145748987854251,12.408906882591094,0
20,2022,8,0.21370967741935484,12.362903225806452,0
20,2022,9,0.21285140562248997,12.345381526104418,0
20,2022,10,0.212,12.296,0
20,2022,11,0.21115537848605578,12.254980079681275,0
20,2022,12,0.21031746031746032,12.206349206349206,0
20,2022,13,0.20948616600790515,12.15810276679842,0
20,2022,14,0.20866141732283464,12.114173228346457,0
20,2022,15,0.20784313725490197,12.08235294117647,0
20,2022,17,0.20703125,12.03515625,0
20,2022,18,0.20622568093385213,12.003891050583658,0
20,2022,19,0.2054263565891473,11.988372093023257,0
20,2022,20,0.20463320463320464,11.957528957528957,0
20,2022,21,0.20384615384615384,11.911538461538461,0
20,2022,22,0.20306513409961685,11.865900383141762,0
21,1997,5,0.0,0.6,0
21,1997,6,0.0,0.6666666666666666,0
21,1997,7,0.0,0.5714285714285714,0
21,1997,8,0.0,1.0,0
21,1997,9,0.0,0.8888888888888888,0
21,1997,10,0.0,0.8,0
21,1997,12,0.0,0.7272727272727273,0
21,1997,13,0.0,1.1666666666666667,0
21,1997,14,0.0,1.3076923076923077,0
21,1997,16,0.0,1.4285714285714286,0
21,1997,17,0.0,1.3333333333333333,0
21,1998,2,0.0,1.25,0
21,1998,3,0.0,1.2352941176470589,0
21,1998,6,0.0,1.1666666666666667,0
21,1998,7,0.0,1.4210526315789473,0
21,1998,8,0.0,1.65,0
21,1998,9,0.0,1.5714285714285714,0
21,1998,11,0.0,1.5909090909090908,0
21,1998,12,0.0,1.5217391304347827,0
21,1998,14,0.0,1.4583333333333333,0
21,1998,15,0.0,1.4,0
21,1998,16,0.0,1.3846153846153846,0
21,1999,1,0.0,1.3333333333333333,0
21,1999,3,0.0,1.3928571428571428,0
21,1999,4,0.0,1.4137931034482758,0
21,1999,5,0.0,1.4333333333333333,0
21,1999,6,0.0,1.3870967741935485,0
21,1999,8,0.0,1.53125,0
21,1999,9,0.0,1.4848484848484849,0
21,1999,12,0.0,1.4411764705882353,0
21,1999,15,0.0,1.4,0
21,1999,16,0.0,1.3611111111111112,0
21,2000,1,0.0,1.3243243243243243,0
21,2000,2,0.0,1.3421052631578947,0
21,2000,3,0.0,1.4615384615384615,0
21,2000,4,0.0,1.425,0
21,2000,5,0.0,1.3902439024390243,0
21,2000,6,0.0,1.3571428571428572,0
21,2000,7,0.0,1.372093023255814,0
21,2000,8,0.0,1.4318181818181819,0
21,2000,9,0.0,1.488888888888889,0
21,2000,14,0.0,1.4565217391304348,0
21,2000,16,0.0,1.425531914893617,0
21,2000,17,0.0,1.3958333333333333,0
21,2001,1,0.0,1.3673469387755102,0
21,2001,3,0.0,1.34,0
21,2001,5,0.0,1.3333333333333333,0
21,2001,9,0.0,1.3076923076923077,0
21,2001,10,0.0,1.2830188679245282,0
21,2001,11,0.0,1.2592592592592593,0
21,2001,12,0.0,1.2363636363636363,0
21,2001,14,0.0,1.2678571428571428,0
21,2001,15,0.0,1.3157894736842106,0
21,2001,16,0.0,1.293103448275862,0
21,2001,17,0.0,1.271186440677966,0
21,2002,2,0.0,1.25,0
21,2002,6,0.0,1.2295081967213115,0
21,2002,7,0.0,1.2419354838709677,0
21,2002,8,0.0,1.253968253968254,0
21,2002,10,0.0,1.265625,0
21,2002,13,0.0,1.2461538461538462,0
21,2002,15,0.0,1.2424242424242424,0
21,2002,16,0.0,1.2238805970149254,0
21,2003,3,0.0,1.2058823529411764,1
21,2003,4,0.014492753623188406,1.3333333333333333,0
21,2003,7,0.014285714285714285,1.3142857142857143,0
21,2003,9,0.014084507042253521,1.295774647887324,0
21,2003,12,0.013888888888888888,1.2777777777777777,0
21,2003,14,0.0136986301369863,1.2602739726027397,0
21,2003,15,0.013513513513513514,1.2432432432432432,0
21,2004,1,0.013333333333333334,1.2533333333333334,0
21,2004,2,0.013157894736842105,1.236842105263158,0
21,2004,3,0.012987012987012988,1.2207792207792207,0
21,2004,4,0.01282051282051282,1.205128205128205,0
21,2004,5,0.012658227848101266,1.1898734177215189,0
21,2004,7,0.0125,1.2,0
21,2004,8,0.012345679012345678,1.2222222222222223,0
21,2004,9,0.012195121951219513,1.2682926829268293,0
21,2004,10,0.012048192771084338,1.2530120481927711,0
21,2004,11,0.011904761904761904,1.2380952380952381,0
21,2004,12,0.011764705882352941,1.2588235294117647,0
21,2004,13,0.011627906976744186,1.244186046511628,0
21,2004,14,0.011494252873563218,1.2413793103448276,0
21,2004,15,0.011363636363636364,1.2727272727272727,0
21,2004,16,0.011235955056179775,1.2696629213483146,0
21,2004,17,0.011111111111111112,1.2777777777777777,0
21,2004,18,0.01098901098901099,1.2747252747252746,0
21,2005,1,0.010869565217391304,1.2608695652173914,1
21,2005,5,0.021505376344086023,1.3548387096774193,0
21,2005,6,0.02127659574468085,1.3829787234042554,0
21,2005,7,0.021052631578947368,1.368421052631579,0
21,2005,10,0.020833333333333332,1.3854166666666667,0
21,2005,11,0.020618556701030927,1.402061855670103,0
21,2005,12,0.02040816326530612,1.4387755102040816,0
21,2005,13,0.020202020202020204,1.4747474747474747,0
21,2005,14,0.02,1.46,0
21,2005,15,0.019801980198019802,1.495049504950495,0
21,2005,17,0.0196078431372549,1.5392156862745099,0
21,2005,18,0.019417475728155338,1.5631067961165048,0
21,2005,19,0.019230769230769232,1.625,0
21,2006,2,0.01904761904761905,1.6571428571428573,1
21,2006,3,0.02830188679245283,1.7358490566037736,0
21,2006,4,0.028037383177570093,1.7570093457943925,0
21,2006,5,0.027777777777777776,1.75,0
21,2006,6,0.027522935779816515,1.761467889908257,0
21,2006,7,0.02727272727272727,1.8,0
21,2006,8,0.02702702702702703,1.8108108108108107,0
21,2006,9,0.026785714285714284,1.8392857142857142,0
21,2006,10,0.02654867256637168,1.8672566371681416,0
21,2006,11,0.02631578947368421,1.9035087719298245,0
21,2006,12,0.02608695652173913,1.9130434782608696,0
21,2006,14,0.02586206896551724,1.9224137931034482,0
21,2006,15,0.02564102564102564,1.9316239316239316,0
21,2006,16,0.025423728813559324,1.9576271186440677,0
21,2006,17,0.025210084033613446,1.9915966386554622,0
21,2006,18,0.025,2.025,0
21,2007,1,0.024793388429752067,2.0330578512396693,0
21,2007,2,0.02459016393442623,2.0491803278688523,0
21,2007,3,0.024390243902439025,2.0569105691056913,0
21,2007,4,0.024193548387096774,2.0483870967741935,0
21,2007,5,0.024,2.032,0
21,2007,7,0.023809523809523808,2.0555555555555554,0
21,2007,8,0.023622047244094488,2.0393700787401574,0
21,2007,9,0.0234375,2.046875,0
21,2007,10,0.023255813953488372,2.0387596899224807,0
21,2007,11,0.023076923076923078,2.023076923076923,0
21,2007,12,0.022900763358778626,2.0076335877862594,0
21,2007,13,0.022727272727272728,1.9924242424242424,0
21,2007,15,0.022556390977443608,1.9774436090225564,0
21,2007,16,0.022388059701492536,1.992537313432836,0
21,2008,2,0.022222222222222223,1.9777777777777779,0
21,2008,3,0.022058823529411766,1.963235294117647,0
21,2008,4,0.021897810218978103,1.948905109489051,0
21,2008,8,0.021739130434782608,1.934782608695652,0
21,2008,10,0.02158273381294964,1.920863309352518,0
21,2008,11,0.02142857142857143,1.9071428571428573,0
21,2008,12,0.02127659574468085,1.8936170212765957,0
21,2008,13,0.02112676056338028,1.880281690140845,0
21,2008,15,0.02097902097902098,1.867132867132867,0
21,2008,17,0.020833333333333332,1.8541666666666667,0
21,2008,18,0.020689655172413793,1.8413793103448275,0
21,2009,1,0.02054794520547945,1.8287671232876712,0
21,2009,2,0.02040816326530612,1.816326530612245,0
21,2009,3,0.02027027027027027,1.804054054054054,0
21,2009,4,0.020134228187919462,1.7919463087248322,0
21,2009,5,0.02,1.78,0
21,2009,6,0.019867549668874173,1.7682119205298013,0
21,2009,8,0.019736842105263157,1.756578947368421,0
21,2009,9,0.0196078431372549,1.7450980392156863,0
21,2009,10,0.01948051948051948,1.7337662337662338,0
21,2009,11,0.01935483870967742,1.7225806451612904,0
21,2009,12,0.019230769230769232,1.7115384615384615,0
21,2009,13,0.01910828025477707,1.7515923566878981,0
21,2009,14,0.0189873417721519,1.740506329113924,0
21,2009,15,0.018867924528301886,1.729559748427673,0
21,2009,16,0.01875,1.71875,0
21,2009,17,0.018633540372670808,1.7080745341614907,0
22,1993,14,0.0,0.0,0
22,1993,15,0.0,0.0,0
22,1993,16,0.0,0.2857142857142857,0
22,1994,1,0.0,0.25,0
22,1994,2,0.0,0.5555555555555556,0
22,1994,6,0.0,0.9,0
22,1994,8,0.0,0.8181818181818182,0
22,1994,12,0.0,1.0,0
22,1994,13,0.0,1.1538461538461537,0
22,1994,14,0.0,1.2857142857142858,0
22,1994,16,0.0,1.2,0
22,1995,4,0.0,1.3125,0
22,1995,6,0.0,1.2352941176470589,0
22,1995,7,0.0,1.5,0
22,1995,8,0.0,1.4736842105263157,0
22,1995,10,0.0,1.4,0
22,1995,11,0.0,1.3333333333333333,0
22,1995,13,0.0,1.3181818181818181,0
22,1995,14,0.0,1.2608695652173914,0
22,1996,3,0.0,1.3333333333333333,0
22,1996,4,0.0,1.4,0
22,1996,5,0.0,1.4230769230769231,0
22,1996,9,0.0,1.4444444444444444,0
22,1996,10,0.0,1.3928571428571428,0
22,1996,11,0.0,1.4482758620689655,0
22,1996,12,0.0,1.4333333333333333,0
22,1996,14,0.0,1.4193548387096775,0
22,1996,16,0.0,1.4375,0
22,1997,5,0.0,1.393939393939394,0
22,1997,13,0.0,1.5294117647058822,0
22,1997,14,0.0,1.4857142857142858,0
22,1998,3,0.0,1.4444444444444444,0
22,1998,5,0.0,1.4054054054054055,0
22,1998,7,0.0,1.4210526315789473,0
22,1998,8,0.0,1.435897435897436,0
22,1998,14,0.0,1.4,0
22,1998,15,0.0,1.3658536585365855,0
22,1999,1,0.0,1.3333333333333333,0
22,1999,3,0.0,1.3488372093023255,0
22,1999,4,0.0,1.4090909090909092,0
22,1999,7,0.0,1.3777777777777778,0
22,1999,8,0.0,1.434782608695652,0
22,1999,11,0.0,1.4042553191489362,0
22,1999,12,0.0,1.4166666666666667,0
22,1999,13,0.0,1.3877551020408163,0
22,1999,14,0.0,1.42,0
22,1999,15,0.0,1.4705882352941178,0
22,1999,16,0.0,1.4807692307692308,0
22,2000,1,0.0,1.4528301886792452,0
22,2000,3,0.0,1.537037037037037,0
22,2000,5,0.0,1.5636363636363637,0
22,2000,6,0.0,1.6071428571428572,0
22,2000,7,0.0,1.631578947368421,0
22,2000,8,0.0,1.706896551724138,0
22,2000,9,0.0,1.7796610169491525,0
22,2000,10,0.0,1.8166666666666667,0
22,2000,11,0.0,1.8524590163934427,1
22,2000,12,0.016129032258064516,1.9838709677419355,0
22,2000,15,0.015873015873015872,2.0,0
22,2000,16,0.015625,2.0625,0
22,2000,17,0.015384615384615385,2.076923076923077,0
22,2001,1,0.015151515151515152,2.106060606060606,0
22,2001,2,0.014925373134328358,2.1343283582089554,0
22,2001,4,0.014705882352941176,2.1911764705882355,0
22,2001,6,0.014492753623188406,2.217391304347826,0
22,2001,7,0.014285714285714285,2.242857142857143,0
22,2001,9,0.014084507042253521,2.295774647887324,0
22,2001,10,0.013888888888888888,2.2916666666666665,0
22,2001,11,0.0136986301369863,2.315068493150685,0
22,2001,12,0.013513513513513514,2.3378378378378377,0
22,2001,13,0.013333333333333334,2.3866666666666667,0
22,2001,14,0.013157894736842105,2.4342105263157894,0
22,2001,15,0.012987012987012988,2.4285714285714284,0
22,2001,16,0.01282051282051282,2.4743589743589745,0
22,2001,17,0.012658227848101266,2.4430379746835444,0
22,2002,4,0.0125,2.4375,0
22,2002,6,0.012345679012345678,2.4814814814814814,0
22,2002,7,0.012195121951219513,2.524390243902439,0
22,2002,8,0.012048192771084338,2.4939759036144578,0
22,2002,9,0.011904761904761904,2.511904761904762,1
22,2002,10,0.023529411764705882,2.6,0
22,2002,12,0.023255813953488372,2.63953488372093,0
22,2002,13,0.022988505747126436,2.6436781609195403,1
22,2002,14,0.03409090909090909,2.727272727272727,0
22,2002,15,0.033707865168539325,2.764044943820225,1
22,2002,16,0.044444444444444446,2.8444444444444446,1
22,2002,17,0.054945054945054944,2.923076923076923,0
22,2003,2,0.05434782608695652,2.9565217391304346,0
22,2003,4,0.053763440860215055,3.010752688172043,0
22,2003,5,0.05319148936170213,3.0425531914893615,0
22,2003,6,0.05263157894736842,3.0736842105263156,0
22,2003,7,0.052083333333333336,3.1041666666666665,0
22,2003,8,0.05154639175257732,3.082474226804124,0
22,2003,9,0.05102040816326531,3.0918367346938775,0
22,2003,10,0.050505050505050504,3.121212121212121,0
22,2003,11,0.05,3.11,1
22,2003,14,0.0594059405940594,3.1782178217821784,0
22,2003,16,0.058823529411764705,3.2058823529411766,1
22,2004,1,0.06796116504854369,3.2718446601941746,0
22,2004,2,0.0673076923076923,3.3173076923076925,0
22,2004,3,0.06666666666666667,3.3333333333333335,0
22,2004,4,0.0660377358490566,3.3773584905660377,0
22,2004,5,0.06542056074766354,3.3738317757009346,0
22,2004,6,0.06481481481481481,3.4166666666666665,0
22,2004,7,0.06422018348623854,3.4403669724770642,0
22,2004,8,0.06363636363636363,3.481818181818182,0
22,2004,9,0.06306306306306306,3.5225225225225225,0
22,2004,10,0.0625,3.5625,0
22,2004,11,0.061946902654867256,3.584070796460177,0
22,2004,12,0.06140350877192982,3.6052631578947367,0
22,2004,13,0.06086956521739131,3.5739130434782607,0
22,2004,14,0.0603448275862069,3.6120689655172415,0
22,2004,15,0.05982905982905983,3.6324786324786325,1
22,2004,16,0.06779661016949153,3.6864406779661016,1
22,2004,18,0.07563025210084033,3.7394957983193278,0
22,2005,1,0.075,3.7583333333333333,0
22,2005,3,0.0743801652892562,3.793388429752066,0
22,2005,5,0.07377049180327869,3.762295081967213,0
22,2005,6,0.07317073170731707,3.731707317073171,0
22,2005,7,0.07258064516129033,3.7096774193548385,0
22,2005,8,0.072,3.728,0
22,2005,9,0.07142857142857142,3.746031746031746,0
22,2005,10,0.07086614173228346,3.779527559055118,0
22,2005,11,0.0703125,3.75,0
22,2005,12,0.06976744186046512,3.7364341085271318,0
22,2005,13,0.06923076923076923,3.707692307692308,0
22,2005,14,0.06870229007633588,3.6793893129770994,0
22,2005,15,0.06818181818181818,3.6515151515151514,0
22,2005,16,0.06766917293233082,3.6240601503759398,0
22,2005,17,0.06716417910447761,3.626865671641791,0
22,2005,18,0.06666666666666667,3.6222222222222222,0
22,2005,19,0.0661764705882353,3.5955882352941178,0
22,2006,1,0.06569343065693431,3.5693430656934306,0
22,2006,2,0.06521739130434782,3.5434782608695654,0
22,2006,3,0.06474820143884892,3.5179856115107913,0
22,2006,4,0.06428571428571428,3.507142857142857,0
22,2006,5,0.06382978723404255,3.482269503546099,0
22,2006,6,0.06338028169014084,3.4859154929577465,0
22,2006,7,0.06293706293706294,3.4755244755244754,0
22,2006,8,0.0625,3.486111111111111,0
22,2006,10,0.06206896551724138,3.462068965517241,0
22,2006,13,0.06164383561643835,3.458904109589041,0
22,2006,14,0.061224489795918366,3.4693877551020407,0
22,2006,15,0.060810810810810814,3.4527027027027026,0
22,2006,16,0.06040268456375839,3.4496644295302015,0
22,2006,17,0.06,3.4466666666666668,0
22,2006,18,0.059602649006622516,3.423841059602649,0
22,2007,1,0.05921052631578947,3.414473684210526,0
22,2007,2,0.058823529411764705,3.392156862745098,0
22,2007,3,0.05844155844155844,3.3701298701298703,0
22,2007,4,0.05806451612903226,3.3483870967741933,0
22,2007,5,0.057692307692307696,3.326923076923077,0
22,2007,6,0.05732484076433121,3.305732484076433,0
22,2007,8,0.056962025316455694,3.2848101265822787,0
22,2007,9,0.05660377358490566,3.2641509433962264,0
22,2007,10,0.05625,3.24375,0
22,2007,11,0.055900621118012424,3.2236024844720497,0
22,2007,12,0.05555555555555555,3.2037037037037037,0
22,2007,13,0.05521472392638037,3.184049079754601,0
22,2007,14,0.054878048780487805,3.1646341463414633,0
22,2007,15,0.05454545454545454,3.1454545454545455,0
22,2007,16,0.05421686746987952,3.1265060240963853,0
22,2008,2,0.05389221556886228,3.1077844311377247,0
22,2008,3,0.05357142857142857,3.0892857142857144,0
22,2008,5,0.05325443786982249,3.0710059171597632,0
22,2008,6,0.052941176470588235,3.052941176470588,0
22,2008,7,0.05263157894736842,3.0526315789473686,0
22,2008,8,0.05232558139534884,3.046511627906977,0
22,2008,9,0.05202312138728324,3.0289017341040463,0
22,2008,11,0.05172413793103448,3.045977011494253,0
22,2008,12,0.05142857142857143,3.0285714285714285,0
22,2008,14,0.05113636363636364,3.0113636363636362,0
22,2008,16,0.05084745762711865,2.994350282485876,0
22,2008,17,0.05056179775280899,2.9775280898876404,0
22,2008,18,0.05027932960893855,2.9608938547486034,0
22,2009,1,0.05,2.9444444444444446,0
22,2009,2,0.049723756906077346,2.972375690607735,0
22,2009,3,0.04945054945054945,2.967032967032967,0
22,2009,4,0.04918032786885246,2.978142076502732,0
22,2009,5,0.04891304347826087,2.983695652173913,0
22,2009,6,0.04864864864864865,3.0108108108108107,0
22,2009,8,0.04838709677419355,3.0376344086021505,0
22,2009,9,0.0481283422459893,3.053475935828877,0
22,2009,10,0.047872340425531915,3.0531914893617023,0
22,2009,11,0.047619047619047616,3.037037037037037,1
22,2009,12,0.05263157894736842,3.0736842105263156,0
22,2009,13,0.05235602094240838,3.068062827225131,1
22,2009,14,0.057291666666666664,3.1041666666666665,0
22,2009,15,0.05699481865284974,3.1036269430051813,0
22,2009,16,0.05670103092783505,3.097938144329897,0
22,2009,17,0.05641025641025641,3.0871794871794873,0
22,2010,1,0.05612244897959184,3.0969387755102042,0
22,2010,2,0.05583756345177665,3.0862944162436547,0
22,2010,3,0.05555555555555555,3.090909090909091,0
22,2010,4,0.05527638190954774,3.0753768844221105,0
22,2010,5,0.055,3.06,0
22,2010,7,0.05472636815920398,3.054726368159204,0
22,2010,8,0.054455445544554455,3.0396039603960396,0
22,2010,9,0.054187192118226604,3.0246305418719213,0
22,2010,10,0.05392156862745098,3.0686274509803924,0
22,2010,11,0.05365853658536585,3.102439024390244,0
22,2010,12,0.05339805825242718,3.087378640776699,0
22,2010,14,0.05314009661835749,3.077294685990338,0
22,2010,15,0.052884615384615384,3.0673076923076925,0
22,2010,16,0.05263157894736842,3.090909090909091,0
22,2010,17,0.05238095238095238,3.085714285714286,0
22,2010,18,0.052132701421800945,3.0995260663507107,0
22,2010,19,0.05188679245283019,3.0849056603773586,0
22,2011,3,0.051643192488262914,3.0704225352112675,0
22,2011,4,0.0514018691588785,3.05607476635514,0
22,2011,5,0.05116279069767442,3.041860465116279,0
22,2011,6,0.05092592592592592,3.0277777777777777,0
22,2011,7,0.05069124423963134,3.0230414746543777,0
22,2011,8,0.05045871559633028,3.018348623853211,0
22,2011,9,0.0502283105022831,3.0045662100456623,0
22,2011,11,0.05,2.9909090909090907,0
22,2011,12,0.049773755656108594,2.97737556561086,0
22,2011,13,0.04954954954954955,2.963963963963964,0
22,2011,14,0.04932735426008968,2.9506726457399104,0
22,2011,15,0.049107142857142856,2.9375,0
22,2011,16,0.04888888888888889,2.9244444444444446,0
22,2011,17,0.048672566371681415,2.911504424778761,0
22,2011,18,0.048458149779735685,2.898678414096916,0
22,2011,19,0.04824561403508772,2.8859649122807016,0
23,1997,14,0.0,2.2,0
23,1997,16,0.0,2.1666666666666665,0
23,1998,4,0.0,1.8571428571428572,0
23,1998,5,0.0,1.625,0
23,1998,8,0.0,1.4444444444444444,0
23,1998,9,0.0,1.3,0
23,1998,10,0.0,1.2727272727272727,0
23,1998,11,0.0,1.3333333333333333,0
23,1998,12,0.0,1.3076923076923077,0
23,1998,13,0.0,1.2142857142857142,0
23,1998,14,0.0,1.5333333333333334,0
23,1999,1,0.0,1.6875,0
23,1999,2,0.0,1.8235294117647058,0
23,1999,5,0.0,1.8888888888888888,0
23,1999,6,0.0,1.894736842105263,0
23,1999,7,0.0,1.95,0
23,1999,8,0.0,2.0,0
23,1999,10,0.0,2.090909090909091,0
23,1999,11,0.0,2.130434782608696,0
23,1999,12,0.0,2.0416666666666665,0
23,1999,13,0.0,2.04,0
23,1999,14,0.0,2.1923076923076925,0
23,1999,16,0.0,2.2222222222222223,0
23,2000,1,0.0,2.2142857142857144,0
23,2000,2,0.0,2.2758620689655173,0
23,2000,4,0.0,2.2666666666666666,0
23,2000,5,0.0,2.2903225806451615,0
23,2000,8,0.0,2.3125,0
23,2000,9,0.0,2.242424242424242,0
23,2000,11,0.0,2.235294117647059,0
23,2000,12,0.0,2.1714285714285713,0
23,2000,13,0.0,2.1666666666666665,0
23,2000,14,0.0,2.2162162162162162,0
23,2001,2,0.0,2.263157894736842,0
23,2001,4,0.0,2.2564102564102564,1
23,2001,8,0.025,2.45,1
23,2001,9,0.04878048780487805,2.6341463414634148,0
23,2001,10,0.047619047619047616,2.642857142857143,0
23,2001,12,0.046511627906976744,2.7209302325581395,1
23,2001,13,0.06818181818181818,2.8863636363636362,0
23,2001,14,0.06666666666666667,2.888888888888889,0
23,2001,15,0.06521739130434782,2.8260869565217392,0
23,2001,17,0.06382978723404255,2.851063829787234,0
23,2002,2,0.0625,2.8125,1
23,2002,3,0.08163265306122448,2.9591836734693877,0
23,2002,4,0.08,3.02,0
23,2002,5,0.0784313725490196,3.0392156862745097,0
23,2002,6,0.07692307692307693,2.980769230769231,0
23,2002,7,0.07547169811320754,2.981132075471698,0
23,2002,8,0.07407407407407407,3.0,0
23,2002,9,0.07272727272727272,2.9454545454545453,0
23,2002,10,0.07142857142857142,2.9464285714285716,0
23,2002,11,0.07017543859649122,2.8947368421052633,0
23,2002,12,0.06896551724137931,2.8793103448275863,0
23,2002,13,0.06779661016949153,2.8983050847457625,0
23,2002,14,0.06666666666666667,2.9166666666666665,0
23,2002,16,0.06557377049180328,2.901639344262295,0
23,2002,17,0.06451612903225806,2.8548387096774195,0
23,2003,1,0.06349206349206349,2.8095238095238093,0
23,2003,2,0.0625,2.78125,0
23,2003,3,0.06153846153846154,2.8153846153846156,0
23,2003,4,0.06060606060606061,2.803030303030303,0
23,2003,5,0.05970149253731343,2.8358208955223883,0
23,2003,6,0.058823529411764705,2.8529411764705883,0
23,2003,7,0.057971014492753624,2.8550724637681157,0
23,2003,8,0.05714285714285714,2.8857142857142857,0
23,2003,9,0.056338028169014086,2.9577464788732395,1
23,2003,10,0.06944444444444445,3.0555555555555554,1
23,2003,11,0.0821917808219178,3.1506849315068495,0
23,2003,13,0.08108108108108109,3.108108108108108,0
23,2003,16,0.08,3.1333333333333333,0
23,2004,1,0.07894736842105263,3.0921052631578947,0
23,2004,3,0.07792207792207792,3.116883116883117,0
23,2004,4,0.07692307692307693,3.1025641025641026,0
23,2004,5,0.0759493670886076,3.088607594936709,0
23,2004,6,0.075,3.0875,0
23,2004,17,0.07407407407407407,3.049382716049383,0
23,2004,18,0.07317073170731707,3.1097560975609757,0
23,2005,1,0.07228915662650602,3.1204819277108435,0
23,2005,2,0.07142857142857142,3.0833333333333335,0
23,2005,3,0.07058823529411765,3.0941176470588236,0
23,2005,4,0.06976744186046512,3.116279069767442,0
23,2005,5,0.06896551724137931,3.0804597701149423,0
23,2005,6,0.06818181818181818,3.102272727272727,0
23,2005,8,0.06741573033707865,3.101123595505618,0
23,2005,10,0.06666666666666667,3.1,0
23,2005,11,0.06593406593406594,3.087912087912088,0
23,2005,12,0.06521739130434782,3.0652173913043477,0
23,2005,13,0.06451612903225806,3.064516129032258,0
23,2005,14,0.06382978723404255,3.095744680851064,0
23,2005,15,0.06315789473684211,3.0631578947368423,0
23,2005,16,0.0625,3.0625,0
23,2005,17,0.061855670103092786,3.051546391752577,0
23,2005,18,0.061224489795918366,3.0306122448979593,0
23,2005,19,0.06060606060606061,3.01010101010101,0
23,2006,1,0.06,3.04,0
23,2006,2,0.0594059405940594,3.00990099009901,0
23,2006,3,0.058823529411764705,2.9901960784313726,0
23,2006,4,0.05825242718446602,3.0194174757281553,0
23,2006,7,0.057692307692307696,2.9903846153846154,0
23,2006,11,0.05714285714285714,2.9714285714285715,0
23,2006,12,0.05660377358490566,2.990566037735849,0
23,2006,13,0.056074766355140186,2.9626168224299065,0
23,2006,14,0.05555555555555555,2.962962962962963,0
23,2006,15,0.05504587155963303,2.9541284403669725,0
23,2006,17,0.05454545454545454,2.9272727272727272,0
23,2007,1,0.05405405405405406,2.918918918918919,0
23,2007,2,0.05357142857142857,2.9017857142857144,0
23,2007,3,0.05309734513274336,2.8761061946902653,0
23,2007,5,0.05263157894736842,2.8508771929824563,0
23,2007,6,0.05217391304347826,2.8260869565217392,0
23,2007,8,0.05172413793103448,2.810344827586207,0
23,2007,11,0.05128205128205128,2.786324786324786,0
23,2007,12,0.05084745762711865,2.788135593220339,0
23,2007,13,0.05042016806722689,2.764705882352941,0
23,2007,14,0.05,2.7416666666666667,0
23,2007,17,0.049586776859504134,2.71900826446281,0
24,2006,6,0.0,0.2,0
24,2006,7,0.0,0.16666666666666666,0
24,2006,8,0.0,0.14285714285714285,0
24,2006,9,0.0,0.125,0
24,2006,10,0.0,0.1111111111111111,0
24,2006,11,0.0,0.2,0
24,2006,12,0.0,0.18181818181818182,0
24,2006,15,0.0,0.16666666666666666,0
24,2006,16,0.0,0.15384615384615385,0
24,2006,17,0.0,0.14285714285714285,0
24,2006,18,0.0,0.13333333333333333,0
24,2007,1,0.0,0.125,0
24,2007,2,0.0,0.11764705882352941,0
24,2007,7,0.0,0.1111111111111111,0
24,2007,9,0.0,0.10526315789473684,0
24,2007,12,0.0,0.1,0
24,2007,13,0.0,0.09523809523809523,0
24,2007,14,0.0,0.09090909090909091,0
24,2007,15,0.0,0.08695652173913043,0
24,2007,16,0.0,0.08333333333333333,0
24,2007,17,0.0,0.2,0
24,2009,14,0.0,0.19230769230769232,0
24,2009,15,0.0,0.18518518518518517,0
24,2009,16,0.0,0.17857142857142858,0
24,2009,17,0.0,0.1724137931034483,0
24,2010,1,0.0,0.16666666666666666,0
24,2010,2,0.0,0.22580645161290322,0
24,2010,5,0.0,0.40625,0
24,2010,6,0.0,0.3939393939393939,0
24,2010,7,0.0,0.4411764705882353,0
24,2010,8,0.0,0.42857142857142855,0
24,2010,9,0.0,0.4722222222222222,0
24,2010,10,0.0,0.4594594594594595,0
24,2010,11,0.0,0.4473684210526316,0
24,2010,12,0.0,0.4358974358974359,0
24,2010,13,0.0,0.425,0
24,2010,14,0.0,0.43902439024390244,0
24,2010,17,0.0,0.42857142857142855,0
24,2011,3,0.0,0.6046511627906976,0
24,2011,4,0.0,0.5909090909090909,0
24,2011,6,0.0,0.5777777777777777,0
24,2011,7,0.0,0.5652173913043478,0
24,2011,8,0.0,0.5531914893617021,0
24,2011,9,0.0,0.5416666666666666,0
24,2011,11,0.0,0.5306122448979592,0
24,2011,12,0.0,0.52,0
24,2011,14,0.0,0.5098039215686274,0
24,2011,15,0.0,0.5,0
24,2011,16,0.0,0.49056603773584906,0
24,2011,18,0.0,0.48148148148148145,0
25,1998,7,0.0,2.6,0
25,1998,8,0.0,2.6666666666666665,0
25,1998,9,0.0,2.5714285714285716,0
25,1998,10,0.0,2.625,0
25,1998,11,0.0,2.3333333333333335,0
25,1998,15,0.0,2.1,0
25,1998,16,0.0,1.9090909090909092,0
25,1999,2,0.0,1.75,0
25,1999,4,0.0,1.6153846153846154,0
25,1999,5,0.0,1.5714285714285714,0
25,1999,8,0.0,1.4666666666666666,0
25,1999,9,0.0,1.375,0
25,1999,10,0.0,1.411764705882353,0
25,1999,11,0.0,1.3333333333333333,0
25,1999,12,0.0,1.263157894736842,0
25,1999,15,0.0,1.2,0
25,1999,16,0.0,1.1428571428571428,0
25,2000,1,0.0,1.0909090909090908,0
25,2000,3,0.0,1.0434782608695652,0
25,2000,4,0.0,1.0,0
25,2000,5,0.0,0.96,0
25,2000,6,0.0,0.9230769230769231,0
25,2000,8,0.0,0.8888888888888888,0
25,2000,10,0.0,0.8571428571428571,0
25,2000,12,0.0,0.8275862068965517,0
25,2000,13,0.0,0.8,0
25,2000,14,0.0,0.7741935483870968,0
25,2000,15,0.0,0.8125,0
25,2000,17,0.0,0.7878787878787878,0
25,2005,4,0.0,0.7647058823529411,0
25,2007,2,0.0,0.9142857142857143,0
25,2007,3,0.0,0.8888888888888888,0
25,2007,5,0.0,0.8648648648648649,0
25,2007,6,0.0,0.8947368421052632,0
25,2007,7,0.0,1.0256410256410255,0
25,2007,8,0.0,1.0,0
25,2007,9,0.0,0.975609756097561,0
25,2007,10,0.0,0.9523809523809523,0
25,2007,11,0.0,1.0465116279069768,0
25,2007,12,0.0,1.0227272727272727,0
25,2007,13,0.0,1.0,0
25,2007,16,0.0,0.9782608695652174,0
26,2006,9,0.0,0.0,0
26,2006,11,0.0,0.0,0
26,2006,12,0.0,0.0,0
26,2006,13,0.0,0.0,0
26,2006,14,0.0,0.0,0
26,2006,15,0.0,0.0,0
26,2006,16,0.0,0.0,0
26,2006,17,0.0,0.0,0
26,2006,18,0.0,0.0,0
26,2007,2,0.0,0.0,0
26,2007,5,0.0,0.0,0
26,2007,7,0.0,0.0,0
27,2005,9,0.0,0.0,0
27,2005,11,0.0,0.6666666666666666,0
27,2005,12,0.0,0.5714285714285714,0
27,2005,15,0.0,0.5,0
27,2005,16,0.0,0.4444444444444444,0
27,2005,17,0.0,0.4,0
27,2005,18,0.0,0.36363636363636365,0
27,2005,19,0.0,0.3333333333333333,0
27,2006,2,0.0,0.3076923076923077,0
27,2006,3,0.0,0.2857142857142857,0
27,2006,5,0.0,0.26666666666666666,0
27,2006,7,0.0,0.25,0
27,2006,8,0.0,0.23529411764705882,0
27,2006,11,0.0,0.2222222222222222,0
27,2006,13,0.0,0.21052631578947367,0
27,2006,15,0.0,0.2,0
27,2006,16,0.0,0.19047619047619047,0
27,2006,18,0.0,0.18181818181818182,0
27,2007,3,0.0,0.17391304347826086,0
27,2007,4,0.0,0.16666666666666666,0
27,2007,5,0.0,0.16,0
27,2007,7,0.0,0.15384615384615385,0
27,2007,9,0.0,0.14814814814814814,0
29,2007,14,0.0,0.0,0
29,2007,15,0.0,0.0,0
29,2007,16,0.0,0.0,0
29,2010,10,0.0,0.0,0
29,2010,12,0.0,0.0,0
29,2010,13,0.0,0.0,0
29,2010,14,0.0,0.0,0
29,2010,16,0.0,0.0,0
29,2010,17,0.0,0.0,0
30,1992,3,0.0,2.2,0
30,1992,4,0.0,2.5,0
30,1992,6,0.0,3.0,0
30,1992,7,0.0,3.0,0
30,1992,9,0.0,3.3333333333333335,0
30,1992,10,0.0,3.3,0
30,1992,12,0.0,3.3636363636363638,1
30,1992,13,0.08333333333333333,3.9166666666666665,0
30,1992,14,0.07692307692307693,3.923076923076923,0
30,1992,16,0.07142857142857142,3.642857142857143,0
30,1993,2,0.06666666666666667,3.8,0
30,1993,4,0.0625,3.8125,0
30,1993,5,0.058823529411764705,3.9411764705882355,0
30,1993,7,0.05555555555555555,3.9444444444444446,0
30,1993,8,0.05263157894736842,4.052631578947368,0
30,1993,9,0.05,4.05,0
30,1993,10,0.047619047619047616,4.142857142857143,0
30,1993,12,0.045454545454545456,4.2272727272727275,0
30,1993,14,0.043478260869565216,4.304347826086956,1
30,1994,1,0.08333333333333333,4.541666666666667,1
30,1994,2,0.12,4.76,1
30,1994,3,0.15384615384615385,4.961538461538462,1
30,1994,4,0.18518518518518517,5.148148148148148,1
30,1994,5,0.21428571428571427,5.321428571428571,0
30,1994,6,0.20689655172413793,5.344827586206897,1
30,1994,7,0.23333333333333334,5.5,1
30,1994,10,0.25806451612903225,5.645161290322581,1
30,1994,14,0.28125,5.78125,1
30,1994,15,0.30303030303030304,5.909090909090909,0
30,1995,1,0.29411764705882354,5.911764705882353,1
30,1995,2,0.3142857142857143,6.0285714285714285,0
30,1995,4,0.3055555555555556,5.972222222222222,1
30,1995,5,0.32432432432432434,6.081081081081081,1
30,1995,6,0.34210526315789475,6.184210526315789,0
30,1995,7,0.3333333333333333,6.076923076923077,1
30,1995,9,0.35,6.175,1
30,1995,10,0.36585365853658536,6.2682926829268295,0
30,1995,11,0.35714285714285715,6.119047619047619,1
30,1995,13,0.37209302325581395,6.209302325581396,0
30,1995,14,0.36363636363636365,6.204545454545454,1
30,1995,15,0.37777777777777777,6.288888888888889,1
30,1995,16,0.391304347826087,6.369565217391305,1
30,1996,2,0.40425531914893614,6.446808510638298,0
30,1996,4,0.3958333333333333,6.395833333333333,0
30,1996,5,0.3877551020408163,6.387755102040816,0
30,1996,7,0.38,6.38,1
30,1996,11,0.39215686274509803,6.450980392156863,0
30,1996,12,0.38461538461538464,6.384615384615385,0
30,1996,13,0.37735849056603776,6.264150943396227,1
30,1996,14,0.3888888888888889,6.333333333333333,1
30,1996,15,0.4,6.4,0
30,1996,16,0.39285714285714285,6.357142857142857,0
30,1997,1,0.38596491228070173,6.350877192982456,0
30,1997,2,0.3793103448275862,6.344827586206897,0
30,1997,4,0.3728813559322034,6.271186440677966,0
30,1997,5,0.36666666666666664,6.266666666666667,1
30,1997,6,0.3770491803278688,6.327868852459017,0
30,1997,7,0.3709677419354839,6.274193548387097,1
30,1997,8,0.38095238095238093,6.333333333333333,1
30,1997,10,0.390625,6.390625,0
30,1997,11,0.38461538461538464,6.384615384615385,0
30,1997,12,0.3787878787878788,6.333333333333333,1
30,1997,13,0.3880597014925373,6.388059701492537,0
30,1997,14,0.38235294117647056,6.3088235294117645,0
30,1997,16,0.37681159420289856,6.231884057971015,1
30,1998,2,0.38571428571428573,6.285714285714286,0
30,1998,3,0.38028169014084506,6.253521126760563,1
30,1998,4,0.3888888888888889,6.305555555555555,0
30,1998,5,0.3835616438356164,6.301369863013699,0
30,1998,6,0.3783783783783784,6.27027027027027,0
30,1998,7,0.37333333333333335,6.1866666666666665,1
30,1998,8,0.3815789473684211,6.2368421052631575,1
30,1998,9,0.38961038961038963,6.285714285714286,1
30,1998,10,0.3974358974358974,6.333333333333333,0
30,1998,11,0.3924050632911392,6.30379746835443,0
30,1998,12,0.3875,6.25,1
30,1998,14,0.3950617283950617,6.296296296296297,1
30,1998,15,0.4024390243902439,6.341463414634147,0
30,1999,1,0.39759036144578314,6.337349397590361,0
30,1999,2,0.39285714285714285,6.261904761904762,0
30,1999,3,0.38823529411764707,6.258823529411765,1
30,1999,4,0.3953488372093023,6.3023255813953485,1
30,1999,5,0.40229885057471265,6.344827586206897,0
30,1999,7,0.3977272727272727,6.318181818181818,0
30,1999,15,0.39325842696629215,6.269662921348314,0
30,1999,16,0.3888888888888889,6.266666666666667,0
30,2000,1,0.38461538461538464,6.263736263736264,1
30,2000,2,0.391304347826087,6.304347826086956,1
30,2000,3,0.3978494623655914,6.344086021505376,1
30,2000,4,0.40425531914893614,6.382978723404255,0
30,2000,5,0.4,6.3578947368421055,0
30,2000,6,0.3958333333333333,6.3125,1
30,2000,8,0.4020618556701031,6.350515463917525,1
30,2000,12,0.40816326530612246,6.387755102040816,0
30,2000,13,0.40404040404040403,6.383838383838384,0
30,2000,14,0.4,6.38,1
30,2000,15,0.40594059405940597,6.415841584158416,1
30,2000,16,0.4117647058823529,6.450980392156863,1
30,2000,17,0.4174757281553398,6.485436893203883,1
30,2001,1,0.4230769230769231,6.519230769230769,1
30,2001,2,0.42857142857142855,6.552380952380952,1
30,2001,3,0.4339622641509434,6.584905660377358,0
30,2001,5,0.42990654205607476,6.579439252336448,1
30,2001,6,0.4351851851851852,6.611111111111111,0
30,2001,7,0.43119266055045874,6.605504587155964,1
30,2001,8,0.43636363636363634,6.636363636363637,0
30,2001,9,0.43243243243243246,6.63063063063063,1
30,2001,10,0.4375,6.660714285714286,1
30,2001,11,0.4424778761061947,6.6902654867256635,0
30,2001,13,0.43859649122807015,6.684210526315789,1
30,2001,14,0.4434782608695652,6.71304347826087,1
30,2001,15,0.4482758620689655,6.741379310344827,0
30,2001,16,0.4444444444444444,6.7094017094017095,0
30,2001,17,0.4406779661016949,6.703389830508475,1
30,2002,1,0.44537815126050423,6.73109243697479,1
30,2002,2,0.45,6.758333333333334,0
30,2002,3,0.4462809917355372,6.735537190082645,1
30,2002,4,0.45081967213114754,6.762295081967213,1
30,2002,5,0.45528455284552843,6.788617886178862,1
30,2002,6,0.4596774193548387,6.814516129032258,1
30,2002,7,0.464,6.84,0
30,2002,8,0.4603174603174603,6.833333333333333,1
30,2002,9,0.4645669291338583,6.858267716535433,0
30,2002,10,0.4609375,6.8515625,1
30,2002,11,0.46511627906976744,6.875968992248062,1
30,2002,12,0.46923076923076923,6.9,1
30,2002,13,0.4732824427480916,6.923664122137405,0
30,2002,14,0.4696969696969697,6.916666666666667,1
30,2002,15,0.47368421052631576,6.93984962406015,0
30,2002,16,0.4701492537313433,6.932835820895522,0
30,2002,17,0.4666666666666667,6.925925925925926,1
30,2003,1,0.47058823529411764,6.948529411764706,0
30,2003,2,0.46715328467153283,6.934306569343065,0
30,2003,4,0.463768115942029,6.905797101449275,1
30,2003,5,0.4676258992805755,6.928057553956834,1
30,2003,6,0.4714285714285714,6.95,1
30,2003,7,0.475177304964539,6.971631205673759,0
30,2003,8,0.47183098591549294,6.964788732394366,1
30,2003,9,0.4755244755244755,6.986013986013986,0
30,2003,10,0.4722222222222222,6.965277777777778,0
30,2003,11,0.4689655172413793,6.958620689655173,0
30,2003,12,0.4657534246575342,6.945205479452055,0
30,2003,13,0.46258503401360546,6.91156462585034,0
30,2003,14,0.4594594594594595,6.871621621621622,1
30,2003,15,0.46308724832214765,6.89261744966443,1
30,2003,16,0.4666666666666667,6.913333333333333,0
30,2004,1,0.46357615894039733,6.874172185430464,1
30,2004,2,0.46710526315789475,6.894736842105263,1
30,2004,3,0.47058823529411764,6.915032679738562,1
30,2004,4,0.474025974025974,6.935064935064935,1
30,2004,5,0.4774193548387097,6.95483870967742,1
30,2004,7,0.4807692307692308,6.9743589743589745,1
30,2004,8,0.4840764331210191,6.993630573248407,1
30,2004,9,0.4873417721518987,7.012658227848101,1
30,2004,10,0.49056603773584906,7.031446540880503,1
30,2004,11,0.49375,7.05,1
30,2004,12,0.4968944099378882,7.068322981366459,1
30,2004,13,0.5,7.08641975308642,1
30,2004,14,0.5030674846625767,7.104294478527607,0
30,2004,15,0.5,7.109756097560975,0
30,2004,16,0.49696969696969695,7.115151515151515,0
30,2004,17,0.4939759036144578,7.072289156626506,1
30,2004,18,0.49700598802395207,7.089820359281437,0
30,2005,2,0.49404761904761907,7.059523809523809,0
30,2005,4,0.4911242603550296,7.029585798816568,0
30,2005,6,0.48823529411764705,7.035294117647059,0
30,2005,7,0.4853801169590643,7.005847953216374,0
30,2005,8,0.48255813953488375,6.988372093023256,0
30,2005,9,0.4797687861271676,6.994219653179191,1
30,2005,10,0.4827586206896552,7.011494252873563,0
30,2005,11,0.48,7.005714285714285,0
30,2005,12,0.4772727272727273,6.982954545454546,0
30,2005,13,0.4745762711864407,6.966101694915254,0
30,2005,15,0.47191011235955055,6.97191011235955,0
30,2005,17,0.4692737430167598,6.932960893854749,0
30,2005,18,0.4666666666666667,6.9222222222222225,0
30,2006,1,0.46408839779005523,6.895027624309392,0
30,2006,2,0.46153846153846156,6.9010989010989015,0
30,2006,4,0.45901639344262296,6.879781420765028,1
30,2006,5,0.46195652173913043,6.896739130434782,1
30,2006,6,0.4648648648648649,6.9135135135135135,0
30,2006,7,0.46236559139784944,6.919354838709677,0
30,2006,8,0.45989304812834225,6.903743315508021,0
30,2006,9,0.4574468085106383,6.909574468085107,0
30,2006,10,0.455026455026455,6.915343915343915,1
30,2006,11,0.45789473684210524,6.931578947368421,1
30,2006,12,0.4607329842931937,6.947643979057592,1
30,2006,13,0.4635416666666667,6.963541666666667,0
30,2006,14,0.46113989637305697,6.932642487046632,0
30,2006,15,0.4587628865979381,6.927835051546392,1
30,2006,16,0.46153846153846156,6.943589743589744,1
30,2006,18,0.4642857142857143,6.959183673469388,0
30,2010,1,0.4619289340101523,6.949238578680203,0
30,2010,2,0.4595959595959596,6.954545454545454,0
30,2010,4,0.457286432160804,6.924623115577889,0
30,2010,5,0.455,6.895,0
30,2010,6,0.4527363184079602,6.920398009950249,0
30,2010,7,0.4504950495049505,6.8861386138613865,0
30,2010,8,0.4482758620689655,6.911330049261084,0
30,2010,9,0.44607843137254904,6.877450980392157,0
30,2010,10,0.44390243902439025,6.84390243902439,0
30,2010,11,0.441747572815534,6.820388349514563,0
30,2010,12,0.4396135265700483,6.797101449275362,0
30,2010,13,0.4375,6.764423076923077,0
30,2010,14,0.4354066985645933,6.760765550239235,0
30,2010,15,0.43333333333333335,6.738095238095238,0
30,2010,16,0.4312796208530806,6.706161137440758,0
30,2010,17,0.42924528301886794,6.712264150943396,0
30,2010,18,0.4272300469483568,6.737089201877934,0
30,2011,2,0.4252336448598131,6.733644859813084,0
30,2011,3,0.4232558139534884,6.711627906976744,0
30,2011,4,0.4212962962962963,6.699074074074074,0
30,2011,5,0.41935483870967744,6.668202764976958,0
30,2011,7,0.41743119266055045,6.674311926605505,0
30,2011,8,0.4155251141552511,6.698630136986301,0
30,2011,9,0.41363636363636364,6.668181818181818,0
30,2011,10,0.4117647058823529,6.647058823529412,0
30,2011,12,0.4099099099099099,6.635135135135135,0
30,2011,13,0.4080717488789238,6.650224215246637,0
30,2011,15,0.40625,6.665178571428571,0
30,2011,17,0.40444444444444444,6.671111111111111,0
30,2011,18,0.4026548672566372,6.685840707964601,0
30,2011,19,0.4008810572687225,6.682819383259912,0
30,2012,2,0.3991228070175439,6.6535087719298245,0
30,2012,4,0.39737991266375544,6.62882096069869,0
30,2012,8,0.39565217391304347,6.604347826086957,0
30,2012,9,0.3939393939393939,6.640692640692641,0
30,2012,10,0.3922413793103448,6.637931034482759,0
30,2012,12,0.3905579399141631,6.635193133047211,0
30,2012,13,0.3888888888888889,6.632478632478633,0
30,2012,15,0.3872340425531915,6.638297872340425,0
30,2012,16,0.3855932203389831,6.610169491525424,0
30,2012,17,0.38396624472573837,6.582278481012659,0
30,2012,18,0.38235294117647056,6.554621848739496,0
30,2012,19,0.3807531380753138,6.527196652719665,0
30,2012,20,0.37916666666666665,6.5,0
31,2001,17,0.2,5.0,0
31,2002,1,0.16666666666666666,5.166666666666667,0
31,2002,2,0.14285714285714285,5.285714285714286,0
31,2002,3,0.125,5.375,0
31,2002,4,0.1111111111111111,5.0,0
31,2002,5,0.1,4.8,0
31,2002,6,0.09090909090909091,4.909090909090909,0
31,2002,10,0.08333333333333333,4.833333333333333,0
31,2002,11,0.07692307692307693,4.769230769230769,0
31,2002,12,0.07142857142857142,4.642857142857143,0
31,2002,13,0.06666666666666667,4.733333333333333,0
31,2002,14,0.0625,4.4375,0
31,2002,16,0.058823529411764705,4.411764705882353,0
31,2002,17,0.05555555555555555,4.333333333333333,0
31,2003,1,0.05263157894736842,4.2631578947368425,0
31,2003,2,0.05,4.45,0
31,2003,4,0.047619047619047616,4.238095238095238,0
31,2003,5,0.045454545454545456,4.136363636363637,0
31,2003,7,0.043478260869565216,4.173913043478261,1
31,2003,8,0.08333333333333333,4.416666666666667,0
31,2003,9,0.08,4.48,0
31,2003,10,0.07692307692307693,4.615384615384615,0
31,2003,11,0.07407407407407407,4.7407407407407405,0
31,2003,12,0.07142857142857142,4.857142857142857,1
31,2003,13,0.10344827586206896,5.0344827586206895,0
31,2003,14,0.1,5.066666666666666,0
31,2003,15,0.0967741935483871,5.161290322580645,0
31,2004,1,0.09375,5.09375,0
31,2004,2,0.09090909090909091,5.0606060606060606,0
31,2004,3,0.08823529411764706,5.147058823529412,0
31,2004,4,0.08571428571428572,5.0,0
31,2004,6,0.08333333333333333,5.027777777777778,0
31,2004,7,0.08108108108108109,5.027027027027027,0
31,2004,10,0.07894736842105263,4.921052631578948,0
31,2004,11,0.07692307692307693,4.82051282051282,0
31,2004,12,0.075,4.8,0
31,2004,13,0.07317073170731707,4.780487804878049,0
31,2004,15,0.07142857142857142,4.785714285714286,0
31,2004,16,0.06976744186046512,4.767441860465116,0
31,2004,17,0.06818181818181818,4.75,0
31,2004,18,0.06666666666666667,4.688888888888889,1
31,2005,1,0.08695652173913043,4.804347826086956,0
31,2005,2,0.0851063829787234,4.76595744680851,0
31,2005,5,0.08333333333333333,4.770833333333333,0
31,2005,6,0.08163265306122448,4.714285714285714,0
31,2005,7,0.08,4.7,0
31,2005,11,0.0784313725490196,4.647058823529412,1
31,2005,12,0.09615384615384616,4.75,0
31,2005,14,0.09433962264150944,4.811320754716981,0
31,2005,15,0.09259259259259259,4.833333333333333,1
31,2005,16,0.10909090909090909,4.927272727272728,0
31,2005,17,0.10714285714285714,4.839285714285714,1
31,2006,1,0.12280701754385964,4.9298245614035086,0
31,2006,2,0.1206896551724138,4.913793103448276,0
31,2006,4,0.11864406779661017,4.915254237288136,0
31,2006,7,0.11666666666666667,4.933333333333334,0
31,2006,8,0.11475409836065574,4.983606557377049,0
32,2004,8,0.0,0.0,0
32,2004,10,0.0,0.0,0
32,2004,11,0.0,0.0,0
32,2004,12,0.0,0.0,0
32,2004,13,0.0,0.0,0
32,2004,14,0.0,0.0,0
32,2004,15,0.0,0.2727272727272727,0
32,2004,17,0.0,0.25,0
32,2004,18,0.0,0.23076923076923078,0
32,2005,1,0.0,0.21428571428571427,0
32,2005,2,0.0,0.3333333333333333,0
32,2005,8,0.0,0.375,0
32,2005,11,0.0,0.4117647058823529,0
32,2005,12,0.0,0.3888888888888889,0
32,2005,14,0.0,0.3684210526315789,0
32,2005,15,0.0,0.4,0
32,2005,16,0.0,0.38095238095238093,0
32,2005,17,0.0,0.36363636363636365,0
32,2005,18,0.0,0.34782608695652173,0
32,2005,19,0.0,0.3333333333333333,0
32,2006,1,0.0,0.48,0
32,2006,6,0.0,0.5,0
32,2006,8,0.0,0.48148148148148145,0
32,2006,9,0.0,0.4642857142857143,0
32,2006,11,0.0,0.4482758620689655,0
32,2006,12,0.0,0.43333333333333335,0
32,2006,14,0.0,0.45161290322580644,0
32,2006,15,0.0,0.4375,0
32,2010,18,0.0,0.42424242424242425,0
32,2010,19,0.0,0.4117647058823529,0
33,2005,6,0.0,0.0,0
33,2005,7,0.0,0.0,0
33,2005,8,0.0,0.0,0
33,2005,9,0.0,0.0,0
33,2005,10,0.0,0.6666666666666666,0
33,2005,11,0.0,0.6,0
33,2005,12,0.0,0.5454545454545454,0
33,2005,13,0.0,0.5,0
33,2005,14,0.0,0.46153846153846156,0
33,2005,15,0.0,0.42857142857142855,0
33,2005,16,0.0,0.4,0
33,2005,18,0.0,0.4375,0
33,2005,19,0.0,0.4117647058823529,0
33,2006,1,0.0,0.3888888888888889,0
33,2006,2,0.0,0.3684210526315789,0
33,2006,4,0.0,0.35,0
33,2006,5,0.0,0.3333333333333333,0
33,2006,6,0.0,0.3181818181818182,0
33,2006,7,0.0,0.30434782608695654,0
33,2006,8,0.0,0.2916666666666667,0
33,2006,9,0.0,0.28,0
33,2006,13,0.0,0.2692307692307692,0
33,2006,17,0.0,0.25925925925925924,0
33,2006,18,0.0,0.25,0
35,1996,8,0.2,5.2,0
35,1996,9,0.16666666666666666,5.333333333333333,0
35,1996,10,0.14285714285714285,5.428571428571429,1
35,1996,11,0.25,6.0,0
35,1996,12,0.2222222222222222,5.777777777777778,1
35,1996,13,0.3,6.2,0
35,1996,14,0.2727272727272727,6.181818181818182,0
35,1996,15,0.25,5.666666666666667,1
35,1997,2,0.3076923076923077,6.0,1
35,1997,3,0.35714285714285715,6.285714285714286,1
35,1997,6,0.4,6.533333333333333,1
35,1997,8,0.4375,6.75,0
35,1997,9,0.4117647058823529,6.529411764705882,1
35,1997,11,0.4444444444444444,6.722222222222222,1
35,1997,12,0.47368421052631576,6.894736842105263,0
35,1997,13,0.45,6.65,0
35,1997,14,0.42857142857142855,6.428571428571429,1
35,1997,15,0.45454545454545453,6.590909090909091,1
35,1997,17,0.4782608695652174,6.739130434782608,0
35,1998,1,0.4583333333333333,6.625,0
35,1998,2,0.44,6.44,0
35,1998,4,0.4230769230769231,6.1923076923076925,0
35,1998,5,0.4074074074074074,6.074074074074074,0
35,1998,6,0.39285714285714285,5.892857142857143,0
35,1998,7,0.3793103448275862,5.758620689655173,0
35,1998,8,0.36666666666666664,5.566666666666666,0
35,1998,9,0.3548387096774194,5.483870967741935,0
35,1998,10,0.34375,5.3125,0
35,1998,11,0.3333333333333333,5.181818181818182,0
35,1998,12,0.3235294117647059,5.147058823529412,0
35,1998,15,0.3142857142857143,5.114285714285714,0
35,1998,16,0.3055555555555556,4.972222222222222,0
35,1999,12,0.2972972972972973,4.864864864864865,0
35,1999,13,0.2894736842105263,4.7368421052631575,0
35,1999,14,0.28205128205128205,4.615384615384615,0
35,1999,16,0.275,4.5,0
35,2000,1,0.2682926829268293,4.390243902439025,0
35,2000,3,0.2619047619047619,4.357142857142857,0
35,2000,4,0.2558139534883721,4.3023255813953485,0
35,2000,7,0.25,4.204545454545454,0
35,2000,8,0.24444444444444444,4.111111111111111,0
35,2000,9,0.2391304347826087,4.021739130434782,0
35,2000,10,0.23404255319148937,4.0,0
35,2000,11,0.22916666666666666,3.9791666666666665,0
35,2000,12,0.22448979591836735,3.8979591836734695,0
35,2000,13,0.22,3.82,0
35,2000,15,0.21568627450980393,3.7450980392156863,0
35,2000,16,0.21153846153846154,3.730769230769231,0
35,2000,17,0.20754716981132076,3.6792452830188678,0
35,2001,3,0.2037037037037037,3.6481481481481484,0
35,2001,5,0.2,3.581818181818182,0
35,2001,6,0.19642857142857142,3.5892857142857144,0
35,2001,7,0.19298245614035087,3.526315789473684,0
35,2001,9,0.1896551724137931,3.5172413793103448,0
35,2001,11,0.1864406779661017,3.457627118644068,0
35,2001,12,0.18333333333333332,3.4,0
35,2001,13,0.18032786885245902,3.4098360655737703,0
35,2001,14,0.1774193548387097,3.3548387096774195,0
35,2001,15,0.1746031746031746,3.3015873015873014,0
35,2001,17,0.171875,3.265625,0
35,2002,2,0.16923076923076924,3.2153846153846155,0
35,2002,3,0.16666666666666666,3.1666666666666665,0
35,2002,4,0.16417910447761194,3.1194029850746268,0
35,2002,5,0.16176470588235295,3.073529411764706,0
35,2002,6,0.15942028985507245,3.028985507246377,0
35,2002,9,0.15714285714285714,2.9857142857142858,0
35,2002,10,0.15492957746478872,2.943661971830986,0
35,2002,14,0.1527777777777778,2.9444444444444446,0
35,2002,15,0.1506849315068493,2.904109589041096,0
35,2002,16,0.14864864864864866,2.864864864864865,0
35,2003,1,0.14666666666666667,2.84,0
35,2003,3,0.14473684210526316,2.8026315789473686,0
35,2003,6,0.14285714285714285,2.8051948051948052,0
35,2003,10,0.14102564102564102,2.769230769230769,0
35,2003,11,0.13924050632911392,2.7341772151898733,0
35,2003,12,0.1375,2.7,0
35,2003,14,0.13580246913580246,2.6666666666666665,0
35,2004,16,0.13414634146341464,2.6707317073170733,0
35,2004,17,0.13253012048192772,2.63855421686747,0
35,2004,18,0.13095238095238096,2.607142857142857,0
35,2005,1,0.12941176470588237,2.5764705882352943,0
35,2005,3,0.12790697674418605,2.546511627906977,0
35,2005,4,0.12643678160919541,2.5172413793103448,0
35,2005,6,0.125,2.5454545454545454,0
35,2005,7,0.12359550561797752,2.5168539325842696,0
35,2005,8,0.12222222222222222,2.488888888888889,0
35,2005,10,0.12087912087912088,2.4615384615384617,0
35,2005,11,0.11956521739130435,2.4456521739130435,0
35,2005,12,0.11827956989247312,2.4193548387096775,0
35,2005,14,0.11702127659574468,2.393617021276596,0
35,2005,15,0.11578947368421053,2.3684210526315788,0
35,2005,16,0.11458333333333333,2.34375,0
35,2005,17,0.1134020618556701,2.350515463917526,0
35,2005,18,0.11224489795918367,2.326530612244898,0
35,2005,19,0.1111111111111111,2.303030303030303,0
35,2006,2,0.11,2.28,0
35,2006,3,0.10891089108910891,2.277227722772277,0
35,2006,4,0.10784313725490197,2.284313725490196,0
35,2006,5,0.10679611650485436,2.262135922330097,0
35,2006,6,0.10576923076923077,2.25,0
35,2006,7,0.10476190476190476,2.2285714285714286,0
35,2006,8,0.10377358490566038,2.207547169811321,0
35,2006,11,0.102803738317757,2.196261682242991,0
37,2000,2,0.0,0.2,0
37,2000,6,0.0,0.16666666666666666,0
37,2000,11,0.0,0.2857142857142857,0
37,2000,12,0.0,0.375,0
37,2000,13,0.0,0.3333333333333333,0
37,2000,16,0.0,0.3,0
37,2001,8,0.0,0.2727272727272727,0
37,2001,9,0.0,0.3333333333333333,0
37,2001,10,0.0,0.3076923076923077,0
37,2001,11,0.0,0.2857142857142857,0
37,2001,13,0.0,0.26666666666666666,0
37,2001,15,0.0,0.25,0
37,2001,16,0.0,0.35294117647058826,0
37,2002,1,0.0,0.3333333333333333,0
37,2002,2,0.0,0.3157894736842105,0
37,2002,3,0.0,0.3,0
37,2002,7,0.0,0.2857142857142857,0
37,2002,9,0.0,0.2727272727272727,0
37,2002,10,0.0,0.2608695652173913,0
37,2002,11,0.0,0.25,0
37,2002,13,0.0,0.24,0
37,2005,3,0.0,0.23076923076923078,0
37,2006,11,0.0,0.37037037037037035,0
37,2006,13,0.0,0.42857142857142855,0
37,2006,14,0.0,0.6896551724137931,0
37,2006,16,0.0,0.8,0
37,2006,17,0.0,0.9032258064516129,0
37,2006,18,0.0,0.875,0
37,2010,2,0.0,0.8787878787878788,0
37,2010,7,0.0,0.8529411764705882,0
37,2010,9,0.0,0.8285714285714286,0
37,2010,11,0.0,0.8055555555555556,0
37,2010,12,0.0,0.7837837837837838,0
37,2010,13,0.0,0.9210526315789473,0
37,2010,14,0.0,0.8974358974358975,0
37,2011,7,0.0,0.875,0
37,2012,2,0.0,0.8536585365853658,0
37,2012,3,0.0,0.8333333333333334,0
37,2012,4,0.0,0.813953488372093,0
37,2012,5,0.0,0.7954545454545454,0
37,2012,8,0.0,0.7777777777777778,0
37,2012,9,0.0,0.7608695652173914,0
37,2012,10,0.0,0.7446808510638298,0
37,2012,11,0.0,0.7291666666666666,0
37,2012,12,0.0,0.7142857142857143,0
37,2012,13,0.0,0.7,0
37,2012,14,0.0,0.6862745098039216,0
37,2012,15,0.0,0.6730769230769231,0
37,2012,18,0.0,0.660377358490566,0
37,2012,19,0.0,0.6481481481481481,0
37,2012,20,0.0,0.6363636363636364,0
38,2005,19,0.0,0.0,0
38,2006,16,0.0,0.0,0
38,2006,17,0.0,0.0,0
38,2006,18,0.0,0.0,0
39,2005,9,0.0,0.0,0
39,2005,10,0.0,0.8333333333333334,0
39,2005,12,0.0,0.7142857142857143,0
39,2005,13,0.0,0.625,0
39,2005,14,0.0,0.5555555555555556,0
39,2005,15,0.0,0.5,0
39,2005,16,0.0,0.45454545454545453,0
39,2005,17,0.0,0.4166666666666667,0
39,2005,18,0.0,0.38461538461538464,0
39,2011,3,0.0,0.35714285714285715,0
39,2011,4,0.0,0.3333333333333333,0
39,2011,5,0.0,0.3125,0
39,2011,6,0.0,0.29411764705882354,0
39,2011,7,0.0,0.2777777777777778,0
39,2011,8,0.0,0.2631578947368421,0
39,2011,17,0.0,0.25,0
39,2012,2,0.0,0.23809523809523808,0
39,2012,3,0.0,0.22727272727272727,0
39,2012,4,0.0,0.21739130434782608,0
39,2012,6,0.0,0.20833333333333334,0
39,2012,8,0.0,0.2,0
39,2012,9,0.0,0.19230769230769232,0
39,2012,10,0.0,0.18518518518518517,0
39,2012,13,0.0,0.17857142857142858,0
39,2012,16,0.0,0.1724137931034483,0
39,2012,17,0.0,0.16666666666666666,0
39,2012,19,0.0,0.16129032258064516,0
39,2012,20,0.0,0.15625,0
41,2000,1,0.0,0.0,0
41,2000,2,0.0,0.16666666666666666,0
41,2000,3,0.0,0.14285714285714285,0
41,2000,5,0.0,0.125,0
41,2000,8,0.0,0.1111111111111111,0
41,2000,12,0.0,0.1,0
41,2000,13,0.0,0.09090909090909091,0
41,2000,14,0.0,0.08333333333333333,0
41,2000,15,0.0,0.15384615384615385,0
41,2000,16,0.0,0.21428571428571427,0
41,2001,8,0.0,0.2,0
41,2004,14,0.0,0.1875,0
41,2004,15,0.0,0.17647058823529413,0
41,2004,18,0.0,0.16666666666666666,0
42,2004,12,0.0,0.0,0
42,2004,13,0.0,0.3333333333333333,0
42,2004,15,0.0,0.5714285714285714,0
42,2005,15,0.0,0.75,0
42,2005,16,0.0,0.8888888888888888,0
42,2005,19,0.0,0.8,0
43,2003,7,0.0,0.6,0
43,2003,8,0.0,0.5,0
43,2003,10,0.0,0.42857142857142855,0
43,2003,11,0.0,0.375,0
43,2003,12,0.0,0.5555555555555556,0
43,2003,13,0.0,0.8,0
43,2003,15,0.0,0.7272727272727273,0
43,2003,16,0.0,0.6666666666666666,0
43,2004,1,0.0,0.7692307692307693,0
43,2004,2,0.0,0.7142857142857143,0
43,2004,3,0.0,0.6666666666666666,0
43,2004,5,0.0,0.625,0
43,2004,6,0.0,0.5882352941176471,0
43,2004,10,0.0,0.7222222222222222,0
43,2004,11,0.0,0.6842105263157895,0
44,1994,6,0.0,0.0,0
44,1994,8,0.0,0.0,0
44,1994,9,0.0,0.0,0
44,1994,10,0.0,0.75,0
44,1994,11,0.0,0.7777777777777778,0
44,1994,12,0.0,0.7,0
44,1994,14,0.0,0.6363636363636364,0
44,1994,15,0.0,0.5833333333333334,0
44,1994,16,0.0,0.5384615384615384,0
44,1995,2,0.0,0.6428571428571429,0
44,1995,3,0.0,0.6,0
44,1995,4,0.0,0.5625,0
44,1995,6,0.0,0.5882352941176471,0
44,1995,7,0.0,0.7222222222222222,0
44,1995,8,0.0,0.6842105263157895,0
44,1995,10,0.0,0.8,0
44,1995,11,0.0,0.8095238095238095,0
44,1995,15,0.0,0.7727272727272727,0
44,1995,16,0.0,0.7391304347826086,0
44,1995,17,0.0,0.7916666666666666,0
44,1996,1,0.0,1.0,0
44,1996,2,0.0,0.9615384615384616,0
44,1996,3,0.0,0.9629629629629629,0
44,1996,6,0.0,0.9285714285714286,1
44,1996,9,0.034482758620689655,1.2413793103448276,0
44,1996,11,0.03333333333333333,1.2,0
44,1996,12,0.03225806451612903,1.1612903225806452,0
44,1996,15,0.03125,1.1875,0
44,1996,16,0.030303030303030304,1.1515151515151516,0
44,1997,1,0.029411764705882353,1.1176470588235294,0
44,1997,2,0.02857142857142857,1.1428571428571428,0
44,1997,4,0.027777777777777776,1.2222222222222223,0
44,1997,5,0.02702702702702703,1.1891891891891893,0
44,1997,6,0.02631578947368421,1.236842105263158,0
44,1997,7,0.02564102564102564,1.358974358974359,0
44,1997,15,0.025,1.325,0
44,1997,17,0.024390243902439025,1.3170731707317074,0
44,1998,1,0.023809523809523808,1.2857142857142858,0
44,1998,3,0.023255813953488372,1.255813953488372,0
44,1998,4,0.022727272727272728,1.2272727272727273,0
44,1998,5,0.022222222222222223,1.2,0
44,1998,8,0.021739130434782608,1.173913043478261,0
44,1998,11,0.02127659574468085,1.148936170212766,0
44,1998,12,0.020833333333333332,1.125,0
44,1998,15,0.02040816326530612,1.1020408163265305,0
44,1998,16,0.02,1.08,0
44,1999,2,0.0196078431372549,1.0588235294117647,0
44,1999,6,0.019230769230769232,1.0576923076923077,0
44,1999,7,0.018867924528301886,1.0377358490566038,0
44,1999,8,0.018518518518518517,1.0185185185185186,0
44,1999,9,0.01818181818181818,1.0,0
44,1999,10,0.017857142857142856,0.9821428571428571,0
44,1999,11,0.017543859649122806,0.9824561403508771,0
44,1999,12,0.017241379310344827,0.9655172413793104,0
44,1999,13,0.01694915254237288,0.9491525423728814,0
44,1999,14,0.016666666666666666,0.9333333333333333,0
44,2001,1,0.01639344262295082,0.9180327868852459,0
44,2001,3,0.016129032258064516,0.9032258064516129,0
44,2001,4,0.015873015873015872,0.9365079365079365,0
44,2001,5,0.015625,0.921875,0
44,2001,6,0.015384615384615385,0.9076923076923077,0
44,2001,10,0.015151515151515152,0.9242424242424242,0
44,2001,12,0.014925373134328358,0.9104477611940298,0
44,2001,14,0.014705882352941176,0.8970588235294118,0
44,2001,15,0.014492753623188406,0.8840579710144928,0
44,2001,16,0.014285714285714285,0.8714285714285714,0
44,2001,17,0.014084507042253521,0.8591549295774648,0
44,2002,8,0.013888888888888888,0.8472222222222222,0
44,2002,9,0.0136986301369863,0.8356164383561644,0
44,2002,10,0.013513513513513514,0.8243243243243243,0
44,2002,13,0.013333333333333334,0.84,0
44,2002,14,0.013157894736842105,0.8289473684210527,0
44,2002,15,0.012987012987012988,0.8181818181818182,0
44,2002,16,0.01282051282051282,0.8205128205128205,0
44,2003,4,0.012658227848101266,0.810126582278481,0
44,2003,7,0.0125,0.8,0
44,2003,8,0.012345679012345678,0.7901234567901234,0
44,2003,10,0.012195121951219513,0.7926829268292683,0
44,2003,11,0.012048192771084338,0.7951807228915663,0
44,2003,12,0.011904761904761904,0.7857142857142857,0
44,2003,16,0.011764705882352941,0.8235294117647058,0
44,2004,1,0.011627906976744186,0.813953488372093,0
44,2004,2,0.011494252873563218,0.8045977011494253,0
44,2004,3,0.011363636363636364,0.7954545454545454,0
44,2004,4,0.011235955056179775,0.7865168539325843,0
44,2004,6,0.011111111111111112,0.7777777777777778,0
44,2004,7,0.01098901098901099,0.7802197802197802,0
44,2004,9,0.010869565217391304,0.7717391304347826,0
44,2004,10,0.010752688172043012,0.8064516129032258,0
44,2004,12,0.010638297872340425,0.7978723404255319,0
44,2004,13,0.010526315789473684,0.7894736842105263,0
44,2004,14,0.010416666666666666,0.78125,0
44,2004,16,0.010309278350515464,0.7835051546391752,0
44,2004,17,0.01020408163265306,0.7755102040816326,0
45,2004,12,0.0,0.0,0
46,2004,12,0.0,0.0,0
46,2004,13,0.0,0.0,0
46,2004,17,0.0,0.0,0
46,2004,18,0.0,0.0,0
47,2004,8,0.0,0.0,0
47,2004,9,0.0,0.0,0
47,2004,12,0.0,0.14285714285714285,0
47,2004,13,0.0,0.125,0
47,2004,15,0.0,0.1111111111111111,0
47,2004,16,0.0,0.1,0
47,2004,18,0.0,0.09090909090909091,0
48,1999,10,0.0,0.0,0
48,1999,11,0.0,0.0,0
48,1999,12,0.0,0.0,0
48,1999,14,0.0,0.0,0
48,1999,15,0.0,0.1111111111111111,0
48,2000,1,0.0,0.1,0
48,2000,4,0.0,0.09090909090909091,0
48,2000,5,0.0,0.08333333333333333,0
48,2000,8,0.0,0.07692307692307693,0
48,2000,9,0.0,0.07142857142857142,0
48,2000,10,0.0,0.06666666666666667,0
48,2000,12,0.0,0.0625,0
48,2000,13,0.0,0.058823529411764705,0
48,2000,14,0.0,0.05555555555555555,0
48,2000,15,0.0,0.05263157894736842,0
48,2003,14,0.0,0.05,0
48,2004,10,0.0,0.23809523809523808,0
48,2004,11,0.0,0.22727272727272727,0
49,1994,15,0.0,1.2,0
49,1994,16,0.0,1.1666666666666667,0
49,1995,2,0.0,1.0,0
49,1995,3,0.0,1.125,0
49,1995,4,0.0,1.1111111111111112,0
49,1995,5,0.0,1.0,0
49,1995,7,0.0,1.0,0
49,1995,8,0.0,0.9166666666666666,0
49,1995,10,0.0,0.9230769230769231,0
49,1995,11,0.0,1.0,0
49,1995,12,0.0,1.1333333333333333,0
49,1995,13,0.0,1.3125,0
49,1995,15,0.0,1.2941176470588236,0
49,1995,16,0.0,1.2222222222222223,0
49,1996,1,0.0,1.1578947368421053,0
49,1996,6,0.0,1.1,0
49,1996,7,0.0,1.1904761904761905,0
49,1996,10,0.0,1.2727272727272727,0
49,1996,11,0.0,1.2173913043478262,0
49,1996,15,0.0,1.1666666666666667,0
49,1996,16,0.0,1.12,0
49,1997,1,0.0,1.1153846153846154,0
49,1997,2,0.0,1.0740740740740742,0
49,1997,4,0.0,1.0357142857142858,1
49,1997,6,0.034482758620689655,1.3448275862068966,0
49,1997,7,0.03333333333333333,1.3,0
49,1997,8,0.03225806451612903,1.3548387096774193,0
49,1997,12,0.03125,1.5,0
49,1997,13,0.030303030303030304,1.5757575757575757,0
49,1997,14,0.029411764705882353,1.6470588235294117,0
49,1997,15,0.02857142857142857,1.7142857142857142,0
49,1997,16,0.027777777777777776,1.7777777777777777,0
49,1997,17,0.02702702702702703,1.8918918918918919,0
49,1998,1,0.02631578947368421,1.868421052631579,0
49,1998,2,0.02564102564102564,1.9230769230769231,0
49,1998,3,0.025,1.925,0
49,1998,4,0.024390243902439025,1.8780487804878048,0
49,1998,5,0.023809523809523808,1.880952380952381,0
49,1998,8,0.023255813953488372,1.8372093023255813,0
49,1998,11,0.022727272727272728,1.7954545454545454,0
49,1998,12,0.022222222222222223,1.7555555555555555,0
49,1998,13,0.021739130434782608,1.7608695652173914,0
49,1998,14,0.02127659574468085,1.7872340425531914,0
49,1998,15,0.020833333333333332,1.75,0
49,1998,16,0.02040816326530612,1.7551020408163265,0
49,1999,1,0.02,1.76,0
49,1999,2,0.0196078431372549,1.8431372549019607,0
49,1999,4,0.019230769230769232,1.8846153846153846,0
49,1999,6,0.018867924528301886,1.9056603773584906,0
49,1999,7,0.018518518518518517,1.8703703703703705,1
49,1999,8,0.03636363636363636,2.018181818181818,0
49,1999,9,0.03571428571428571,2.0357142857142856,0
49,1999,10,0.03508771929824561,2.0526315789473686,0
49,1999,11,0.034482758620689655,2.086206896551724,0
49,1999,12,0.03389830508474576,2.1016949152542375,0
49,1999,13,0.03333333333333333,2.1333333333333333,1
49,1999,15,0.04918032786885246,2.262295081967213,0
49,1999,16,0.04838709677419355,2.2419354838709675,0
49,2000,2,0.047619047619047616,2.253968253968254,0
49,2000,4,0.046875,2.28125,0
49,2000,5,0.046153846153846156,2.246153846153846,0
49,2000,7,0.045454545454545456,2.227272727272727,0
49,2000,9,0.04477611940298507,2.1940298507462686,0
49,2000,12,0.04411764705882353,2.161764705882353,0
49,2000,13,0.043478260869565216,2.1449275362318843,0
49,2000,15,0.04285714285714286,2.1285714285714286,0
49,2001,1,0.04225352112676056,2.1549295774647885,0
49,2001,2,0.041666666666666664,2.1527777777777777,0
49,2001,3,0.0410958904109589,2.164383561643836,0
49,2001,4,0.04054054054054054,2.135135135135135,0
49,2001,10,0.04,2.12,0
49,2001,11,0.039473684210526314,2.0921052631578947,0
49,2001,14,0.03896103896103896,2.064935064935065,0
49,2001,16,0.038461538461538464,2.0384615384615383,0
49,2001,17,0.0379746835443038,2.0126582278481013,0
49,2002,2,0.0375,1.9875,0
49,2002,5,0.037037037037037035,1.962962962962963,0
49,2002,6,0.036585365853658534,1.951219512195122,0
49,2002,7,0.03614457831325301,1.927710843373494,0
49,2002,8,0.03571428571428571,1.9166666666666667,0
49,2002,9,0.03529411764705882,1.8941176470588235,0
49,2002,16,0.03488372093023256,1.872093023255814,0
49,2003,1,0.034482758620689655,1.8505747126436782,0
49,2003,2,0.03409090909090909,1.8636363636363635,0
49,2003,3,0.033707865168539325,1.8426966292134832,0
49,2003,4,0.03333333333333333,1.8666666666666667,0
49,2003,9,0.03296703296703297,1.8461538461538463,0
49,2003,10,0.03260869565217391,1.826086956521739,0
49,2003,11,0.03225806451612903,1.8064516129032258,0
49,2003,14,0.031914893617021274,1.7872340425531914,0
49,2003,15,0.031578947368421054,1.768421052631579,0
50,1996,3,0.0,2.0,0
50,1996,10,0.0,1.8333333333333333,0
50,1996,14,0.0,1.5714285714285714,0
50,1996,16,0.0,1.375,0
50,1997,2,0.0,1.2222222222222223,0
50,1997,4,0.0,1.1,0
50,1997,5,0.0,1.0,0
50,1997,6,0.0,0.9166666666666666,0
50,1997,10,0.0,0.8461538461538461,0
50,1997,14,0.0,0.7857142857142857,0
50,1997,16,0.0,0.7333333333333333,0
50,1997,17,0.0,0.6875,0
50,1998,8,0.0,0.6470588235294118,0
50,1998,12,0.0,0.6111111111111112,0
50,1998,15,0.0,0.5789473684210527,0
50,2000,2,0.0,0.55,0
50,2000,3,0.0,0.5238095238095238,0
50,2000,8,0.0,0.5,0
50,2000,12,0.0,0.5652173913043478,0
50,2000,13,0.0,0.5416666666666666,0
50,2000,14,0.0,0.52,0
50,2000,17,0.0,0.6153846153846154,0
50,2001,1,0.0,0.5925925925925926,0
50,2001,2,0.0,0.5714285714285714,0
50,2001,5,0.0,0.5517241379310345,0
50,2001,6,0.0,0.5333333333333333,0
50,2001,7,0.0,0.5483870967741935,0
50,2001,8,0.0,0.53125,0
50,2001,10,0.0,0.5151515151515151,0
50,2001,11,0.0,0.5,0
50,2001,12,0.0,0.4857142857142857,0
50,2001,13,0.0,0.4722222222222222,0
50,2001,14,0.0,0.4594594594594595,0
50,2001,17,0.0,0.4473684210526316,0
50,2003,1,0.0,0.4358974358974359,0
50,2003,2,0.0,0.425,0
50,2003,5,0.0,0.4146341463414634,0
50,2003,8,0.0,0.40476190476190477,0
50,2003,9,0.0,0.3953488372093023,0
50,2003,10,0.0,0.38636363636363635,0
50,2003,11,0.0,0.37777777777777777,0
50,2003,13,0.0,0.3695652173913043,0
50,2003,15,0.0,0.3617021276595745,0
50,2003,16,0.0,0.3541666666666667,0
51,2003,15,0.0,0.0,0
51,2003,16,0.0,0.16666666666666666,0
52,2003,10,0.0,0.2,0
52,2003,11,0.0,0.16666666666666666,0
52,2003,16,0.0,0.14285714285714285,0
54,2001,6,0.0,0.0,0
54,2001,8,0.0,0.0,0
54,2001,9,0.0,0.0,0
54,2001,10,0.0,0.0,0
55,1990,1,0.0,1.6,0
55,1990,2,0.0,2.3333333333333335,0
55,1990,3,0.0,2.0,0
55,1990,4,0.0,1.875,0
55,1990,6,0.0,2.3333333333333335,0
55,1990,8,0.0,2.1,0
55,1990,9,0.0,1.9090909090909092,0
55,1990,11,0.0,1.75,0
55,1990,13,0.0,1.6153846153846154,0
55,1990,16,0.0,1.5,0
55,1991,1,0.0,1.4,0
55,1991,2,0.0,1.3125,0
55,1991,4,0.0,1.2941176470588236,0
55,1991,7,0.0,1.4444444444444444,0
55,1991,9,0.0,1.5263157894736843,0
55,1991,10,0.0,1.65,0
55,1991,13,0.0,1.6666666666666667,0
55,1991,14,0.0,1.7727272727272727,0
55,1992,3,0.0,1.826086956521739,0
55,1992,4,0.0,1.875,0
55,1992,7,0.0,1.96,0
55,1992,10,0.0,2.0384615384615383,0
55,1992,15,0.0,2.037037037037037,0
55,1992,16,0.0,2.0357142857142856,0
55,1993,2,0.0,2.0689655172413794,0
55,1993,6,0.0,2.0,0
55,1993,9,0.0,2.064516129032258,0
55,1993,10,0.0,2.0,0
55,1993,13,0.0,1.9393939393939394,0
55,1993,14,0.0,2.0588235294117645,0
55,1993,16,0.0,2.085714285714286,0
55,1994,1,0.0,2.111111111111111,0
55,1994,4,0.0,2.1621621621621623,0
55,1994,5,0.0,2.1578947368421053,0
55,1994,6,0.0,2.1794871794871793,0
55,1994,8,0.0,2.225,0
55,1994,14,0.0,2.317073170731707,0
55,1994,15,0.0,2.261904761904762,0
55,1994,16,0.0,2.302325581395349,0
55,1995,1,0.0,2.272727272727273,0
55,1995,2,0.0,2.2666666666666666,0
55,1995,3,0.0,2.347826086956522,0
55,1995,6,0.0,2.425531914893617,1
55,1995,7,0.020833333333333332,2.5833333333333335,0
55,1995,8,0.02040816326530612,2.5714285714285716,0
55,1995,13,0.02,2.64,0
55,1995,14,0.0196078431372549,2.627450980392157,0
55,1995,15,0.019230769230769232,2.6923076923076925,0
55,1996,2,0.018867924528301886,2.6792452830188678,0
55,1996,3,0.018518518518518517,2.740740740740741,0
55,1996,5,0.01818181818181818,2.7636363636363637,0
55,1996,7,0.017857142857142856,2.732142857142857,0
55,1996,8,0.017543859649122806,2.789473684210526,0
55,1996,9,0.017241379310344827,2.810344827586207,0
55,1996,11,0.01694915254237288,2.830508474576271,0
55,1996,12,0.016666666666666666,2.8833333333333333,0
55,1996,13,0.01639344262295082,2.901639344262295,0
55,1996,14,0.016129032258064516,2.903225806451613,0
55,1996,15,0.015873015873015872,2.9523809523809526,0
55,1997,2,0.015625,2.953125,0
55,1997,3,0.015384615384615385,2.923076923076923,0
55,1997,4,0.015151515151515152,2.878787878787879,0
55,1997,6,0.014925373134328358,2.8656716417910446,0
55,1997,7,0.014705882352941176,2.8823529411764706,0
55,1997,8,0.014492753623188406,2.927536231884058,0
55,1997,9,0.014285714285714285,2.914285714285714,0
55,1997,10,0.014084507042253521,2.9577464788732395,0
55,1997,11,0.013888888888888888,2.9305555555555554,0
55,1997,12,0.0136986301369863,2.8904109589041096,0
55,1997,13,0.013513513513513514,2.8513513513513513,0
55,1997,15,0.013333333333333334,2.8933333333333335,0
55,1997,16,0.013157894736842105,2.9342105263157894,0
55,1997,17,0.012987012987012988,2.9220779220779223,0
55,1998,2,0.01282051282051282,2.8846153846153846,0
55,1998,3,0.012658227848101266,2.848101265822785,0
55,1998,4,0.0125,2.8375,0
55,1998,5,0.012345679012345678,2.814814814814815,0
55,1998,6,0.012195121951219513,2.7804878048780486,0
55,1998,8,0.012048192771084338,2.746987951807229,0
55,1998,11,0.011904761904761904,2.7142857142857144,0
55,1998,12,0.011764705882352941,2.6823529411764704,0
55,1998,13,0.011627906976744186,2.6511627906976742,0
55,1998,14,0.011494252873563218,2.6666666666666665,0
55,1998,15,0.011363636363636364,2.659090909090909,0
55,1998,16,0.011235955056179775,2.6292134831460676,0
55,1999,3,0.011111111111111112,2.6,0
55,1999,8,0.01098901098901099,2.5824175824175826,0
55,1999,10,0.010869565217391304,2.5543478260869565,0
55,1999,11,0.010752688172043012,2.5268817204301075,0
55,1999,12,0.010638297872340425,2.5,0
55,1999,13,0.010526315789473684,2.473684210526316,0
55,1999,15,0.010416666666666666,2.4479166666666665,0
55,1999,16,0.010309278350515464,2.422680412371134,0
55,2000,4,0.01020408163265306,2.4081632653061225,0
55,2000,6,0.010101010101010102,2.3838383838383836,0
55,2000,9,0.01,2.36,0
55,2000,14,0.009900990099009901,2.3366336633663365,0
55,2000,17,0.00980392156862745,2.3137254901960786,0
55,2001,1,0.009708737864077669,2.29126213592233,0
55,2001,2,0.009615384615384616,2.269230769230769,0
55,2001,3,0.009523809523809525,2.2476190476190476,0
55,2001,4,0.009433962264150943,2.2264150943396226,0
55,2001,5,0.009345794392523364,2.205607476635514,0
55,2001,6,0.009259259259259259,2.185185185185185,0
55,2001,7,0.009174311926605505,2.165137614678899,0
55,2001,8,0.00909090909090909,2.1545454545454548,0
55,2001,9,0.009009009009009009,2.1531531531531534,0
55,2001,10,0.008928571428571428,2.1339285714285716,0
55,2001,11,0.008849557522123894,2.1150442477876106,0
55,2001,12,0.008771929824561403,2.0964912280701755,0
55,2001,13,0.008695652173913044,2.0869565217391304,0
55,2001,14,0.008620689655172414,2.0689655172413794,0
55,2001,15,0.008547008547008548,2.0598290598290596,0
55,2001,16,0.00847457627118644,2.042372881355932,0
56,1994,15,0.0,1.0,0
56,1995,3,0.0,1.1666666666666667,0
56,1995,4,0.0,1.0,0
56,1995,6,0.0,1.125,0
56,1995,7,0.0,1.4444444444444444,0
56,1995,9,0.0,1.3,0
56,1995,13,0.0,1.1818181818181819,0
56,1995,14,0.0,1.0833333333333333,0
56,1995,15,0.0,1.0769230769230769,0
56,1995,16,0.0,1.0,0
56,1996,1,0.0,1.1333333333333333,0
56,1996,2,0.0,1.3125,0
56,1996,3,0.0,1.2352941176470589,0
56,1996,5,0.0,1.2777777777777777,0
56,1996,6,0.0,1.368421052631579,0
56,1996,15,0.0,1.3,0
56,1997,2,0.0,1.3333333333333333,0
56,1997,3,0.0,1.2727272727272727,0
56,1997,4,0.0,1.4782608695652173,0
56,1997,5,0.0,1.5833333333333333,0
56,1997,6,0.0,1.68,0
56,1997,8,0.0,1.6153846153846154,0
56,1997,11,0.0,1.7037037037037037,0
56,1997,12,0.0,1.6428571428571428,0
56,1997,13,0.0,1.5862068965517242,0
56,1997,16,0.0,1.5333333333333334,0
56,1997,17,0.0,1.6129032258064515,0
56,1998,1,0.0,1.625,0
56,1998,2,0.0,1.6666666666666667,0
56,1998,3,0.0,1.6176470588235294,0
56,1998,4,0.0,1.6857142857142857,0
56,1998,6,0.0,1.75,0
56,1998,7,0.0,1.8108108108108107,0
56,1998,8,0.0,1.868421052631579,0
56,1998,9,0.0,1.9743589743589745,0
56,1998,10,0.0,2.025,0
56,1998,11,0.0,2.048780487804878,0
56,1998,14,0.0,2.0,0
56,1998,15,0.0,2.0930232558139537,0
56,1998,16,0.0,2.1136363636363638,0
56,1999,1,0.0,2.2,1
56,1999,2,0.021739130434782608,2.369565217391304,0
56,1999,4,0.02127659574468085,2.3617021276595747,0
56,1999,5,0.020833333333333332,2.4375,0
56,1999,6,0.02040816326530612,2.4489795918367347,0
56,1999,7,0.02,2.48,0
56,1999,8,0.0196078431372549,2.450980392156863,0
56,1999,9,0.019230769230769232,2.519230769230769,1
56,1999,10,0.03773584905660377,2.660377358490566,1
56,1999,11,0.05555555555555555,2.7962962962962963,0
56,1999,12,0.05454545454545454,2.8181818181818183,0
56,1999,13,0.05357142857142857,2.8214285714285716,0
56,1999,14,0.05263157894736842,2.789473684210526,0
56,1999,15,0.05172413793103448,2.7413793103448274,1
56,1999,16,0.06779661016949153,2.864406779661017,0
56,2000,3,0.06666666666666667,2.8833333333333333,0
56,2000,4,0.06557377049180328,2.8360655737704916,0
56,2000,5,0.06451612903225806,2.7903225806451615,0
56,2000,7,0.06349206349206349,2.746031746031746,0
56,2000,8,0.0625,2.75,0
56,2000,9,0.06153846153846154,2.707692307692308,0
56,2000,11,0.06060606060606061,2.6666666666666665,0
56,2000,12,0.05970149253731343,2.626865671641791,0
56,2000,13,0.058823529411764705,2.588235294117647,0
56,2000,15,0.057971014492753624,2.550724637681159,0
56,2000,16,0.05714285714285714,2.5142857142857142,0
56,2000,17,0.056338028169014086,2.4788732394366195,0
56,2001,1,0.05555555555555555,2.4583333333333335,0
56,2001,6,0.0547945205479452,2.4246575342465753,0
56,2001,7,0.05405405405405406,2.391891891891892,0
56,2001,9,0.05333333333333334,2.4133333333333336,0
56,2001,11,0.05263157894736842,2.3815789473684212,0
56,2001,16,0.05194805194805195,2.3506493506493507,0
56,2002,1,0.05128205128205128,2.3461538461538463,0
56,2002,3,0.05063291139240506,2.3544303797468356,0
56,2002,7,0.05,2.325,0
56,2002,14,0.04938271604938271,2.2962962962962963,0
56,2002,15,0.04878048780487805,2.2804878048780486,0
56,2002,16,0.04819277108433735,2.3012048192771086,0
56,2002,17,0.047619047619047616,2.2738095238095237,0
57,1991,10,0.0,0.4,0
57,1991,12,0.0,0.3333333333333333,0
57,1991,13,0.0,0.2857142857142857,0
57,1991,16,0.0,0.25,0
57,1992,1,0.0,0.2222222222222222,0
57,1992,2,0.0,0.2,0
57,1992,3,0.0,0.2727272727272727,0
57,1992,8,0.0,0.25,0
57,1992,9,0.0,0.46153846153846156,0
57,1992,11,0.0,0.5,0
57,1992,12,0.0,0.6666666666666666,0
57,1992,14,0.0,0.6875,0
57,1992,16,0.0,0.7647058823529411,0
57,1993,15,0.0,0.7222222222222222,0
57,1994,3,0.0,0.8947368421052632,0
57,1994,8,0.0,1.05,0
57,1994,11,0.0,1.1904761904761905,0
57,1994,12,0.0,1.4090909090909092,0
57,1994,13,0.0,1.5217391304347827,0
57,1994,14,0.0,1.625,0
57,1994,15,0.0,1.72,0
57,1994,16,0.0,1.6538461538461537,0
57,1995,1,0.0,1.5925925925925926,0
57,1995,3,0.0,1.6428571428571428,0
57,1995,7,0.0,1.6551724137931034,0
57,1995,12,0.0,1.6,0
57,1995,14,0.0,1.7419354838709677,0
57,1995,16,0.0,1.6875,0
57,1996,1,0.0,1.8181818181818181,0
57,1996,2,0.0,1.8235294117647058,0
57,1996,4,0.0,1.8571428571428572,0
57,1996,5,0.0,1.8055555555555556,0
57,1996,6,0.0,1.7567567567567568,0
57,1996,7,0.0,1.736842105263158,0
57,1996,8,0.0,1.7435897435897436,0
57,1996,9,0.0,1.75,0
57,1996,10,0.0,1.7560975609756098,0
57,1996,12,0.0,1.8095238095238095,0
57,1996,13,0.0,1.8372093023255813,0
57,1996,14,0.0,1.8863636363636365,0
57,1996,16,0.0,1.9333333333333333,0
57,1997,1,0.0,1.9782608695652173,0
57,1997,2,0.0,2.021276595744681,0
57,1997,3,0.0,2.0416666666666665,0
57,1997,4,0.0,2.0408163265306123,0
57,1997,6,0.0,2.02,0
57,1997,10,0.0,1.9803921568627452,0
57,1997,13,0.0,2.019230769230769,0
57,1997,16,0.0,1.9811320754716981,0
57,1997,17,0.0,2.0,1
57,1998,1,0.01818181818181818,2.1454545454545455,1
57,1998,2,0.03571428571428571,2.2857142857142856,1
57,1998,3,0.05263157894736842,2.4210526315789473,0
57,1998,5,0.05172413793103448,2.4827586206896552,1
57,1998,6,0.06779661016949153,2.610169491525424,1
57,1998,8,0.08333333333333333,2.7333333333333334,0
57,1998,9,0.08196721311475409,2.7540983606557377,0
57,1998,10,0.08064516129032258,2.806451612903226,1
57,1998,11,0.09523809523809523,2.9206349206349205,1
57,1998,12,0.109375,3.03125,0
57,1998,14,0.1076923076923077,3.0,0
57,1998,15,0.10606060606060606,3.0,1
57,1998,16,0.11940298507462686,3.1044776119402986,1
57,1999,2,0.1323529411764706,3.2058823529411766,1
57,1999,4,0.14492753623188406,3.3043478260869565,0
57,1999,5,0.14285714285714285,3.3142857142857145,1
57,1999,6,0.15492957746478872,3.408450704225352,1
57,1999,7,0.16666666666666666,3.5,0
57,1999,9,0.1643835616438356,3.5342465753424657,0
57,1999,11,0.16216216216216217,3.5405405405405403,1
57,1999,12,0.17333333333333334,3.6266666666666665,0
57,1999,14,0.17105263157894737,3.6578947368421053,0
57,1999,15,0.16883116883116883,3.6363636363636362,0
57,1999,16,0.16666666666666666,3.641025641025641,1
57,2000,3,0.17721518987341772,3.721518987341772,0
57,2000,4,0.175,3.75,0
57,2000,5,0.1728395061728395,3.7777777777777777,1
57,2000,6,0.18292682926829268,3.8536585365853657,0
57,2000,7,0.18072289156626506,3.8795180722891565,0
57,2000,8,0.17857142857142858,3.8452380952380953,0
57,2000,9,0.17647058823529413,3.835294117647059,0
57,2000,10,0.1744186046511628,3.86046511627907,1
57,2000,11,0.1839080459770115,3.9310344827586206,0
57,2000,12,0.18181818181818182,3.9545454545454546,1
57,2000,13,0.19101123595505617,4.022471910112359,1
57,2000,14,0.2,4.088888888888889,0
57,2000,16,0.1978021978021978,4.1098901098901095,0
57,2000,17,0.1956521739130435,4.130434782608695,0
57,2001,2,0.1935483870967742,4.118279569892473,0
57,2001,4,0.19148936170212766,4.085106382978723,0
57,2001,5,0.18947368421052632,4.073684210526316,0
57,2001,8,0.1875,4.03125,0
57,2001,9,0.18556701030927836,4.030927835051546,0
57,2001,11,0.1836734693877551,4.0,1
57,2001,13,0.1919191919191919,4.0606060606060606,0
57,2001,14,0.19,4.04,0
57,2001,16,0.18811881188118812,4.02970297029703,1
57,2001,17,0.19607843137254902,4.088235294117647,0
58,2001,3,0.0,0.0,0
58,2001,5,0.0,0.0,0
58,2001,8,0.0,0.0,0
58,2001,10,0.0,0.0,0
58,2001,14,0.0,0.0,0
59,2001,16,0.0,0.0,0
59,2001,17,0.0,0.0,0
59,2002,7,0.0,0.0,0
59,2002,9,0.0,0.0,0
60,2000,8,0.0,0.0,0
60,2000,10,0.0,0.0,0
60,2000,11,0.0,0.0,0
60,2000,13,0.0,0.0,0
60,2000,14,0.0,0.0,0
60,2000,16,0.0,0.0,0
60,2000,17,0.0,0.0,0
60,2001,2,0.0,0.0,0
62,2002,15,0.0,0.0,0
63,1995,8,0.0,0.0,0
63,1995,11,0.0,0.0,0
63,1995,12,0.0,0.0,0
63,1995,13,0.0,0.25,0
63,1995,14,0.0,0.2222222222222222,0
63,1995,15,0.0,0.2,0
63,1995,16,0.0,0.18181818181818182,0
63,1995,17,0.0,0.25,0
63,1996,1,0.0,0.38461538461538464,0
63,1996,2,0.0,0.42857142857142855,0
63,1996,6,0.0,0.5333333333333333,0
63,1996,9,0.0,0.625,0
63,1996,10,0.0,0.5882352941176471,0
63,1996,11,0.0,0.5555555555555556,0
63,1996,13,0.0,0.5263157894736842,0
63,1996,15,0.0,0.5,0
63,1997,2,0.0,0.47619047619047616,0
63,1997,3,0.0,0.45454545454545453,0
63,1997,4,0.0,0.43478260869565216,0
63,1997,5,0.0,0.4166666666666667,0
63,1997,11,0.0,0.48,0
63,1997,12,0.0,0.46153846153846156,0
63,1997,15,0.0,0.4444444444444444,0
63,1997,17,0.0,0.42857142857142855,0
63,1998,4,0.0,0.41379310344827586,0
63,1998,6,0.0,0.4,0
63,1998,8,0.0,0.4838709677419355,0
63,1998,11,0.0,0.46875,0
63,1998,15,0.0,0.45454545454545453,0
63,1999,3,0.0,0.4411764705882353,0
63,1999,5,0.0,0.42857142857142855,0
63,1999,9,0.0,0.4166666666666667,0
63,1999,10,0.0,0.40540540540540543,0
63,1999,11,0.0,0.5526315789473685,0
63,1999,12,0.0,0.5384615384615384,0
63,1999,13,0.0,0.525,0
63,2000,3,0.0,0.6097560975609756,0
63,2000,4,0.0,0.6190476190476191,0
63,2000,5,0.0,0.6046511627906976,0
63,2000,7,0.0,0.5909090909090909,0
63,2000,9,0.0,0.6222222222222222,0
63,2000,10,0.0,0.6086956521739131,0
63,2000,11,0.0,0.6170212765957447,0
63,2000,12,0.0,0.6458333333333334,0
63,2000,13,0.0,0.6326530612244898,0
63,2000,14,0.0,0.62,0
63,2000,16,0.0,0.6078431372549019,0
63,2000,17,0.0,0.5961538461538461,0
63,2002,1,0.0,0.5849056603773585,0
63,2002,2,0.0,0.5925925925925926,0
63,2002,3,0.0,0.5818181818181818,0
63,2002,5,0.0,0.5892857142857143,0
63,2002,6,0.0,0.5789473684210527,0
63,2002,12,0.0,0.5689655172413793,0
63,2002,13,0.0,0.559322033898305,0
63,2002,14,0.0,0.55,0
63,2002,15,0.0,0.5409836065573771,0
63,2002,16,0.0,0.532258064516129,0
63,2002,17,0.0,0.5238095238095238,0
64,1995,14,0.0,0.0,0
64,1995,15,0.0,0.0,0
64,1995,17,0.0,0.0,0
64,1996,1,0.0,0.0,0
64,1996,2,0.0,0.0,0
64,1996,4,0.0,0.0,0
64,1996,5,0.0,0.0,0
64,1996,7,0.0,0.0,0
64,1996,14,0.0,0.07692307692307693,0
64,1997,1,0.0,0.14285714285714285,0
64,1997,7,0.0,0.13333333333333333,0
64,1997,12,0.0,0.125,0
64,1997,14,0.0,0.11764705882352941,0
64,1997,15,0.0,0.1111111111111111,0
64,1997,16,0.0,0.21052631578947367,0
64,1998,6,0.0,0.2,0
64,1998,7,0.0,0.23809523809523808,0
64,1998,8,0.0,0.22727272727272727,0
64,1998,12,0.0,0.21739130434782608,0
64,1998,13,0.0,0.20833333333333334,0
64,1999,6,0.0,0.28,0
64,1999,8,0.0,0.3076923076923077,0
64,1999,9,0.0,0.3333333333333333,0
64,1999,16,0.0,0.35714285714285715,0
64,2000,3,0.0,0.3448275862068966,0
64,2000,4,0.0,0.3333333333333333,0
64,2000,6,0.0,0.3225806451612903,0
64,2000,8,0.0,0.3125,0
64,2000,9,0.0,0.30303030303030304,0
64,2000,10,0.0,0.29411764705882354,0
64,2000,13,0.0,0.2857142857142857,0
64,2000,14,0.0,0.2777777777777778,0
64,2000,15,0.0,0.2702702702702703,0
64,2000,16,0.0,0.2631578947368421,0
65,1991,6,0.0,1.0,0
65,1991,7,0.0,0.8333333333333334,0
65,1991,8,0.0,0.7142857142857143,0
65,1991,11,0.0,0.625,0
65,1991,16,0.0,0.5555555555555556,0
65,1992,1,0.0,0.5,0
65,1992,2,0.0,0.5454545454545454,0
65,1992,8,0.0,0.5,0
65,1992,12,0.0,0.5384615384615384,0
65,1992,16,0.0,0.5,0
65,1993,2,0.0,0.4666666666666667,0
65,1993,3,0.0,0.625,0
65,1993,4,0.0,0.7647058823529411,0
65,1993,7,0.0,0.7222222222222222,0
65,1993,9,0.0,0.6842105263157895,0
65,1993,10,0.0,0.8,0
65,1993,12,0.0,0.7619047619047619,0
65,1993,15,0.0,0.8181818181818182,0
65,1994,1,0.0,0.782608695652174,0
65,1994,2,0.0,0.75,0
65,1994,3,0.0,0.72,0
65,1994,6,0.0,0.6923076923076923,0
65,1994,7,0.0,0.6666666666666666,0
65,1994,8,0.0,0.6428571428571429,0
65,1994,11,0.0,0.6206896551724138,0
65,1994,13,0.0,0.6,0
65,1994,14,0.0,0.5806451612903226,0
65,1995,2,0.0,0.5625,0
65,1995,3,0.0,0.6363636363636364,0
65,1995,4,0.0,0.6176470588235294,0
65,1995,5,0.0,0.7714285714285715,0
65,1995,8,0.0,0.8333333333333334,1
65,1995,9,0.02702702702702703,1.0810810810810811,0
65,1995,10,0.02631578947368421,1.131578947368421,0
65,1995,11,0.02564102564102564,1.1794871794871795,0
65,1995,12,0.025,1.15,1
65,1995,13,0.04878048780487805,1.3658536585365855,0
65,1995,14,0.047619047619047616,1.3333333333333333,0
65,1995,15,0.046511627906976744,1.3488372093023255,0
65,1995,16,0.045454545454545456,1.3409090909090908,0
65,1996,3,0.044444444444444446,1.4,0
65,1996,4,0.043478260869565216,1.3695652173913044,0
65,1996,6,0.0425531914893617,1.3404255319148937,0
65,1996,8,0.041666666666666664,1.3958333333333333,0
65,1996,10,0.04081632653061224,1.3673469387755102,0
65,1996,14,0.04,1.34,0
65,1996,15,0.0392156862745098,1.3137254901960784,0
65,1996,16,0.038461538461538464,1.2884615384615385,0
65,1997,2,0.03773584905660377,1.2641509433962264,0
65,1997,3,0.037037037037037035,1.2407407407407407,0
65,1997,6,0.03636363636363636,1.2727272727272727,0
65,1997,7,0.03571428571428571,1.2857142857142858,0
65,1997,8,0.03508771929824561,1.2982456140350878,0
65,1997,11,0.034482758620689655,1.2758620689655173,0
65,1997,12,0.03389830508474576,1.3220338983050848,0
65,1997,14,0.03333333333333333,1.35,0
65,1997,15,0.03278688524590164,1.3278688524590163,0
65,1997,16,0.03225806451612903,1.3064516129032258,0
65,1997,17,0.031746031746031744,1.3015873015873016,0
65,1998,1,0.03125,1.28125,0
65,1998,2,0.03076923076923077,1.2769230769230768,0
65,1998,5,0.030303030303030304,1.2575757575757576,0
65,1998,6,0.029850746268656716,1.2388059701492538,0
65,1998,8,0.029411764705882353,1.2205882352941178,0
65,1998,10,0.028985507246376812,1.2028985507246377,0
65,1998,12,0.02857142857142857,1.1857142857142857,0
65,1998,16,0.028169014084507043,1.1690140845070423,0
65,1999,3,0.027777777777777776,1.1527777777777777,0
65,1999,6,0.0273972602739726,1.1369863013698631,0
65,1999,8,0.02702702702702703,1.1486486486486487,0
65,1999,9,0.02666666666666667,1.1333333333333333,0
65,1999,10,0.02631578947368421,1.118421052631579,0
65,1999,11,0.025974025974025976,1.103896103896104,0
65,1999,14,0.02564102564102564,1.0897435897435896,1
65,1999,15,0.0379746835443038,1.2025316455696202,0
65,1999,16,0.0375,1.225,0
65,2000,3,0.037037037037037035,1.2098765432098766,0
65,2000,4,0.036585365853658534,1.1951219512195121,0
65,2000,5,0.03614457831325301,1.180722891566265,0
65,2000,6,0.03571428571428571,1.1666666666666667,0
65,2000,7,0.03529411764705882,1.1529411764705881,0
65,2000,10,0.03488372093023256,1.1395348837209303,0
65,2000,13,0.034482758620689655,1.1264367816091954,0
65,2000,15,0.03409090909090909,1.1136363636363635,0
65,2000,16,0.033707865168539325,1.101123595505618,0
66,2002,13,0.0,0.0,0
66,2002,14,0.0,0.0,0
66,2002,16,0.0,0.0,0
67,2009,8,0.0,0.6,0
67,2009,9,0.0,0.5,0
67,2009,10,0.0,0.42857142857142855,0
67,2009,12,0.0,0.375,0
67,2009,13,0.0,0.3333333333333333,0
67,2009,16,0.0,0.3,0
67,2009,17,0.0,0.45454545454545453,0
67,2010,1,0.0,0.5,0
67,2010,3,0.0,0.46153846153846156,0
67,2010,6,0.0,0.42857142857142855,0
67,2010,7,0.0,0.4666666666666667,0
67,2010,8,0.0,0.4375,0
67,2010,9,0.0,0.6470588235294118,0
67,2010,10,0.0,0.7222222222222222,0
67,2010,12,0.0,0.6842105263157895,0
67,2010,13,0.0,0.65,0
67,2010,14,0.0,0.6190476190476191,0
67,2010,15,0.0,0.5909090909090909,0
67,2010,16,0.0,0.5652173913043478,0
67,2010,18,0.0,0.5833333333333334,0
67,2010,19,0.0,0.56,0
67,2011,1,0.0,0.5384615384615384,0
67,2011,2,0.0,0.6666666666666666,0
67,2011,3,0.0,0.6428571428571429,0
67,2011,4,0.0,0.6206896551724138,0
67,2011,5,0.0,0.6666666666666666,0
67,2011,6,0.0,0.6451612903225806,0
67,2011,7,0.0,0.65625,0
67,2011,8,0.0,0.6666666666666666,0
67,2011,10,0.0,0.6470588235294118,0
67,2011,11,0.0,0.6285714285714286,0
67,2011,13,0.0,0.7222222222222222,0
67,2011,14,0.0,0.7297297297297297,0
67,2011,16,0.0,0.7105263157894737,0
67,2011,19,0.0,0.7435897435897436,0
68,1998,12,0.0,0.0,0
68,1998,14,0.0,0.0,0
68,1998,15,0.0,0.0,0
68,1999,1,0.0,0.0,0
68,1999,2,0.0,0.0,0
68,1999,5,0.0,0.0,0
68,1999,8,0.0,0.0,0
69,1993,14,0.0,0.0,0
69,1995,3,0.0,0.0,0
69,1995,6,0.0,0.0,0
69,1995,7,0.0,0.0,0
69,1995,8,0.0,0.0,0
69,1995,10,0.0,0.0,0
69,1995,13,0.0,0.0,0
69,1995,14,0.0,0.0,0
69,1995,15,0.0,0.0,0
69,1995,16,0.0,0.0,0
69,1996,2,0.0,0.0,0
69,1996,5,0.0,0.0,0
69,1999,3,0.0,0.0,0
69,1999,6,0.0,0.0,0
69,1999,7,0.0,0.0,0
69,1999,9,0.0,0.0,0
69,1999,10,0.0,0.0,0
69,1999,11,0.0,0.0,0
69,2009,11,0.0,0.0,0
69,2009,12,0.0,0.0,0
70,1993,6,0.0,0.2,0
70,1993,7,0.0,0.16666666666666666,0
70,1994,5,0.0,0.14285714285714285,0
70,1994,6,0.0,0.125,0
70,1994,10,0.0,0.1111111111111111,0
70,1994,14,0.0,0.1,0
70,1994,15,0.0,0.09090909090909091,0
70,1999,3,0.0,0.08333333333333333,0
70,1999,4,0.0,0.07692307692307693,0
70,1999,8,0.0,0.07142857142857142,0
70,1999,12,0.0,0.06666666666666667,0
70,1999,13,0.0,0.0625,0
70,1999,15,0.0,0.058823529411764705,0
71,1993,7,0.0,3.6,0
71,1993,8,0.0,3.6666666666666665,0
71,1993,10,0.0,4.0,0
71,1993,11,0.0,3.5,1
71,1993,12,0.1111111111111111,4.222222222222222,1
71,1993,13,0.2,4.8,1
71,1993,14,0.2727272727272727,5.2727272727272725,0
71,1993,15,0.25,5.166666666666667,0
71,1993,16,0.23076923076923078,5.0,0
71,1994,1,0.21428571428571427,4.928571428571429,0
71,1994,3,0.2,5.0,0
71,1994,5,0.1875,4.75,1
71,1994,6,0.23529411764705882,5.0588235294117645,0
71,1994,7,0.2222222222222222,5.111111111111111,0
71,1994,8,0.21052631578947367,5.157894736842105,1
71,1994,9,0.25,5.4,0
71,1994,10,0.23809523809523808,5.142857142857143,0
71,1994,11,0.22727272727272727,5.181818181818182,1
71,1994,12,0.2608695652173913,5.391304347826087,1
71,1994,13,0.2916666666666667,5.583333333333333,1
71,1994,14,0.32,5.76,0
71,1994,15,0.3076923076923077,5.769230769230769,1
71,1995,2,0.3333333333333333,5.925925925925926,1
71,1995,3,0.35714285714285715,6.071428571428571,1
71,1995,4,0.3793103448275862,6.206896551724138,0
71,1995,5,0.36666666666666664,6.1,0
71,1995,7,0.3548387096774194,6.096774193548387,0
71,1995,10,0.34375,6.09375,1
71,1995,11,0.36363636363636365,6.212121212121212,0
71,1995,13,0.35294117647058826,6.205882352941177,0
71,1995,15,0.34285714285714286,6.142857142857143,0
71,1995,17,0.3333333333333333,6.083333333333333,1
71,1996,1,0.35135135135135137,6.1891891891891895,1
71,1996,2,0.3684210526315789,6.2894736842105265,1
71,1996,3,0.38461538461538464,6.384615384615385,1
71,1996,4,0.4,6.475,0
71,1996,5,0.3902439024390244,6.390243902439025,1
71,1996,8,0.40476190476190477,6.476190476190476,1
71,1996,9,0.4186046511627907,6.558139534883721,1
71,1996,11,0.4318181818181818,6.636363636363637,1
71,1996,12,0.4444444444444444,6.711111111111111,0
71,1996,13,0.43478260869565216,6.695652173913044,0
71,1996,15,0.425531914893617,6.595744680851064,0
71,1996,16,0.4166666666666667,6.583333333333333,1
71,1997,2,0.42857142857142855,6.653061224489796,0
71,1997,7,0.42,6.52,0
71,1997,8,0.4117647058823529,6.392156862745098,0
71,1997,9,0.40384615384615385,6.269230769230769,0
71,1997,10,0.39622641509433965,6.169811320754717,0
71,1997,11,0.3888888888888889,6.055555555555555,0
71,1997,12,0.38181818181818183,6.054545454545455,0
71,1997,14,0.375,5.946428571428571,0
71,1997,15,0.3684210526315789,5.842105263157895,0
71,1997,16,0.3620689655172414,5.741379310344827,0
71,1998,1,0.3559322033898305,5.6440677966101696,0
71,1998,3,0.35,5.55,0
71,1998,4,0.3442622950819672,5.459016393442623,0
71,1998,6,0.3387096774193548,5.370967741935484,0
71,1998,10,0.3333333333333333,5.285714285714286,0
71,1998,11,0.328125,5.203125,0
71,1998,12,0.3230769230769231,5.1692307692307695,0
71,1998,13,0.3181818181818182,5.136363636363637,1
71,1998,14,0.3283582089552239,5.208955223880597,0
71,1998,15,0.3235294117647059,5.147058823529412,0
71,1998,16,0.3188405797101449,5.072463768115942,0
71,1999,3,0.3142857142857143,5.042857142857143,0
71,1999,5,0.30985915492957744,5.014084507042254,0
71,1999,8,0.3055555555555556,4.944444444444445,0
71,1999,9,0.3013698630136986,4.904109589041096,0
71,1999,11,0.2972972972972973,4.837837837837838,0
71,1999,12,0.29333333333333333,4.786666666666667,0
71,1999,13,0.2894736842105263,4.7368421052631575,0
73,1996,13,0.0,0.0,0
73,1996,15,0.0,0.0,0
73,1996,16,0.0,0.0,0
73,1998,3,0.0,0.0,0
73,1998,7,0.0,0.0,0
73,1998,10,0.0,0.0,0
73,1998,14,0.0,0.0,0
75,1997,11,0.0,0.2,0
75,1997,13,0.0,0.3333333333333333,0
75,1997,17,0.0,0.2857142857142857,0
75,1998,3,0.0,0.25,0
75,1998,5,0.0,0.2222222222222222,0
75,1998,6,0.0,0.2,0
75,1998,7,0.0,0.18181818181818182,0
75,1998,8,0.0,0.16666666666666666,0
75,1998,9,0.0,0.15384615384615385,0
75,1998,10,0.0,0.14285714285714285,0
75,1998,12,0.0,0.13333333333333333,0
75,1998,13,0.0,0.125,0
75,1998,15,0.0,0.11764705882352941,0
76,1997,17,0.0,0.0,0
76,1998,2,0.0,0.0,0
76,1998,5,0.0,0.0,0
76,1998,7,0.0,0.0,0
77,1985,8,0.0,0.0,0
77,1985,9,0.0,0.0,0
77,1985,11,0.0,0.0,0
77,1985,13,0.0,0.0,0
77,1985,14,0.0,0.0,0
77,1985,15,0.0,0.0,0
77,1985,16,0.0,0.18181818181818182,0
77,1986,1,0.0,0.25,0
77,1986,2,0.0,0.3076923076923077,0
77,1986,3,0.0,0.35714285714285715,0
77,1986,5,0.0,0.6,0
77,1986,10,0.0,0.5625,0
77,1986,12,0.0,0.5294117647058824,0
77,1986,13,0.0,0.5,0
77,1986,15,0.0,0.5789473684210527,1
77,1987,1,0.05,1.0,0
77,1987,4,0.047619047619047616,1.0952380952380953,0
77,1987,5,0.045454545454545456,1.1818181818181819,0
77,1987,11,0.043478260869565216,1.2608695652173914,0
77,1987,12,0.041666666666666664,1.3333333333333333,0
77,1987,15,0.04,1.52,1
77,1987,16,0.07692307692307693,1.8076923076923077,1
77,1988,1,0.1111111111111111,2.074074074074074,0
77,1988,2,0.10714285714285714,2.2142857142857144,0
77,1988,3,0.10344827586206896,2.206896551724138,0
77,1988,4,0.1,2.3333333333333335,0
77,1988,7,0.0967741935483871,2.3870967741935485,0
77,1988,8,0.09375,2.40625,0
77,1988,9,0.09090909090909091,2.3333333333333335,0
77,1988,10,0.08823529411764706,2.3823529411764706,0
77,1988,12,0.08571428571428572,2.4,1
77,1988,14,0.1111111111111111,2.5833333333333335,0
77,1988,15,0.10810810810810811,2.5405405405405403,0
77,1989,12,0.10526315789473684,2.5526315789473686,0
77,1989,13,0.10256410256410256,2.641025641025641,1
77,1989,14,0.125,2.8,0
77,1990,2,0.12195121951219512,2.8780487804878048,0
77,1990,3,0.11904761904761904,2.9523809523809526,0
77,1990,4,0.11627906976744186,3.0232558139534884,0
77,1990,5,0.11363636363636363,3.0454545454545454,0
77,1990,6,0.1111111111111111,3.0444444444444443,0
77,1990,7,0.10869565217391304,3.0652173913043477,0
77,1990,8,0.10638297872340426,3.0425531914893615,0
77,1990,9,0.10416666666666667,2.9791666666666665,0
77,1990,10,0.10204081632653061,3.0,0
77,1990,11,0.1,2.94,0
77,1990,12,0.09803921568627451,2.9607843137254903,0
77,1990,13,0.09615384615384616,2.980769230769231,0
77,1990,16,0.09433962264150944,2.981132075471698,0
77,1991,2,0.09259259259259259,2.9814814814814814,0
77,1991,3,0.09090909090909091,3.0,0
77,1991,8,0.08928571428571429,3.0535714285714284,0
77,1991,9,0.08771929824561403,3.1052631578947367,0
77,1991,10,0.08620689655172414,3.103448275862069,0
77,1991,11,0.0847457627118644,3.1016949152542375,0
77,1991,12,0.08333333333333333,3.15,0
77,1991,15,0.08196721311475409,3.1475409836065573,1
77,1991,16,0.0967741935483871,3.2580645161290325,0
77,1992,1,0.09523809523809523,3.238095238095238,0
77,1992,2,0.09375,3.21875,0
77,1992,4,0.09230769230769231,3.2153846153846155,0
77,1992,7,0.09090909090909091,3.212121212121212,1
77,1992,9,0.1044776119402985,3.3134328358208953,0
77,1992,11,0.10294117647058823,3.2941176470588234,0
77,1992,13,0.10144927536231885,3.3043478260869565,0
77,1992,14,0.1,3.3,0
77,1992,15,0.09859154929577464,3.3380281690140845,0
77,1992,16,0.09722222222222222,3.375,1
77,1993,1,0.1095890410958904,3.4657534246575343,0
77,1993,5,0.10810810810810811,3.4324324324324325,0
77,1993,6,0.10666666666666667,3.4,0
77,1993,7,0.10526315789473684,3.3552631578947367,0
77,1993,8,0.1038961038961039,3.3506493506493507,0
77,1993,10,0.10256410256410256,3.3076923076923075,0
77,1993,11,0.10126582278481013,3.278481012658228,0
77,1993,12,0.1,3.2875,0
77,1993,16,0.09876543209876543,3.246913580246914,0
77,1994,2,0.0975609756097561,3.231707317073171,0
77,1994,4,0.0963855421686747,3.2650602409638556,0
77,1994,6,0.09523809523809523,3.2738095238095237,0
77,1994,7,0.09411764705882353,3.2705882352941176,0
77,1994,9,0.09302325581395349,3.2790697674418605,1
77,1994,10,0.10344827586206896,3.3563218390804597,0
77,1994,12,0.10227272727272728,3.3181818181818183,0
77,1994,14,0.10112359550561797,3.348314606741573,0
77,1994,16,0.1,3.3333333333333335,0
77,1995,1,0.0989010989010989,3.3626373626373627,0
77,1995,2,0.09782608695652174,3.369565217391304,0
77,1995,3,0.0967741935483871,3.3440860215053765,0
77,1995,4,0.09574468085106383,3.351063829787234,0
77,1995,5,0.09473684210526316,3.357894736842105,0
77,1995,6,0.09375,3.3645833333333335,0
77,1995,7,0.09278350515463918,3.329896907216495,0
77,1995,9,0.09183673469387756,3.295918367346939,0
77,1995,10,0.09090909090909091,3.303030303030303,0
77,1995,13,0.09,3.31,0
77,1995,15,0.0891089108910891,3.3069306930693068,0
77,1996,1,0.08823529411764706,3.303921568627451,0
77,1996,4,0.08737864077669903,3.3009708737864076,0
77,1996,5,0.08653846153846154,3.269230769230769,0
77,1996,9,0.08571428571428572,3.276190476190476,0
77,1996,10,0.08490566037735849,3.2735849056603774,0
77,1996,11,0.08411214953271028,3.2990654205607477,0
77,1996,13,0.08333333333333333,3.2685185185185186,0
77,1996,15,0.08256880733944955,3.2477064220183487,0
77,1996,16,0.08181818181818182,3.227272727272727,0
77,1997,1,0.08108108108108109,3.225225225225225,0
77,1997,2,0.08035714285714286,3.2232142857142856,0
77,1997,3,0.07964601769911504,3.247787610619469,0
77,1997,5,0.07894736842105263,3.2280701754385963,0
77,1997,6,0.0782608695652174,3.2,0
77,1997,10,0.07758620689655173,3.1724137931034484,1
77,1997,11,0.08547008547008547,3.230769230769231,0
77,1997,12,0.0847457627118644,3.2033898305084745,0
77,1997,13,0.08403361344537816,3.1848739495798317,0
77,1997,14,0.08333333333333333,3.158333333333333,0
77,1997,15,0.08264462809917356,3.1322314049586777,0
77,1997,16,0.08196721311475409,3.1311475409836067,0
77,1997,17,0.08130081300813008,3.105691056910569,0
78,1990,3,0.0,0.0,0
78,1990,6,0.0,0.0,0
78,1990,7,0.0,0.0,0
78,1990,8,0.0,0.0,0
78,1990,9,0.0,0.0,0
78,1990,10,0.0,0.0,0
78,1990,11,0.0,0.0,0
78,1990,12,0.0,0.0,0
78,1990,13,0.0,0.0,0
78,1990,14,0.0,0.0,0
78,1990,15,0.0,0.0,0
78,1990,16,0.0,0.0,0
78,1991,1,0.0,0.0,0
78,1991,10,0.0,0.0,0
78,1991,12,0.0,0.0,0
78,1992,15,0.0,0.0,0
78,1992,16,0.0,0.0,0
78,1994,3,0.0,0.0,0
78,1997,1,0.0,0.2608695652173913,0
78,1997,2,0.0,0.2916666666666667,0
78,1997,4,0.0,0.28,0
79,1992,15,0.0,0.0,0
79,1993,7,0.0,0.0,0
79,1993,9,0.0,0.0,0
79,1993,11,0.0,0.0,0
79,1993,12,0.0,0.0,0
79,1993,13,0.0,0.0,0
79,1994,1,0.0,0.0,0
79,1994,3,0.0,0.16666666666666666,0
79,1994,8,0.0,0.3076923076923077,0
79,1994,14,0.0,0.35714285714285715,0
79,1995,2,0.0,0.3333333333333333,0
79,1995,9,0.0,0.3125,0
79,1995,12,0.0,0.29411764705882354,0
79,1995,15,0.0,0.2777777777777778,0
79,1996,1,0.0,0.2631578947368421,0
79,1996,2,0.0,0.25,0
79,1996,12,0.0,0.23809523809523808,0
79,1996,13,0.0,0.22727272727272727,0
79,1996,14,0.0,0.21739130434782608,0
79,1996,15,0.0,0.20833333333333334,0
79,1997,2,0.0,0.2,0
79,1997,4,0.0,0.19230769230769232,0
79,1997,5,0.0,0.18518518518518517,0
79,1997,8,0.0,0.17857142857142858,0
79,1997,11,0.0,0.1724137931034483,0
79,1997,12,0.0,0.16666666666666666,0
79,1997,14,0.0,0.16129032258064516,0
79,1997,17,0.0,0.15625,0
81,1991,12,0.0,0.0,0
81,1991,13,0.0,0.0,0
81,1991,14,0.0,0.0,0
81,1991,16,0.0,0.0,0
81,1992,3,0.0,0.05555555555555555,0
81,1992,7,0.0,0.05,0
81,1992,8,0.0,0.045454545454545456,0
81,1992,9,0.0,0.041666666666666664,0
81,1992,10,0.0,0.038461538461538464,0
81,1992,12,0.0,0.03571428571428571,0
81,1992,14,0.0,0.03333333333333333,0
81,1992,15,0.0,0.03125,0
81,1992,16,0.0,0.029411764705882353,0
81,1994,9,0.0,0.027777777777777776,0
81,1994,11,0.0,0.13157894736842105,0
81,1994,13,0.0,0.175,0
81,1994,14,0.0,0.16666666666666666,0
81,1995,3,0.0,0.1590909090909091,0
81,1995,4,0.0,0.15217391304347827,0
81,1995,5,0.0,0.14583333333333334,0
81,1995,6,0.0,0.14,0
81,1995,7,0.0,0.17307692307692307,0
81,1995,17,0.0,0.16666666666666666,0
81,1997,6,0.0,0.30357142857142855,0
81,1997,7,0.0,0.29310344827586204,0
81,1997,12,0.0,0.2833333333333333,0
81,1997,13,0.0,0.27419354838709675,0
81,1997,14,0.0,0.265625,0
81,1997,15,0.0,0.25757575757575757,0
83,1995,10,0.0,0.0,0
83,1995,11,0.0,0.0,0
83,1995,14,0.0,0.0,0
83,1995,15,0.0,0.0,0
83,1995,16,0.0,0.0,0
83,1995,17,0.0,0.0,0
83,1996,2,0.0,0.09090909090909091,0
83,1996,4,0.0,0.08333333333333333,0
83,1996,5,0.0,0.07692307692307693,0
83,1996,9,0.0,0.07142857142857142,0
83,1996,11,0.0,0.06666666666666667,0
83,1996,13,0.0,0.0625,0
83,1996,15,0.0,0.058823529411764705,0
83,1996,16,0.0,0.05555555555555555,0
84,1985,9,0.0,0.0,0
84,1985,11,0.0,0.0,0
84,1985,12,0.0,0.0,0
84,1985,13,0.0,0.0,0
84,1985,15,0.0,0.0,0
84,1986,1,0.0,0.0,0
84,1986,3,0.0,0.18181818181818182,0
84,1986,6,0.0,0.16666666666666666,0
84,1986,8,0.0,0.15384615384615385,0
84,1986,9,0.0,0.14285714285714285,0
84,1986,11,0.0,0.26666666666666666,0
84,1986,13,0.0,0.3125,0
84,1986,15,0.0,0.29411764705882354,0
84,1986,16,0.0,0.2777777777777778,0
84,1987,2,0.0,0.42105263157894735,0
84,1987,4,0.0,0.5,0
84,1987,13,0.0,0.47619047619047616,0
84,1988,11,0.0,0.45454545454545453,0
84,1989,3,0.0,0.43478260869565216,0
84,1989,4,0.0,0.4583333333333333,0
84,1989,9,0.0,0.44,0
84,1989,10,0.0,0.4230769230769231,0
84,1989,12,0.0,0.4074074074074074,0
84,1989,13,0.0,0.42857142857142855,0
84,1989,15,0.0,0.41379310344827586,0
84,1991,1,0.0,0.4666666666666667,0
84,1991,2,0.0,0.45161290322580644,0
84,1991,3,0.0,0.4375,0
84,1991,9,0.0,0.42424242424242425,0
84,1991,11,0.0,0.4117647058823529,0
84,1991,12,0.0,0.4,0
84,1991,13,0.0,0.3888888888888889,0
84,1991,14,0.0,0.3783783783783784,0
84,1991,15,0.0,0.3684210526315789,0
84,1992,5,0.0,0.41025641025641024,0
84,1992,6,0.0,0.475,0
84,1992,8,0.0,0.5121951219512195,0
84,1992,9,0.0,0.5952380952380952,0
84,1992,10,0.0,0.6744186046511628,0
84,1992,11,0.0,0.7272727272727273,0
84,1992,12,0.0,0.7555555555555555,0
84,1992,13,0.0,0.8043478260869565,0
84,1992,14,0.0,0.9148936170212766,0
84,1992,15,0.0,0.9583333333333334,0
84,1992,16,0.0,1.0204081632653061,0
84,1993,4,0.0,1.08,0
84,1993,6,0.0,1.1372549019607843,0
84,1993,7,0.0,1.1346153846153846,0
84,1993,8,0.0,1.150943396226415,0
84,1993,9,0.0,1.1666666666666667,0
84,1993,10,0.0,1.1454545454545455,0
84,1993,11,0.0,1.125,0
84,1993,12,0.0,1.1403508771929824,0
84,1993,14,0.0,1.1206896551724137,0
84,1993,15,0.0,1.11864406779661,0
84,1993,16,0.0,1.1,0
84,1994,3,0.0,1.098360655737705,0
84,1994,4,0.0,1.0806451612903225,0
84,1994,5,0.0,1.1587301587301588,0
84,1994,10,0.0,1.140625,0
84,1994,12,0.0,1.1692307692307693,0
84,1994,13,0.0,1.1818181818181819,0
84,1994,16,0.0,1.1791044776119404,0
84,1995,4,0.0,1.2205882352941178,0
84,1995,6,0.0,1.2028985507246377,0
84,1995,7,0.0,1.1857142857142857,0
84,1995,11,0.0,1.2112676056338028,0
84,1995,13,0.0,1.25,0
84,1995,14,0.0,1.2328767123287672,0
84,1996,2,0.0,1.2162162162162162,0
84,1996,4,0.0,1.2,0
84,1996,8,0.0,1.1973684210526316,0
84,1996,9,0.0,1.1948051948051948,0
84,1996,10,0.0,1.1794871794871795,0
84,1996,11,0.0,1.1772151898734178,0
84,1996,14,0.0,1.1625,0
84,1996,15,0.0,1.1851851851851851,0
84,1996,16,0.0,1.170731707317073,0
87,1993,1,0.0,0.2,0
87,1993,2,0.0,0.8333333333333334,0
87,1993,5,0.0,1.0,0
87,1993,9,0.0,0.875,0
87,1993,10,0.0,0.7777777777777778,0
87,1993,11,0.0,1.1,0
87,1993,12,0.0,1.0,0
87,1993,15,0.0,0.9166666666666666,0
87,1993,16,0.0,0.8461538461538461,0
87,1994,3,0.0,0.7857142857142857,0
87,1994,5,0.0,0.7333333333333333,0
87,1994,6,0.0,0.9375,0
87,1994,7,0.0,0.8823529411764706,0
87,1994,10,0.0,0.8333333333333334,0
87,1994,11,0.0,0.8947368421052632,0
87,1994,14,0.0,0.95,0
87,1995,1,0.0,0.9047619047619048,0
87,1995,5,0.0,0.9090909090909091,0
87,1995,7,0.0,0.9565217391304348,0
87,1995,8,0.0,0.9166666666666666,0
87,1995,11,0.0,0.96,0
87,1995,12,0.0,1.0,0
87,1995,13,0.0,1.0740740740740742,0
87,1995,15,0.0,1.0357142857142858,0
87,1995,16,0.0,1.0,0
87,1995,17,0.0,0.9666666666666667,0
88,1990,14,0.0,0.2,0
88,1990,15,0.0,0.3333333333333333,0
88,1991,1,0.0,0.8571428571428571,0
88,1992,1,0.0,0.875,0
88,1992,4,0.0,0.7777777777777778,0
88,1992,5,0.0,0.7,0
88,1992,6,0.0,0.6363636363636364,0
88,1992,9,0.0,0.5833333333333334,0
88,1992,12,0.0,0.5384615384615384,0
88,1992,14,0.0,0.5,0
88,1992,15,0.0,0.4666666666666667,0
88,1992,16,0.0,0.4375,0
88,1993,4,0.0,0.4117647058823529,0
88,1993,5,0.0,0.3888888888888889,0
88,1993,7,0.0,0.3684210526315789,0
88,1993,8,0.0,0.35,0
88,1993,16,0.0,0.3333333333333333,0
88,1995,1,0.0,0.3181818181818182,0
88,1995,3,0.0,0.30434782608695654,0
88,1995,9,0.0,0.2916666666666667,0
90,1991,3,0.0,1.4,0
90,1991,4,0.0,1.1666666666666667,0
90,1991,6,0.0,1.4285714285714286,0
90,1991,9,0.0,1.5,0
90,1991,10,0.0,1.3333333333333333,0
90,1991,11,0.0,1.2,0
90,1991,13,0.0,1.3636363636363635,0
90,1991,16,0.0,1.25,0
90,1995,7,0.0,1.1538461538461537,0
90,1995,11,0.0,1.0714285714285714,0
90,1995,13,0.0,1.0,0
90,1995,15,0.0,0.9375,0
91,1992,12,0.0,0.6,0
91,1992,13,0.0,0.5,0
91,1993,6,0.0,0.42857142857142855,0
91,1993,7,0.0,0.375,0
91,1993,10,0.0,0.4444444444444444,0
91,1993,11,0.0,0.4,0
91,1993,13,0.0,0.45454545454545453,0
91,1993,14,0.0,0.6666666666666666,0
91,1993,16,0.0,0.7692307692307693,0
91,1994,1,0.0,0.7142857142857143,0
91,1994,3,0.0,0.7333333333333333,0
91,1995,4,0.0,0.875,0
91,1995,16,0.0,0.8235294117647058,0
92,1991,5,0.0,0.0,0
92,1991,8,0.0,0.3333333333333333,0
92,1991,9,0.0,0.42857142857142855,0
92,1991,10,0.0,0.5,0
92,1992,2,0.0,0.4444444444444444,0
92,1992,6,0.0,0.4,0
92,1992,10,0.0,0.45454545454545453,0
92,1992,12,0.0,0.4166666666666667,0
92,1995,8,0.0,0.38461538461538464,0
92,1995,17,0.0,0.35714285714285715,0
94,1988,8,0.0,0.2,0
94,1988,15,0.0,0.16666666666666666,0
94,1988,16,0.0,0.14285714285714285,0
94,1989,8,0.0,0.125,0
94,1989,9,0.0,0.3333333333333333,0
94,1989,11,0.0,0.3,0
94,1989,12,0.0,0.2727272727272727,0
94,1989,13,0.0,0.25,0
94,1989,16,0.0,0.38461538461538464,0
94,1990,1,0.0,0.42857142857142855,0
94,1990,2,0.0,0.4,0
94,1990,6,0.0,0.375,0
94,1990,11,0.0,0.35294117647058826,0
94,1990,13,0.0,0.3333333333333333,0
94,1990,15,0.0,0.3157894736842105,0
94,1990,16,0.0,0.3,0
94,1991,1,0.0,0.2857142857142857,0
94,1991,3,0.0,0.2727272727272727,0
94,1991,4,0.0,0.391304347826087,0
94,1991,5,0.0,0.375,0
94,1991,7,0.0,0.36,0
94,1991,8,0.0,0.34615384615384615,0
94,1991,11,0.0,0.3333333333333333,0
94,1991,13,0.0,0.32142857142857145,0
94,1991,14,0.0,0.41379310344827586,0
94,1992,4,0.0,0.4,0
94,1992,5,0.0,0.41935483870967744,0
94,1992,7,0.0,0.4375,0
94,1992,8,0.0,0.42424242424242425,0
94,1992,9,0.0,0.4117647058823529,0
94,1992,10,0.0,0.4,0
94,1992,13,0.0,0.3888888888888889,0
94,1992,15,0.0,0.3783783783783784,0
94,1993,10,0.0,0.3684210526315789,0
94,1993,13,0.0,0.358974358974359,0
94,1993,14,0.0,0.35,0
94,1993,15,0.0,0.34146341463414637,0
94,1994,1,0.0,0.3333333333333333,0
94,1994,5,0.0,0.32558139534883723,0
94,1994,6,0.0,0.36363636363636365,0
94,1994,7,0.0,0.35555555555555557,0
94,1994,8,0.0,0.391304347826087,0
94,1994,11,0.0,0.3829787234042553,0
94,1994,13,0.0,0.375,0
94,1994,14,0.0,0.3673469387755102,0
94,1994,16,0.0,0.36,0
94,1995,3,0.0,0.35294117647058826,0
94,1995,4,0.0,0.34615384615384615,0
94,1995,5,0.0,0.33962264150943394,0
94,1995,8,0.0,0.3333333333333333,0
95,1982,2,0.0,1.6,0
95,1982,3,0.0,2.0,0
95,1982,6,0.0,1.7142857142857142,0
95,1982,12,0.0,1.875,0
95,1982,14,0.0,1.6666666666666667,0
95,1982,15,0.0,1.5,0
95,1983,1,0.0,1.3636363636363635,0
95,1983,2,0.0,1.25,0
95,1983,4,0.0,1.1538461538461537,0
95,1983,7,0.0,1.0714285714285714,0
95,1983,9,0.0,1.0666666666666667,0
95,1983,11,0.0,1.1875,0
95,1983,13,0.0,1.2352941176470589,0
95,1983,14,0.0,1.1666666666666667,0
95,1984,5,0.0,1.3157894736842106,0
95,1984,7,0.0,1.45,0
95,1984,9,0.0,1.4285714285714286,0
95,1984,11,0.0,1.4090909090909092,0
95,1984,13,0.0,1.4782608695652173,0
95,1985,2,0.0,1.5833333333333333,0
95,1985,3,0.0,1.6,0
95,1985,4,0.0,1.6153846153846154,0
95,1985,5,0.0,1.5555555555555556,0
95,1985,9,0.0,1.5357142857142858,0
95,1985,11,0.0,1.5172413793103448,0
95,1985,12,0.0,1.5,0
95,1985,13,0.0,1.4516129032258065,0
95,1985,14,0.0,1.59375,1
95,1985,15,0.030303030303030304,1.8181818181818181,1
95,1986,2,0.058823529411764705,2.0294117647058822,0
95,1986,4,0.05714285714285714,2.142857142857143,0
95,1986,5,0.05555555555555555,2.1666666666666665,1
95,1986,6,0.08108108108108109,2.3513513513513513,1
95,1986,7,0.10526315789473684,2.526315789473684,0
95,1986,8,0.10256410256410256,2.5128205128205128,1
95,1986,9,0.125,2.675,1
95,1986,10,0.14634146341463414,2.8292682926829267,0
95,1986,11,0.14285714285714285,2.857142857142857,0
95,1986,13,0.13953488372093023,2.883720930232558,0
95,1986,14,0.13636363636363635,2.9545454545454546,1
95,1986,15,0.15555555555555556,3.088888888888889,0
95,1987,1,0.15217391304347827,3.0652173913043477,0
95,1987,2,0.14893617021276595,3.021276595744681,1
95,1987,5,0.16666666666666666,3.1458333333333335,0
95,1987,6,0.16326530612244897,3.122448979591837,1
95,1987,7,0.18,3.24,1
95,1987,9,0.19607843137254902,3.3529411764705883,0
95,1987,10,0.19230769230769232,3.2884615384615383,1
95,1987,11,0.20754716981132076,3.3962264150943398,0
95,1987,13,0.2037037037037037,3.4074074074074074,1
95,1987,14,0.21818181818181817,3.5090909090909093,1
95,1988,8,0.23214285714285715,3.607142857142857,0
95,1988,14,0.22807017543859648,3.6491228070175437,0
95,1989,1,0.22413793103448276,3.689655172413793,1
95,1989,7,0.23728813559322035,3.7796610169491527,0
95,1989,8,0.23333333333333334,3.816666666666667,0
95,1989,9,0.22950819672131148,3.8524590163934427,0
95,1989,10,0.22580645161290322,3.8548387096774195,1
95,1989,11,0.23809523809523808,3.9365079365079363,0
95,1990,2,0.234375,3.9375,0
95,1990,5,0.23076923076923078,3.923076923076923,0
95,1990,6,0.22727272727272727,3.9242424242424243,0
95,1990,7,0.22388059701492538,3.955223880597015,0
95,1990,10,0.22058823529411764,3.8970588235294117,0
95,1990,12,0.21739130434782608,3.8405797101449277,0
95,1990,13,0.21428571428571427,3.8285714285714287,1
95,1990,14,0.22535211267605634,3.9014084507042255,0
95,1990,16,0.2222222222222222,3.9305555555555554,0
95,1991,4,0.2191780821917808,3.958904109589041,0
95,1991,5,0.21621621621621623,3.9864864864864864,0
95,1991,6,0.21333333333333335,3.9466666666666668,0
95,1991,7,0.21052631578947367,3.973684210526316,1
95,1991,8,0.22077922077922077,4.0519480519480515,1
95,1991,9,0.23076923076923078,4.128205128205129,1
95,1991,10,0.24050632911392406,4.2025316455696204,0
95,1991,12,0.2375,4.225,1
95,1991,14,0.24691358024691357,4.296296296296297,1
95,1991,16,0.25609756097560976,4.365853658536586,0
95,1992,1,0.25301204819277107,4.349397590361446,1
95,1992,2,0.2619047619047619,4.416666666666667,1
95,1992,3,0.27058823529411763,4.482352941176471,1
95,1992,4,0.27906976744186046,4.546511627906977,1
95,1992,5,0.28735632183908044,4.609195402298851,1
95,1992,6,0.29545454545454547,4.670454545454546,0
95,1992,8,0.29213483146067415,4.685393258426966,1
95,1992,9,0.3,4.7444444444444445,1
95,1992,10,0.3076923076923077,4.802197802197802,1
95,1992,11,0.31521739130434784,4.858695652173913,0
95,1992,12,0.3118279569892473,4.870967741935484,0
95,1992,14,0.30851063829787234,4.882978723404255,1
95,1994,15,0.3157894736842105,4.936842105263158,0
95,1994,16,0.3125,4.916666666666667,1
95,1995,3,0.31958762886597936,4.969072164948454,0
96,1995,12,0.0,0.4,0
96,1995,13,0.0,0.5,0
99,1989,4,0.0,0.0,0
99,1989,5,0.0,0.16666666666666666,0
99,1990,10,0.0,0.14285714285714285,0
99,1991,1,0.0,0.125,0
99,1991,14,0.0,0.1111111111111111,0
99,1991,15,0.0,0.1,0
99,1992,9,0.0,0.09090909090909091,0
99,1995,14,0.0,0.08333333333333333,0
100,1991,12,0.0,0.0,0
100,1991,13,0.0,0.0,0
100,1991,16,0.0,0.0,0
100,1992,1,0.0,0.0,0
100,1992,2,0.0,0.0,0
100,1992,5,0.0,0.0,0
100,1992,6,0.0,0.0,0
100,1992,7,0.0,0.0,0
100,1992,8,0.0,0.07692307692307693,0
100,1992,9,0.0,0.21428571428571427,0
100,1992,10,0.0,0.2,0
100,1993,2,0.0,0.25,0
100,1993,3,0.0,0.23529411764705882,0
100,1993,5,0.0,0.2222222222222222,0
100,1993,7,0.0,0.21052631578947367,0
100,1993,8,0.0,0.2,0
100,1993,13,0.0,0.19047619047619047,0
100,1993,14,0.0,0.22727272727272727,0
100,1993,16,0.0,0.21739130434782608,0
100,1994,1,0.0,0.20833333333333334,0
100,1994,2,0.0,0.2,0
100,1994,4,0.0,0.23076923076923078,0
100,1994,7,0.0,0.2222222222222222,0
100,1994,9,0.0,0.21428571428571427,0
100,1994,10,0.0,0.2413793103448276,0
100,1994,12,0.0,0.23333333333333334,0
100,1994,15,0.0,0.22580645161290322,0
101,1994,10,0.0,0.0,0
101,1994,15,0.0,0.0,0
102,1984,16,0.0,1.8,0
102,1985,2,0.0,2.1666666666666665,1
102,1985,3,0.14285714285714285,3.142857142857143,0
102,1985,5,0.125,2.75,0
102,1985,8,0.1111111111111111,2.4444444444444446,0
102,1985,10,0.1,2.2,0
102,1985,11,0.09090909090909091,2.5454545454545454,0
102,1985,12,0.08333333333333333,2.6666666666666665,0
102,1985,13,0.07692307692307693,2.769230769230769,1
102,1985,14,0.14285714285714285,3.2142857142857144,0
102,1986,1,0.13333333333333333,3.4,0
102,1986,2,0.125,3.5625,1
102,1986,4,0.17647058823529413,3.8823529411764706,0
102,1986,5,0.16666666666666666,3.888888888888889,0
102,1986,6,0.15789473684210525,4.0,0
102,1986,7,0.15,3.9,1
102,1986,10,0.19047619047619047,4.142857142857143,0
102,1986,11,0.18181818181818182,4.2272727272727275,0
102,1986,14,0.17391304347826086,4.304347826086956,0
102,1986,15,0.16666666666666666,4.25,0
102,1987,2,0.16,4.24,0
102,1987,4,0.15384615384615385,4.3076923076923075,1
102,1987,5,0.18518518518518517,4.481481481481482,1
102,1987,6,0.21428571428571427,4.642857142857143,0
102,1987,7,0.20689655172413793,4.586206896551724,0
102,1987,8,0.2,4.566666666666666,0
102,1987,9,0.1935483870967742,4.548387096774194,0
102,1987,10,0.1875,4.59375,0
102,1987,11,0.18181818181818182,4.515151515151516,0
102,1987,12,0.17647058823529413,4.5588235294117645,0
102,1987,13,0.17142857142857143,4.428571428571429,0
102,1987,15,0.16666666666666666,4.361111111111111,0
102,1988,2,0.16216216216216217,4.405405405405405,1
102,1988,4,0.18421052631578946,4.526315789473684,0
102,1988,5,0.1794871794871795,4.564102564102564,1
102,1988,6,0.2,4.675,1
102,1988,7,0.21951219512195122,4.780487804878049,0
102,1988,8,0.21428571428571427,4.809523809523809,1
102,1988,9,0.23255813953488372,4.906976744186046,1
102,1988,10,0.25,5.0,1
102,1988,11,0.26666666666666666,5.088888888888889,1
102,1988,12,0.2826086956521739,5.173913043478261,0
102,1988,13,0.2765957446808511,5.0638297872340425,0
102,1988,14,0.2708333333333333,4.979166666666667,0
102,1988,15,0.2653061224489796,4.938775510204081,1
102,1988,16,0.28,5.02,0
102,1989,1,0.27450980392156865,5.03921568627451,0
102,1989,2,0.2692307692307692,4.9423076923076925,1
102,1989,3,0.2830188679245283,5.018867924528302,1
102,1989,4,0.2962962962962963,5.092592592592593,1
102,1989,6,0.3090909090909091,5.163636363636364,0
102,1989,9,0.30357142857142855,5.071428571428571,1
102,1989,10,0.3157894736842105,5.140350877192983,0
102,1989,11,0.3103448275862069,5.155172413793103,1
102,1989,14,0.3220338983050847,5.220338983050848,1
102,1990,1,0.3333333333333333,5.283333333333333,1
102,1990,2,0.3442622950819672,5.344262295081967,0
102,1990,4,0.3387096774193548,5.32258064516129,1
102,1990,5,0.3492063492063492,5.380952380952381,1
102,1990,6,0.359375,5.4375,0
102,1990,7,0.35384615384615387,5.3538461538461535,0
102,1990,8,0.3484848484848485,5.333333333333333,0
102,1990,9,0.34328358208955223,5.313432835820896,1
102,1990,10,0.35294117647058826,5.367647058823529,0
102,1990,11,0.34782608695652173,5.3768115942028984,1
102,1990,12,0.35714285714285715,5.428571428571429,1
102,1990,13,0.36619718309859156,5.47887323943662,0
102,1991,1,0.3611111111111111,5.486111111111111,1
102,1991,2,0.3698630136986301,5.5479452054794525,1
102,1991,3,0.3783783783783784,5.608108108108108,1
102,1991,4,0.38666666666666666,5.666666666666667,1
102,1991,6,0.39473684210526316,5.723684210526316,0
102,1991,7,0.38961038961038963,5.701298701298701,0
102,1991,8,0.38461538461538464,5.67948717948718,0
102,1991,9,0.379746835443038,5.6455696202531644,0
102,1991,10,0.375,5.575,1
102,1991,11,0.38271604938271603,5.62962962962963,1
102,1991,12,0.3902439024390244,5.682926829268292,0
102,1991,13,0.3855421686746988,5.686746987951807,0
102,1991,14,0.38095238095238093,5.690476190476191,0
102,1991,15,0.3764705882352941,5.647058823529412,0
102,1991,16,0.37209302325581395,5.651162790697675,1
102,1992,1,0.3793103448275862,5.64367816091954,0
102,1992,4,0.375,5.625,0
102,1992,5,0.3707865168539326,5.561797752808989,0
102,1992,6,0.36666666666666664,5.544444444444444,1
102,1992,10,0.37362637362637363,5.593406593406593,0
102,1992,11,0.3695652173913043,5.5978260869565215,1
102,1992,12,0.3763440860215054,5.645161290322581,0
102,1992,13,0.3723404255319149,5.6063829787234045,1
102,1992,14,0.37894736842105264,5.652631578947369,0
102,1993,1,0.375,5.635416666666667,0
102,1993,2,0.3711340206185567,5.639175257731959,1
102,1993,3,0.37755102040816324,5.683673469387755,1
102,1993,5,0.3838383838383838,5.7272727272727275,0
102,1993,6,0.38,5.73,1
102,1993,7,0.38613861386138615,5.772277227722772,0
102,1993,8,0.38235294117647056,5.715686274509804,0
102,1993,9,0.3786407766990291,5.689320388349515,0
102,1993,10,0.375,5.653846153846154,0
102,1993,12,0.37142857142857144,5.628571428571429,0
102,1993,15,0.36792452830188677,5.60377358490566,1
102,1993,16,0.37383177570093457,5.644859813084112,1
103,1990,7,0.0,0.2,0
103,1990,8,0.0,0.16666666666666666,0
103,1990,10,0.0,0.5714285714285714,0
103,1990,11,0.0,0.625,0
103,1991,4,0.0,0.5555555555555556,0
103,1991,6,0.0,0.5,0
103,1994,2,0.0,0.5454545454545454,0
103,1994,3,0.0,0.5,0
103,1994,5,0.0,0.46153846153846156,0
103,1994,6,0.0,0.42857142857142855,0
103,1994,8,0.0,0.4,0
103,1994,9,0.0,0.375,0
103,1994,10,0.0,0.5882352941176471,0
103,1994,11,0.0,0.5555555555555556,0
103,1994,12,0.0,0.5263157894736842,0
103,1994,13,0.0,0.5,0
103,1994,14,0.0,0.47619047619047616,0
104,1992,16,0.0,0.2,0
104,1993,1,0.0,0.16666666666666666,0
104,1993,3,0.0,0.5714285714285714,0
104,1993,5,0.0,0.5,0
104,1993,6,0.0,0.4444444444444444,0
104,1993,7,0.0,0.6,0
104,1993,8,0.0,0.5454545454545454,0
104,1993,9,0.0,0.5,0
104,1993,10,0.0,0.46153846153846156,0
104,1993,13,0.0,0.42857142857142855,0
104,1993,14,0.0,0.4,0
104,1994,2,0.0,0.375,0
104,1994,3,0.0,0.5294117647058824,0
104,1994,7,0.0,0.5,0
104,1994,8,0.0,0.47368421052631576,0
104,1994,9,0.0,0.45,0
104,1994,10,0.0,0.5714285714285714,0
104,1994,13,0.0,0.5454545454545454,0
104,1994,14,0.0,0.5217391304347826,0
104,1994,15,0.0,0.5,0
104,1994,16,0.0,0.48,0
105,1982,1,0.0,0.0,0
105,1982,2,0.0,0.0,0
105,1982,3,0.0,0.42857142857142855,0
105,1982,4,0.0,0.75,0
105,1982,6,0.0,1.1111111111111112,0
105,1982,9,0.0,1.0,0
105,1982,11,0.0,0.9090909090909091,0
105,1982,12,0.0,0.9166666666666666,0
105,1982,14,0.0,1.0769230769230769,0
105,1982,15,0.0,1.0,0
105,1982,16,0.0,1.0666666666666667,1
105,1983,2,0.0625,1.5625,0
105,1983,3,0.058823529411764705,1.4705882352941178,0
105,1983,6,0.05555555555555555,1.3888888888888888,0
105,1983,7,0.05263157894736842,1.3157894736842106,1
105,1983,8,0.1,1.7,0
105,1983,9,0.09523809523809523,1.619047619047619,0
105,1983,12,0.09090909090909091,1.5454545454545454,0
105,1984,2,0.08695652173913043,1.5217391304347827,0
105,1984,3,0.08333333333333333,1.4583333333333333,1
105,1984,6,0.12,1.76,0
105,1984,10,0.11538461538461539,1.7115384615384615,0
105,1984,12,0.1111111111111111,1.7222222222222223,0
105,1984,14,0.10714285714285714,1.8035714285714286,0
105,1984,15,0.10344827586206896,1.9482758620689655,0
105,1984,16,0.1,2.0833333333333335,0
105,1985,1,0.0967741935483871,2.1129032258064515,0
105,1985,2,0.09375,2.234375,0
105,1985,4,0.09090909090909091,2.3484848484848486,0
105,1985,5,0.08823529411764706,2.4558823529411766,1
105,1985,6,0.11428571428571428,2.642857142857143,0
105,1985,8,0.1111111111111111,2.6805555555555554,0
105,1985,9,0.10810810810810811,2.77027027027027,1
105,1985,10,0.13157894736842105,2.9342105263157894,0
105,1985,11,0.1282051282051282,2.9615384615384617,0
105,1985,12,0.125,2.9625,0
105,1986,3,0.12195121951219512,2.8902439024390243,0
105,1986,5,0.11904761904761904,2.8214285714285716,0
105,1986,6,0.11627906976744186,2.8255813953488373,0
105,1986,7,0.11363636363636363,2.7613636363636362,0
105,1986,8,0.1111111111111111,2.7666666666666666,0
105,1986,12,0.10869565217391304,2.7065217391304346,0
105,1986,14,0.10638297872340426,2.776595744680851,0
105,1987,1,0.10416666666666667,2.7604166666666665,0
105,1987,2,0.10204081632653061,2.704081632653061,0
105,1987,4,0.1,2.73,0
105,1987,13,0.09803921568627451,2.7549019607843137,0
105,1987,15,0.09615384615384616,2.701923076923077,0
105,1987,16,0.09433962264150944,2.707547169811321,0
105,1988,1,0.09259259259259259,2.7685185185185186,0
105,1988,2,0.09090909090909091,2.7545454545454544,0
105,1988,3,0.08928571428571429,2.705357142857143,0
105,1988,4,0.08771929824561403,2.7280701754385963,0
105,1988,7,0.08620689655172414,2.7327586206896552,0
105,1988,8,0.0847457627118644,2.7542372881355934,0
105,1988,9,0.08333333333333333,2.7083333333333335,0
105,1988,12,0.08196721311475409,2.7131147540983607,0
105,1988,13,0.08064516129032258,2.7661290322580645,0
105,1988,15,0.07936507936507936,2.753968253968254,0
105,1989,1,0.078125,2.7109375,0
105,1989,3,0.07692307692307693,2.669230769230769,0
105,1989,4,0.07575757575757576,2.659090909090909,0
105,1989,13,0.07462686567164178,2.6791044776119404,0
105,1990,1,0.07352941176470588,2.639705882352941,0
105,1990,6,0.07246376811594203,2.601449275362319,0
105,1990,7,0.07142857142857142,2.5642857142857145,0
105,1990,10,0.07042253521126761,2.528169014084507,0
105,1990,11,0.06944444444444445,2.4930555555555554,0
105,1990,12,0.0684931506849315,2.458904109589041,0
105,1990,13,0.06756756756756757,2.425675675675676,0
105,1990,14,0.06666666666666667,2.3933333333333335,0
105,1991,13,0.06578947368421052,2.361842105263158,0
105,1991,16,0.06493506493506493,2.331168831168831,0
105,1992,1,0.0641025641025641,2.301282051282051,0
105,1992,2,0.06329113924050633,2.2721518987341773,0
105,1992,3,0.0625,2.24375,0
105,1992,4,0.06172839506172839,2.228395061728395,0
105,1992,5,0.06097560975609756,2.225609756097561,0
105,1992,6,0.060240963855421686,2.2228915662650603,0
105,1992,7,0.05952380952380952,2.1964285714285716,0
105,1992,8,0.058823529411764705,2.1705882352941175,0
105,1992,9,0.05813953488372093,2.145348837209302,0
105,1992,10,0.05747126436781609,2.1206896551724137,0
105,1992,11,0.056818181818181816,2.096590909090909,0
105,1992,13,0.056179775280898875,2.0730337078651684,0
105,1992,14,0.05555555555555555,2.05,0
105,1992,15,0.054945054945054944,2.0384615384615383,0
105,1993,2,0.05434782608695652,2.016304347826087,0
105,1993,3,0.053763440860215055,1.9946236559139785,0
105,1993,10,0.05319148936170213,1.9734042553191489,0
105,1993,12,0.05263157894736842,1.9526315789473685,0
105,1994,4,0.052083333333333336,1.9322916666666667,0
105,1994,6,0.05154639175257732,1.922680412371134,0
105,1994,10,0.05102040816326531,1.903061224489796,0
105,1994,11,0.050505050505050504,1.8838383838383839,0
105,1994,13,0.05,1.865,0
105,1994,14,0.04950495049504951,1.8465346534653466,0
109,1991,16,0.0,0.8,0
109,1992,2,0.0,0.6666666666666666,0
109,1992,3,0.0,0.5714285714285714,0
109,1992,5,0.0,0.5,0
109,1992,6,0.0,0.4444444444444444,0
109,1992,7,0.0,0.4,0
109,1992,8,0.0,0.36363636363636365,0
109,1992,9,0.0,0.3333333333333333,0
109,1992,10,0.0,0.3076923076923077,0
109,1992,12,0.0,0.2857142857142857,0
109,1992,13,0.0,0.26666666666666666,0
109,1992,15,0.0,0.25,0
109,1993,1,0.0,0.23529411764705882,0
109,1993,4,0.0,0.3333333333333333,0
109,1993,7,0.0,0.47368421052631576,0
109,1993,9,0.0,0.45,0
109,1993,12,0.0,0.42857142857142855,0
109,1993,14,0.0,0.4090909090909091,0
109,1993,15,0.0,0.391304347826087,0
109,1994,4,0.0,0.375,0
109,1994,6,0.0,0.36,0
109,1994,12,0.0,0.38461538461538464,0
109,1994,16,0.0,0.37037037037037035,0
110,1981,15,0.0,0.2,0
110,1982,1,0.0,0.16666666666666666,0
110,1982,6,0.0,0.14285714285714285,0
110,1982,8,0.0,0.625,0
110,1982,14,0.0,0.6666666666666666,0
110,1982,15,0.0,0.6,0
110,1982,16,0.0,0.5454545454545454,0
110,1983,3,0.0,0.5,0
110,1983,9,0.0,0.46153846153846156,0
110,1983,10,0.0,0.42857142857142855,0
110,1983,14,0.0,0.8,0
110,1983,15,0.0,0.9375,0
110,1984,2,0.0,1.2352941176470589,0
110,1984,4,0.0,1.2777777777777777,0
110,1984,5,0.0,1.263157894736842,0
110,1984,10,0.0,1.2,0
110,1984,11,0.0,1.1428571428571428,0
110,1984,15,0.0,1.0909090909090908,0
110,1984,16,0.0,1.0434782608695652,0
110,1985,4,0.0,1.0,0
110,1985,5,0.0,1.08,0
110,1985,6,0.0,1.0384615384615385,0
110,1986,15,0.0,1.0,0
110,1987,3,0.0,0.9642857142857143,0
110,1987,16,0.0,1.0689655172413792,0
110,1988,5,0.0,1.0333333333333334,0
110,1988,6,0.0,1.0,0
110,1988,7,0.0,1.0625,0
110,1988,9,0.0,1.0303030303030303,0
110,1988,16,0.0,1.0,0
110,1989,1,0.0,0.9714285714285714,0
110,1989,2,0.0,0.9444444444444444,0
110,1989,3,0.0,0.918918918918919,0
110,1989,5,0.0,0.8947368421052632,0
110,1989,6,0.0,0.8717948717948718,0
110,1989,9,0.0,0.95,0
110,1989,11,0.0,0.926829268292683,0
110,1989,14,0.0,0.9047619047619048,0
110,1989,15,0.0,0.8837209302325582,0
110,1990,6,0.0,0.8636363636363636,0
110,1990,12,0.0,0.8444444444444444,0
110,1991,5,0.0,0.8260869565217391,0
110,1991,6,0.0,0.8723404255319149,0
110,1991,7,0.0,0.9166666666666666,0
110,1991,9,0.0,0.9183673469387755,0
110,1991,10,0.0,0.94,0
110,1991,11,0.0,0.9215686274509803,0
110,1991,12,0.0,0.9038461538461539,0
110,1991,13,0.0,0.8867924528301887,0
110,1991,16,0.0,0.8703703703703703,0
110,1992,2,0.0,0.8545454545454545,0
110,1992,5,0.0,0.875,0
110,1992,7,0.0,0.8596491228070176,0
110,1992,11,0.0,0.8793103448275862,0
110,1992,12,0.0,0.864406779661017,0
110,1992,13,0.0,0.85,0
110,1992,14,0.0,0.8524590163934426,0
110,1992,15,0.0,0.8387096774193549,0
110,1993,6,0.0,0.873015873015873,0
110,1993,8,0.0,0.859375,0
110,1993,11,0.0,0.8461538461538461,0
110,1993,13,0.0,0.8333333333333334,0
110,1993,14,0.0,0.8208955223880597,0
110,1993,16,0.0,0.8088235294117647,0
110,1994,4,0.0,0.7971014492753623,0
110,1994,7,0.0,0.8285714285714286,0
112,1986,15,0.0,0.0,0
112,1986,16,0.0,0.16666666666666666,0
112,1987,2,0.0,0.14285714285714285,0
112,1987,3,0.0,0.125,0
112,1987,8,0.0,0.1111111111111111,0
112,1987,10,0.0,0.2,0
112,1987,13,0.0,0.18181818181818182,0
112,1987,14,0.0,0.25,0
112,1988,2,0.0,0.3076923076923077,0
112,1988,5,0.0,0.2857142857142857,0
112,1988,8,0.0,0.26666666666666666,0
112,1988,10,0.0,0.25,0
112,1988,11,0.0,0.23529411764705882,0
112,1988,14,0.0,0.2222222222222222,0
112,1988,15,0.0,0.21052631578947367,0
112,1988,16,0.0,0.2,0
112,1989,1,0.0,0.19047619047619047,0
112,1989,11,0.0,0.18181818181818182,0
112,1989,13,0.0,0.17391304347826086,0
112,1989,14,0.0,0.16666666666666666,0
112,1990,2,0.0,0.2,0
112,1990,3,0.0,0.19230769230769232,0
112,1990,6,0.0,0.18518518518518517,0
112,1990,7,0.0,0.17857142857142858,0
112,1990,8,0.0,0.1724137931034483,0
112,1990,10,0.0,0.16666666666666666,0
112,1990,12,0.0,0.16129032258064516,0
112,1990,15,0.0,0.15625,0
112,1990,16,0.0,0.15151515151515152,0
112,1993,2,0.0,0.14705882352941177,0
112,1993,4,0.0,0.14285714285714285,0
112,1993,6,0.0,0.19444444444444445,0
112,1993,8,0.0,0.1891891891891892,0
112,1993,9,0.0,0.18421052631578946,0
112,1993,10,0.0,0.1794871794871795,0
112,1993,11,0.0,0.175,0
112,1993,12,0.0,0.17073170731707318,0
112,1993,13,0.0,0.16666666666666666,0
112,1993,14,0.0,0.16279069767441862,0
114,1988,4,0.0,0.0,0
114,1988,6,0.0,0.0,0
114,1988,7,0.0,0.0,0
114,1988,8,0.0,0.0,0
114,1988,9,0.0,0.0,0
114,1988,10,0.0,0.0,0
114,1988,14,0.0,0.0,0
114,1990,7,0.0,0.0,0
114,1990,14,0.0,0.0,0
114,1994,13,0.0,0.0,0
117,1980,11,0.0,0.8,0
117,1980,12,0.0,0.8333333333333334,0
117,1981,3,0.0,0.7142857142857143,0
117,1981,8,0.0,1.125,1
117,1981,10,0.1111111111111111,2.0,0
117,1981,12,0.1,2.4,1
117,1981,13,0.18181818181818182,3.0,1
117,1981,15,0.25,3.5,0
117,1982,1,0.23076923076923078,3.6923076923076925,1
117,1982,2,0.2857142857142857,4.071428571428571,1
117,1982,6,0.3333333333333333,4.4,0
117,1982,10,0.3125,4.125,0
117,1982,11,0.29411764705882354,3.9411764705882355,0
117,1982,13,0.2777777777777778,4.055555555555555,0
117,1982,14,0.2631578947368421,3.8421052631578947,0
117,1982,16,0.25,3.95,0
117,1983,1,0.23809523809523808,3.9047619047619047,0
117,1983,2,0.22727272727272727,3.727272727272727,0
117,1983,3,0.21739130434782608,3.5652173913043477,1
117,1983,4,0.25,3.7916666666666665,0
117,1983,5,0.24,3.88,0
117,1983,6,0.23076923076923078,3.8846153846153846,1
117,1983,7,0.25925925925925924,4.074074074074074,0
117,1983,8,0.25,3.9285714285714284,0
117,1983,9,0.2413793103448276,3.8620689655172415,1
117,1983,10,0.26666666666666666,4.033333333333333,0
117,1983,11,0.25806451612903225,4.0,1
117,1983,14,0.28125,4.15625,0
117,1984,1,0.2727272727272727,4.212121212121212,1
117,1984,2,0.29411764705882354,4.352941176470588,0
117,1984,4,0.2857142857142857,4.4,1
117,1984,5,0.3055555555555556,4.527777777777778,0
117,1984,6,0.2972972972972973,4.405405405405405,1
117,1984,7,0.3157894736842105,4.407894736842105,0
117,1984,8,0.3076923076923077,4.397435897435898,0
117,1984,11,0.3,4.3625,1
117,1984,13,0.3170731707317073,4.475609756097561,1
117,1984,15,0.3333333333333333,4.583333333333333,1
117,1984,16,0.3488372093023256,4.686046511627907,1
117,1985,1,0.36363636363636365,4.784090909090909,1
117,1985,4,0.37777777777777777,4.877777777777778,1
117,1985,5,0.391304347826087,4.967391304347826,0
117,1985,7,0.3829787234042553,4.946808510638298,0
117,1985,8,0.375,4.927083333333333,1
117,1985,9,0.3877551020408163,5.010204081632653,0
117,1985,10,0.38,5.03,1
117,1985,11,0.39215686274509803,5.107843137254902,0
117,1985,12,0.38461538461538464,5.125,1
117,1985,13,0.39622641509433965,5.19811320754717,0
117,1985,14,0.3888888888888889,5.175925925925926,0
117,1985,15,0.38181818181818183,5.136363636363637,0
117,1986,2,0.375,5.116071428571429,0
117,1986,3,0.3684210526315789,5.0964912280701755,1
117,1986,4,0.3793103448275862,5.163793103448276,1
117,1986,5,0.3898305084745763,5.228813559322034,0
117,1986,6,0.38333333333333336,5.158333333333333,0
117,1986,7,0.3770491803278688,5.172131147540983,0
117,1986,8,0.3709677419354839,5.153225806451613,0
117,1986,9,0.36507936507936506,5.166666666666667,0
117,1986,10,0.359375,5.1484375,0
117,1986,12,0.35384615384615387,5.084615384615384,1
117,1986,14,0.36363636363636365,5.143939393939394,0
117,1986,15,0.3582089552238806,5.156716417910448,0
117,1986,16,0.35294117647058826,5.169117647058823,1
117,1987,1,0.36231884057971014,5.22463768115942,1
117,1987,3,0.37142857142857144,5.2785714285714285,1
117,1987,4,0.38028169014084506,5.330985915492958,0
117,1987,5,0.375,5.256944444444445,0
117,1987,6,0.3698630136986301,5.239726027397261,0
117,1987,8,0.36486486486486486,5.222972972972973,0
117,1987,9,0.36,5.153333333333333,0
117,1987,10,0.35526315789473684,5.1381578947368425,0
117,1987,11,0.35064935064935066,5.084415584415584,0
117,1987,12,0.34615384615384615,5.019230769230769,1
117,1987,13,0.35443037974683544,5.069620253164557,0
117,1987,15,0.35,5.08125,0
117,1988,1,0.345679012345679,5.018518518518518,1
117,1988,2,0.35365853658536583,5.067073170731708,0
117,1988,3,0.3493975903614458,5.078313253012048,1
117,1988,4,0.35714285714285715,5.125,1
117,1988,5,0.36470588235294116,5.170588235294118,0
117,1988,6,0.36046511627906974,5.180232558139535,0
117,1988,7,0.3563218390804598,5.189655172413793,1
117,1988,9,0.36363636363636365,5.232954545454546,0
117,1988,10,0.3595505617977528,5.241573033707865,0
117,1988,11,0.35555555555555557,5.25,0
117,1988,13,0.3516483516483517,5.258241758241758,1
117,1988,14,0.358695652173913,5.298913043478261,1
117,1988,15,0.3655913978494624,5.338709677419355,0
117,1988,16,0.3617021276595745,5.345744680851064,1
117,1989,1,0.3684210526315789,5.38421052631579,0
117,1989,2,0.3645833333333333,5.390625,0
117,1989,3,0.36082474226804123,5.396907216494846,0
117,1989,4,0.35714285714285715,5.403061224489796,0
117,1989,5,0.35353535353535354,5.3686868686868685,1
117,1989,7,0.36,5.405,1
117,1989,8,0.36633663366336633,5.4405940594059405,1
117,1989,9,0.37254901960784315,5.4754901960784315,0
117,1989,10,0.36893203883495146,5.480582524271845,0
117,1989,11,0.36538461538461536,5.456730769230769,0
117,1989,12,0.3619047619047619,5.461904761904762,1
117,1989,13,0.36792452830188677,5.495283018867925,0
117,1989,14,0.3644859813084112,5.5,0
117,1990,2,0.3611111111111111,5.486111111111111,1
117,1990,3,0.3669724770642202,5.518348623853211,0
117,1990,5,0.36363636363636365,5.495454545454545,0
117,1990,6,0.36036036036036034,5.463963963963964,1
117,1990,7,0.36607142857142855,5.495535714285714,1
117,1990,8,0.37168141592920356,5.5265486725663715,1
117,1990,9,0.37719298245614036,5.557017543859649,0
117,1990,11,0.3739130434782609,5.534782608695652,0
117,1990,12,0.3706896551724138,5.538793103448276,0
117,1990,13,0.36752136752136755,5.542735042735043,0
117,1990,14,0.3644067796610169,5.529661016949152,1
117,1990,16,0.3697478991596639,5.5588235294117645,0
117,1991,1,0.36666666666666664,5.545833333333333,0
117,1991,2,0.36363636363636365,5.549586776859504,0
117,1991,4,0.36065573770491804,5.528688524590164,0
117,1991,7,0.35772357723577236,5.5,0
117,1991,8,0.3548387096774194,5.504032258064516,0
117,1991,12,0.352,5.492,0
117,1991,14,0.3492063492063492,5.48015873015873,0
117,1991,15,0.3464566929133858,5.484251968503937,0
117,1993,1,0.34375,5.46484375,1
117,1993,3,0.3488372093023256,5.5,0
117,1993,4,0.34615384615384615,5.4884615384615385,1
117,1993,5,0.3511450381679389,5.522900763358779,1
117,1993,6,0.3560606060606061,5.556818181818182,0
117,1993,7,0.3533834586466165,5.537593984962406,1
117,1993,8,0.3582089552238806,5.57089552238806,1
117,1993,9,0.362962962962963,5.603703703703704,1
117,1993,10,0.36764705882352944,5.636029411764706,1
117,1993,11,0.3722627737226277,5.6678832116788325,0
117,1993,12,0.3695652173913043,5.6268115942028984,0
117,1993,13,0.3669064748201439,5.615107913669065,0
117,1993,14,0.36428571428571427,5.575,0
117,1993,15,0.3617021276595745,5.578014184397163,0
117,1993,16,0.3591549295774648,5.580985915492958,0
118,1983,13,0.0,0.6,0
118,1983,14,0.0,0.6666666666666666,0
118,1983,15,0.0,0.8571428571428571,0
118,1984,2,0.0,1.125,0
118,1984,3,0.0,1.4444444444444444,0
118,1984,4,0.0,1.9,0
118,1984,10,0.0,2.0,0
118,1984,11,0.0,2.3333333333333335,0
118,1984,15,0.0,2.4615384615384617,0
118,1985,1,0.0,2.2857142857142856,0
118,1985,2,0.0,2.1333333333333333,0
118,1985,3,0.0,2.0,0
118,1985,4,0.0,1.8823529411764706,0
118,1985,7,0.0,1.8888888888888888,0
118,1985,8,0.0,1.7894736842105263,0
118,1985,13,0.0,1.8,0
118,1986,7,0.0,1.7619047619047619,0
118,1986,8,0.0,1.6818181818181819,0
118,1986,9,0.0,1.608695652173913,0
118,1986,10,0.0,1.5416666666666667,0
118,1987,2,0.0,1.48,0
118,1987,7,0.0,1.4230769230769231,0
118,1987,9,0.0,1.4444444444444444,0
118,1987,12,0.0,1.4285714285714286,0
118,1987,13,0.0,1.3793103448275863,0
118,1987,15,0.0,1.3333333333333333,0
118,1988,1,0.0,1.2903225806451613,0
118,1988,2,0.0,1.34375,0
118,1988,3,0.0,1.303030303030303,0
118,1988,4,0.0,1.3529411764705883,0
118,1988,5,0.0,1.3714285714285714,0
118,1988,8,0.0,1.3333333333333333,0
118,1988,9,0.0,1.3243243243243243,0
118,1988,11,0.0,1.2894736842105263,0
118,1988,12,0.0,1.3076923076923077,0
118,1988,13,0.0,1.35,0
118,1989,1,0.0,1.3902439024390243,0
118,1989,2,0.0,1.4047619047619047,0
118,1989,8,0.0,1.4186046511627908,0
118,1989,9,0.0,1.3863636363636365,0
118,1989,10,0.0,1.3777777777777778,0
118,1989,11,0.0,1.3478260869565217,0
118,1989,14,0.0,1.3404255319148937,0
118,1989,15,0.0,1.3125,0
118,1990,3,0.0,1.3061224489795917,0
118,1990,5,0.0,1.28,0
118,1990,6,0.0,1.2745098039215685,0
118,1990,7,0.0,1.25,0
118,1990,9,0.0,1.2264150943396226,0
118,1990,10,0.0,1.2037037037037037,0
118,1990,11,0.0,1.2181818181818183,0
118,1993,1,0.0,1.1964285714285714,0
118,1993,2,0.0,1.1754385964912282,0
118,1993,5,0.0,1.1551724137931034,0
118,1993,7,0.0,1.1355932203389831,0
118,1993,8,0.0,1.1166666666666667,0
118,1993,9,0.0,1.098360655737705,0
118,1993,10,0.0,1.096774193548387,0
118,1993,11,0.0,1.0793650793650793,0
118,1993,14,0.0,1.109375,0
118,1993,15,0.0,1.0923076923076922,0
118,1993,16,0.0,1.0757575757575757,0
119,1978,2,0.0,0.2,0
119,1978,4,0.0,0.16666666666666666,0
119,1978,5,0.0,0.2857142857142857,0
119,1978,8,0.0,0.375,0
119,1978,9,0.0,1.0,0
119,1978,11,0.0,0.9,0
119,1978,16,0.0,0.8181818181818182,0
119,1979,2,0.0,1.0,0
119,1979,3,0.0,0.9230769230769231,0
119,1979,5,0.0,0.8571428571428571,0
119,1979,6,0.0,0.8,0
119,1979,8,0.0,0.875,0
119,1979,13,0.0,0.8235294117647058,0
119,1980,2,0.0,0.7777777777777778,0
119,1980,4,0.0,0.7894736842105263,0
119,1980,6,0.0,1.05,0
119,1980,7,0.0,1.0,0
119,1980,8,0.0,0.9545454545454546,0
119,1980,9,0.0,0.9130434782608695,0
119,1980,10,0.0,0.875,0
119,1981,2,0.0,0.84,0
119,1981,3,0.0,0.9615384615384616,0
119,1981,4,0.0,0.9259259259259259,0
119,1981,8,0.0,1.1071428571428572,0
119,1981,9,0.0,1.0689655172413792,0
119,1981,15,0.0,1.0333333333333334,0
119,1982,3,0.0,1.0,0
119,1982,6,0.0,1.09375,1
119,1982,8,0.030303030303030304,1.3333333333333333,0
119,1982,9,0.029411764705882353,1.4705882352941178,0
119,1982,14,0.02857142857142857,1.4285714285714286,0
119,1983,2,0.027777777777777776,1.4444444444444444,0
119,1983,10,0.02702702702702703,1.4054054054054055,0
119,1983,12,0.02631578947368421,1.4736842105263157,0
119,1983,14,0.02564102564102564,1.435897435897436,0
119,1983,15,0.025,1.4,1
119,1984,2,0.04878048780487805,1.5853658536585367,0
119,1984,10,0.047619047619047616,1.619047619047619,0
119,1984,12,0.046511627906976744,1.5813953488372092,0
119,1984,14,0.045454545454545456,1.5454545454545454,0
119,1984,15,0.044444444444444446,1.6,0
119,1984,16,0.043478260869565216,1.5869565217391304,0
119,1985,5,0.0425531914893617,1.553191489361702,0
119,1985,7,0.041666666666666664,1.5208333333333333,0
119,1985,8,0.04081632653061224,1.489795918367347,0
119,1985,14,0.04,1.46,0
119,1986,3,0.0392156862745098,1.4313725490196079,0
119,1986,5,0.038461538461538464,1.4230769230769231,0
119,1986,7,0.03773584905660377,1.3962264150943395,0
119,1986,8,0.037037037037037035,1.3888888888888888,0
119,1986,15,0.03636363636363636,1.3636363636363635,0
119,1987,2,0.03571428571428571,1.3392857142857142,0
119,1987,5,0.03508771929824561,1.3157894736842106,0
119,1987,9,0.034482758620689655,1.293103448275862,0
119,1987,13,0.03389830508474576,1.305084745762712,0
119,1987,14,0.03333333333333333,1.2833333333333334,0
119,1987,15,0.03278688524590164,1.3278688524590163,0
119,1987,16,0.03225806451612903,1.3064516129032258,0
119,1988,2,0.031746031746031744,1.2857142857142858,0
119,1988,3,0.03125,1.265625,0
119,1988,8,0.03076923076923077,1.2615384615384615,0
119,1988,10,0.030303030303030304,1.2424242424242424,0
119,1988,12,0.029850746268656716,1.2388059701492538,0
119,1988,14,0.029411764705882353,1.2205882352941178,0
119,1988,15,0.028985507246376812,1.2318840579710144,0
119,1988,16,0.02857142857142857,1.2285714285714286,0
119,1989,1,0.028169014084507043,1.2535211267605635,0
119,1989,3,0.027777777777777776,1.2361111111111112,0
119,1989,4,0.0273972602739726,1.2191780821917808,0
119,1989,5,0.02702702702702703,1.2837837837837838,0
119,1989,6,0.02666666666666667,1.3466666666666667,0
119,1989,7,0.02631578947368421,1.4078947368421053,0
119,1989,9,0.025974025974025976,1.4415584415584415,0
119,1989,12,0.02564102564102564,1.4615384615384615,0
119,1989,14,0.02531645569620253,1.481012658227848,0
119,1989,15,0.025,1.4875,0
119,1989,16,0.024691358024691357,1.5432098765432098,0
119,1990,1,0.024390243902439025,1.5731707317073171,0
119,1990,2,0.024096385542168676,1.5542168674698795,0
119,1990,3,0.023809523809523808,1.5357142857142858,1
119,1990,6,0.03529411764705882,1.6235294117647059,0
119,1990,7,0.03488372093023256,1.6046511627906976,0
119,1990,9,0.034482758620689655,1.5977011494252873,0
119,1990,10,0.03409090909090909,1.6022727272727273,0
119,1990,12,0.033707865168539325,1.6179775280898876,0
119,1990,13,0.03333333333333333,1.6222222222222222,0
119,1990,14,0.03296703296703297,1.6043956043956045,0
119,1990,15,0.03260869565217391,1.608695652173913,0
119,1990,16,0.03225806451612903,1.6236559139784945,0
119,1991,2,0.031914893617021274,1.6170212765957446,0
119,1991,5,0.031578947368421054,1.6631578947368422,0
119,1991,6,0.03125,1.6875,1
119,1991,7,0.041237113402061855,1.7731958762886597,0
119,1991,9,0.04081632653061224,1.7755102040816326,0
119,1991,10,0.04040404040404041,1.8181818181818181,0
119,1991,11,0.04,1.84,0
119,1991,13,0.039603960396039604,1.8415841584158417,1
119,1991,14,0.049019607843137254,1.9215686274509804,0
119,1991,15,0.04854368932038835,1.941747572815534,0
119,1991,16,0.04807692307692308,1.9615384615384615,0
119,1992,1,0.047619047619047616,1.9523809523809523,0
119,1992,2,0.04716981132075472,1.990566037735849,0
119,1992,3,0.04672897196261682,2.02803738317757,0
119,1992,5,0.046296296296296294,2.064814814814815,0
119,1992,6,0.045871559633027525,2.1009174311926606,0
119,1992,8,0.045454545454545456,2.118181818181818,0
119,1992,9,0.04504504504504504,2.1531531531531534,0
119,1992,10,0.044642857142857144,2.1875,0
119,1992,12,0.04424778761061947,2.168141592920354,0
119,1992,13,0.043859649122807015,2.1842105263157894,0
119,1992,15,0.043478260869565216,2.1826086956521737,1
119,1993,3,0.05172413793103448,2.25,0
119,1993,5,0.05128205128205128,2.247863247863248,0
119,1993,8,0.05084745762711865,2.2542372881355934,0
119,1993,9,0.05042016806722689,2.235294117647059,0
119,1993,10,0.05,2.25,0
119,1993,11,0.049586776859504134,2.2479338842975207,0
119,1993,12,0.04918032786885246,2.278688524590164,0
119,1993,13,0.04878048780487805,2.268292682926829,0
119,1993,14,0.04838709677419355,2.2661290322580645,0
119,1993,16,0.048,2.248,0
121,1993,13,0.0,0.6,0
122,1987,12,0.0,0.8,0
122,1987,13,0.0,0.6666666666666666,0
122,1988,3,0.0,0.5714285714285714,0
122,1988,4,0.0,0.5,0
122,1988,5,0.0,0.4444444444444444,0
122,1988,7,0.0,0.6,0
122,1988,9,0.0,0.5454545454545454,0
122,1988,11,0.0,0.6666666666666666,0
122,1988,12,0.0,0.9230769230769231,0
122,1988,13,0.0,1.0,0
122,1988,16,0.0,1.3333333333333333,0
122,1989,3,0.0,1.3125,0
122,1989,11,0.0,1.2352941176470589,0
122,1990,5,0.0,1.1666666666666667,0
122,1990,7,0.0,1.105263157894737,0
122,1990,9,0.0,1.35,0
122,1990,11,0.0,1.2857142857142858,0
122,1991,10,0.0,1.2272727272727273,0
122,1991,12,0.0,1.2173913043478262,0
122,1991,13,0.0,1.1666666666666667,0
122,1992,3,0.0,1.12,0
122,1992,4,0.0,1.1538461538461537,0
122,1992,9,0.0,1.1111111111111112,0
122,1992,11,0.0,1.0714285714285714,0
123,1983,12,0.0,0.0,0
123,1983,14,0.0,0.0,0
123,1983,15,0.0,0.0,0
123,1984,1,0.0,0.0,0
123,1984,2,0.0,0.1111111111111111,0
123,1984,4,0.0,0.1,0
123,1984,5,0.0,0.2727272727272727,0
123,1984,12,0.0,0.25,0
123,1984,14,0.0,0.38461538461538464,0
123,1984,15,0.0,0.35714285714285715,0
123,1985,1,0.0,0.3333333333333333,0
123,1985,3,0.0,0.3125,0
123,1985,4,0.0,0.6470588235294118,0
123,1985,5,0.0,0.6111111111111112,0
123,1985,6,0.0,0.5789473684210527,0
123,1985,7,0.0,0.55,0
123,1985,9,0.0,0.5238095238095238,0
123,1985,10,0.0,0.6363636363636364,0
123,1985,12,0.0,0.6086956521739131,0
123,1985,13,0.0,0.5833333333333334,0
123,1985,14,0.0,0.56,0
123,1985,15,0.0,0.5769230769230769,0
123,1986,2,0.0,0.5925925925925926,0
123,1986,3,0.0,0.5714285714285714,0
123,1986,4,0.0,0.5517241379310345,0
123,1986,13,0.0,0.5333333333333333,0
123,1986,14,0.0,0.5161290322580645,0
123,1986,15,0.0,0.5,0
123,1987,1,0.0,0.48484848484848486,0
123,1987,7,0.0,0.5294117647058824,0
123,1987,9,0.0,0.5142857142857142,0
123,1987,10,0.0,0.5833333333333334,0
123,1987,11,0.0,0.6486486486486487,0
123,1987,12,0.0,0.6842105263157895,0
123,1987,13,0.0,0.6666666666666666,0
123,1987,15,0.0,0.65,0
123,1987,16,0.0,0.6829268292682927,0
123,1988,1,0.0,0.7619047619047619,0
123,1988,2,0.0,0.7441860465116279,0
123,1988,3,0.0,0.7954545454545454,0
123,1988,4,0.0,0.7777777777777778,0
123,1988,5,0.0,0.7608695652173914,0
123,1988,6,0.0,0.8297872340425532,0
123,1988,9,0.0,0.8958333333333334,0
123,1988,10,0.0,0.8979591836734694,0
123,1988,12,0.0,0.96,0
123,1988,13,0.0,0.9607843137254902,0
123,1988,14,0.0,1.0192307692307692,0
123,1988,15,0.0,1.0,0
123,1988,16,0.0,1.0555555555555556,0
123,1989,2,0.0,1.0727272727272728,0
123,1989,3,0.0,1.1071428571428572,0
123,1989,5,0.0,1.087719298245614,0
123,1989,6,0.0,1.0862068965517242,1
123,1989,8,0.01694915254237288,1.2203389830508475,0
123,1989,10,0.016666666666666666,1.2,0
123,1989,11,0.01639344262295082,1.2459016393442623,0
123,1989,12,0.016129032258064516,1.2741935483870968,0
123,1989,15,0.015873015873015872,1.3174603174603174,0
123,1989,16,0.015625,1.359375,1
123,1990,1,0.03076923076923077,1.476923076923077,0
123,1990,2,0.030303030303030304,1.5151515151515151,0
123,1990,4,0.029850746268656716,1.5223880597014925,0
123,1990,6,0.029411764705882353,1.5441176470588236,0
123,1990,8,0.028985507246376812,1.5507246376811594,0
123,1990,9,0.02857142857142857,1.6142857142857143,0
123,1990,10,0.028169014084507043,1.6056338028169015,1
123,1990,14,0.041666666666666664,1.7083333333333333,0
123,1990,15,0.0410958904109589,1.726027397260274,0
123,1990,16,0.04054054054054054,1.7297297297297298,0
123,1991,2,0.04,1.7333333333333334,0
123,1991,3,0.039473684210526314,1.7105263157894737,0
123,1991,4,0.03896103896103896,1.6883116883116882,0
123,1991,6,0.038461538461538464,1.6666666666666667,0
123,1991,7,0.0379746835443038,1.6455696202531647,0
123,1991,9,0.0375,1.625,0
123,1991,10,0.037037037037037035,1.6049382716049383,0
123,1991,11,0.036585365853658534,1.5853658536585367,0
123,1991,13,0.03614457831325301,1.5662650602409638,0
123,1991,15,0.03571428571428571,1.5476190476190477,0
123,1992,2,0.03529411764705882,1.5294117647058822,0
123,1992,6,0.03488372093023256,1.5116279069767442,0
123,1992,7,0.034482758620689655,1.4942528735632183,0
123,1992,9,0.03409090909090909,1.4772727272727273,0
123,1992,10,0.033707865168539325,1.4606741573033708,0
123,1992,14,0.03333333333333333,1.4444444444444444,0
123,1992,16,0.03296703296703297,1.4285714285714286,0
123,1993,5,0.03260869565217391,1.434782608695652,0
123,1993,7,0.03225806451612903,1.4193548387096775,0
123,1993,8,0.031914893617021274,1.4042553191489362,0
123,1993,10,0.031578947368421054,1.3894736842105264,0
123,1993,11,0.03125,1.375,0
127,1988,12,0.0,1.0,0
127,1988,14,0.0,0.8333333333333334,0
127,1988,15,0.0,0.7142857142857143,0
127,1989,1,0.0,0.625,0
127,1989,11,0.0,1.0,0
127,1989,13,0.0,0.9,0
127,1989,15,0.0,0.8181818181818182,0
127,1989,16,0.0,0.75,0
127,1990,1,0.0,0.6923076923076923,0
127,1990,10,0.0,0.6428571428571429,0
127,1990,11,0.0,0.6,0
127,1990,13,0.0,0.625,0
127,1990,14,0.0,0.5882352941176471,0
127,1991,3,0.0,0.5555555555555556,0
127,1991,7,0.0,0.5263157894736842,0
127,1991,10,0.0,0.5,0
127,1991,12,0.0,0.47619047619047616,0
127,1991,13,0.0,0.45454545454545453,0
127,1991,14,0.0,0.43478260869565216,0
127,1991,15,0.0,0.4166666666666667,0
127,1991,16,0.0,0.4,0
127,1992,1,0.0,0.38461538461538464,0
127,1992,5,0.0,0.37037037037037035,0
127,1992,10,0.0,0.35714285714285715,0
127,1992,11,0.0,0.3448275862068966,0
127,1992,12,0.0,0.3333333333333333,0
129,1990,5,0.0,0.2,0
129,1990,6,0.0,0.16666666666666666,0
129,1990,11,0.0,0.14285714285714285,0
129,1990,16,0.0,0.125,0
129,1991,11,0.0,0.1111111111111111,0
129,1992,5,0.0,0.1,0
129,1992,7,0.0,0.09090909090909091,0
129,1992,8,0.0,0.08333333333333333,0
129,1992,9,0.0,0.07692307692307693,0
131,1989,3,0.0,0.0,0
131,1989,4,0.0,0.6666666666666666,0
131,1989,10,0.0,0.5714285714285714,0
131,1989,13,0.0,0.5,0
131,1989,16,0.0,0.4444444444444444,0
131,1990,1,0.0,0.4,0
131,1990,5,0.0,0.5454545454545454,0
131,1990,6,0.0,0.5,0
131,1990,7,0.0,0.46153846153846156,0
131,1990,8,0.0,0.42857142857142855,0
131,1990,11,0.0,0.4,0
131,1990,16,0.0,0.375,0
131,1991,1,0.0,0.35294117647058826,0
131,1991,5,0.0,0.5,0
131,1991,6,0.0,0.7894736842105263,0
131,1991,8,0.0,0.75,0
131,1991,9,0.0,0.7142857142857143,0
131,1991,10,0.0,0.6818181818181818,0
131,1991,14,0.0,0.6521739130434783,0
131,1991,15,0.0,0.625,0
131,1991,16,0.0,0.64,0
131,1992,12,0.0,0.6153846153846154,0
131,1992,14,0.0,0.5925925925925926,0
131,1992,15,0.0,0.5714285714285714,0
131,1992,16,0.0,0.5517241379310345,0
133,1988,11,0.0,0.0,0
133,1988,13,0.0,0.0,0
133,1988,14,0.0,0.0,0
133,1989,2,0.0,0.0,0
133,1989,3,0.0,0.0,0
133,1989,4,0.0,0.3,0
133,1989,6,0.0,0.2727272727272727,0
133,1989,10,0.0,0.3333333333333333,0
133,1989,12,0.0,0.3076923076923077,0
133,1989,15,0.0,0.2857142857142857,0
133,1990,4,0.0,0.26666666666666666,0
133,1990,5,0.0,0.375,0
133,1990,8,0.0,0.35294117647058826,0
133,1990,9,0.0,0.3333333333333333,0
133,1990,10,0.0,0.3157894736842105,0
133,1990,11,0.0,0.3,0
133,1990,12,0.0,0.2857142857142857,0
133,1990,13,0.0,0.2727272727272727,0
133,1990,15,0.0,0.2608695652173913,0
133,1991,15,0.0,0.25,0
133,1991,16,0.0,0.24,0
136,1979,10,0.0,0.0,0
136,1979,14,0.0,0.0,0
136,1980,5,0.0,0.0,0
136,1980,9,0.0,0.0,0
136,1980,13,0.0,0.0,0
136,1981,3,0.0,0.0,0
136,1992,16,0.0,0.0,0
137,1979,12,0.0,0.0,0
137,1980,1,0.0,0.5,0
137,1980,3,0.0,1.2857142857142858,0
137,1980,4,0.0,1.5,1
137,1980,6,0.1111111111111111,2.3333333333333335,0
137,1980,7,0.1,2.5,0
137,1980,8,0.09090909090909091,2.5454545454545454,0
137,1980,9,0.08333333333333333,2.8333333333333335,0
137,1980,10,0.07692307692307693,2.8461538461538463,0
137,1980,11,0.07142857142857142,2.7857142857142856,1
137,1980,12,0.13333333333333333,3.2,1
137,1981,1,0.1875,3.5625,0
137,1981,2,0.17647058823529413,3.588235294117647,0
137,1981,3,0.16666666666666666,3.388888888888889,1
137,1981,4,0.21052631578947367,3.6842105263157894,1
137,1981,8,0.25,3.95,0
137,1981,10,0.23809523809523808,3.9523809523809526,1
137,1981,11,0.2727272727272727,4.181818181818182,0
137,1981,12,0.2608695652173913,4.173913043478261,0
137,1981,13,0.25,4.25,0
137,1981,14,0.24,4.12,0
137,1981,15,0.23076923076923078,4.038461538461538,0
137,1982,5,0.2222222222222222,3.962962962962963,0
137,1982,8,0.21428571428571427,3.892857142857143,1
137,1982,9,0.2413793103448276,4.068965517241379,0
137,1982,14,0.23333333333333334,4.133333333333334,0
137,1983,1,0.22580645161290322,4.096774193548387,1
137,1983,3,0.25,4.25,0
137,1983,5,0.24242424242424243,4.303030303030303,0
137,1983,6,0.23529411764705882,4.352941176470588,0
137,1983,7,0.22857142857142856,4.314285714285714,0
137,1983,9,0.2222222222222222,4.277777777777778,0
137,1983,10,0.21621621621621623,4.324324324324325,0
137,1983,11,0.21052631578947367,4.2105263157894735,0
137,1983,13,0.20512820512820512,4.205128205128205,1
137,1983,14,0.225,4.325,1
137,1983,15,0.24390243902439024,4.439024390243903,0
137,1984,3,0.23809523809523808,4.428571428571429,0
137,1984,7,0.23255813953488372,4.325581395348837,1
137,1984,8,0.25,4.431818181818182,1
137,1984,10,0.26666666666666666,4.533333333333333,0
137,1984,12,0.2608695652173913,4.434782608695652,0
137,1984,15,0.2553191489361702,4.468085106382978,0
137,1984,16,0.25,4.458333333333333,0
137,1985,3,0.24489795918367346,4.387755102040816,0
137,1985,6,0.24,4.3,0
137,1985,7,0.23529411764705882,4.235294117647059,1
137,1985,8,0.25,4.326923076923077,0
137,1985,11,0.24528301886792453,4.30188679245283,0
137,1985,12,0.24074074074074073,4.222222222222222,0
137,1985,13,0.23636363636363636,4.254545454545455,0
137,1986,1,0.23214285714285715,4.214285714285714,1
137,1986,3,0.24561403508771928,4.298245614035087,0
137,1986,4,0.2413793103448276,4.327586206896552,0
137,1986,6,0.23728813559322035,4.254237288135593,0
137,1986,8,0.23333333333333334,4.25,0
137,1986,9,0.22950819672131148,4.245901639344262,0
137,1986,10,0.22580645161290322,4.274193548387097,1
137,1986,11,0.23809523809523808,4.349206349206349,1
137,1986,13,0.25,4.421875,1
137,1986,14,0.26153846153846155,4.492307692307692,0
137,1986,15,0.25757575757575757,4.484848484848484,0
137,1986,16,0.2537313432835821,4.462686567164179,0
137,1987,1,0.25,4.485294117647059,0
137,1987,4,0.2463768115942029,4.507246376811594,0
137,1987,5,0.24285714285714285,4.5285714285714285,0
137,1987,6,0.23943661971830985,4.549295774647887,0
137,1987,7,0.2361111111111111,4.569444444444445,0
137,1987,8,0.2328767123287671,4.589041095890411,1
137,1987,9,0.24324324324324326,4.648648648648648,1
137,1987,10,0.25333333333333335,4.706666666666667,0
137,1987,11,0.25,4.723684210526316,1
137,1987,12,0.2597402597402597,4.779220779220779,0
137,1987,13,0.2564102564102564,4.769230769230769,0
137,1987,14,0.25316455696202533,4.746835443037975,0
137,1987,15,0.25,4.7625,0
137,1988,1,0.24691358024691357,4.703703703703703,0
137,1988,2,0.24390243902439024,4.695121951219512,0
137,1988,5,0.24096385542168675,4.686746987951807,0
137,1988,7,0.23809523809523808,4.666666666666667,0
137,1988,8,0.23529411764705882,4.635294117647059,0
137,1988,10,0.23255813953488372,4.604651162790698,0
137,1988,11,0.22988505747126436,4.551724137931035,0
137,1988,14,0.22727272727272727,4.534090909090909,0
137,1988,16,0.2247191011235955,4.48314606741573,0
137,1989,4,0.2222222222222222,4.477777777777778,0
137,1989,6,0.21978021978021978,4.428571428571429,0
137,1989,7,0.21739130434782608,4.413043478260869,0
137,1989,8,0.21505376344086022,4.365591397849462,0
137,1989,9,0.2127659574468085,4.351063829787234,0
137,1989,10,0.21052631578947367,4.326315789473684,0
137,1989,14,0.20833333333333334,4.291666666666667,0
137,1989,15,0.20618556701030927,4.247422680412371,0
137,1990,1,0.20408163265306123,4.23469387755102,0
137,1990,2,0.20202020202020202,4.222222222222222,0
137,1990,3,0.2,4.19,0
137,1990,5,0.19801980198019803,4.1683168316831685,0
137,1990,6,0.19607843137254902,4.186274509803922,0
137,1990,7,0.1941747572815534,4.155339805825243,0
137,1990,8,0.19230769230769232,4.144230769230769,0
137,1990,10,0.19047619047619047,4.123809523809523,0
137,1990,11,0.18867924528301888,4.122641509433962,0
137,1990,12,0.18691588785046728,4.102803738317757,0
137,1990,13,0.18518518518518517,4.064814814814815,0
137,1990,15,0.1834862385321101,4.045871559633028,1
137,1990,16,0.19090909090909092,4.090909090909091,1
137,1991,1,0.1981981981981982,4.135135135135135,0
137,1991,2,0.19642857142857142,4.133928571428571,0
137,1991,5,0.19469026548672566,4.115044247787611,1
137,1991,7,0.20175438596491227,4.166666666666667,0
137,1991,8,0.2,4.130434782608695,0
137,1991,11,0.19827586206896552,4.112068965517241,0
137,1991,12,0.19658119658119658,4.111111111111111,0
137,1991,13,0.19491525423728814,4.084745762711864,0
137,1991,14,0.19327731092436976,4.067226890756302,0
137,1991,15,0.19166666666666668,4.033333333333333,0
137,1991,16,0.19008264462809918,4.0,0
138,1987,10,0.0,1.2,0
138,1987,11,0.0,1.0,0
138,1987,12,0.0,0.8571428571428571,0
138,1987,13,0.0,0.75,0
138,1987,15,0.0,0.6666666666666666,0
138,1988,1,0.0,0.7,0
138,1988,2,0.0,0.7272727272727273,0
138,1988,5,0.0,0.6666666666666666,0
138,1988,7,0.0,0.6153846153846154,0
138,1988,8,0.0,0.5714285714285714,0
138,1988,9,0.0,0.5333333333333333,0
138,1988,10,0.0,0.5,0
138,1988,15,0.0,0.47058823529411764,0
138,1989,1,0.0,0.4444444444444444,0
138,1989,8,0.0,0.42105263157894735,0
138,1989,12,0.0,0.4,0
138,1989,13,0.0,0.38095238095238093,0
138,1989,16,0.0,0.36363636363636365,0
138,1990,1,0.0,0.4782608695652174,0
138,1990,2,0.0,0.5,0
138,1990,5,0.0,0.48,0
138,1990,12,0.0,0.46153846153846156,0
138,1990,15,0.0,0.48148148148148145,0
138,1991,1,0.0,0.5,0
138,1991,5,0.0,0.5517241379310345,0
138,1991,6,0.0,0.5333333333333333,0
138,1991,8,0.0,0.5161290322580645,0
138,1991,10,0.0,0.5,0
138,1991,13,0.0,0.48484848484848486,0
138,1991,14,0.0,0.47058823529411764,0
139,1990,8,0.0,0.4,0
139,1990,10,0.0,0.3333333333333333,0
139,1990,13,0.0,0.2857142857142857,0
139,1991,2,0.0,0.25,0
139,1991,4,0.0,0.2222222222222222,0
139,1991,5,0.0,0.3,0
139,1991,8,0.0,0.2727272727272727,0
139,1991,9,0.0,0.25,0
139,1991,11,0.0,0.23076923076923078,0
139,1991,12,0.0,0.21428571428571427,0
139,1991,14,0.0,0.2,0
139,1991,16,0.0,0.1875,0
140,1985,1,0.0,0.6,0
140,1985,2,0.0,0.5,0
140,1985,3,0.0,0.42857142857142855,0
140,1985,5,0.0,0.5,0
140,1985,6,0.0,1.1111111111111112,0
140,1985,7,0.0,1.6,0
140,1985,9,0.0,1.7272727272727273,0
140,1985,10,0.0,1.5833333333333333,0
140,1985,12,0.0,1.6923076923076923,0
140,1985,15,0.0,1.7142857142857142,0
140,1985,16,0.0,1.8,0
140,1986,3,0.0,1.8125,0
140,1986,4,0.0,1.8823529411764706,0
140,1986,5,0.0,1.7777777777777777,0
140,1986,10,0.0,1.894736842105263,0
140,1986,11,0.0,1.8,0
140,1986,12,0.0,1.8571428571428572,0
140,1986,13,0.0,1.9545454545454546,0
140,1986,14,0.0,2.0434782608695654,0
140,1986,15,0.0,2.0,0
140,1986,16,0.0,1.92,0
140,1987,1,0.0,2.0,0
140,1987,2,0.0,2.074074074074074,0
140,1987,3,0.0,2.107142857142857,0
140,1987,5,0.0,2.2413793103448274,0
140,1987,6,0.0,2.1666666666666665,0
140,1987,8,0.0,2.096774193548387,0
140,1987,10,0.0,2.21875,0
140,1987,11,0.0,2.1515151515151514,0
140,1987,12,0.0,2.1176470588235294,0
140,1987,13,0.0,2.1142857142857143,0
140,1987,15,0.0,2.1666666666666665,0
140,1988,1,0.0,2.2162162162162162,0
140,1988,4,0.0,2.1578947368421053,0
140,1988,11,0.0,2.1025641025641026,0
140,1988,16,0.0,2.05,0
140,1989,7,0.0,2.0,0
140,1989,11,0.0,2.0,0
140,1989,13,0.0,1.9534883720930232,0
145,1988,4,0.0,0.2,0
145,1988,7,0.0,0.16666666666666666,0
145,1988,8,0.0,0.2857142857142857,0
145,1988,9,0.0,0.75,0
145,1988,12,0.0,0.6666666666666666,0
145,1988,14,0.0,0.6,0
145,1988,15,0.0,0.9090909090909091,0
145,1989,1,0.0,1.0,0
145,1989,2,0.0,1.0,0
145,1989,3,0.0,1.2142857142857142,0
145,1989,4,0.0,1.1333333333333333,0
145,1989,8,0.0,1.25,0
145,1989,11,0.0,1.411764705882353,0
145,1989,13,0.0,1.4444444444444444,0
145,1989,15,0.0,1.5263157894736843,1
145,1989,16,0.05,1.9,0
145,1990,1,0.047619047619047616,2.0952380952380953,0
145,1990,2,0.045454545454545456,2.0,0
145,1990,3,0.043478260869565216,1.9130434782608696,0
145,1990,6,0.041666666666666664,2.0,0
145,1990,7,0.04,2.04,0
145,1990,9,0.038461538461538464,1.9615384615384615,0
145,1990,11,0.037037037037037035,2.111111111111111,0
145,1990,12,0.03571428571428571,2.142857142857143,0
145,1990,13,0.034482758620689655,2.0689655172413794,0
145,1990,14,0.03333333333333333,2.033333333333333,0
151,1990,11,0.0,0.0,0
152,1980,2,0.0,0.4,0
152,1980,9,0.0,0.3333333333333333,0
152,1981,3,0.0,0.5714285714285714,0
152,1981,5,0.0,0.5,0
152,1981,7,0.0,0.4444444444444444,0
152,1981,8,0.0,0.4,0
152,1981,10,0.0,0.36363636363636365,0
152,1981,13,0.0,0.3333333333333333,0
152,1981,14,0.0,0.3076923076923077,0
152,1981,15,0.0,0.5,0
152,1982,1,0.0,0.7333333333333333,0
152,1982,9,0.0,0.6875,0
152,1982,10,0.0,0.6470588235294118,0
152,1982,11,0.0,0.6111111111111112,0
152,1982,12,0.0,0.5789473684210527,0
152,1982,14,0.0,0.65,0
152,1982,16,0.0,0.6190476190476191,0
152,1983,3,0.0,0.5909090909090909,0
152,1983,6,0.0,0.5652173913043478,0
152,1983,7,0.0,0.5416666666666666,0
152,1983,12,0.0,0.52,0
152,1983,13,0.0,0.5,0
152,1983,14,0.0,0.48148148148148145,0
153,2010,3,0.0,0.0,0
153,2010,4,0.0,0.3333333333333333,0
153,2010,5,0.0,0.2857142857142857,0
153,2010,6,0.0,0.375,0
153,2010,7,0.0,0.3333333333333333,0
153,2010,8,0.0,0.3,0
153,2010,9,0.0,0.2727272727272727,0
153,2010,11,0.0,0.25,0
153,2010,13,0.0,0.23076923076923078,0
153,2010,14,0.0,0.21428571428571427,0
153,2010,15,0.0,0.2,0
153,2010,16,0.0,0.1875,0
153,2010,17,0.0,0.17647058823529413,0
153,2010,18,0.0,0.16666666666666666,0
153,2010,19,0.0,0.15789473684210525,0
153,2011,1,0.0,0.25,0
153,2011,2,0.0,0.23809523809523808,0
153,2011,4,0.0,0.22727272727272727,0
153,2011,5,0.0,0.21739130434782608,0
153,2011,7,0.0,0.20833333333333334,0
153,2011,8,0.0,0.36,0
153,2011,9,0.0,0.5,0
153,2011,10,0.0,0.5185185185185185,0
153,2011,11,0.0,0.5,0
153,2011,13,0.0,0.5172413793103449,0
153,2011,14,0.0,0.7,0
153,2011,15,0.0,0.6774193548387096,0
153,2011,16,0.0,0.65625,0
153,2011,17,0.0,0.8181818181818182,0
153,2011,18,0.0,0.9117647058823529,0
153,2011,19,0.0,0.8857142857142857,0
154,2012,3,0.0,0.0,0
154,2012,4,0.0,1.3333333333333333,0
154,2012,5,0.0,3.2857142857142856,0
154,2012,7,0.0,4.375,0
154,2012,9,0.0,5.888888888888889,0
154,2012,10,0.0,6.1,0
154,2012,11,0.0,5.545454545454546,0
154,2012,14,0.0,6.333333333333333,0
154,2012,15,0.0,6.3076923076923075,0
154,2012,16,0.0,5.857142857142857,0
154,2012,17,0.0,5.866666666666666,0
154,2012,19,0.0,5.625,0
154,2013,1,0.0,5.647058823529412,0
154,2013,2,0.0,5.388888888888889,0
154,2013,3,0.0,5.526315789473684,0
154,2013,4,0.0,5.35,0
154,2013,5,0.0,5.809523809523809,0
154,2013,7,0.0,5.545454545454546,0
154,2013,8,0.0,5.304347826086956,0
154,2013,9,0.0,5.083333333333333,0
154,2013,10,0.0,5.48,0
154,2013,11,0.0,5.576923076923077,0
154,2013,12,0.0,5.518518518518518,0
154,2013,14,0.0,5.464285714285714,0
154,2013,15,0.0,5.793103448275862,0
154,2013,16,0.0,6.1,0
154,2013,17,0.0,6.387096774193548,0
154,2013,18,0.0,6.5625,0
154,2014,2,0.0,6.909090909090909,0
154,2014,3,0.0,6.705882352941177,0
154,2014,5,0.0,6.514285714285714,0
154,2014,6,0.0,6.444444444444445,0
154,2014,8,0.0,6.378378378378378,0
154,2014,9,0.0,6.2105263157894735,0
154,2014,13,0.0,6.051282051282051,0
154,2014,14,0.0,5.9,0
154,2014,15,0.0,5.7560975609756095,0
154,2014,16,0.0,5.619047619047619,0
154,2014,17,0.0,5.488372093023256,0
154,2014,18,0.0,5.363636363636363,0
154,2014,19,0.0,5.2444444444444445,0
154,2015,2,0.0,5.130434782608695,0
154,2015,3,0.0,5.0212765957446805,0
154,2015,4,0.0,5.041666666666667,0
154,2015,5,0.0,5.061224489795919,0
154,2015,6,0.0,5.04,0
154,2015,7,0.0,4.9411764705882355,0
154,2015,10,0.0,4.865384615384615,0
154,2015,11,0.0,4.886792452830188,0
154,2015,13,0.0,5.074074074074074,0
154,2015,14,0.0,4.9818181818181815,0
154,2015,17,0.0,5.0,0
154,2015,18,0.0,4.9298245614035086,0
154,2015,19,0.0,4.913793103448276,0
154,2016,1,0.0,4.864406779661017,0
154,2016,2,0.0,4.916666666666667,0
154,2016,3,0.0,5.0,0
154,2016,4,0.0,4.919354838709677,0
154,2016,6,0.0,4.904761904761905,0
154,2016,7,0.0,4.828125,0
154,2016,8,0.0,4.753846153846154,0
154,2016,9,0.0,4.681818181818182,0
154,2016,11,0.0,4.701492537313433,0
154,2016,12,0.0,4.632352941176471,0
154,2016,13,0.0,4.565217391304348,0
154,2016,14,0.0,4.5,0
154,2016,17,0.0,4.436619718309859,0
154,2016,18,0.0,4.375,0
154,2016,19,0.0,4.328767123287672,0
154,2016,21,0.0,4.27027027027027,0
154,2017,2,0.0,4.213333333333333,0
154,2017,3,0.0,4.157894736842105,0
154,2017,5,0.0,4.1558441558441555,0
154,2017,6,0.0,4.115384615384615,0
154,2017,7,0.0,4.113924050632911,0
154,2017,8,0.0,4.075,0
154,2017,9,0.0,4.0246913580246915,0
154,2017,10,0.0,4.073170731707317,0
154,2017,12,0.0,4.024096385542169,0
154,2017,13,0.0,4.0476190476190474,0
154,2017,14,0.0,4.0,0
154,2017,15,0.0,3.9767441860465116,0
154,2017,16,0.0,3.9310344827586206,0
154,2017,17,0.0,3.909090909090909,0
154,2017,18,0.0,3.865168539325843,0
154,2017,19,0.0,3.8222222222222224,0
154,2017,20,0.0,3.78021978021978,0
154,2018,2,0.0,3.739130434782609,0
154,2018,3,0.0,3.6989247311827955,0
154,2018,6,0.0,3.6595744680851063,0
154,2018,7,0.0,3.6210526315789475,0
154,2018,8,0.0,3.5833333333333335,0
154,2018,9,0.0,3.5463917525773194,0
154,2018,11,0.0,3.63265306122449,0
154,2018,12,0.0,3.676767676767677,0
154,2018,13,0.0,3.65,0
154,2018,15,0.0,3.6732673267326734,0
154,2018,16,0.0,3.6372549019607843,0
154,2018,17,0.0,3.6019417475728157,0
154,2018,19,0.0,3.605769230769231,0
154,2018,20,0.0,3.5714285714285716,0
154,2018,21,0.0,3.5754716981132075,0
154,2019,3,0.0,3.560747663551402,0
154,2019,5,0.0,3.5277777777777777,0
154,2019,6,0.0,3.5045871559633026,0
154,2019,7,0.0,3.481818181818182,0
154,2019,8,0.0,3.4504504504504503,0
154,2019,9,0.0,3.419642857142857,0
154,2019,11,0.0,3.3893805309734515,0
154,2019,13,0.0,3.412280701754386,0
154,2019,14,0.0,3.382608695652174,0
154,2019,15,0.0,3.353448275862069,0
154,2019,17,0.0,3.324786324786325,0
154,2019,18,0.0,3.2966101694915255,0
154,2019,19,0.0,3.26890756302521,0
154,2019,20,0.0,3.2416666666666667,0
154,2019,21,0.0,3.2148760330578514,0
154,2020,2,0.0,3.1885245901639343,0
154,2020,3,0.0,3.16260162601626,0
154,2020,4,0.0,3.1370967741935485,0
154,2020,5,0.0,3.112,0
154,2020,6,0.0,3.0873015873015874,0
154,2020,7,0.0,3.062992125984252,0
154,2020,8,0.0,3.0390625,0
154,2020,9,0.0,3.0155038759689923,0
154,2020,10,0.0,2.9923076923076923,0
154,2020,11,0.0,2.969465648854962,0
154,2020,12,0.0,2.962121212121212,0
154,2020,13,0.0,2.9398496240601504,0
155,2010,10,0.0,2.0,0
155,2010,11,0.0,3.0,0
155,2010,12,0.0,2.5714285714285716,0
155,2010,13,0.0,2.5,0
155,2010,16,0.0,2.6666666666666665,0
155,2010,17,0.0,3.0,0
155,2010,18,0.0,3.090909090909091,0
155,2010,19,0.0,2.9166666666666665,0
155,2011,2,0.0,2.6923076923076925,0
155,2011,3,0.0,2.9285714285714284,0
155,2011,4,0.0,2.8,0
155,2011,5,0.0,2.6875,0
155,2011,6,0.0,2.588235294117647,0
155,2011,7,0.0,3.0,0
155,2011,8,0.0,3.1578947368421053,0
155,2011,10,0.0,3.0,0
155,2011,11,0.0,2.9523809523809526,0
155,2011,12,0.0,2.8181818181818183,0
155,2011,14,0.0,2.6956521739130435,0
155,2011,15,0.0,2.5833333333333335,0
155,2011,16,0.0,2.48,0
155,2011,18,0.0,2.3846153846153846,0
155,2011,19,0.0,2.3333333333333335,0
155,2012,1,0.0,2.3214285714285716,0
155,2012,3,0.0,2.5172413793103448,0
155,2012,4,0.0,2.466666666666667,0
155,2012,5,0.0,2.3870967741935485,0
155,2012,7,0.0,2.625,0
155,2012,9,0.0,2.606060606060606,0
155,2012,10,0.0,2.5294117647058822,0
155,2012,11,0.0,2.8,0
155,2012,12,0.0,2.7222222222222223,0
155,2012,13,0.0,2.6486486486486487,0
155,2012,14,0.0,2.6315789473684212,0
155,2012,15,0.0,2.5641025641025643,0
155,2012,17,0.0,2.875,0
155,2012,18,0.0,2.8048780487804876,0
155,2012,19,0.0,2.9285714285714284,0
155,2012,20,0.0,2.86046511627907,0
155,2014,2,0.0,2.840909090909091,0
155,2014,3,0.0,2.7777777777777777,0
155,2014,4,0.0,2.717391304347826,0
155,2014,6,0.0,2.6595744680851063,0
155,2014,8,0.0,2.6041666666666665,0
155,2014,9,0.0,2.5510204081632653,0
155,2014,10,0.0,2.5,0
155,2014,13,0.0,2.450980392156863,0
155,2014,15,0.0,2.4038461538461537,0
156,1984,12,0.0,0.0,0
156,1984,13,0.0,0.0,0
156,1985,4,0.0,0.0,0
156,1986,4,0.0,0.0,0
156,1986,5,0.0,0.0,0
156,1986,7,0.0,0.0,0
156,1986,9,0.0,0.0,0
156,1986,11,0.0,0.0,0
156,1986,14,0.0,0.0,0
156,1986,15,0.0,0.0,0
156,1986,16,0.0,0.0,0
156,1987,1,0.0,0.0,0
156,1987,4,0.0,0.0,0
156,1987,5,0.0,0.1111111111111111,0
156,1987,6,0.0,0.10526315789473684,0
156,1987,7,0.0,0.1,0
156,1987,8,0.0,0.09523809523809523,0
156,1987,9,0.0,0.18181818181818182,0
156,1987,10,0.0,0.17391304347826086,0
156,1987,11,0.0,0.16666666666666666,0
156,1987,12,0.0,0.16,0
156,1987,14,0.0,0.15384615384615385,0
156,1987,15,0.0,0.14814814814814814,0
156,1987,16,0.0,0.14285714285714285,0
156,1988,2,0.0,0.2413793103448276,0
156,1988,3,0.0,0.23333333333333334,0
156,1988,5,0.0,0.2903225806451613,0
156,1988,6,0.0,0.3125,0
156,1988,9,0.0,0.36363636363636365,0
156,1988,11,0.0,0.35294117647058826,0
156,1988,15,0.0,0.34285714285714286,0
156,1989,1,0.0,0.3333333333333333,0
156,1989,2,0.0,0.32432432432432434,0
156,1989,3,0.0,0.34210526315789475,0
156,1989,5,0.0,0.3333333333333333,0
156,1989,7,0.0,0.325,0
156,1989,10,0.0,0.3170731707317073,0
156,1989,11,0.0,0.30952380952380953,0
156,1989,13,0.0,0.3023255813953488,0
156,1989,14,0.0,0.3181818181818182,0
157,1987,1,0.0,0.2,0
157,1987,2,0.0,0.16666666666666666,0
157,1987,5,0.0,0.14285714285714285,0
157,1987,10,0.0,0.125,0
157,1987,11,0.0,0.1111111111111111,0
157,1987,16,0.0,0.1,0
157,1989,1,0.0,0.09090909090909091,0
157,1989,4,0.0,0.08333333333333333,0
157,1989,5,0.0,0.07692307692307693,0
157,1989,6,0.0,0.2857142857142857,0
158,1981,9,0.0,1.0,0
158,1981,10,0.0,1.3333333333333333,0
158,1981,14,0.0,1.4285714285714286,0
158,1982,5,0.0,1.25,0
158,1982,7,0.0,1.5555555555555556,0
158,1982,8,0.0,2.0,0
158,1982,11,0.0,1.8181818181818181,0
158,1982,15,0.0,1.6666666666666667,0
158,1982,16,0.0,1.6153846153846154,0
158,1983,2,0.0,1.7857142857142858,0
158,1983,3,0.0,1.6666666666666667,0
158,1983,6,0.0,1.8125,0
158,1983,8,0.0,1.9411764705882353,0
158,1983,11,0.0,2.1666666666666665,0
158,1983,13,0.0,2.210526315789474,0
158,1983,14,0.0,2.3,0
158,1983,15,0.0,2.1904761904761907,0
158,1984,1,0.0,2.1363636363636362,0
158,1984,4,0.0,2.1739130434782608,0
158,1984,7,0.0,2.0833333333333335,0
158,1984,13,0.0,2.0,0
158,1984,14,0.0,1.9230769230769231,0
158,1984,16,0.0,1.8518518518518519,0
158,1985,5,0.0,1.7857142857142858,0
158,1985,6,0.0,1.7241379310344827,0
158,1985,7,0.0,1.6666666666666667,0
158,1985,14,0.0,1.6129032258064515,0
158,1987,3,0.0,1.5625,0
158,1987,5,0.0,1.606060606060606,0
158,1987,9,0.0,1.588235294117647,0
158,1987,12,0.0,1.542857142857143,0
158,1987,13,0.0,1.5277777777777777,0
158,1987,14,0.0,1.4864864864864864,0
158,1987,15,0.0,1.5263157894736843,0
158,1988,1,0.0,1.4871794871794872,0
158,1988,2,0.0,1.45,0
158,1988,4,0.0,1.4146341463414633,0
158,1988,7,0.0,1.4047619047619047,0
158,1988,8,0.0,1.372093023255814,0
158,1988,9,0.0,1.3409090909090908,0
158,1988,11,0.0,1.3111111111111111,0
158,1988,12,0.0,1.3043478260869565,0
158,1989,2,0.0,1.3617021276595744,0
158,1989,3,0.0,1.3333333333333333,0
158,1989,4,0.0,1.3061224489795917,0
158,1989,5,0.0,1.28,0
158,1989,7,0.0,1.3333333333333333,0
158,1989,9,0.0,1.3076923076923077,0
158,1989,10,0.0,1.2830188679245282,0
158,1989,15,0.0,1.2962962962962963,0
159,1988,14,0.0,0.0,0
159,1988,15,0.0,0.0,0
159,1989,8,0.0,0.0,0
159,1989,11,0.0,0.125,0
159,1989,12,0.0,0.1111111111111111,0
159,1989,13,0.0,0.1,0
160,1984,10,0.0,0.4,0
160,1984,14,0.0,0.3333333333333333,0
160,1985,1,0.0,0.2857142857142857,0
160,1985,2,0.0,0.25,0
160,1985,7,0.0,0.2222222222222222,0
160,1986,12,0.0,0.2,0
160,1987,3,0.0,0.18181818181818182,0
160,1987,4,0.0,0.16666666666666666,0
160,1987,9,0.0,0.15384615384615385,0
160,1987,10,0.0,0.14285714285714285,0
160,1987,11,0.0,0.13333333333333333,0
160,1987,15,0.0,0.125,0
160,1988,4,0.0,0.11764705882352941,0
160,1988,5,0.0,0.1111111111111111,0
160,1988,9,0.0,0.10526315789473684,0
163,1979,8,0.0,0.0,0
163,1979,9,0.0,0.6666666666666666,0
163,1979,11,0.0,1.4285714285714286,0
163,1979,15,0.0,1.375,0
163,1980,2,0.0,1.8888888888888888,1
163,1980,3,0.1,2.6,1
163,1980,4,0.18181818181818182,3.1818181818181817,0
163,1980,5,0.16666666666666666,2.9166666666666665,0
163,1980,7,0.15384615384615385,2.923076923076923,0
163,1980,10,0.14285714285714285,2.857142857142857,0
163,1980,11,0.13333333333333333,2.6666666666666665,0
163,1980,12,0.125,2.875,0
163,1980,14,0.11764705882352941,2.7058823529411766,0
163,1981,1,0.1111111111111111,2.5555555555555554,0
163,1981,3,0.10526315789473684,2.4210526315789473,0
163,1981,4,0.1,2.4,0
163,1981,7,0.09523809523809523,2.2857142857142856,0
163,1981,8,0.09090909090909091,2.1818181818181817,0
163,1981,9,0.08695652173913043,2.217391304347826,0
163,1981,10,0.08333333333333333,2.125,0
163,1981,11,0.08,2.04,0
163,1982,1,0.07692307692307693,2.1923076923076925,0
163,1982,7,0.07407407407407407,2.259259259259259,0
163,1982,11,0.07142857142857142,2.1785714285714284,1
163,1982,12,0.10344827586206896,2.413793103448276,0
163,1982,14,0.1,2.533333333333333,0
163,1982,15,0.0967741935483871,2.4516129032258065,1
163,1983,1,0.125,2.65625,0
163,1983,2,0.12121212121212122,2.5757575757575757,0
163,1983,3,0.11764705882352941,2.6176470588235294,0
163,1983,4,0.11428571428571428,2.5428571428571427,0
163,1983,8,0.1111111111111111,2.5833333333333335,1
163,1983,9,0.13513513513513514,2.7567567567567566,0
163,1983,10,0.13157894736842105,2.736842105263158,1
163,1983,11,0.15384615384615385,2.8974358974358974,0
163,1983,12,0.15,2.975,1
163,1983,13,0.17073170731707318,3.1219512195121952,0
163,1983,14,0.16666666666666666,3.1904761904761907,0
163,1984,3,0.16279069767441862,3.116279069767442,0
163,1984,4,0.1590909090909091,3.1363636363636362,0
163,1984,5,0.15555555555555556,3.2,0
163,1984,6,0.15217391304347827,3.1956521739130435,0
163,1984,7,0.14893617021276595,3.1702127659574466,0
163,1984,9,0.14583333333333334,3.1458333333333335,0
163,1984,10,0.14285714285714285,3.204081632653061,0
163,1984,11,0.14,3.16,0
163,1984,12,0.13725490196078433,3.1176470588235294,0
163,1984,13,0.1346153846153846,3.0576923076923075,0
163,1984,15,0.1320754716981132,3.0,0
163,1984,16,0.12962962962962962,2.9814814814814814,0
163,1985,1,0.12727272727272726,2.9272727272727272,0
163,1986,1,0.125,2.9285714285714284,0
163,1986,4,0.12280701754385964,2.9298245614035086,0
163,1986,6,0.1206896551724138,2.913793103448276,0
163,1986,8,0.11864406779661017,2.8813559322033897,0
163,1986,9,0.11666666666666667,2.8666666666666667,0
163,1986,10,0.11475409836065574,2.8688524590163933,0
163,1986,12,0.11290322580645161,2.870967741935484,0
163,1986,14,0.1111111111111111,2.8253968253968256,0
163,1986,15,0.109375,2.78125,0
163,1986,16,0.1076923076923077,2.7384615384615385,0
163,1987,3,0.10606060606060606,2.696969696969697,0
163,1987,4,0.1044776119402985,2.671641791044776,0
163,1987,5,0.10294117647058823,2.6323529411764706,0
163,1987,10,0.10144927536231885,2.5942028985507246,0
163,1987,11,0.1,2.557142857142857,0
163,1988,8,0.09859154929577464,2.5211267605633805,0
163,1988,9,0.09722222222222222,2.486111111111111,0
163,1988,12,0.0958904109589041,2.452054794520548,0
163,1988,13,0.0945945945945946,2.418918918918919,0
163,1988,15,0.09333333333333334,2.3866666666666667,0
163,1989,3,0.09210526315789473,2.3552631578947367,0
163,1989,4,0.09090909090909091,2.324675324675325,0
163,1989,6,0.08974358974358974,2.2948717948717947,0
163,1989,9,0.08860759493670886,2.2911392405063293,0
163,1989,12,0.0875,2.2625,0
163,1989,13,0.08641975308641975,2.234567901234568,0
166,1986,4,0.0,0.8,0
166,1986,5,0.0,0.6666666666666666,0
166,1986,6,0.0,0.5714285714285714,0
166,1986,7,0.0,0.5,0
166,1986,9,0.0,0.4444444444444444,0
166,1986,11,0.0,0.5,0
166,1986,13,0.0,0.45454545454545453,0
166,1986,16,0.0,0.4166666666666667,0
166,1987,1,0.0,0.5384615384615384,0
166,1987,2,0.0,0.5,0
166,1987,3,0.0,0.4666666666666667,0
166,1987,6,0.0,0.4375,0
166,1987,8,0.0,0.47058823529411764,0
166,1987,9,0.0,0.6111111111111112,0
166,1987,11,0.0,0.5789473684210527,0
166,1987,12,0.0,0.55,0
166,1987,13,0.0,0.5238095238095238,0
166,1987,14,0.0,0.5,0
166,1987,15,0.0,0.4782608695652174,0
166,1988,2,0.0,0.4583333333333333,0
166,1988,4,0.0,0.44,0
166,1988,11,0.0,0.4230769230769231,0
166,1988,13,0.0,0.4074074074074074,0
166,1988,15,0.0,0.39285714285714285,0
166,1988,16,0.0,0.3793103448275862,0
169,1987,6,0.0,0.0,0
169,1987,7,0.0,0.0,0
169,1987,9,0.0,0.0,0
170,1985,12,0.0,1.8,0
170,1986,1,0.0,1.5,0
170,1986,2,0.0,1.2857142857142858,0
170,1986,5,0.0,1.375,0
170,1986,14,0.0,1.2222222222222223,0
170,1986,16,0.0,1.1,0
170,1987,4,0.0,1.0,0
170,1987,6,0.0,0.9166666666666666,0
170,1987,7,0.0,1.0,0
170,1987,10,0.0,1.0,0
170,1987,11,0.0,1.2,0
170,1987,12,0.0,1.125,0
170,1987,14,0.0,1.2352941176470589,0
172,1976,4,0.0,1.8,0
172,1976,5,0.0,1.5,0
172,1976,6,0.0,1.8571428571428572,0
172,1976,7,0.0,1.625,0
172,1976,8,0.0,1.7777777777777777,0
172,1976,11,0.0,1.6,0
172,1976,13,0.0,2.0,0
172,1976,16,0.0,2.1666666666666665,0
172,1977,4,0.0,2.0,0
172,1977,5,0.0,1.8571428571428572,0
172,1977,6,0.0,1.7333333333333334,0
172,1977,8,0.0,1.625,1
172,1977,9,0.058823529411764705,2.0588235294117645,0
172,1977,10,0.05555555555555555,1.9444444444444444,0
172,1977,13,0.05263157894736842,1.894736842105263,0
172,1977,14,0.05,2.1,0
172,1977,15,0.047619047619047616,2.0,0
172,1977,17,0.045454545454545456,1.9090909090909092,0
172,1978,1,0.043478260869565216,1.9130434782608696,0
172,1978,2,0.041666666666666664,1.8333333333333333,0
172,1978,3,0.04,1.76,0
172,1978,4,0.038461538461538464,1.7692307692307692,0
172,1978,6,0.037037037037037035,1.7777777777777777,0
172,1978,7,0.03571428571428571,1.7857142857142858,0
172,1978,8,0.034482758620689655,1.8620689655172413,0
172,1978,9,0.03333333333333333,1.8,0
172,1978,10,0.03225806451612903,1.7419354838709677,0
172,1978,11,0.03125,1.6875,0
172,1978,12,0.030303030303030304,1.7575757575757576,0
172,1978,13,0.029411764705882353,1.7647058823529411,0
172,1978,14,0.02857142857142857,1.7142857142857142,0
172,1978,15,0.027777777777777776,1.75,0
172,1979,1,0.02702702702702703,1.7027027027027026,1
172,1979,2,0.05263157894736842,1.894736842105263,1
172,1979,6,0.07692307692307693,2.076923076923077,0
172,1979,8,0.075,2.175,0
172,1979,10,0.07317073170731707,2.1219512195121952,0
172,1979,11,0.07142857142857142,2.1666666666666665,0
172,1979,12,0.06976744186046512,2.2093023255813953,0
172,1980,3,0.06818181818181818,2.25,0
172,1980,5,0.06666666666666667,2.3333333333333335,0
172,1980,6,0.06521739130434782,2.282608695652174,0
172,1980,7,0.06382978723404255,2.3617021276595747,0
172,1980,9,0.0625,2.3958333333333335,1
172,1980,10,0.08163265306122448,2.5306122448979593,0
172,1980,11,0.08,2.54,0
172,1980,12,0.0784313725490196,2.5686274509803924,0
172,1980,13,0.07692307692307693,2.519230769230769,0
172,1980,14,0.07547169811320754,2.4716981132075473,0
172,1981,2,0.07407407407407407,2.462962962962963,0
172,1981,5,0.07272727272727272,2.4363636363636365,0
172,1981,6,0.07142857142857142,2.5,0
172,1981,7,0.07017543859649122,2.526315789473684,0
172,1981,9,0.06896551724137931,2.586206896551724,0
172,1981,10,0.06779661016949153,2.610169491525424,0
172,1981,11,0.06666666666666667,2.6333333333333333,1
172,1981,14,0.08196721311475409,2.737704918032787,1
172,1981,15,0.0967741935483871,2.838709677419355,0
172,1982,5,0.09523809523809523,2.8095238095238093,0
172,1982,7,0.09375,2.765625,0
172,1982,11,0.09230769230769231,2.7384615384615385,0
172,1982,13,0.09090909090909091,2.696969696969697,0
172,1983,1,0.08955223880597014,2.716417910447761,0
172,1983,2,0.08823529411764706,2.7205882352941178,0
172,1983,3,0.08695652173913043,2.7246376811594204,0
172,1983,4,0.08571428571428572,2.7,0
172,1983,6,0.08450704225352113,2.6619718309859155,0
172,1983,7,0.08333333333333333,2.638888888888889,0
172,1983,9,0.0821917808219178,2.6301369863013697,0
172,1983,10,0.08108108108108109,2.5945945945945947,0
172,1984,5,0.08,2.5733333333333333,0
172,1984,6,0.07894736842105263,2.539473684210526,0
172,1984,8,0.07792207792207792,2.5064935064935066,0
172,1984,9,0.07692307692307693,2.5,0
172,1984,16,0.0759493670886076,2.5063291139240507,0
172,1985,1,0.075,2.475,0
172,1985,4,0.07407407407407407,2.45679012345679,0
172,1985,5,0.07317073170731707,2.4390243902439024,0
172,1985,6,0.07228915662650602,2.4096385542168677,0
172,1985,8,0.07142857142857142,2.380952380952381,0
172,1985,9,0.07058823529411765,2.4,0
172,1985,13,0.06976744186046512,2.4186046511627906,0
172,1985,16,0.06896551724137931,2.3908045977011496,0
172,1986,1,0.06818181818181818,2.4318181818181817,0
172,1986,4,0.06741573033707865,2.449438202247191,0
172,1986,5,0.06666666666666667,2.433333333333333,0
172,1986,6,0.06593406593406594,2.4285714285714284,0
172,1986,7,0.06521739130434782,2.402173913043478,0
172,1986,8,0.06451612903225806,2.4408602150537635,0
173,1979,10,0.0,0.0,0
173,1979,15,0.0,0.0,0
173,1980,2,0.0,0.42857142857142855,0
173,1980,5,0.0,1.125,0
173,1980,6,0.0,1.0,0
173,1980,9,0.0,0.9,0
173,1980,10,0.0,0.8181818181818182,0
173,1980,12,0.0,0.8333333333333334,0
173,1980,13,0.0,1.0,0
173,1980,14,0.0,0.9285714285714286,0
173,1981,2,0.0,1.0666666666666667,0
173,1981,3,0.0,1.125,0
173,1981,5,0.0,1.1176470588235294,0
173,1981,7,0.0,1.1666666666666667,0
173,1981,8,0.0,1.2105263157894737,0
173,1981,10,0.0,1.2,0
173,1981,11,0.0,1.1428571428571428,0
173,1981,12,0.0,1.0909090909090908,0
173,1981,13,0.0,1.1304347826086956,0
173,1981,14,0.0,1.2083333333333333,0
173,1982,1,0.0,1.2,0
173,1982,3,0.0,1.1538461538461537,0
173,1982,5,0.0,1.1851851851851851,0
173,1982,6,0.0,1.25,0
173,1982,8,0.0,1.2758620689655173,0
173,1982,10,0.0,1.3333333333333333,0
173,1982,13,0.0,1.3870967741935485,1
173,1982,14,0.03125,1.625,0
173,1983,6,0.030303030303030304,1.606060606060606,0
173,1983,13,0.029411764705882353,1.5588235294117647,0
173,1984,1,0.02857142857142857,1.5714285714285714,0
173,1984,2,0.027777777777777776,1.6388888888888888,0
173,1984,3,0.02702702702702703,1.5945945945945945,0
173,1984,4,0.02631578947368421,1.605263157894737,0
173,1984,5,0.02564102564102564,1.6666666666666667,0
173,1984,6,0.025,1.675,0
173,1984,7,0.024390243902439025,1.6585365853658536,0
173,1984,8,0.023809523809523808,1.6904761904761905,0
173,1984,9,0.023255813953488372,1.7906976744186047,0
173,1984,10,0.022727272727272728,1.8409090909090908,0
173,1984,13,0.022222222222222223,1.8666666666666667,0
173,1984,16,0.021739130434782608,1.891304347826087,0
173,1985,1,0.02127659574468085,1.8936170212765957,0
173,1985,2,0.020833333333333332,1.9375,0
173,1985,3,0.02040816326530612,1.9591836734693877,1
173,1985,4,0.04,2.1,0
173,1985,5,0.0392156862745098,2.1372549019607843,0
173,1985,6,0.038461538461538464,2.1346153846153846,0
173,1985,7,0.03773584905660377,2.1320754716981134,0
173,1985,10,0.037037037037037035,2.1296296296296298,0
173,1985,11,0.03636363636363636,2.1272727272727274,0
173,1985,12,0.03571428571428571,2.125,0
173,1985,14,0.03508771929824561,2.1052631578947367,0
173,1986,1,0.034482758620689655,2.103448275862069,0
174,1986,16,0.0,0.4,0
175,1978,5,0.0,1.2,0
175,1978,8,0.0,1.0,0
175,1978,9,0.0,1.2857142857142858,0
175,1978,10,0.0,1.125,0
175,1978,13,0.0,1.1111111111111112,0
175,1978,14,0.0,1.0,0
175,1978,15,0.0,1.0909090909090908,0
175,1978,16,0.0,1.0833333333333333,0
175,1979,3,0.0,1.0,0
175,1979,5,0.0,0.9285714285714286,0
175,1979,8,0.0,0.8666666666666667,0
175,1979,9,0.0,0.8125,0
175,1979,11,0.0,0.7647058823529411,0
175,1981,1,0.0,0.7222222222222222,0
175,1981,2,0.0,0.7368421052631579,0
175,1981,4,0.0,0.7,0
175,1981,6,0.0,0.6666666666666666,0
175,1981,7,0.0,0.6363636363636364,0
175,1982,9,0.0,0.6086956521739131,0
175,1982,10,0.0,0.5833333333333334,0
175,1982,11,0.0,0.72,0
175,1982,12,0.0,0.8076923076923077,1
175,1982,13,0.037037037037037035,1.1111111111111112,0
175,1982,15,0.03571428571428571,1.1785714285714286,0
175,1983,1,0.034482758620689655,1.3448275862068966,0
175,1983,3,0.03333333333333333,1.3666666666666667,0
175,1983,4,0.03225806451612903,1.4193548387096775,1
175,1983,5,0.0625,1.65625,0
175,1983,6,0.06060606060606061,1.696969696969697,0
175,1983,8,0.058823529411764705,1.8235294117647058,0
175,1983,9,0.05714285714285714,1.8857142857142857,0
175,1983,12,0.05555555555555555,1.9444444444444444,0
175,1983,13,0.05405405405405406,2.054054054054054,0
175,1984,1,0.05263157894736842,2.0789473684210527,0
175,1984,3,0.05128205128205128,2.076923076923077,0
175,1984,5,0.05,2.025,0
175,1984,10,0.04878048780487805,2.1219512195121952,0
175,1984,11,0.047619047619047616,2.0714285714285716,0
175,1984,13,0.046511627906976744,2.0697674418604652,0
175,1984,16,0.045454545454545456,2.0454545454545454,0
175,1985,1,0.044444444444444446,2.0,0
175,1985,2,0.043478260869565216,2.0,0
175,1985,3,0.0425531914893617,2.0425531914893615,0
175,1985,5,0.041666666666666664,2.0833333333333335,0
175,1985,7,0.04081632653061224,2.0408163265306123,0
175,1985,10,0.04,2.02,0
175,1985,12,0.0392156862745098,1.9803921568627452,0
175,1985,14,0.038461538461538464,1.9423076923076923,0
175,1986,2,0.03773584905660377,1.9056603773584906,0
175,1986,10,0.037037037037037035,1.8703703703703705,0
175,1986,11,0.03636363636363636,1.8363636363636364,0
175,1986,12,0.03571428571428571,1.8035714285714286,0
176,1981,2,0.0,0.0,0
176,1981,4,0.0,0.5,0
176,1981,5,0.0,0.42857142857142855,0
176,1981,6,0.0,0.375,0
176,1981,8,0.0,0.4444444444444444,0
176,1981,9,0.0,0.4,0
176,1981,10,0.0,0.36363636363636365,0
176,1981,12,0.0,0.3333333333333333,0
176,1981,14,0.0,0.3076923076923077,0
176,1982,5,0.0,0.2857142857142857,0
176,1982,6,0.0,0.26666666666666666,0
176,1982,7,0.0,0.25,0
176,1982,8,0.0,0.23529411764705882,0
176,1982,9,0.0,0.3333333333333333,0
176,1982,11,0.0,0.3157894736842105,0
176,1982,12,0.0,0.3,0
176,1982,14,0.0,0.3333333333333333,0
176,1982,16,0.0,0.3181818181818182,0
176,1983,1,0.0,0.30434782608695654,0
176,1983,2,0.0,0.3333333333333333,0
176,1983,3,0.0,0.4,0
176,1983,4,0.0,0.38461538461538464,0
176,1983,6,0.0,0.4074074074074074,0
176,1983,7,0.0,0.39285714285714285,0
176,1983,9,0.0,0.3793103448275862,0
176,1983,10,0.0,0.36666666666666664,0
176,1983,12,0.0,0.3548387096774194,0
176,1983,13,0.0,0.34375,0
176,1983,15,0.0,0.3333333333333333,0
176,1984,1,0.0,0.3235294117647059,0
176,1984,2,0.0,0.3142857142857143,0
176,1984,3,0.0,0.3055555555555556,0
176,1984,10,0.0,0.2972972972972973,0
176,1984,12,0.0,0.2894736842105263,0
176,1985,5,0.0,0.3076923076923077,0
176,1985,6,0.0,0.3,0
176,1985,7,0.0,0.2926829268292683,0
176,1985,8,0.0,0.2857142857142857,0
176,1985,10,0.0,0.3023255813953488,0
176,1985,11,0.0,0.3181818181818182,0
176,1985,12,0.0,0.3111111111111111,0
176,1985,13,0.0,0.3695652173913043,0
176,1985,14,0.0,0.3617021276595745,0
176,1986,3,0.0,0.3541666666666667,0
176,1986,4,0.0,0.3469387755102041,0
176,1986,5,0.0,0.34,0
177,1980,2,0.0,0.8,0
177,1980,5,0.0,0.6666666666666666,0
177,1980,10,0.0,0.5714285714285714,0
177,1980,12,0.0,0.5,0
177,1980,13,0.0,0.6666666666666666,0
177,1980,14,0.0,0.6,0
177,1981,2,0.0,0.5454545454545454,0
177,1981,7,0.0,0.5,0
177,1981,15,0.0,0.46153846153846156,0
177,1982,1,0.0,0.42857142857142855,0
177,1982,3,0.0,0.5333333333333333,0
177,1982,5,0.0,0.875,0
177,1982,7,0.0,1.1764705882352942,0
177,1982,9,0.0,1.2777777777777777,0
177,1982,11,0.0,1.4210526315789473,0
177,1982,12,0.0,1.45,0
177,1982,13,0.0,1.5714285714285714,0
177,1982,14,0.0,1.7727272727272727,1
177,1982,15,0.043478260869565216,2.0869565217391304,0
177,1982,16,0.041666666666666664,2.0,0
177,1983,3,0.04,2.0,0
177,1983,4,0.038461538461538464,2.0,0
177,1983,5,0.037037037037037035,2.037037037037037,1
177,1983,6,0.07142857142857142,2.2857142857142856,0
177,1983,7,0.06896551724137931,2.2758620689655173,0
177,1983,8,0.06666666666666667,2.4,0
177,1983,9,0.06451612903225806,2.4193548387096775,0
177,1983,10,0.0625,2.34375,0
177,1983,11,0.06060606060606061,2.272727272727273,0
177,1983,13,0.058823529411764705,2.2058823529411766,0
177,1983,15,0.05714285714285714,2.142857142857143,0
177,1984,1,0.05555555555555555,2.138888888888889,0
177,1984,3,0.05405405405405406,2.2432432432432434,0
177,1984,5,0.05263157894736842,2.263157894736842,0
177,1984,6,0.05128205128205128,2.230769230769231,0
177,1984,9,0.05,2.2125,1
177,1984,13,0.07317073170731707,2.3780487804878048,0
177,1985,4,0.07142857142857142,2.3214285714285716,0
177,1985,5,0.06976744186046512,2.2674418604651163,0
177,1985,6,0.06818181818181818,2.284090909090909,1
177,1985,7,0.08888888888888889,2.433333333333333,0
177,1985,9,0.08695652173913043,2.510869565217391,0
177,1985,13,0.0851063829787234,2.4574468085106385,0
177,1985,14,0.08333333333333333,2.46875,0
177,1985,15,0.08163265306122448,2.5,0
177,1985,16,0.08,2.57,1
177,1986,2,0.09803921568627451,2.696078431372549,0
177,1986,3,0.09615384615384616,2.701923076923077,0
177,1986,4,0.09433962264150944,2.688679245283019,0
177,1986,6,0.09259259259259259,2.75,0
177,1986,8,0.09090909090909091,2.7545454545454544,0
177,1986,10,0.08928571428571429,2.7589285714285716,0
177,1986,12,0.08771929824561403,2.745614035087719,0
177,1986,13,0.08620689655172414,2.6982758620689653,0
178,1976,4,0.0,0.4,0
178,1976,5,0.0,0.3333333333333333,0
178,1976,7,0.0,0.5714285714285714,0
178,1976,9,0.0,0.5,0
178,1976,10,0.0,0.6666666666666666,0
178,1976,12,0.0,0.6,0
178,1976,13,0.0,0.5454545454545454,0
178,1976,14,0.0,0.5,0
178,1976,15,0.0,0.46153846153846156,0
178,1976,16,0.0,0.42857142857142855,0
178,1977,6,0.0,0.6,0
178,1977,7,0.0,0.625,0
178,1977,8,0.0,0.7058823529411765,0
178,1977,10,0.0,0.6666666666666666,0
178,1977,12,0.0,0.631578947368421,1
178,1977,14,0.05,1.05,0
178,1977,16,0.047619047619047616,1.1904761904761905,0
178,1977,17,0.045454545454545456,1.2727272727272727,0
178,1978,2,0.043478260869565216,1.3478260869565217,0
178,1978,3,0.041666666666666664,1.2916666666666667,0
178,1978,4,0.04,1.36,0
178,1978,6,0.038461538461538464,1.3076923076923077,0
178,1978,7,0.037037037037037035,1.2592592592592593,0
178,1978,9,0.03571428571428571,1.2142857142857142,0
178,1978,14,0.034482758620689655,1.2413793103448276,0
178,1978,15,0.03333333333333333,1.2,0
178,1978,16,0.03225806451612903,1.3548387096774193,0
178,1979,1,0.03125,1.3125,0
178,1979,4,0.030303030303030304,1.2727272727272727,0
178,1979,8,0.029411764705882353,1.3529411764705883,0
178,1979,10,0.02857142857142857,1.4,1
178,1979,11,0.05555555555555555,1.6111111111111112,1
178,1979,12,0.08108108108108109,1.8108108108108107,1
178,1979,13,0.10526315789473684,2.0,0
178,1979,14,0.10256410256410256,1.9487179487179487,1
178,1980,1,0.125,2.125,1
178,1980,2,0.14634146341463414,2.292682926829268,0
178,1980,5,0.14285714285714285,2.3333333333333335,0
178,1980,7,0.13953488372093023,2.4186046511627906,1
178,1980,8,0.1590909090909091,2.5681818181818183,1
178,1980,9,0.17777777777777778,2.7111111111111112,0
178,1980,10,0.17391304347826086,2.739130434782609,0
178,1980,11,0.1702127659574468,2.8085106382978724,0
178,1980,12,0.16666666666666666,2.75,0
178,1980,13,0.16326530612244897,2.816326530612245,1
178,1980,14,0.18,2.94,1
178,1981,1,0.19607843137254902,3.0588235294117645,1
178,1981,2,0.21153846153846154,3.173076923076923,0
178,1981,3,0.20754716981132076,3.2264150943396226,0
178,1981,4,0.2037037037037037,3.2222222222222223,0
178,1981,6,0.2,3.1636363636363636,0
178,1981,7,0.19642857142857142,3.2142857142857144,0
178,1981,8,0.19298245614035087,3.1578947368421053,0
178,1981,10,0.1896551724137931,3.103448275862069,0
178,1981,11,0.1864406779661017,3.0508474576271185,0
178,1981,12,0.18333333333333332,3.05,0
178,1981,13,0.18032786885245902,3.0655737704918034,0
178,1981,15,0.1774193548387097,3.1129032258064515,1
178,1986,5,0.19047619047619047,3.2063492063492065,0
178,1986,6,0.1875,3.15625,0
178,1986,10,0.18461538461538463,3.1076923076923078,0
178,1986,12,0.18181818181818182,3.0606060606060606,0
178,1986,13,0.1791044776119403,3.0597014925373136,0
179,1986,12,0.0,0.0,0
181,1983,4,0.0,0.4,0
181,1983,8,0.0,0.3333333333333333,0
181,1983,14,0.0,0.2857142857142857,0
181,1984,7,0.0,0.25,0
181,1984,9,0.0,0.2222222222222222,0
181,1984,16,0.0,0.2,0
181,1985,1,0.0,0.18181818181818182,0
181,1985,7,0.0,0.16666666666666666,0
182,1972,9,0.0,0.0,0
182,1972,10,0.0,0.0,0
182,1972,12,0.0,0.0,0
182,1973,2,0.0,0.0,0
182,1973,5,0.0,0.0,0
182,1973,7,0.0,0.2,0
182,1973,8,0.0,0.18181818181818182,0
182,1973,9,0.0,0.16666666666666666,0
182,1974,1,0.0,0.15384615384615385,0
182,1974,3,0.0,0.5714285714285714,0
182,1974,4,0.0,0.5333333333333333,1
182,1974,5,0.0625,1.0625,0
182,1974,8,0.058823529411764705,1.3529411764705883,1
182,1974,9,0.1111111111111111,1.7777777777777777,0
182,1974,10,0.10526315789473684,2.0,0
182,1975,1,0.1,2.0,0
182,1975,2,0.09523809523809523,1.9523809523809523,0
182,1975,3,0.09090909090909091,1.9545454545454546,0
182,1975,5,0.08695652173913043,1.9565217391304348,1
182,1975,6,0.125,2.25,1
182,1975,7,0.16,2.52,1
182,1975,8,0.19230769230769232,2.769230769230769,0
182,1975,9,0.18518518518518517,2.888888888888889,1
182,1975,10,0.21428571428571427,3.107142857142857,0
182,1975,11,0.20689655172413793,3.0,0
182,1975,12,0.2,3.033333333333333,0
182,1975,13,0.1935483870967742,2.9516129032258065,0
182,1975,14,0.1875,2.984375,1
182,1976,1,0.21212121212121213,3.1666666666666665,1
182,1976,2,0.23529411764705882,3.338235294117647,1
182,1976,3,0.2571428571428571,3.5,0
182,1976,4,0.25,3.5694444444444446,0
182,1976,5,0.24324324324324326,3.635135135135135,1
182,1976,6,0.2631578947368421,3.776315789473684,1
182,1976,7,0.28205128205128205,3.91025641025641,0
182,1976,9,0.275,3.9125,1
182,1976,13,0.2926829268292683,4.036585365853658,0
182,1976,14,0.2857142857142857,4.011904761904762,0
182,1976,15,0.27906976744186046,3.9186046511627906,0
182,1977,2,0.2727272727272727,3.9204545454545454,0
182,1977,3,0.26666666666666666,3.922222222222222,1
182,1977,4,0.2826086956521739,4.032608695652174,0
182,1977,6,0.2765957446808511,4.074468085106383,0
182,1977,7,0.2708333333333333,4.114583333333333,0
182,1977,9,0.2653061224489796,4.153061224489796,0
182,1977,10,0.26,4.11,0
182,1977,11,0.2549019607843137,4.147058823529412,1
182,1977,12,0.2692307692307692,4.240384615384615,0
182,1977,13,0.2641509433962264,4.273584905660377,1
182,1977,14,0.2777777777777778,4.361111111111111,0
182,1977,15,0.2727272727272727,4.390909090909091,0
182,1978,1,0.26785714285714285,4.366071428571429,0
182,1978,2,0.2631578947368421,4.394736842105263,0
182,1978,5,0.25862068965517243,4.387931034482759,0
182,1978,8,0.2542372881355932,4.415254237288136,1
182,1978,10,0.26666666666666666,4.491666666666666,0
182,1978,13,0.26229508196721313,4.516393442622951,0
182,1978,14,0.25806451612903225,4.508064516129032,1
182,1979,3,0.2698412698412698,4.579365079365079,0
182,1979,13,0.265625,4.5234375,0
182,1982,1,0.26153846153846155,4.5,0
182,1982,3,0.25757575757575757,4.4772727272727275,1
182,1982,9,0.26865671641791045,4.544776119402985,0
182,1982,10,0.2647058823529412,4.522058823529412,1
182,1982,11,0.2753623188405797,4.586956521739131,0
182,1982,13,0.2714285714285714,4.521428571428571,0
182,1982,14,0.2676056338028169,4.485915492957746,0
182,1983,1,0.2638888888888889,4.479166666666667,0
182,1983,2,0.2602739726027397,4.472602739726027,0
182,1983,7,0.25675675675675674,4.493243243243243,0
182,1983,9,0.25333333333333335,4.433333333333334,0
182,1983,11,0.25,4.3881578947368425,0
182,1983,15,0.24675324675324675,4.3441558441558445,0
182,1984,2,0.24358974358974358,4.288461538461538,1
182,1984,5,0.25316455696202533,4.348101265822785,1
182,1984,7,0.2625,4.40625,0
182,1984,10,0.25925925925925924,4.425925925925926,1
182,1984,11,0.2682926829268293,4.4817073170731705,0
182,1984,12,0.26506024096385544,4.5,1
182,1984,13,0.27380952380952384,4.553571428571429,0
182,1984,14,0.27058823529411763,4.570588235294117,1
182,1984,15,0.27906976744186046,4.622093023255814,0
182,1984,16,0.27586206896551724,4.603448275862069,0
182,1985,3,0.2727272727272727,4.619318181818182,0
182,1985,9,0.2696629213483146,4.601123595505618,0
182,1985,11,0.26666666666666666,4.572222222222222,1
184,1982,15,0.0,0.4,0
184,1982,16,0.0,0.3333333333333333,0
184,1983,4,0.0,0.2857142857142857,0
184,1983,5,0.0,0.25,0
184,1983,7,0.0,0.3333333333333333,0
184,1983,8,0.0,0.3,0
184,1983,9,0.0,0.2727272727272727,0
184,1983,12,0.0,0.25,0
184,1984,2,0.0,0.38461538461538464,0
184,1984,4,0.0,0.35714285714285715,0
184,1984,15,0.0,0.3333333333333333,0
184,1984,16,0.0,0.3125,0
185,1985,9,0.0,0.8,0
185,1985,10,0.0,0.6666666666666666,0
187,1974,8,0.0,0.2,0
187,1974,9,0.0,0.16666666666666666,0
187,1974,10,0.0,0.14285714285714285,0
187,1974,12,0.0,0.125,0
187,1974,13,0.0,0.4444444444444444,0
187,1974,15,0.0,0.4,0
187,1975,2,0.0,0.5454545454545454,0
187,1975,4,0.0,0.5,0
187,1975,6,0.0,0.46153846153846156,0
187,1975,7,0.0,0.42857142857142855,0
187,1975,9,0.0,0.4,0
187,1975,10,0.0,0.375,0
187,1975,12,0.0,0.35294117647058826,0
187,1975,14,0.0,0.3333333333333333,0
187,1976,2,0.0,0.3157894736842105,0
187,1976,5,0.0,0.4,0
187,1976,6,0.0,0.38095238095238093,0
187,1976,8,0.0,0.36363636363636365,0
187,1976,9,0.0,0.5217391304347826,0
187,1976,10,0.0,0.6666666666666666,0
187,1976,11,0.0,0.64,1
187,1976,13,0.038461538461538464,0.9615384615384616,0
187,1976,14,0.037037037037037035,0.9259259259259259,0
187,1976,15,0.03571428571428571,0.8928571428571429,0
187,1977,3,0.034482758620689655,0.896551724137931,0
187,1977,8,0.03333333333333333,0.9,0
187,1977,9,0.03225806451612903,0.9354838709677419,0
187,1977,12,0.03125,1.09375,0
187,1977,15,0.030303030303030304,1.0606060606060606,0
187,1978,2,0.029411764705882353,1.0294117647058822,0
187,1978,3,0.02857142857142857,1.0,0
187,1978,5,0.027777777777777776,1.0833333333333333,0
187,1978,7,0.02702702702702703,1.135135135135135,0
187,1978,9,0.02631578947368421,1.1578947368421053,0
187,1978,10,0.02564102564102564,1.205128205128205,0
187,1978,11,0.025,1.275,0
187,1978,12,0.024390243902439025,1.2439024390243902,0
187,1978,13,0.023809523809523808,1.2142857142857142,0
187,1978,14,0.023255813953488372,1.255813953488372,0
187,1979,1,0.022727272727272728,1.3636363636363635,0
187,1979,2,0.022222222222222223,1.4222222222222223,0
187,1979,6,0.021739130434782608,1.391304347826087,0
187,1979,7,0.02127659574468085,1.3829787234042554,0
187,1979,8,0.020833333333333332,1.4166666666666667,0
187,1979,9,0.02040816326530612,1.3877551020408163,0
187,1979,10,0.02,1.42,0
187,1979,11,0.0196078431372549,1.4313725490196079,0
187,1979,14,0.019230769230769232,1.4038461538461537,0
187,1979,15,0.018867924528301886,1.3962264150943395,0
187,1980,2,0.018518518518518517,1.3888888888888888,0
187,1980,3,0.01818181818181818,1.3636363636363635,0
187,1980,4,0.017857142857142856,1.3392857142857142,0
187,1980,7,0.017543859649122806,1.368421052631579,0
187,1980,8,0.017241379310344827,1.3448275862068966,0
187,1980,13,0.01694915254237288,1.3220338983050848,0
187,1981,2,0.016666666666666666,1.35,0
187,1981,4,0.01639344262295082,1.3278688524590163,0
187,1981,5,0.016129032258064516,1.3064516129032258,0
187,1981,7,0.015873015873015872,1.2857142857142858,0
187,1981,8,0.015625,1.328125,0
187,1981,9,0.015384615384615385,1.4,1
187,1981,10,0.030303030303030304,1.5151515151515151,0
187,1981,11,0.029850746268656716,1.507462686567164,0
187,1981,14,0.029411764705882353,1.5,0
187,1981,15,0.028985507246376812,1.565217391304348,0
187,1982,1,0.02857142857142857,1.542857142857143,0
187,1982,2,0.028169014084507043,1.5352112676056338,0
187,1982,3,0.027777777777777776,1.5972222222222223,0
187,1982,5,0.0273972602739726,1.5890410958904109,1
187,1982,7,0.04054054054054054,1.6891891891891893,1
187,1982,8,0.05333333333333334,1.7866666666666666,0
187,1982,9,0.05263157894736842,1.8157894736842106,0
187,1982,13,0.05194805194805195,1.7922077922077921,0
187,1982,14,0.05128205128205128,1.7692307692307692,0
187,1982,15,0.05063291139240506,1.7468354430379747,0
187,1982,16,0.05,1.7625,0
187,1983,2,0.04938271604938271,1.8148148148148149,1
187,1983,4,0.06097560975609756,1.9024390243902438,0
187,1983,7,0.060240963855421686,1.9036144578313252,0
187,1983,8,0.05952380952380952,1.9285714285714286,0
187,1983,9,0.058823529411764705,1.9176470588235295,0
187,1983,10,0.05813953488372093,1.8953488372093024,0
187,1983,11,0.05747126436781609,1.896551724137931,0
187,1983,12,0.056818181818181816,1.875,0
187,1985,14,0.056179775280898875,1.898876404494382,0
188,1983,13,0.0,0.2,0
188,1984,7,0.0,0.16666666666666666,0
192,1982,12,0.0,0.2,0
192,1982,13,0.0,0.16666666666666666,0
192,1982,15,0.0,0.14285714285714285,0
192,1983,1,0.0,0.125,0
192,1983,4,0.0,0.1111111111111111,0
192,1983,5,0.0,0.1,0
193,1983,10,0.0,0.4,0
193,1983,15,0.0,0.3333333333333333,0
194,1982,14,0.0,0.6,0
194,1982,15,0.0,0.5,0
194,1983,1,0.0,0.42857142857142855,0
196,1983,4,0.0,0.0,0
196,1983,6,0.0,0.0,0
196,1983,7,0.0,0.0,0
196,1983,12,0.0,0.0,0
196,1983,14,0.0,0.0,0
197,1974,11,0.0,1.2,0
197,1974,12,0.0,1.0,0
197,1974,15,0.0,0.8571428571428571,0
197,1975,4,0.0,0.75,0
197,1975,9,0.0,0.8333333333333334,0
197,1975,10,0.0,0.75,0
197,1976,3,0.0,0.6818181818181818,0
197,1976,5,0.0,0.625,0
197,1976,6,0.0,0.5769230769230769,0
197,1976,7,0.0,0.5357142857142857,0
197,1976,8,0.0,0.5,0
197,1976,9,0.0,0.46875,0
197,1976,10,0.0,0.4411764705882353,0
197,1976,12,0.0,0.4166666666666667,0
197,1976,13,0.0,0.39473684210526316,0
197,1976,14,0.0,0.375,0
197,1976,15,0.0,0.35714285714285715,0
197,1976,16,0.0,0.3409090909090909,0
197,1977,4,0.0,0.32608695652173914,0
197,1977,6,0.0,0.3541666666666667,0
197,1977,7,0.0,0.34,0
197,1977,8,0.0,0.3269230769230769,0
197,1977,10,0.0,0.3148148148148148,0
197,1977,12,0.0,0.30357142857142855,0
197,1977,15,0.0,0.29310344827586204,0
197,1978,1,0.0,0.2833333333333333,0
197,1978,3,0.0,0.27419354838709675,0
197,1978,4,0.0,0.265625,0
197,1978,15,0.0,0.25757575757575757,0
197,1979,3,0.0,0.25,0
197,1979,4,0.0,0.35714285714285715,0
197,1979,5,0.0,0.375,0
197,1979,6,0.0,0.4189189189189189,0
197,1979,8,0.0,0.40789473684210525,0
197,1979,9,0.0,0.44871794871794873,0
197,1979,13,0.0,0.5375,0
197,1980,2,0.0,0.5487804878048781,0
197,1980,3,0.0,0.5357142857142857,0
197,1980,5,0.0,0.5232558139534884,0
197,1980,8,0.0,0.5568181818181818,0
197,1980,9,0.0,0.5888888888888889,0
197,1980,11,0.0,0.5760869565217391,0
197,1980,12,0.0,0.6063829787234043,0
197,1980,13,0.0,0.59375,0
197,1981,2,0.0,0.5816326530612245,0
197,1981,9,0.0,0.57,0
197,1981,10,0.0,0.5588235294117647,0
197,1981,11,0.0,0.5480769230769231,0
197,1981,13,0.0,0.5377358490566038,0
197,1982,2,0.0,0.5277777777777778,0
197,1982,4,0.0,0.5181818181818182,0
197,1982,9,0.0,0.5625,0
197,1983,3,0.0,0.5526315789473685,0
197,1983,9,0.0,0.5431034482758621,0
197,1983,10,0.0,0.5338983050847458,0
197,1983,11,0.0,0.525,0
197,1983,13,0.0,0.5163934426229508,0
197,1983,15,0.0,0.5080645161290323,0
199,1973,2,0.0,0.6,0
199,1973,3,0.0,0.5,0
199,1973,7,0.0,0.42857142857142855,0
199,1973,8,0.0,0.75,0
199,1973,9,0.0,1.1111111111111112,0
199,1973,12,0.0,1.1,0
199,1973,13,0.0,1.2727272727272727,0
199,1973,14,0.0,1.25,0
199,1973,15,0.0,1.1538461538461537,0
199,1974,1,0.0,1.3571428571428572,0
199,1974,2,0.0,1.2666666666666666,0
199,1974,3,0.0,1.1875,1
199,1974,8,0.058823529411764705,1.6470588235294117,0
199,1974,10,0.05555555555555555,1.5555555555555556,0
199,1974,11,0.05263157894736842,1.5263157894736843,0
199,1974,12,0.05,1.65,1
199,1974,14,0.09523809523809523,2.0,0
199,1974,15,0.09090909090909091,1.9090909090909092,1
199,1975,1,0.13043478260869565,2.217391304347826,0
199,1975,2,0.125,2.2916666666666665,0
199,1975,3,0.12,2.2,0
199,1975,4,0.11538461538461539,2.3461538461538463,0
199,1975,5,0.1111111111111111,2.3333333333333335,0
199,1975,6,0.10714285714285714,2.25,0
199,1975,7,0.10344827586206896,2.310344827586207,0
199,1975,8,0.1,2.433333333333333,0
199,1975,9,0.0967741935483871,2.4516129032258065,0
199,1975,11,0.09375,2.375,1
199,1975,12,0.12121212121212122,2.5757575757575757,0
199,1975,13,0.11764705882352941,2.5,0
199,1976,1,0.11428571428571428,2.5142857142857142,0
199,1976,4,0.1111111111111111,2.4444444444444446,0
199,1976,8,0.10810810810810811,2.4594594594594597,0
199,1976,13,0.10526315789473684,2.3947368421052633,0
199,1977,1,0.10256410256410256,2.3333333333333335,0
199,1977,2,0.1,2.375,1
199,1977,3,0.12195121951219512,2.5365853658536586,0
199,1977,5,0.11904761904761904,2.4761904761904763,0
199,1977,6,0.11627906976744186,2.558139534883721,0
199,1977,8,0.11363636363636363,2.590909090909091,0
199,1977,9,0.1111111111111111,2.6222222222222222,0
199,1977,10,0.10869565217391304,2.5869565217391304,0
199,1977,11,0.10638297872340426,2.5319148936170213,0
199,1977,12,0.10416666666666667,2.5416666666666665,0
199,1977,13,0.10204081632653061,2.5510204081632653,0
199,1977,15,0.1,2.52,0
199,1977,17,0.09803921568627451,2.4901960784313726,0
199,1978,1,0.09615384615384616,2.5576923076923075,0
199,1978,2,0.09433962264150944,2.509433962264151,1
199,1978,4,0.1111111111111111,2.6296296296296298,1
199,1978,5,0.12727272727272726,2.7454545454545456,0
199,1978,6,0.125,2.6964285714285716,0
199,1978,8,0.12280701754385964,2.719298245614035,0
199,1978,9,0.1206896551724138,2.6724137931034484,0
199,1978,10,0.11864406779661017,2.6271186440677967,1
199,1978,13,0.13333333333333333,2.7333333333333334,0
199,1978,14,0.13114754098360656,2.6885245901639343,0
199,1978,15,0.12903225806451613,2.7096774193548385,1
199,1978,16,0.14285714285714285,2.8095238095238093,0
199,1979,1,0.140625,2.828125,0
199,1979,2,0.13846153846153847,2.876923076923077,0
199,1979,3,0.13636363636363635,2.893939393939394,0
199,1979,5,0.13432835820895522,2.8805970149253732,0
199,1979,6,0.1323529411764706,2.926470588235294,0
199,1979,7,0.13043478260869565,2.927536231884058,0
199,1979,8,0.12857142857142856,2.942857142857143,0
199,1979,9,0.1267605633802817,2.9014084507042255,0
199,1979,13,0.125,2.861111111111111,0
199,1980,3,0.1232876712328767,2.8219178082191783,0
199,1980,5,0.12162162162162163,2.810810810810811,0
199,1980,6,0.12,2.8266666666666667,1
199,1980,7,0.13157894736842105,2.9078947368421053,0
199,1980,8,0.12987012987012986,2.883116883116883,0
199,1980,9,0.1282051282051282,2.8974358974358974,0
199,1980,10,0.12658227848101267,2.9367088607594938,0
199,1980,11,0.125,2.95,0
199,1980,12,0.12345679012345678,2.950617283950617,0
199,1980,13,0.12195121951219512,2.9634146341463414,0
199,1980,14,0.12048192771084337,3.0,0
199,1981,1,0.11904761904761904,3.0357142857142856,0
199,1981,2,0.11764705882352941,3.070588235294118,1
199,1981,3,0.12790697674418605,3.13953488372093,0
199,1981,4,0.12643678160919541,3.1724137931034484,0
199,1981,5,0.125,3.1818181818181817,1
199,1981,7,0.1348314606741573,3.247191011235955,0
199,1981,8,0.13333333333333333,3.2444444444444445,0
199,1981,9,0.13186813186813187,3.208791208791209,0
199,1981,11,0.13043478260869565,3.239130434782609,0
199,1981,13,0.12903225806451613,3.225806451612903,0
199,1981,14,0.1276595744680851,3.234042553191489,0
199,1981,15,0.12631578947368421,3.2,0
199,1982,1,0.125,3.1666666666666665,0
200,1975,1,0.0,0.0,0
200,1975,2,0.0,0.0,0
200,1975,3,0.0,0.5714285714285714,0
200,1975,4,0.0,0.625,1
200,1975,5,0.1111111111111111,1.0555555555555556,0
200,1975,9,0.1,1.05,0
200,1975,10,0.09090909090909091,1.3181818181818181,0
200,1975,12,0.08333333333333333,1.2083333333333333,0
200,1975,14,0.07692307692307693,1.2307692307692308,0
200,1976,1,0.07142857142857142,1.4285714285714286,0
200,1976,2,0.06666666666666667,1.4,0
200,1976,3,0.0625,1.5625,0
200,1976,5,0.058823529411764705,1.588235294117647,0
200,1976,6,0.05555555555555555,1.5555555555555556,0
200,1976,7,0.05263157894736842,1.5789473684210527,0
200,1976,8,0.05,1.5,0
200,1976,10,0.047619047619047616,1.4285714285714286,0
200,1976,11,0.045454545454545456,1.5454545454545454,0
200,1976,12,0.043478260869565216,1.4782608695652173,0
200,1976,14,0.041666666666666664,1.4166666666666667,0
200,1976,15,0.04,1.44,0
200,1977,3,0.038461538461538464,1.5,0
200,1977,5,0.037037037037037035,1.5185185185185186,0
200,1977,6,0.03571428571428571,1.5714285714285714,0
200,1977,8,0.034482758620689655,1.6206896551724137,0
200,1977,9,0.03333333333333333,1.7666666666666666,0
200,1977,10,0.03225806451612903,1.7096774193548387,0
200,1977,12,0.03125,1.75,0
200,1977,14,0.030303030303030304,1.7272727272727273,0
200,1977,16,0.029411764705882353,1.7647058823529411,0
200,1978,1,0.02857142857142857,1.8285714285714285,0
200,1978,2,0.027777777777777776,1.7777777777777777,0
200,1978,6,0.02702702702702703,1.7297297297297298,0
200,1978,7,0.02631578947368421,1.6842105263157894,0
200,1978,8,0.02564102564102564,1.641025641025641,0
200,1978,9,0.025,1.6,0
200,1979,1,0.024390243902439025,1.5609756097560976,0
200,1979,2,0.023809523809523808,1.5238095238095237,0
200,1979,3,0.023255813953488372,1.4883720930232558,0
200,1979,4,0.022727272727272728,1.4545454545454546,0
200,1979,5,0.022222222222222223,1.4222222222222223,0
200,1979,7,0.021739130434782608,1.391304347826087,0
200,1979,8,0.02127659574468085,1.3829787234042554,0
200,1979,10,0.020833333333333332,1.3541666666666667,0
200,1979,12,0.02040816326530612,1.346938775510204,0
200,1980,2,0.02,1.34,0
200,1980,3,0.0196078431372549,1.3137254901960784,0
200,1980,4,0.019230769230769232,1.3076923076923077,0
200,1980,6,0.018867924528301886,1.2830188679245282,0
200,1980,7,0.018518518518518517,1.3148148148148149,0
200,1980,8,0.01818181818181818,1.290909090909091,0
200,1980,9,0.017857142857142856,1.2678571428571428,0
200,1980,13,0.017543859649122806,1.2456140350877194,0
200,1982,1,0.017241379310344827,1.2241379310344827,0
200,1982,2,0.01694915254237288,1.2033898305084745,0
200,1982,3,0.016666666666666666,1.1833333333333333,0
200,1982,7,0.01639344262295082,1.1639344262295082,0
200,1982,8,0.016129032258064516,1.1451612903225807,0
200,1982,10,0.015873015873015872,1.126984126984127,0
201,1982,3,0.0,0.2,0
202,1978,7,0.0,1.0,0
202,1978,9,0.0,0.8333333333333334,0
202,1978,11,0.0,0.7142857142857143,0
202,1978,15,0.0,0.875,0
202,1978,16,0.0,0.7777777777777778,0
202,1979,2,0.0,0.7,0
202,1979,5,0.0,0.9090909090909091,0
202,1979,6,0.0,0.9166666666666666,0
202,1979,9,0.0,1.1538461538461537,0
202,1979,10,0.0,1.0714285714285714,0
202,1979,11,0.0,1.0,0
202,1979,13,0.0,0.9375,0
202,1979,14,0.0,0.8823529411764706,0
202,1979,15,0.0,0.9444444444444444,0
202,1980,2,0.0,1.105263157894737,0
202,1980,3,0.0,1.2,0
202,1980,4,0.0,1.3333333333333333,0
202,1980,5,0.0,1.3181818181818181,1
202,1980,7,0.043478260869565216,1.6521739130434783,0
202,1980,12,0.041666666666666664,1.8333333333333333,0
202,1980,13,0.04,1.8,0
202,1980,14,0.038461538461538464,1.8846153846153846,0
202,1981,4,0.037037037037037035,1.962962962962963,0
202,1981,5,0.03571428571428571,1.9642857142857142,0
202,1981,6,0.034482758620689655,1.896551724137931,0
202,1981,7,0.03333333333333333,1.9333333333333333,0
202,1981,8,0.03225806451612903,1.8709677419354838,0
202,1981,11,0.03125,1.875,0
202,1981,13,0.030303030303030304,1.8181818181818181,0
202,1981,15,0.029411764705882353,1.8235294117647058,0
202,1982,1,0.02857142857142857,1.7714285714285714,0
202,1982,2,0.027777777777777776,1.7222222222222223,0
202,1982,4,0.02702702702702703,1.7027027027027026,1
202,1982,6,0.05263157894736842,1.894736842105263,0
202,1982,7,0.05128205128205128,2.0,0
202,1982,8,0.05,2.05,0
202,1982,9,0.04878048780487805,2.0,1
202,1982,10,0.07142857142857142,2.1666666666666665,0
202,1982,11,0.06976744186046512,2.255813953488372,0
203,1978,8,0.0,0.6,0
203,1978,9,0.0,0.5,0
203,1978,11,0.0,0.42857142857142855,0
203,1978,12,0.0,0.375,0
203,1978,13,0.0,0.7777777777777778,0
203,1978,14,0.0,0.8,0
203,1978,16,0.0,0.7272727272727273,1
203,1979,2,0.08333333333333333,1.4166666666666667,0
203,1979,3,0.07692307692307693,1.4615384615384615,1
203,1979,4,0.14285714285714285,2.0,1
203,1979,5,0.2,2.466666666666667,0
203,1979,6,0.1875,2.3125,0
203,1979,8,0.17647058823529413,2.176470588235294,0
203,1979,9,0.16666666666666666,2.388888888888889,0
203,1979,10,0.15789473684210525,2.263157894736842,0
203,1979,11,0.15,2.15,0
203,1979,13,0.14285714285714285,2.3333333333333335,0
203,1979,14,0.13636363636363635,2.5,0
203,1979,15,0.13043478260869565,2.652173913043478,1
203,1980,2,0.16666666666666666,2.9166666666666665,0
203,1980,5,0.16,2.8,0
203,1980,6,0.15384615384615385,2.730769230769231,0
203,1980,7,0.14814814814814814,2.7037037037037037,0
203,1980,9,0.14285714285714285,2.607142857142857,0
203,1980,10,0.13793103448275862,2.5517241379310347,0
203,1980,11,0.13333333333333333,2.466666666666667,0
203,1980,13,0.12903225806451613,2.3870967741935485,0
203,1981,4,0.125,2.375,0
203,1981,5,0.12121212121212122,2.303030303030303,0
203,1981,6,0.11764705882352941,2.323529411764706,1
203,1981,7,0.14285714285714285,2.5142857142857142,1
203,1981,10,0.16666666666666666,2.6944444444444446,0
203,1981,14,0.16216216216216217,2.6216216216216215,0
203,1982,4,0.15789473684210525,2.6578947368421053,0
205,1982,10,0.0,0.0,0
205,1982,11,0.0,0.0,0
205,1982,12,0.0,0.0,0
205,1982,14,0.0,0.0,0
205,1982,16,0.0,0.0,0
206,1979,11,0.0,0.2,0
206,1980,1,0.0,0.16666666666666666,0
206,1980,2,0.0,0.5714285714285714,0
206,1980,4,0.0,0.5,0
206,1980,5,0.0,0.4444444444444444,0
206,1980,7,0.0,0.4,0
206,1980,8,0.0,0.36363636363636365,0
206,1980,9,0.0,0.5833333333333334,0
206,1981,7,0.0,0.5384615384615384,0
206,1981,9,0.0,0.5,0
206,1981,11,0.0,0.4666666666666667,0
206,1981,14,0.0,0.4375,0
206,1982,1,0.0,0.4117647058823529,0
206,1982,6,0.0,0.3888888888888889,0
206,1982,7,0.0,0.42105263157894735,0
206,1982,8,0.0,0.5,0
206,1982,9,0.0,0.47619047619047616,0
206,1982,10,0.0,0.5454545454545454,0
206,1982,11,0.0,0.6086956521739131,0
206,1982,14,0.0,0.5833333333333334,0
206,1982,16,0.0,0.56,0
207,1972,10,0.2,3.8,0
207,1972,12,0.16666666666666666,3.1666666666666665,0
207,1974,14,0.14285714285714285,2.857142857142857,0
207,1975,2,0.125,2.5,0
207,1975,3,0.1111111111111111,2.2222222222222223,0
207,1975,7,0.1,2.0,0
207,1975,9,0.09090909090909091,2.090909090909091,0
207,1975,10,0.08333333333333333,2.0833333333333335,0
207,1975,11,0.07692307692307693,1.9230769230769231,0
207,1976,2,0.07142857142857142,1.7857142857142858,0
207,1976,8,0.06666666666666667,1.7333333333333334,0
207,1976,10,0.0625,1.75,0
207,1976,11,0.058823529411764705,1.6470588235294117,0
207,1976,12,0.05555555555555555,1.6666666666666667,0
207,1976,14,0.05263157894736842,1.7894736842105263,0
207,1976,16,0.05,1.9,1
207,1977,1,0.09523809523809523,2.238095238095238,0
207,1977,4,0.09090909090909091,2.227272727272727,1
207,1977,5,0.13043478260869565,2.5217391304347827,1
207,1977,6,0.16666666666666666,2.7916666666666665,0
207,1977,8,0.16,2.76,0
207,1977,9,0.15384615384615385,2.6923076923076925,1
207,1977,10,0.18518518518518517,2.925925925925926,0
207,1977,14,0.17857142857142858,2.8214285714285716,1
207,1977,15,0.20689655172413793,3.0344827586206895,0
207,1977,16,0.2,3.1333333333333333,0
207,1978,1,0.1935483870967742,3.032258064516129,1
207,1978,2,0.21875,3.21875,0
207,1978,3,0.21212121212121213,3.212121212121212,0
207,1978,4,0.20588235294117646,3.1176470588235294,0
207,1978,5,0.2,3.2,0
207,1978,6,0.19444444444444445,3.111111111111111,1
207,1978,7,0.21621621621621623,3.27027027027027,1
207,1978,9,0.23684210526315788,3.4210526315789473,1
207,1978,11,0.2564102564102564,3.5641025641025643,1
207,1978,13,0.275,3.7,1
207,1978,14,0.2926829268292683,3.8292682926829267,0
207,1978,16,0.2857142857142857,3.761904761904762,0
207,1979,1,0.27906976744186046,3.6744186046511627,0
207,1979,3,0.2727272727272727,3.6363636363636362,0
207,1979,4,0.26666666666666666,3.6222222222222222,0
207,1979,5,0.2608695652173913,3.608695652173913,0
207,1979,13,0.2553191489361702,3.617021276595745,0
207,1979,14,0.25,3.5833333333333335,0
207,1980,3,0.24489795918367346,3.510204081632653,0
207,1980,6,0.24,3.44,0
207,1980,9,0.23529411764705882,3.372549019607843,0
207,1980,11,0.23076923076923078,3.3076923076923075,0
207,1980,14,0.22641509433962265,3.2452830188679247,0
207,1981,1,0.2222222222222222,3.2037037037037037,0
207,1981,3,0.21818181818181817,3.2,0
207,1981,5,0.21428571428571427,3.142857142857143,0
207,1981,7,0.21052631578947367,3.087719298245614,0
207,1981,8,0.20689655172413793,3.0344827586206895,0
207,1981,10,0.2033898305084746,2.983050847457627,0
207,1981,14,0.2,2.933333333333333,0
207,1982,15,0.19672131147540983,2.8852459016393444,0
211,1977,15,0.0,0.0,0
211,1978,7,0.0,0.0,0
211,1980,8,0.0,0.0,0
211,1980,10,0.0,0.0,0
211,1980,12,0.0,0.0,0
211,1980,14,0.0,0.0,0
211,1982,16,0.0,0.0,0
212,1979,9,0.0,0.2,0
212,1979,12,0.0,0.16666666666666666,0
212,1980,8,0.0,0.14285714285714285,0
212,1980,10,0.0,0.125,0
212,1980,13,0.0,0.1111111111111111,0
212,1981,4,0.0,0.2,0
212,1981,8,0.0,0.45454545454545453,0
212,1981,9,0.0,0.4166666666666667,0
212,1981,10,0.0,0.5384615384615384,0
212,1981,12,0.0,0.7142857142857143,0
217,1981,3,0.0,0.0,0
219,1979,2,0.0,0.6,0
219,1979,8,0.0,0.5,1
219,1979,13,0.14285714285714285,1.7142857142857142,0
219,1980,4,0.125,1.5,0
219,1980,10,0.1111111111111111,1.3333333333333333,1
221,1974,6,0.0,0.8,0
221,1974,7,0.0,0.6666666666666666,0
221,1974,8,0.0,1.4285714285714286,0
221,1974,9,0.0,1.375,0
221,1974,13,0.0,1.2222222222222223,0
221,1974,14,0.0,1.1,0
221,1974,15,0.0,1.1818181818181819,0
221,1975,1,0.0,1.1666666666666667,0
221,1975,3,0.0,1.2307692307692308,0
221,1975,5,0.0,1.4285714285714286,0
221,1975,6,0.0,1.4666666666666666,0
221,1975,7,0.0,1.5625,0
221,1975,8,0.0,1.4705882352941178,0
221,1975,9,0.0,1.3888888888888888,0
221,1975,10,0.0,1.368421052631579,0
221,1975,11,0.0,1.3,0
221,1975,12,0.0,1.2380952380952381,0
221,1975,13,0.0,1.1818181818181819,0
221,1976,1,0.0,1.1304347826086956,0
221,1976,2,0.0,1.3333333333333333,0
221,1976,3,0.0,1.28,0
221,1976,6,0.0,1.3846153846153846,0
221,1976,7,0.0,1.4814814814814814,0
221,1976,8,0.0,1.6428571428571428,0
221,1976,12,0.0,1.793103448275862,0
221,1976,13,0.0,1.7333333333333334,0
221,1976,14,0.0,1.7096774193548387,0
221,1976,16,0.0,1.84375,0
221,1977,3,0.0,1.9696969696969697,0
221,1977,4,0.0,2.0294117647058822,0
221,1977,7,0.0,2.057142857142857,0
221,1977,8,0.0,2.0,0
221,1977,12,0.0,2.027027027027027,0
221,1977,15,0.0,1.9736842105263157,0
221,1977,16,0.0,1.9230769230769231,0
221,1977,17,0.0,2.025,0
221,1978,1,0.0,2.073170731707317,0
221,1978,3,0.0,2.119047619047619,0
221,1978,4,0.0,2.2093023255813953,0
221,1978,5,0.0,2.25,1
221,1978,10,0.022222222222222223,2.4,0
221,1978,12,0.021739130434782608,2.4130434782608696,0
221,1978,14,0.02127659574468085,2.4893617021276597,0
221,1978,16,0.020833333333333332,2.4375,0
221,1979,1,0.02040816326530612,2.4285714285714284,0
221,1979,2,0.02,2.44,0
221,1979,4,0.0196078431372549,2.5098039215686274,0
221,1979,5,0.019230769230769232,2.5,1
221,1979,7,0.03773584905660377,2.6226415094339623,0
222,1974,5,0.0,0.4,0
222,1974,6,0.0,1.0,0
222,1974,7,0.0,1.7142857142857142,1
222,1974,8,0.125,2.625,0
222,1974,9,0.1111111111111111,2.5555555555555554,0
222,1974,10,0.1,2.6,1
222,1974,11,0.18181818181818182,3.1818181818181817,0
222,1974,13,0.16666666666666666,3.4166666666666665,0
222,1975,1,0.15384615384615385,3.4615384615384617,0
222,1975,3,0.14285714285714285,3.2142857142857144,1
222,1975,5,0.2,3.6,0
222,1975,6,0.1875,3.375,0
222,1975,7,0.17647058823529413,3.5294117647058822,0
222,1975,8,0.16666666666666666,3.3333333333333335,0
222,1975,9,0.15789473684210525,3.1578947368421053,0
222,1975,10,0.15,3.0,0
222,1975,12,0.14285714285714285,3.0476190476190474,0
222,1975,13,0.13636363636363635,2.909090909090909,0
222,1975,14,0.13043478260869565,2.782608695652174,0
222,1976,1,0.125,2.7083333333333335,0
222,1976,2,0.12,2.68,0
222,1976,5,0.11538461538461539,2.6923076923076925,0
222,1976,6,0.1111111111111111,2.7037037037037037,0
222,1976,7,0.10714285714285714,2.8214285714285716,1
222,1976,8,0.13793103448275862,3.0344827586206895,0
222,1976,9,0.13333333333333333,2.966666666666667,0
222,1976,10,0.12903225806451613,3.064516129032258,0
222,1976,12,0.125,3.15625,0
222,1976,13,0.12121212121212122,3.121212121212121,0
222,1976,14,0.11764705882352941,3.088235294117647,0
222,1976,15,0.11428571428571428,3.085714285714286,0
222,1977,1,0.1111111111111111,3.1666666666666665,1
222,1977,3,0.13513513513513514,3.324324324324324,0
222,1977,4,0.13157894736842105,3.3947368421052633,0
222,1977,5,0.1282051282051282,3.41025641025641,0
222,1977,6,0.125,3.425,1
222,1977,11,0.14634146341463414,3.5609756097560976,0
222,1977,13,0.14285714285714285,3.619047619047619,0
222,1977,15,0.13953488372093023,3.627906976744186,0
222,1977,16,0.13636363636363635,3.6363636363636362,1
222,1977,17,0.15555555555555556,3.7555555555555555,0
222,1978,1,0.15217391304347827,3.6739130434782608,0
222,1978,5,0.14893617021276595,3.595744680851064,0
222,1978,7,0.14583333333333334,3.6041666666666665,0
222,1978,9,0.14285714285714285,3.5918367346938775,0
222,1978,11,0.14,3.54,0
222,1978,13,0.13725490196078433,3.588235294117647,0
222,1978,14,0.1346153846153846,3.519230769230769,0
222,1978,15,0.1320754716981132,3.452830188679245,0
222,1978,16,0.12962962962962962,3.462962962962963,0
222,1979,2,0.12727272727272726,3.5090909090909093,0
222,1979,3,0.125,3.4642857142857144,0
222,1979,4,0.12280701754385964,3.508771929824561,0
222,1979,5,0.1206896551724138,3.5517241379310347,0
222,1979,6,0.11864406779661017,3.542372881355932,1
222,1979,7,0.13333333333333333,3.6333333333333333,1
222,1979,8,0.14754098360655737,3.721311475409836,0
222,1979,9,0.14516129032258066,3.661290322580645,0
222,1979,10,0.14285714285714285,3.634920634920635,0
222,1979,11,0.140625,3.625,0
222,1979,12,0.13846153846153847,3.6153846153846154,0
222,1979,13,0.13636363636363635,3.6515151515151514,1
222,1979,14,0.14925373134328357,3.7313432835820897,0
222,1980,4,0.14705882352941177,3.7205882352941178,0
222,1980,5,0.14492753623188406,3.6956521739130435,0
222,1980,7,0.14285714285714285,3.642857142857143,0
222,1980,8,0.14084507042253522,3.591549295774648,0
222,1980,9,0.1388888888888889,3.5416666666666665,0
222,1980,10,0.136986301369863,3.493150684931507,0
222,1980,11,0.13513513513513514,3.445945945945946,0
222,1980,12,0.13333333333333333,3.4,0
222,1980,14,0.13157894736842105,3.3552631578947367,0
223,1970,12,0.2,5.4,0
223,1970,13,0.16666666666666666,4.5,0
223,1971,1,0.14285714285714285,4.714285714285714,0
223,1971,4,0.125,4.625,0
223,1971,7,0.1111111111111111,4.555555555555555,0
223,1971,11,0.1,4.5,0
223,1972,1,0.09090909090909091,4.181818181818182,0
223,1972,2,0.08333333333333333,4.083333333333333,0
223,1972,3,0.07692307692307693,3.769230769230769,0
223,1972,8,0.07142857142857142,3.7857142857142856,0
223,1972,11,0.06666666666666667,3.933333333333333,0
223,1972,12,0.0625,3.8125,0
223,1973,1,0.058823529411764705,3.588235294117647,0
223,1973,2,0.05555555555555555,3.388888888888889,0
223,1973,4,0.05263157894736842,3.263157894736842,0
223,1973,5,0.05,3.1,0
223,1973,7,0.047619047619047616,2.9523809523809526,0
223,1973,8,0.045454545454545456,2.8181818181818183,0
223,1973,9,0.043478260869565216,2.6956521739130435,0
223,1973,10,0.041666666666666664,2.5833333333333335,0
223,1973,12,0.04,2.48,0
223,1973,15,0.038461538461538464,2.423076923076923,0
223,1974,1,0.037037037037037035,2.3333333333333335,0
223,1974,2,0.03571428571428571,2.392857142857143,0
223,1974,4,0.034482758620689655,2.5172413793103448,0
223,1974,5,0.03333333333333333,2.6333333333333333,0
223,1974,6,0.03225806451612903,2.6451612903225805,0
223,1974,8,0.03125,2.65625,0
223,1974,9,0.030303030303030304,2.757575757575758,0
223,1974,10,0.029411764705882353,2.7941176470588234,0
223,1974,11,0.02857142857142857,2.8,1
223,1974,12,0.05555555555555555,2.9722222222222223,0
223,1974,14,0.05405405405405406,2.945945945945946,0
223,1974,15,0.05263157894736842,3.026315789473684,0
223,1975,1,0.05128205128205128,2.948717948717949,0
223,1975,2,0.05,2.95,0
223,1975,3,0.04878048780487805,2.951219512195122,0
223,1975,6,0.047619047619047616,2.880952380952381,0
223,1975,7,0.046511627906976744,2.86046511627907,0
223,1975,8,0.045454545454545456,2.8863636363636362,0
223,1975,10,0.044444444444444446,2.911111111111111,0
223,1975,12,0.043478260869565216,2.847826086956522,0
223,1975,13,0.0425531914893617,2.7872340425531914,1
223,1976,1,0.0625,2.9166666666666665,0
223,1976,3,0.061224489795918366,2.857142857142857,1
223,1976,4,0.08,2.98,0
223,1976,5,0.0784313725490196,2.9215686274509802,0
223,1976,6,0.07692307692307693,2.980769230769231,0
223,1976,7,0.07547169811320754,2.9245283018867925,0
223,1976,10,0.07407407407407407,2.888888888888889,0
223,1976,12,0.07272727272727272,2.8363636363636364,0
223,1976,13,0.07142857142857142,2.892857142857143,0
223,1976,14,0.07017543859649122,2.9473684210526314,0
223,1976,15,0.06896551724137931,2.913793103448276,0
223,1976,16,0.06779661016949153,2.864406779661017,0
223,1977,1,0.06666666666666667,2.85,0
223,1977,3,0.06557377049180328,2.819672131147541,0
223,1977,8,0.06451612903225806,2.774193548387097,0
223,1977,9,0.06349206349206349,2.7301587301587302,0
223,1977,14,0.0625,2.6875,0
223,1977,15,0.06153846153846154,2.6769230769230767,0
223,1978,1,0.06060606060606061,2.6666666666666665,0
223,1978,2,0.05970149253731343,2.626865671641791,0
223,1978,4,0.058823529411764705,2.6176470588235294,0
223,1978,7,0.057971014492753624,2.579710144927536,0
223,1978,8,0.05714285714285714,2.5428571428571427,0
223,1978,15,0.056338028169014086,2.535211267605634,0
223,1979,1,0.05555555555555555,2.5,0
223,1979,2,0.0547945205479452,2.4657534246575343,0
223,1979,3,0.05405405405405406,2.4324324324324325,0
223,1979,7,0.05333333333333334,2.4,0
223,1979,8,0.05263157894736842,2.4473684210526314,0
223,1979,9,0.05194805194805195,2.4285714285714284,1
223,1979,10,0.0641025641025641,2.5128205128205128,0
223,1979,11,0.06329113924050633,2.5569620253164556,0
223,1979,13,0.0625,2.55,0
223,1979,14,0.06172839506172839,2.567901234567901,0
223,1980,3,0.06097560975609756,2.5853658536585367,0
224,1971,5,0.2,2.8,0
224,1971,6,0.16666666666666666,3.0,0
224,1971,8,0.14285714285714285,3.142857142857143,0
224,1971,9,0.125,3.5,0
224,1971,10,0.1111111111111111,3.111111111111111,0
224,1972,2,0.1,2.8,0
224,1972,3,0.09090909090909091,3.090909090909091,1
224,1972,4,0.16666666666666666,3.5833333333333335,0
224,1972,5,0.15384615384615385,3.6153846153846154,1
224,1972,6,0.21428571428571427,4.0,0
224,1972,7,0.2,4.133333333333334,1
224,1972,9,0.25,4.4375,1
224,1972,10,0.29411764705882354,4.705882352941177,1
224,1972,11,0.3333333333333333,4.944444444444445,0
224,1973,1,0.3157894736842105,4.684210526315789,1
224,1973,2,0.35,4.9,1
224,1973,3,0.38095238095238093,5.095238095238095,0
224,1973,4,0.36363636363636365,5.045454545454546,1
224,1973,5,0.391304347826087,5.217391304347826,0
224,1973,6,0.375,5.166666666666667,0
224,1973,7,0.36,5.2,0
224,1973,11,0.34615384615384615,5.0,0
224,1973,13,0.3333333333333333,4.851851851851852,0
224,1973,14,0.32142857142857145,4.892857142857143,0
224,1973,15,0.3103448275862069,4.931034482758621,0
224,1974,1,0.3,4.8,0
224,1974,2,0.2903225806451613,4.645161290322581,1
224,1974,3,0.3125,4.78125,0
224,1974,4,0.30303030303030304,4.636363636363637,0
224,1974,5,0.29411764705882354,4.617647058823529,1
224,1974,6,0.3142857142857143,4.742857142857143,0
224,1974,7,0.3055555555555556,4.666666666666667,0
224,1974,8,0.2972972972972973,4.621621621621622,0
224,1974,10,0.2894736842105263,4.605263157894737,0
224,1974,13,0.28205128205128205,4.641025641025641,0
224,1974,14,0.275,4.675,1
224,1974,15,0.2926829268292683,4.780487804878049,0
224,1975,1,0.2857142857142857,4.738095238095238,1
224,1975,2,0.3023255813953488,4.837209302325581,0
224,1975,5,0.29545454545454547,4.863636363636363,0
224,1975,6,0.28888888888888886,4.888888888888889,0
224,1975,7,0.2826086956521739,4.782608695652174,0
224,1975,9,0.2765957446808511,4.680851063829787,0
224,1975,10,0.2708333333333333,4.645833333333333,1
224,1975,12,0.2857142857142857,4.73469387755102,0
224,1975,13,0.28,4.64,0
224,1975,14,0.27450980392156865,4.666666666666667,0
224,1976,1,0.2692307692307692,4.6923076923076925,0
224,1976,2,0.2641509433962264,4.60377358490566,0
224,1976,3,0.25925925925925924,4.518518518518518,0
224,1976,6,0.2545454545454545,4.454545454545454,0
224,1976,9,0.25,4.392857142857143,0
224,1976,10,0.24561403508771928,4.333333333333333,0
224,1976,13,0.2413793103448276,4.258620689655173,0
224,1976,15,0.23728813559322035,4.186440677966102,0
224,1977,1,0.23333333333333334,4.116666666666666,0
224,1977,2,0.22950819672131148,4.098360655737705,0
224,1977,3,0.22580645161290322,4.080645161290323,0
224,1977,4,0.2222222222222222,4.015873015873016,0
224,1977,5,0.21875,3.984375,0
224,1977,8,0.2153846153846154,3.923076923076923,0
224,1977,9,0.21212121212121213,3.8636363636363638,0
224,1977,12,0.208955223880597,3.8059701492537314,0
224,1977,13,0.20588235294117646,3.75,0
224,1977,15,0.2028985507246377,3.739130434782609,0
224,1978,1,0.2,3.6857142857142855,0
224,1978,2,0.19718309859154928,3.6338028169014085,0
224,1978,4,0.19444444444444445,3.6666666666666665,0
224,1978,5,0.1917808219178082,3.6164383561643834,0
224,1978,8,0.1891891891891892,3.5675675675675675,0
224,1978,11,0.18666666666666668,3.533333333333333,0
224,1978,12,0.18421052631578946,3.526315789473684,0
224,1978,13,0.18181818181818182,3.5194805194805197,0
224,1978,14,0.1794871794871795,3.5,0
224,1978,15,0.17721518987341772,3.4556962025316458,0
224,1979,1,0.175,3.4375,0
224,1979,2,0.1728395061728395,3.4074074074074074,0
224,1979,3,0.17073170731707318,3.3658536585365852,0
224,1979,5,0.1686746987951807,3.325301204819277,0
224,1979,6,0.16666666666666666,3.2857142857142856,0
224,1979,13,0.16470588235294117,3.2470588235294118,0
224,1979,14,0.16279069767441862,3.2093023255813953,0
224,1979,15,0.16091954022988506,3.1724137931034484,0
224,1980,2,0.1590909090909091,3.1363636363636362,0
224,1980,3,0.15730337078651685,3.101123595505618,0
224,1980,4,0.15555555555555556,3.066666666666667,0
224,1980,6,0.15384615384615385,3.076923076923077,0
224,1980,8,0.15217391304347827,3.0543478260869565,0
224,1980,10,0.15053763440860216,3.021505376344086,0
229,1976,13,0.0,0.0,0
229,1976,15,0.0,0.0,0
229,1976,16,0.0,0.0,0
229,1977,7,0.0,0.0,0
229,1977,8,0.0,0.0,0
229,1978,11,0.0,0.0,0
230,1974,11,0.0,0.0,0
230,1974,12,0.0,0.0,0
230,1975,1,0.0,0.14285714285714285,0
230,1975,4,0.0,0.125,0
230,1975,10,0.0,0.2222222222222222,0
230,1975,12,0.0,0.3,1
230,1975,14,0.09090909090909091,0.6818181818181818,0
230,1976,2,0.08333333333333333,0.625,0
230,1976,7,0.07692307692307693,0.5769230769230769,0
230,1976,12,0.07142857142857142,0.5357142857142857,0
230,1976,13,0.06666666666666667,0.5666666666666667,0
230,1976,14,0.0625,0.53125,0
230,1977,1,0.058823529411764705,0.5,0
230,1977,3,0.05555555555555555,0.4722222222222222,0
230,1977,6,0.05263157894736842,0.4473684210526316,0
230,1977,7,0.05,0.425,0
230,1977,9,0.047619047619047616,0.5476190476190477,0
230,1977,10,0.045454545454545456,0.5227272727272727,0
230,1977,11,0.043478260869565216,0.5,0
230,1977,12,0.041666666666666664,0.5625,0
230,1977,13,0.04,0.54,0
230,1977,15,0.038461538461538464,0.5192307692307693,0
230,1977,16,0.037037037037037035,0.5,0
230,1977,17,0.03571428571428571,0.5178571428571429,0
230,1978,1,0.034482758620689655,0.5,0
230,1978,3,0.03333333333333333,0.48333333333333334,0
230,1978,6,0.03225806451612903,0.46774193548387094,0
230,1978,7,0.03125,0.453125,0
230,1978,9,0.030303030303030304,0.4393939393939394,0
230,1978,10,0.029411764705882353,0.4264705882352941,0
230,1978,12,0.02857142857142857,0.4142857142857143,0
230,1979,13,0.027777777777777776,0.4305555555555556,0
231,1973,15,0.0,1.6,0
231,1974,2,0.0,2.3333333333333335,0
231,1974,4,0.0,2.0,0
231,1974,7,0.0,1.75,0
231,1974,12,0.0,2.0,0
231,1974,14,0.0,2.2,0
231,1974,15,0.0,2.272727272727273,0
231,1975,1,0.0,2.4166666666666665,0
231,1975,2,0.0,2.6923076923076925,0
231,1975,8,0.0,2.5714285714285716,1
231,1975,9,0.06666666666666667,3.0,0
231,1975,10,0.0625,3.1875,0
231,1975,12,0.058823529411764705,3.176470588235294,0
231,1975,13,0.05555555555555555,3.1666666666666665,0
231,1975,14,0.05263157894736842,3.1052631578947367,0
231,1976,2,0.05,3.1,0
231,1976,4,0.047619047619047616,3.238095238095238,1
231,1976,7,0.09090909090909091,3.5,0
231,1976,8,0.08695652173913043,3.4347826086956523,1
231,1976,10,0.125,3.6666666666666665,1
231,1976,11,0.16,3.88,0
231,1976,12,0.15384615384615385,3.8461538461538463,1
231,1976,14,0.18518518518518517,4.037037037037037,1
231,1976,15,0.21428571428571427,4.214285714285714,1
231,1976,16,0.2413793103448276,4.379310344827586,0
231,1977,2,0.23333333333333334,4.366666666666666,0
231,1977,3,0.22580645161290322,4.419354838709677,0
231,1977,4,0.21875,4.375,0
231,1977,7,0.21212121212121213,4.242424242424242,0
231,1977,8,0.20588235294117646,4.117647058823529,0
231,1977,9,0.2,4.0,0
231,1977,10,0.19444444444444445,4.0,1
231,1977,15,0.21621621621621623,4.135135135135135,1
231,1977,17,0.23684210526315788,4.2631578947368425,1
231,1978,1,0.2564102564102564,4.384615384615385,0
231,1978,7,0.25,4.35,0
231,1978,8,0.24390243902439024,4.2682926829268295,0
231,1978,9,0.23809523809523808,4.166666666666667,0
231,1978,13,0.23255813953488372,4.162790697674419,0
231,1978,15,0.22727272727272727,4.068181818181818,0
231,1979,3,0.2222222222222222,3.977777777777778,0
232,1973,8,0.0,1.4,0
232,1973,12,0.0,1.1666666666666667,0
232,1973,14,0.0,1.0,0
232,1973,15,0.0,0.875,0
232,1974,3,0.0,0.7777777777777778,0
232,1974,9,0.0,0.8,0
232,1974,13,0.0,0.7272727272727273,0
232,1975,13,0.0,0.9166666666666666,0
232,1976,7,0.0,0.8461538461538461,0
232,1976,8,0.0,0.7857142857142857,0
232,1977,7,0.0,0.7333333333333333,0
233,1976,1,0.0,1.0,0
233,1976,2,0.0,1.3333333333333333,0
233,1976,6,0.0,1.1428571428571428,0
233,1976,8,0.0,1.375,0
233,1976,15,0.0,1.2222222222222223,0
233,1977,5,0.0,1.3,0
233,1977,7,0.0,1.2727272727272727,0
233,1977,8,0.0,1.25,0
233,1977,10,0.0,1.1538461538461537,0
233,1977,11,0.0,1.2142857142857142,0
233,1977,12,0.0,1.4,0
233,1977,13,0.0,1.5625,0
233,1977,17,0.0,1.4705882352941178,0
233,1978,1,0.0,1.3888888888888888,0
233,1978,8,0.0,1.3157894736842106,0
233,1978,9,0.0,1.25,0
233,1978,10,0.0,1.1904761904761905,0
233,1979,5,0.0,1.2272727272727273,0
233,1979,6,0.0,1.173913043478261,0
233,1979,13,0.0,1.125,0
233,1979,15,0.0,1.08,0
235,1968,8,0.2,4.2,0
235,1968,9,0.16666666666666666,4.0,0
235,1969,2,0.14285714285714285,4.0,0
235,1969,4,0.125,3.625,0
235,1969,5,0.1111111111111111,3.4444444444444446,0
235,1969,6,0.1,3.5,0
235,1969,7,0.09090909090909091,3.727272727272727,1
235,1969,8,0.16666666666666666,4.166666666666667,0
235,1969,9,0.15384615384615385,3.8461538461538463,1
235,1969,11,0.21428571428571427,4.214285714285714,0
235,1970,4,0.2,4.333333333333333,0
235,1970,5,0.1875,4.0625,0
235,1970,8,0.17647058823529413,4.0588235294117645,0
235,1970,9,0.16666666666666666,4.166666666666667,1
235,1970,11,0.21052631578947367,4.421052631578948,1
235,1970,12,0.25,4.65,0
235,1970,13,0.23809523809523808,4.571428571428571,1
235,1971,1,0.2727272727272727,4.7727272727272725,0
235,1971,2,0.2608695652173913,4.565217391304348,0
235,1971,3,0.25,4.625,0
235,1971,4,0.24,4.6,1
235,1971,10,0.2692307692307692,4.769230769230769,0
235,1972,1,0.25925925925925924,4.592592592592593,0
235,1972,2,0.25,4.571428571428571,0
235,1972,3,0.2413793103448276,4.413793103448276,0
235,1972,4,0.23333333333333334,4.466666666666667,0
235,1972,6,0.22580645161290322,4.516129032258065,0
235,1972,8,0.21875,4.375,1
235,1972,11,0.24242424242424243,4.515151515151516,0
235,1972,12,0.23529411764705882,4.382352941176471,0
235,1973,1,0.22857142857142856,4.314285714285714,0
235,1973,2,0.2222222222222222,4.277777777777778,0
235,1973,4,0.21621621621621623,4.216216216216216,0
235,1973,7,0.21052631578947367,4.105263157894737,0
235,1973,8,0.20512820512820512,4.0256410256410255,0
235,1973,9,0.2,3.975,0
235,1973,11,0.1951219512195122,3.8780487804878048,0
235,1973,13,0.19047619047619047,3.880952380952381,0
235,1973,15,0.18604651162790697,3.7906976744186047,0
235,1974,2,0.18181818181818182,3.7045454545454546,0
235,1974,8,0.17777777777777778,3.7111111111111112,0
235,1974,9,0.17391304347826086,3.630434782608696,0
235,1974,10,0.1702127659574468,3.595744680851064,0
235,1974,11,0.16666666666666666,3.6041666666666665,0
235,1974,14,0.16326530612244897,3.5714285714285716,0
235,1975,1,0.16,3.5,0
235,1975,2,0.1568627450980392,3.4313725490196076,0
235,1975,3,0.15384615384615385,3.3653846153846154,0
235,1975,4,0.1509433962264151,3.30188679245283,0
235,1975,5,0.14814814814814814,3.2962962962962963,0
235,1975,7,0.14545454545454545,3.2363636363636363,0
235,1976,1,0.14285714285714285,3.1785714285714284,0
235,1976,2,0.14035087719298245,3.1228070175438596,0
235,1976,4,0.13793103448275862,3.0689655172413794,0
235,1976,8,0.13559322033898305,3.016949152542373,0
235,1976,13,0.13333333333333333,2.966666666666667,0
235,1976,14,0.13114754098360656,2.918032786885246,0
235,1977,6,0.12903225806451613,2.870967741935484,0
235,1978,6,0.12698412698412698,2.8253968253968256,0
235,1979,9,0.125,2.78125,0
235,1979,12,0.12307692307692308,2.753846153846154,0
237,1977,17,0.0,0.0,0
238,1971,3,0.0,0.0,0
238,1971,4,0.0,1.0,0
238,1971,6,0.0,1.2857142857142858,0
238,1971,7,0.0,1.875,0
238,1971,8,0.0,1.8888888888888888,0
238,1971,9,0.0,1.7,0
238,1971,10,0.0,2.090909090909091,0
238,1971,11,0.0,2.4166666666666665,0
238,1972,1,0.0,2.5384615384615383,0
238,1972,2,0.0,2.4285714285714284,0
238,1972,4,0.0,2.4,0
238,1972,5,0.0,2.25,0
238,1972,6,0.0,2.1176470588235294,0
238,1972,7,0.0,2.111111111111111,0
238,1972,8,0.0,2.0,0
238,1972,9,0.0,2.1,0
238,1972,10,0.0,2.0,0
238,1972,12,0.0,1.9090909090909092,0
238,1973,3,0.0,1.9565217391304348,0
238,1973,6,0.0,1.875,0
238,1973,7,0.0,1.96,0
238,1973,8,0.0,2.1153846153846154,1
238,1973,9,0.037037037037037035,2.3703703703703702,0
238,1973,10,0.03571428571428571,2.5,0
238,1973,12,0.034482758620689655,2.413793103448276,1
238,1973,13,0.06666666666666667,2.6333333333333333,1
238,1973,15,0.0967741935483871,2.838709677419355,1
238,1974,1,0.125,3.03125,0
238,1974,2,0.12121212121212122,2.9393939393939394,0
238,1974,6,0.11764705882352941,2.8823529411764706,1
238,1974,8,0.14285714285714285,3.057142857142857,0
238,1974,9,0.1388888888888889,2.9722222222222223,1
238,1974,10,0.16216216216216217,3.135135135135135,0
238,1974,11,0.15789473684210525,3.0526315789473686,0
238,1974,13,0.15384615384615385,3.051282051282051,1
238,1974,14,0.175,3.2,0
238,1975,2,0.17073170731707318,3.2195121951219514,0
238,1975,3,0.16666666666666666,3.142857142857143,0
238,1975,5,0.16279069767441862,3.0697674418604652,0
238,1975,7,0.1590909090909091,3.0681818181818183,0
238,1975,8,0.15555555555555556,3.0,0
238,1975,9,0.15217391304347827,2.9347826086956523,0
238,1975,12,0.14893617021276595,2.872340425531915,0
238,1975,14,0.14583333333333334,2.8333333333333335,0
238,1976,3,0.14285714285714285,2.816326530612245,0
238,1976,7,0.14,2.76,0
238,1976,8,0.13725490196078433,2.7058823529411766,0
238,1976,11,0.1346153846153846,2.6538461538461537,0
238,1976,13,0.1320754716981132,2.6226415094339623,1
238,1976,14,0.14814814814814814,2.740740740740741,0
238,1977,5,0.14545454545454545,2.690909090909091,0
238,1977,7,0.14285714285714285,2.642857142857143,0
238,1977,9,0.14035087719298245,2.6666666666666665,0
238,1977,11,0.13793103448275862,2.6206896551724137,0
238,1977,12,0.13559322033898305,2.5762711864406778,0
238,1977,14,0.13333333333333333,2.566666666666667,0
238,1977,15,0.13114754098360656,2.540983606557377,0
238,1978,1,0.12903225806451613,2.5,0
238,1978,3,0.12698412698412698,2.492063492063492,1
238,1978,4,0.140625,2.59375,0
238,1978,6,0.13846153846153847,2.6,0
238,1978,7,0.13636363636363635,2.6515151515151514,0
238,1978,8,0.13432835820895522,2.701492537313433,0
238,1978,9,0.1323529411764706,2.7205882352941178,0
238,1978,12,0.13043478260869565,2.7681159420289854,1
238,1978,13,0.14285714285714285,2.857142857142857,0
239,1976,11,0.0,0.0,0
239,1976,13,0.0,0.0,0
239,1976,14,0.0,0.0,0
239,1976,15,0.0,0.0,0
239,1977,3,0.0,0.0,0
239,1977,5,0.0,0.0,0
239,1977,8,0.0,0.0,0
239,1977,10,0.0,0.0,0
239,1977,12,0.0,0.0,0
239,1977,13,0.0,0.0,0
239,1977,15,0.0,0.0,0
239,1977,16,0.0,0.0,0
239,1978,1,0.0,0.0,0
239,1978,3,0.0,0.0,0
239,1978,6,0.0,0.0,0
239,1978,10,0.0,0.0,0
239,1978,12,0.0,0.0,0
239,1978,15,0.0,0.0,0
243,1970,12,0.0,2.0,0
243,1971,1,0.0,1.6666666666666667,0
243,1971,3,0.0,1.4285714285714286,0
243,1971,5,0.0,1.375,0
243,1971,6,0.0,1.2222222222222223,0
243,1971,7,0.0,1.3,0
243,1971,8,0.0,1.1818181818181819,0
243,1972,2,0.0,1.0833333333333333,0
243,1972,4,0.0,1.0,0
243,1972,5,0.0,0.9285714285714286,0
243,1972,6,0.0,0.8666666666666667,0
243,1972,7,0.0,0.8125,0
243,1973,11,0.0,0.7647058823529411,0
243,1973,13,0.0,0.7222222222222222,0
243,1973,14,0.0,0.6842105263157895,0
243,1974,14,0.0,0.65,0
243,1974,15,0.0,0.6190476190476191,0
243,1975,1,0.0,0.5909090909090909,0
243,1975,2,0.0,0.5652173913043478,0
243,1975,3,0.0,0.5416666666666666,0
243,1975,12,0.0,0.52,0
243,1976,10,0.0,0.5,0
243,1976,12,0.0,0.5185185185185185,0
243,1978,3,0.0,0.5,0
243,1978,4,0.0,0.4827586206896552,0
243,1978,7,0.0,0.4666666666666667,0
243,1978,8,0.0,0.45161290322580644,0
243,1978,9,0.0,0.4375,0
243,1978,15,0.0,0.42424242424242425,0
246,1977,15,0.0,0.0,0
250,1973,5,0.0,0.6,0
250,1973,7,0.0,0.5,0
250,1973,8,0.0,0.42857142857142855,0
250,1973,10,0.0,0.375,0
250,1973,11,0.0,0.3333333333333333,0
250,1973,12,0.0,0.6,0
250,1973,14,0.0,0.9090909090909091,0
250,1974,2,0.0,0.8333333333333334,0
250,1974,3,0.0,1.0,0
250,1974,4,0.0,0.9285714285714286,0
250,1974,10,0.0,0.8666666666666667,0
250,1974,11,0.0,0.8125,0
250,1974,13,0.0,0.7647058823529411,0
250,1974,14,0.0,0.8333333333333334,0
250,1974,15,0.0,0.7894736842105263,0
250,1975,2,0.0,1.05,1
250,1975,3,0.047619047619047616,1.4285714285714286,0
250,1975,5,0.045454545454545456,1.5,0
250,1975,6,0.043478260869565216,1.608695652173913,0
250,1975,8,0.041666666666666664,1.5416666666666667,0
250,1975,10,0.04,1.56,0
250,1976,1,0.038461538461538464,1.7307692307692308,0
250,1976,3,0.037037037037037035,1.6666666666666667,0
250,1976,4,0.03571428571428571,1.6071428571428572,0
250,1976,6,0.034482758620689655,1.5862068965517242,0
250,1976,7,0.03333333333333333,1.5333333333333334,0
250,1976,8,0.03225806451612903,1.4838709677419355,0
250,1976,9,0.03125,1.53125,0
250,1976,10,0.030303030303030304,1.4848484848484849,0
250,1976,14,0.029411764705882353,1.5294117647058822,0
250,1977,1,0.02857142857142857,1.4857142857142858,0
250,1977,3,0.027777777777777776,1.6111111111111112,0
252,1975,6,0.0,0.2,0
252,1975,8,0.0,0.3333333333333333,0
252,1975,11,0.0,0.42857142857142855,0
252,1975,12,0.0,0.75,0
252,1975,13,0.0,0.8888888888888888,0
252,1976,1,0.0,0.9,0
252,1976,2,0.0,1.1818181818181819,0
252,1976,4,0.0,1.0833333333333333,0
252,1976,5,0.0,1.0,0
252,1976,6,0.0,0.9285714285714286,0
252,1976,7,0.0,0.8666666666666667,0
252,1976,8,0.0,0.8125,0
252,1976,9,0.0,0.7647058823529411,0
252,1976,10,0.0,0.8888888888888888,0
252,1976,12,0.0,0.8421052631578947,0
252,1976,13,0.0,0.95,0
252,1976,14,0.0,0.9047619047619048,0
255,1976,16,0.0,2.0,0
255,1977,2,0.0,1.8333333333333333,0
255,1977,3,0.0,1.8571428571428572,0
255,1977,4,0.0,1.625,0
255,1977,5,0.0,1.4444444444444444,0
255,1977,7,0.0,1.5,1
255,1977,8,0.09090909090909091,2.1818181818181817,0
255,1977,9,0.08333333333333333,2.0,0
255,1977,10,0.07692307692307693,2.076923076923077,0
258,1977,12,0.0,0.0,0
258,1977,14,0.0,0.0,0
258,1977,15,0.0,0.0,0
262,1969,11,0.0,1.2,0
262,1970,9,0.0,1.1666666666666667,0
262,1970,13,0.0,1.2857142857142858,0
262,1971,8,0.0,1.125,0
262,1971,9,0.0,1.0,0
262,1973,6,0.0,0.9,0
262,1973,11,0.0,0.8181818181818182,0
262,1973,13,0.0,0.75,0
262,1973,14,0.0,0.6923076923076923,0
262,1973,15,0.0,0.9285714285714286,0
262,1977,8,0.0,0.8666666666666667,0
265,1976,8,0.0,0.0,0
265,1976,10,0.0,0.0,0
265,1976,14,0.0,0.0,0
275,1976,1,0.0,0.1,0
275,1976,11,0.0,0.08333333333333333,0
278,1966,3,0.0,0.4,0
278,1967,2,0.0,0.3333333333333333,0
278,1967,3,0.0,0.8571428571428571,0
278,1967,4,0.0,1.125,0
278,1967,6,0.0,1.4444444444444444,0
278,1967,7,0.0,1.7,0
278,1967,8,0.0,1.9090909090909092,0
278,1967,9,0.0,1.8333333333333333,0
278,1967,11,0.0,1.6923076923076923,0
278,1968,1,0.0,1.5714285714285714,0
278,1968,5,0.0,1.6666666666666667,0
278,1968,6,0.0,1.625,0
278,1968,7,0.0,1.5294117647058822,0
278,1969,4,0.0,1.7777777777777777,0
278,1970,4,0.0,1.894736842105263,0
278,1970,6,0.0,2.1,0
278,1970,7,0.0,2.2857142857142856,0
278,1970,9,0.0,2.272727272727273,0
278,1970,10,0.0,2.1739130434782608,0
278,1970,11,0.0,2.0833333333333335,0
278,1970,12,0.0,2.16,0
278,1970,13,0.0,2.1538461538461537,0
278,1971,1,0.0,2.185185185185185,0
278,1971,2,0.0,2.1785714285714284,0
278,1971,5,0.0,2.2413793103448274,0
278,1971,9,0.0,2.2333333333333334,0
278,1971,10,0.0,2.193548387096774,0
278,1971,11,0.0,2.125,0
278,1972,2,0.0,2.0606060606060606,0
278,1972,4,0.0,2.0,0
278,1972,5,0.0,1.9714285714285715,0
278,1972,6,0.0,1.9444444444444444,0
278,1972,7,0.0,2.0,0
278,1972,8,0.0,2.026315789473684,0
278,1972,9,0.0,1.9743589743589745,0
278,1972,11,0.0,1.975,0
278,1972,12,0.0,1.951219512195122,0
278,1973,5,0.0,1.9047619047619047,0
278,1973,14,0.0,1.8837209302325582,0
278,1974,15,0.0,1.8409090909090908,0
278,1975,12,0.0,1.8,0
278,1975,13,0.0,1.7608695652173914,0
278,1976,2,0.0,1.7234042553191489,0
278,1976,3,0.0,1.6875,0
278,1976,4,0.0,1.653061224489796,0
278,1976,6,0.0,1.66,0
280,1970,6,0.0,1.0,0
280,1970,8,0.0,1.1666666666666667,0
280,1970,9,0.0,1.1428571428571428,0
280,1970,11,0.0,1.0,0
280,1970,12,0.0,0.8888888888888888,0
280,1970,13,0.0,0.8,0
280,1971,1,0.0,0.7272727272727273,0
280,1971,3,0.0,0.6666666666666666,0
280,1971,6,0.0,0.6153846153846154,0
280,1971,8,0.0,0.7857142857142857,0
280,1972,1,0.0,0.8,0
280,1972,2,0.0,0.75,0
280,1972,3,0.0,0.7058823529411765,0
280,1972,11,0.0,0.6666666666666666,0
280,1972,12,0.0,0.631578947368421,0
280,1973,4,0.0,0.6,0
280,1973,11,0.0,0.5714285714285714,0
280,1974,1,0.0,0.5454545454545454,0
280,1974,2,0.0,0.5217391304347826,0
280,1974,3,0.0,0.5,0
280,1974,4,0.0,0.48,0
280,1974,11,0.0,0.46153846153846156,0
280,1976,11,0.0,0.4444444444444444,0
280,1976,12,0.0,0.42857142857142855,0
280,1976,13,0.0,0.41379310344827586,0
280,1976,14,0.0,0.4,0
288,1975,7,0.0,0.8,0
288,1975,8,0.0,1.0,0
288,1975,10,0.0,0.8571428571428571,0
289,1960,4,0.0,0.0,0
289,1961,2,0.0,0.6666666666666666,0
289,1961,4,0.0,0.5714285714285714,0
289,1961,8,0.0,0.625,0
289,1962,1,0.0,0.7777777777777778,1
289,1962,2,0.1,1.6,0
289,1962,3,0.09090909090909091,1.5454545454545454,0
289,1962,4,0.08333333333333333,1.9166666666666667,0
289,1962,5,0.07692307692307693,1.7692307692307692,0
289,1962,6,0.07142857142857142,1.8571428571428572,1
289,1962,7,0.13333333333333333,2.3333333333333335,1
289,1962,8,0.1875,2.75,0
289,1962,9,0.17647058823529413,2.9411764705882355,1
289,1963,1,0.2222222222222222,3.2777777777777777,1
289,1963,4,0.2631578947368421,3.5789473684210527,0
289,1963,5,0.25,3.4,0
289,1963,7,0.23809523809523808,3.4285714285714284,0
289,1963,8,0.22727272727272727,3.272727272727273,1
289,1963,9,0.2608695652173913,3.5217391304347827,0
289,1963,10,0.25,3.5,0
289,1964,1,0.24,3.52,1
289,1964,2,0.2692307692307692,3.730769230769231,0
289,1964,3,0.25925925925925924,3.7037037037037037,0
289,1964,4,0.25,3.642857142857143,0
289,1964,5,0.2413793103448276,3.7241379310344827,0
289,1964,6,0.23333333333333334,3.8,0
289,1964,9,0.22580645161290322,3.870967741935484,1
289,1964,10,0.25,4.03125,0
289,1965,1,0.24242424242424243,3.909090909090909,0
289,1965,2,0.23529411764705882,3.911764705882353,1
289,1965,3,0.2571428571428571,4.057142857142857,0
289,1965,4,0.25,4.0,0
289,1965,5,0.24324324324324326,3.945945945945946,0
289,1965,6,0.23684210526315788,4.0,0
289,1965,7,0.23076923076923078,3.9743589743589745,0
289,1965,8,0.225,4.025,0
289,1965,9,0.21951219512195122,4.073170731707317,1
289,1966,1,0.23809523809523808,4.190476190476191,0
289,1966,4,0.23255813953488372,4.186046511627907,0
289,1966,5,0.22727272727272727,4.181818181818182,0
289,1966,6,0.2222222222222222,4.222222222222222,0
289,1967,2,0.21739130434782608,4.195652173913044,0
289,1967,8,0.2127659574468085,4.23404255319149,0
289,1967,10,0.20833333333333334,4.208333333333333,0
289,1968,1,0.20408163265306123,4.244897959183674,0
289,1968,2,0.2,4.28,1
289,1968,3,0.21568627450980393,4.372549019607843,1
289,1968,5,0.23076923076923078,4.461538461538462,0
289,1968,8,0.22641509433962265,4.377358490566038,0
289,1968,10,0.2222222222222222,4.407407407407407,0
289,1968,11,0.21818181818181817,4.381818181818182,0
289,1968,12,0.21428571428571427,4.410714285714286,1
289,1969,1,0.22807017543859648,4.491228070175438,0
289,1969,3,0.22413793103448276,4.517241379310345,1
289,1969,4,0.23728813559322035,4.593220338983051,0
289,1969,5,0.23333333333333334,4.516666666666667,0
289,1969,6,0.22950819672131148,4.459016393442623,0
289,1969,7,0.22580645161290322,4.387096774193548,0
289,1969,8,0.2222222222222222,4.365079365079365,0
289,1970,1,0.21875,4.296875,0
289,1970,2,0.2153846153846154,4.246153846153846,0
289,1970,3,0.21212121212121213,4.2272727272727275,0
289,1970,6,0.208955223880597,4.1940298507462686,0
289,1970,7,0.20588235294117646,4.132352941176471,0
289,1971,1,0.2028985507246377,4.086956521739131,0
289,1971,4,0.2,4.0285714285714285,0
289,1971,7,0.19718309859154928,3.971830985915493,0
289,1971,8,0.19444444444444445,3.9166666666666665,0
289,1971,11,0.1917808219178082,3.8904109589041096,0
289,1972,2,0.1891891891891892,3.8378378378378377,0
289,1972,3,0.18666666666666668,3.8,0
289,1972,4,0.18421052631578946,3.75,0
289,1972,6,0.18181818181818182,3.7012987012987013,0
289,1972,8,0.1794871794871795,3.6538461538461537,0
289,1972,10,0.17721518987341772,3.6202531645569622,0
289,1972,11,0.175,3.6,0
289,1972,12,0.1728395061728395,3.5555555555555554,0
289,1973,5,0.17073170731707318,3.5121951219512195,0
289,1973,8,0.1686746987951807,3.4698795180722892,0
289,1973,11,0.16666666666666666,3.4285714285714284,0
289,1973,13,0.16470588235294117,3.388235294117647,0
289,1973,14,0.16279069767441862,3.3488372093023258,0
289,1973,15,0.16091954022988506,3.310344827586207,0
289,1974,2,0.1590909090909091,3.272727272727273,0
289,1974,3,0.15730337078651685,3.235955056179775,0
289,1974,5,0.15555555555555556,3.2,0
289,1974,6,0.15384615384615385,3.1648351648351647,0
289,1974,7,0.15217391304347827,3.130434782608696,0
289,1974,9,0.15053763440860216,3.10752688172043,0
289,1974,10,0.14893617021276595,3.074468085106383,0
289,1974,11,0.14736842105263157,3.042105263157895,0
289,1974,12,0.14583333333333334,3.0104166666666665,0
289,1974,13,0.14432989690721648,2.979381443298969,0
289,1974,14,0.14285714285714285,2.9489795918367347,0
289,1974,15,0.1414141414141414,2.919191919191919,0
289,1975,1,0.14,2.89,0
289,1975,2,0.13861386138613863,2.8613861386138613,0
290,1973,1,0.0,0.0,0
290,1973,4,0.0,0.16666666666666666,0
290,1973,6,0.0,0.14285714285714285,0
290,1973,8,0.0,0.125,0
290,1973,11,0.0,0.1111111111111111,0
290,1973,14,0.0,0.3,0
290,1975,2,0.0,0.2727272727272727,0
290,1975,6,0.0,0.25,0
290,1975,7,0.0,0.23076923076923078,0
290,1975,8,0.0,0.21428571428571427,0
290,1975,10,0.0,0.2,0
290,1975,14,0.0,0.1875,0
294,1975,12,0.0,0.2,0
298,1975,9,0.0,0.2,0
298,1975,11,0.0,0.16666666666666666,0
304,1966,7,0.0,3.0,0
304,1966,9,0.0,3.1666666666666665,0
304,1967,1,0.0,3.2857142857142856,0
304,1967,2,0.0,3.25,1
304,1967,3,0.1111111111111111,3.888888888888889,0
304,1967,5,0.1,3.9,0
304,1967,6,0.09090909090909091,4.090909090909091,0
304,1967,7,0.08333333333333333,4.25,1
304,1967,8,0.15384615384615385,4.615384615384615,0
304,1967,10,0.14285714285714285,4.714285714285714,0
304,1967,11,0.13333333333333333,4.666666666666667,0
304,1968,1,0.125,4.625,0
304,1968,2,0.11764705882352941,4.470588235294118,0
304,1968,3,0.1111111111111111,4.555555555555555,0
304,1968,6,0.10526315789473684,4.421052631578948,0
304,1968,7,0.1,4.3,0
304,1968,8,0.09523809523809523,4.238095238095238,0
304,1968,9,0.09090909090909091,4.045454545454546,1
304,1968,10,0.13043478260869565,4.260869565217392,1
304,1969,1,0.16666666666666666,4.458333333333333,0
304,1969,2,0.16,4.44,0
304,1969,3,0.15384615384615385,4.384615384615385,0
304,1969,4,0.14814814814814814,4.2592592592592595,0
304,1969,5,0.14285714285714285,4.214285714285714,0
304,1969,8,0.13793103448275862,4.068965517241379,0
304,1969,11,0.13333333333333333,3.933333333333333,1
304,1970,1,0.16129032258064516,4.096774193548387,0
304,1970,3,0.15625,4.15625,0
304,1970,6,0.15151515151515152,4.121212121212121,0
304,1970,7,0.14705882352941177,4.088235294117647,0
304,1970,8,0.14285714285714285,4.085714285714285,0
304,1970,10,0.1388888888888889,4.083333333333333,0
304,1970,12,0.13513513513513514,4.054054054054054,0
304,1970,13,0.13157894736842105,3.9473684210526314,0
304,1971,1,0.1282051282051282,3.948717948717949,0
304,1971,2,0.125,3.875,0
304,1971,3,0.12195121951219512,3.8292682926829267,0
304,1971,4,0.11904761904761904,3.8095238095238093,0
304,1971,10,0.11627906976744186,3.7209302325581395,0
304,1972,1,0.11363636363636363,3.7045454545454546,0
304,1972,2,0.1111111111111111,3.7555555555555555,1
304,1972,4,0.13043478260869565,3.869565217391304,0
304,1972,5,0.1276595744680851,3.7872340425531914,0
304,1972,6,0.125,3.7916666666666665,0
304,1972,7,0.12244897959183673,3.7142857142857144,0
304,1972,9,0.12,3.68,0
304,1972,10,0.11764705882352941,3.7254901960784315,0
304,1972,11,0.11538461538461539,3.730769230769231,0
304,1972,12,0.11320754716981132,3.7358490566037736,0
304,1973,1,0.1111111111111111,3.740740740740741,0
304,1973,2,0.10909090909090909,3.709090909090909,0
304,1973,3,0.10714285714285714,3.7142857142857144,0
304,1973,4,0.10526315789473684,3.6842105263157894,0
304,1973,5,0.10344827586206896,3.6379310344827585,0
304,1973,6,0.1016949152542373,3.5762711864406778,0
304,1973,7,0.1,3.533333333333333,1
304,1973,8,0.11475409836065574,3.622950819672131,0
304,1973,9,0.11290322580645161,3.564516129032258,0
304,1973,11,0.1111111111111111,3.5714285714285716,0
304,1973,12,0.109375,3.515625,0
304,1973,13,0.1076923076923077,3.4615384615384617,0
304,1973,14,0.10606060606060606,3.409090909090909,0
304,1973,15,0.1044776119402985,3.3582089552238807,0
304,1974,1,0.10294117647058823,3.3529411764705883,1
304,1974,2,0.11594202898550725,3.4347826086956523,0
304,1974,3,0.11428571428571428,3.3857142857142857,0
304,1974,4,0.11267605633802817,3.3380281690140845,0
304,1974,5,0.1111111111111111,3.3055555555555554,0
304,1974,9,0.1095890410958904,3.2739726027397262,0
304,1974,10,0.10810810810810811,3.2432432432432434,0
304,1974,12,0.10666666666666667,3.2,0
304,1974,13,0.10526315789473684,3.236842105263158,0
304,1974,14,0.1038961038961039,3.207792207792208,0
305,1964,7,0.0,0.2,0
305,1964,9,0.0,0.16666666666666666,0
305,1971,9,0.0,0.14285714285714285,0
305,1971,11,0.0,0.5,0
305,1972,5,0.0,0.4444444444444444,0
305,1972,6,0.0,0.7,0
305,1972,9,0.0,0.7272727272727273,0
305,1972,10,0.0,0.9166666666666666,0
305,1972,12,0.0,1.3076923076923077,0
305,1973,6,0.0,1.2142857142857142,0
305,1973,11,0.0,1.1333333333333333,0
305,1973,12,0.0,1.0625,0
305,1973,13,0.0,1.0,0
305,1973,14,0.0,0.9444444444444444,0
305,1974,1,0.0,0.8947368421052632,0
305,1974,2,0.0,1.0,0
305,1974,3,0.0,1.0476190476190477,0
305,1974,4,0.0,1.1818181818181819,0
305,1974,5,0.0,1.1304347826086956,0
305,1974,8,0.0,1.0833333333333333,0
305,1974,9,0.0,1.16,0
305,1974,11,0.0,1.1153846153846154,0
306,1968,5,0.0,0.6,0
306,1968,6,0.0,1.5,0
306,1968,9,0.0,1.2857142857142858,0
306,1969,1,0.0,1.375,0
306,1969,2,0.0,1.3333333333333333,0
306,1969,4,0.0,1.6,0
306,1969,5,0.0,1.4545454545454546,0
306,1969,6,0.0,1.8333333333333333,0
306,1969,7,0.0,1.6923076923076923,0
306,1969,8,0.0,1.6428571428571428,0
306,1969,9,0.0,1.8,0
306,1969,11,0.0,1.875,0
306,1970,1,0.0,1.8823529411764706,0
306,1970,4,0.0,1.9444444444444444,0
306,1970,5,0.0,2.0526315789473686,0
306,1970,6,0.0,2.05,0
306,1970,9,0.0,1.9523809523809523,0
306,1970,10,0.0,1.9090909090909092,0
306,1970,11,0.0,2.0,0
306,1970,13,0.0,1.9166666666666667,0
306,1971,2,0.0,1.92,0
306,1971,4,0.0,1.8846153846153846,0
306,1971,5,0.0,1.8148148148148149,0
306,1971,6,0.0,1.75,0
306,1971,11,0.0,1.6896551724137931,0
306,1972,4,0.0,1.6333333333333333,1
306,1972,6,0.03225806451612903,1.8709677419354838,0
306,1972,7,0.03125,1.8125,0
306,1972,8,0.030303030303030304,1.7575757575757576,0
306,1972,9,0.029411764705882353,1.7058823529411764,0
306,1972,10,0.02857142857142857,1.6571428571428573,0
306,1973,4,0.027777777777777776,1.6111111111111112,0
306,1973,8,0.02702702702702703,1.6216216216216217,0
306,1973,10,0.02631578947368421,1.5789473684210527,0
306,1973,12,0.02564102564102564,1.5897435897435896,0
306,1973,13,0.025,1.6,0
306,1973,14,0.024390243902439025,1.5609756097560976,0
306,1973,15,0.023809523809523808,1.5952380952380953,0
306,1974,1,0.023255813953488372,1.558139534883721,0
306,1974,2,0.022727272727272728,1.5681818181818181,0
306,1974,3,0.022222222222222223,1.5333333333333334,0
306,1974,5,0.021739130434782608,1.6304347826086956,0
306,1974,9,0.02127659574468085,1.6382978723404256,0
306,1974,10,0.020833333333333332,1.6041666666666667,0
307,1971,11,0.0,0.4,0
307,1972,1,0.0,0.8333333333333334,0
307,1972,5,0.0,0.7142857142857143,0
307,1972,8,0.0,0.625,0
307,1972,9,0.0,0.8888888888888888,0
307,1972,10,0.0,0.9,0
307,1972,11,0.0,0.8181818181818182,0
307,1973,2,0.0,0.75,0
307,1973,3,0.0,0.6923076923076923,0
307,1973,7,0.0,0.6428571428571429,0
307,1973,8,0.0,0.6,0
307,1973,9,0.0,0.5625,0
307,1973,10,0.0,0.5294117647058824,0
307,1973,14,0.0,0.5,0
307,1973,15,0.0,0.5263157894736842,0
307,1974,1,0.0,0.5,0
309,1972,7,0.0,1.2,0
309,1972,9,0.0,1.6666666666666667,0
309,1972,10,0.0,2.0,0
309,1972,11,0.0,2.125,0
309,1972,12,0.0,2.5555555555555554,0
309,1973,1,0.0,2.3,0
309,1973,3,0.0,2.090909090909091,0
309,1973,4,0.0,2.4166666666666665,0
309,1973,6,0.0,2.4615384615384617,0
309,1973,7,0.0,2.4285714285714284,0
309,1973,9,0.0,2.2666666666666666,1
309,1973,10,0.0625,2.6875,0
309,1973,11,0.058823529411764705,2.7058823529411766,0
309,1973,13,0.05555555555555555,2.5555555555555554,0
309,1973,14,0.05263157894736842,2.6315789473684212,1
309,1973,15,0.1,2.95,0
312,1974,4,0.0,1.6,0
312,1974,5,0.0,1.3333333333333333,0
314,1971,8,0.0,0.2,0
314,1972,1,0.0,0.8333333333333334,0
314,1972,3,0.0,1.0,0
314,1972,6,0.0,0.875,0
314,1972,8,0.0,0.7777777777777778,0
314,1972,9,0.0,0.7,0
314,1972,11,0.0,0.6363636363636364,0
314,1973,14,0.0,0.5833333333333334,0
314,1974,4,0.0,0.5384615384615384,0
314,1974,5,0.0,0.5,0
314,1974,12,0.0,0.4666666666666667,0
317,1971,10,0.0,2.2,0
317,1972,10,0.0,2.1666666666666665,0
317,1972,12,0.0,1.8571428571428572,0
320,1971,8,0.0,0.2,0
320,1971,9,0.0,0.16666666666666666,1
320,1971,10,0.14285714285714285,1.4285714285714286,0
320,1971,11,0.125,1.25,0
320,1972,9,0.1111111111111111,1.1111111111111112,0
320,1972,10,0.1,1.0,0
322,1974,13,0.0,0.0,0
327,1971,2,0.0,0.2,0
327,1971,5,0.0,0.16666666666666666,0
327,1971,6,0.0,1.0,0
327,1971,7,0.0,0.875,0
327,1971,9,0.0,1.4444444444444444,0
327,1971,10,0.0,1.7,0
327,1971,11,0.0,1.6363636363636365,1
327,1972,2,0.08333333333333333,2.25,0
327,1972,5,0.07692307692307693,2.076923076923077,0
327,1972,6,0.07142857142857142,2.357142857142857,0
327,1972,8,0.06666666666666667,2.4,0
327,1972,9,0.0625,2.25,0
327,1972,12,0.058823529411764705,2.1176470588235294,0
327,1973,1,0.05555555555555555,2.3333333333333335,0
327,1973,2,0.05263157894736842,2.526315789473684,0
327,1973,4,0.05,2.4,0
327,1973,5,0.047619047619047616,2.5714285714285716,0
327,1973,6,0.045454545454545456,2.727272727272727,0
327,1973,7,0.043478260869565216,2.739130434782609,0
327,1973,8,0.041666666666666664,2.7916666666666665,0
327,1973,9,0.04,2.92,0
327,1973,10,0.038461538461538464,2.8846153846153846,0
327,1973,11,0.037037037037037035,3.0,0
327,1973,13,0.03571428571428571,3.107142857142857,0
328,1965,6,0.0,3.8,0
328,1965,8,0.0,4.166666666666667,1
328,1966,1,0.14285714285714285,4.857142857142857,1
328,1966,5,0.25,5.375,0
328,1966,6,0.2222222222222222,5.111111111111111,0
328,1967,4,0.2,4.8,0
328,1967,5,0.18181818181818182,4.909090909090909,0
328,1968,4,0.16666666666666666,4.833333333333333,0
328,1968,5,0.15384615384615385,4.6923076923076925,1
328,1968,6,0.21428571428571427,5.0,0
328,1968,7,0.2,4.933333333333334,0
328,1968,8,0.1875,4.6875,1
328,1968,10,0.23529411764705882,4.9411764705882355,0
328,1968,11,0.2222222222222222,4.722222222222222,1
328,1968,12,0.2631578947368421,4.947368421052632,0
328,1969,1,0.25,4.7,1
328,1969,2,0.2857142857142857,4.904761904761905,1
328,1969,4,0.3181818181818182,5.090909090909091,1
328,1969,5,0.34782608695652173,5.260869565217392,1
328,1969,6,0.375,5.416666666666667,1
328,1969,7,0.4,5.56,0
328,1969,8,0.38461538461538464,5.576923076923077,1
328,1969,11,0.4074074074074074,5.703703703703703,0
328,1970,1,0.39285714285714285,5.607142857142857,0
328,1970,2,0.3793103448275862,5.551724137931035,1
328,1970,5,0.4,5.666666666666667,0
328,1970,6,0.3870967741935484,5.67741935483871,0
328,1970,10,0.375,5.5,0
328,1971,1,0.36363636363636365,5.515151515151516,0
328,1971,2,0.35294117647058826,5.529411764705882,1
328,1971,3,0.37142857142857144,5.628571428571429,1
328,1971,4,0.3888888888888889,5.722222222222222,0
328,1971,5,0.3783783783783784,5.5675675675675675,1
328,1971,6,0.39473684210526316,5.657894736842105,1
328,1971,7,0.41025641025641024,5.743589743589744,1
328,1971,10,0.425,5.825,1
328,1971,11,0.43902439024390244,5.902439024390244,0
328,1972,1,0.42857142857142855,5.809523809523809,1
328,1972,4,0.4418604651162791,5.883720930232558,0
328,1972,6,0.4318181818181818,5.818181818181818,1
328,1972,7,0.4444444444444444,5.888888888888889,0
328,1972,8,0.43478260869565216,5.891304347826087,0
328,1972,9,0.425531914893617,5.76595744680851,0
328,1972,11,0.4166666666666667,5.645833333333333,1
328,1972,12,0.42857142857142855,5.714285714285714,1
328,1973,1,0.44,5.78,0
328,1973,2,0.43137254901960786,5.745098039215686,0
328,1973,3,0.4230769230769231,5.75,1
328,1973,5,0.4339622641509434,5.811320754716981,1
328,1973,6,0.4444444444444444,5.87037037037037,1
328,1973,7,0.45454545454545453,5.927272727272728,0
328,1973,8,0.44642857142857145,5.857142857142857,0
328,1973,9,0.43859649122807015,5.807017543859649,0
328,1973,10,0.43103448275862066,5.706896551724138,1
328,1973,11,0.4406779661016949,5.762711864406779,1
328,1973,12,0.45,5.816666666666666,0
328,1973,13,0.4426229508196721,5.819672131147541,0
328,1973,14,0.43548387096774194,5.774193548387097,0
329,1972,12,0.0,0.0,0
329,1973,1,0.0,0.0,0
329,1973,4,0.0,0.0,0
329,1973,5,0.0,0.0,0
329,1973,7,0.0,0.0,0
329,1973,9,0.0,0.0,0
329,1973,11,0.0,0.0,0
329,1973,15,0.0,0.0,0
330,1973,2,0.0,0.0,0
330,1973,4,0.0,0.0,0
332,1973,14,0.0,1.0,0
332,1973,15,0.0,0.8333333333333334,0
333,1972,4,0.0,0.6,0
333,1972,6,0.0,0.5,0
333,1972,8,0.0,0.42857142857142855,0
333,1972,9,0.0,0.375,0
333,1973,3,0.0,0.3333333333333333,0
333,1973,5,0.0,0.3,0
333,1973,6,0.0,0.5454545454545454,0
337,1972,4,0.0,0.0,0
337,1972,5,0.0,0.0,0
340,1972,2,0.0,1.2,0
341,1962,2,0.0,2.0,0
341,1962,3,0.0,2.1666666666666665,0
341,1962,4,0.0,2.142857142857143,0
341,1962,5,0.0,2.125,0
341,1962,6,0.0,2.5555555555555554,0
341,1963,1,0.0,2.9,0
341,1963,3,0.0,2.909090909090909,0
341,1963,5,0.0,3.0,0
341,1963,6,0.0,3.230769230769231,1
341,1963,8,0.07142857142857142,3.642857142857143,0
341,1964,2,0.06666666666666667,3.4,0
341,1964,5,0.0625,3.5625,0
341,1964,6,0.058823529411764705,3.588235294117647,1
341,1964,8,0.1111111111111111,3.888888888888889,1
341,1964,9,0.15789473684210525,4.157894736842105,0
341,1964,10,0.15,4.25,0
341,1965,1,0.14285714285714285,4.333333333333333,0
341,1965,2,0.13636363636363635,4.409090909090909,0
341,1965,4,0.13043478260869565,4.3478260869565215,0
341,1965,5,0.125,4.333333333333333,0
341,1965,6,0.12,4.32,0
341,1966,2,0.11538461538461539,4.153846153846154,1
341,1966,6,0.14814814814814814,4.333333333333333,0
341,1966,8,0.14285714285714285,4.392857142857143,0
341,1966,9,0.13793103448275862,4.379310344827586,1
341,1967,1,0.16666666666666666,4.533333333333333,0
341,1967,6,0.16129032258064516,4.516129032258065,0
341,1967,7,0.15625,4.40625,0
341,1967,9,0.15151515151515152,4.363636363636363,1
341,1967,11,0.17647058823529413,4.5,0
341,1968,1,0.17142857142857143,4.457142857142857,0
341,1968,6,0.16666666666666666,4.333333333333333,0
341,1968,7,0.16216216216216217,4.378378378378378,0
341,1968,11,0.15789473684210525,4.315789473684211,0
341,1969,2,0.15384615384615385,4.3076923076923075,0
341,1969,4,0.15,4.25,0
341,1969,10,0.14634146341463414,4.146341463414634,0
341,1970,5,0.14285714285714285,4.142857142857143,0
341,1970,8,0.13953488372093023,4.069767441860465,0
341,1970,11,0.13636363636363635,3.977272727272727,0
341,1970,13,0.13333333333333333,3.933333333333333,0
341,1971,2,0.13043478260869565,3.847826086956522,0
341,1971,3,0.1276595744680851,3.765957446808511,0
341,1971,4,0.125,3.6875,0
341,1971,5,0.12244897959183673,3.6530612244897958,0
341,1971,6,0.12,3.58,0
341,1971,7,0.11764705882352941,3.5294117647058822,0
341,1971,10,0.11538461538461539,3.4615384615384617,0
341,1971,11,0.11320754716981132,3.3962264150943398,0
345,1967,4,0.2,2.8,0
345,1967,5,0.16666666666666666,2.3333333333333335,0
345,1967,6,0.14285714285714285,2.142857142857143,0
345,1967,7,0.125,2.125,0
345,1967,11,0.1111111111111111,1.8888888888888888,0
345,1968,4,0.1,1.8,0
345,1968,5,0.09090909090909091,2.1818181818181817,0
345,1968,8,0.08333333333333333,2.3333333333333335,0
345,1968,10,0.07692307692307693,2.230769230769231,0
345,1968,12,0.07142857142857142,2.357142857142857,0
345,1969,8,0.06666666666666667,2.4,0
345,1969,10,0.0625,2.3125,0
345,1969,11,0.058823529411764705,2.2941176470588234,0
345,1970,1,0.05555555555555555,2.1666666666666665,0
345,1970,3,0.05263157894736842,2.0526315789473686,0
345,1970,4,0.05,2.0,1
345,1970,5,0.09523809523809523,2.3333333333333335,0
345,1970,9,0.09090909090909091,2.227272727272727,0
345,1970,11,0.08695652173913043,2.260869565217391,0
345,1970,12,0.08333333333333333,2.2916666666666665,0
345,1970,13,0.08,2.44,0
345,1971,2,0.07692307692307693,2.3846153846153846,0
345,1971,3,0.07407407407407407,2.4074074074074074,0
345,1971,4,0.07142857142857142,2.3214285714285716,0
346,1963,9,0.0,0.2,0
346,1964,1,0.0,0.16666666666666666,0
346,1964,2,0.0,0.14285714285714285,0
346,1964,5,0.0,0.125,0
346,1964,6,0.0,0.1111111111111111,0
346,1964,8,0.0,0.4,0
346,1964,9,0.0,0.36363636363636365,0
346,1965,1,0.0,0.6666666666666666,0
346,1965,2,0.0,0.6153846153846154,0
346,1965,3,0.0,0.6428571428571429,0
346,1965,4,0.0,0.6,0
346,1965,5,0.0,0.625,0
346,1965,6,0.0,0.5882352941176471,0
346,1965,9,0.0,0.5555555555555556,0
346,1965,10,0.0,0.5263157894736842,0
346,1966,8,0.0,0.65,0
346,1967,3,0.0,0.7619047619047619,0
346,1967,4,0.0,0.7272727272727273,0
346,1967,5,0.0,0.6956521739130435,0
346,1967,10,0.0,0.7916666666666666,0
346,1967,11,0.0,0.88,0
346,1968,1,0.0,0.8461538461538461,0
346,1968,4,0.0,0.8148148148148148,0
346,1968,6,0.0,0.7857142857142857,0
346,1968,7,0.0,0.7586206896551724,1
346,1968,11,0.03333333333333333,1.0333333333333334,0
346,1968,12,0.03225806451612903,1.064516129032258,0
346,1969,1,0.03125,1.0625,0
346,1969,3,0.030303030303030304,1.121212121212121,0
346,1969,4,0.029411764705882353,1.2058823529411764,0
346,1969,5,0.02857142857142857,1.3428571428571427,0
346,1969,6,0.027777777777777776,1.3055555555555556,0
346,1969,7,0.02702702702702703,1.2702702702702702,0
346,1969,8,0.02631578947368421,1.2894736842105263,0
346,1970,1,0.02564102564102564,1.2564102564102564,0
346,1970,3,0.025,1.225,0
346,1970,4,0.024390243902439025,1.1951219512195121,0
346,1970,8,0.023809523809523808,1.1666666666666667,0
346,1970,9,0.023255813953488372,1.1395348837209303,0
346,1970,12,0.022727272727272728,1.1136363636363635,0
346,1971,4,0.022222222222222223,1.0888888888888888,0
346,1971,5,0.021739130434782608,1.0869565217391304,0
346,1971,6,0.02127659574468085,1.127659574468085,0
346,1971,8,0.020833333333333332,1.1041666666666667,1
346,1971,9,0.04081632653061224,1.2653061224489797,0
346,1971,10,0.04,1.24,0
346,1971,11,0.0392156862745098,1.2156862745098038,0
347,1959,3,0.0,0.6,1
347,1959,6,0.16666666666666666,1.8333333333333333,0
347,1959,8,0.14285714285714285,1.8571428571428572,0
347,1960,1,0.125,1.625,0
347,1960,2,0.1111111111111111,1.4444444444444444,0
347,1960,10,0.1,1.5,0
347,1961,1,0.09090909090909091,1.5454545454545454,0
347,1961,2,0.08333333333333333,1.4166666666666667,0
347,1961,3,0.07692307692307693,1.3076923076923077,0
347,1961,4,0.07142857142857142,1.2142857142857142,0
347,1961,5,0.06666666666666667,1.1333333333333333,0
347,1961,8,0.0625,1.1875,0
347,1962,1,0.058823529411764705,1.1764705882352942,0
347,1962,2,0.05555555555555555,1.1111111111111112,0
347,1962,6,0.05263157894736842,1.1578947368421053,0
347,1962,7,0.05,1.1,0
347,1962,8,0.047619047619047616,1.0952380952380953,0
347,1963,1,0.045454545454545456,1.0454545454545454,0
347,1963,2,0.043478260869565216,1.0,0
347,1963,3,0.041666666666666664,1.0416666666666667,0
347,1963,6,0.04,1.0,0
347,1963,7,0.038461538461538464,1.0,0
347,1963,8,0.037037037037037035,0.9629629629629629,0
347,1963,9,0.03571428571428571,0.9285714285714286,0
347,1963,10,0.034482758620689655,0.9655172413793104,0
347,1964,1,0.03333333333333333,0.9666666666666667,0
347,1964,2,0.03225806451612903,1.0,0
347,1964,7,0.03125,0.96875,0
347,1964,8,0.030303030303030304,0.9696969696969697,0
347,1965,2,0.029411764705882353,0.9411764705882353,0
347,1965,5,0.02857142857142857,0.9142857142857143,0
347,1965,7,0.027777777777777776,0.8888888888888888,0
347,1965,8,0.02702702702702703,0.8648648648648649,0
347,1965,9,0.02631578947368421,0.8421052631578947,0
347,1966,5,0.02564102564102564,0.8205128205128205,0
347,1966,9,0.025,0.8,0
347,1967,7,0.024390243902439025,0.8048780487804879,0
347,1967,8,0.023809523809523808,0.8333333333333334,0
347,1967,10,0.023255813953488372,0.813953488372093,0
347,1967,11,0.022727272727272728,0.8181818181818182,0
347,1968,5,0.022222222222222223,0.8,0
347,1968,9,0.021739130434782608,0.782608695652174,0
347,1968,12,0.02127659574468085,0.7872340425531915,0
347,1971,9,0.020833333333333332,0.8125,0
347,1971,11,0.02040816326530612,0.7959183673469388,0
350,1969,5,0.0,1.0,0
350,1969,6,0.0,1.1666666666666667,0
350,1971,7,0.0,1.1428571428571428,0
356,1958,6,0.0,0.6,0
356,1958,7,0.0,0.5,0
356,1958,9,0.0,0.42857142857142855,0
356,1958,11,0.0,0.375,0
356,1959,1,0.0,0.3333333333333333,1
356,1959,3,0.1,1.2,0
356,1959,4,0.09090909090909091,1.6363636363636365,0
356,1959,5,0.08333333333333333,1.8333333333333333,1
356,1959,8,0.15384615384615385,2.3076923076923075,0
356,1959,9,0.14285714285714285,2.4285714285714284,0
356,1960,4,0.13333333333333333,2.466666666666667,1
356,1960,5,0.1875,2.8125,1
356,1960,6,0.23529411764705882,3.1176470588235294,1
356,1960,7,0.2777777777777778,3.388888888888889,1
356,1960,8,0.3157894736842105,3.6315789473684212,1
356,1960,10,0.35,3.85,0
356,1961,2,0.3333333333333333,3.8095238095238093,0
356,1961,5,0.3181818181818182,3.6818181818181817,0
356,1962,2,0.30434782608695654,3.652173913043478,0
356,1962,3,0.2916666666666667,3.5,0
356,1962,5,0.28,3.4,0
356,1962,8,0.2692307692307692,3.3461538461538463,0
356,1962,9,0.25925925925925924,3.3333333333333335,0
356,1963,1,0.25,3.3214285714285716,0
356,1963,4,0.2413793103448276,3.206896551724138,0
356,1963,6,0.23333333333333334,3.2,0
356,1963,7,0.22580645161290322,3.096774193548387,0
356,1963,8,0.21875,3.0625,0
356,1963,9,0.21212121212121213,3.0606060606060606,0
356,1963,10,0.20588235294117646,3.1470588235294117,0
356,1964,3,0.2,3.057142857142857,0
356,1964,4,0.19444444444444445,3.0833333333333335,0
356,1964,5,0.1891891891891892,3.108108108108108,0
356,1964,6,0.18421052631578946,3.1052631578947367,0
356,1964,7,0.1794871794871795,3.0256410256410255,0
356,1964,8,0.175,2.95,0
356,1965,1,0.17073170731707318,2.8780487804878048,0
356,1965,3,0.16666666666666666,2.8095238095238093,0
356,1965,7,0.16279069767441862,2.813953488372093,0
356,1965,9,0.1590909090909091,2.7954545454545454,0
356,1966,2,0.15555555555555556,2.8222222222222224,0
356,1966,3,0.15217391304347827,2.8260869565217392,1
356,1966,4,0.1702127659574468,2.9574468085106385,1
356,1966,5,0.1875,3.0833333333333335,1
356,1966,6,0.20408163265306123,3.204081632653061,1
356,1966,9,0.22,3.32,0
356,1967,1,0.21568627450980393,3.372549019607843,0
356,1967,3,0.21153846153846154,3.326923076923077,0
356,1967,5,0.20754716981132076,3.3773584905660377,1
356,1967,6,0.2222222222222222,3.4814814814814814,0
356,1967,7,0.21818181818181817,3.4727272727272727,0
356,1967,8,0.21428571428571427,3.517857142857143,1
356,1967,9,0.22807017543859648,3.6140350877192984,0
356,1967,10,0.22413793103448276,3.6551724137931036,0
356,1967,11,0.22033898305084745,3.6271186440677967,0
356,1968,8,0.21666666666666667,3.6666666666666665,0
356,1968,12,0.21311475409836064,3.639344262295082,0
356,1969,4,0.20967741935483872,3.5806451612903225,0
356,1969,9,0.20634920634920634,3.5396825396825395,0
356,1969,10,0.203125,3.578125,0
356,1969,11,0.2,3.5692307692307694,0
356,1970,1,0.19696969696969696,3.5757575757575757,1
356,1970,3,0.208955223880597,3.656716417910448,0
356,1970,5,0.20588235294117646,3.6911764705882355,0
356,1970,6,0.2028985507246377,3.63768115942029,0
356,1970,7,0.2,3.642857142857143,0
356,1970,9,0.19718309859154928,3.676056338028169,0
356,1970,12,0.19444444444444445,3.625,0
358,1966,2,0.0,0.8,0
358,1966,3,0.0,1.6666666666666667,0
358,1966,4,0.0,1.8571428571428572,0
358,1966,6,0.0,1.875,0
358,1966,7,0.0,2.111111111111111,0
358,1966,8,0.0,2.2,0
358,1967,4,0.0,2.5454545454545454,0
358,1967,9,0.0,2.5833333333333335,0
358,1968,1,0.0,2.6153846153846154,0
358,1968,8,0.0,2.7142857142857144,0
358,1969,6,0.0,2.8,0
358,1969,8,0.0,2.8125,0
358,1969,9,0.0,3.0,0
358,1969,10,0.0,3.0555555555555554,1
358,1970,1,0.05263157894736842,3.3684210526315788,0
358,1970,3,0.05,3.2,1
358,1970,5,0.09523809523809523,3.4761904761904763,1
358,1970,6,0.13636363636363635,3.727272727272727,1
358,1970,7,0.17391304347826086,3.9565217391304346,1
358,1970,8,0.20833333333333334,4.166666666666667,1
360,1959,9,0.0,1.7,1
360,1960,1,0.16666666666666666,2.75,1
360,1960,2,0.2857142857142857,3.5,0
360,1960,5,0.25,3.8125,0
360,1960,6,0.2222222222222222,4.055555555555555,0
360,1960,7,0.2,4.05,0
360,1960,8,0.18181818181818182,3.9545454545454546,0
360,1960,10,0.16666666666666666,4.125,0
360,1961,1,0.15384615384615385,4.115384615384615,0
360,1961,2,0.14285714285714285,3.892857142857143,0
360,1961,4,0.13333333333333333,3.6333333333333333,0
360,1961,5,0.125,3.53125,0
360,1961,6,0.11764705882352941,3.323529411764706,0
360,1961,7,0.1111111111111111,3.1944444444444446,0
360,1961,8,0.10526315789473684,3.236842105263158,0
360,1962,2,0.1,3.225,1
360,1962,4,0.14285714285714285,3.5,0
360,1962,5,0.13636363636363635,3.477272727272727,0
360,1962,6,0.13043478260869565,3.5,0
360,1962,7,0.125,3.4375,0
360,1962,8,0.12,3.46,0
360,1962,9,0.11538461538461539,3.480769230769231,0
360,1963,1,0.1111111111111111,3.574074074074074,0
360,1963,2,0.10714285714285714,3.5892857142857144,0
360,1963,4,0.10344827586206896,3.6724137931034484,0
360,1963,7,0.1,3.55,0
360,1963,8,0.0967741935483871,3.564516129032258,0
360,1963,10,0.09375,3.453125,0
360,1964,2,0.09090909090909091,3.4393939393939394,0
360,1964,3,0.08823529411764706,3.338235294117647,0
360,1964,4,0.08571428571428572,3.414285714285714,0
360,1964,8,0.08333333333333333,3.3472222222222223,0
360,1964,10,0.08108108108108109,3.418918918918919,0
360,1965,1,0.07894736842105263,3.3289473684210527,0
360,1965,2,0.07692307692307693,3.2948717948717947,0
360,1965,3,0.075,3.2625,0
360,1965,5,0.07317073170731707,3.2804878048780486,0
360,1965,8,0.07142857142857142,3.2023809523809526,0
360,1966,4,0.06976744186046512,3.1744186046511627,0
360,1966,8,0.06818181818181818,3.125,0
360,1967,2,0.06666666666666667,3.1,0
360,1967,8,0.06521739130434782,3.097826086956522,0
360,1968,4,0.06382978723404255,3.0319148936170213,1
360,1968,6,0.08333333333333333,3.15625,0
360,1968,7,0.08163265306122448,3.0918367346938775,0
360,1968,8,0.08,3.03,0
360,1968,10,0.0784313725490196,2.9705882352941178,0
360,1968,11,0.07692307692307693,3.0288461538461537,0
360,1968,12,0.07547169811320754,2.990566037735849,0
360,1969,1,0.07407407407407407,3.0462962962962963,0
360,1969,2,0.07272727272727272,3.0272727272727273,0
360,1969,3,0.07142857142857142,3.080357142857143,0
360,1969,5,0.07017543859649122,3.06140350877193,0
360,1969,6,0.06896551724137931,3.060344827586207,0
360,1969,7,0.06779661016949153,3.0762711864406778,0
360,1969,8,0.06666666666666667,3.091666666666667,0
360,1969,9,0.06557377049180328,3.0901639344262297,0
360,1970,2,0.06451612903225806,3.0725806451612905,0
361,1969,6,0.0,2.0,0
361,1969,8,0.0,2.0,0
361,1969,10,0.0,2.0,0
361,1969,11,0.0,2.5,0
364,1961,2,0.0,3.0,0
364,1961,3,0.0,2.5,0
364,1961,4,0.0,2.2857142857142856,0
364,1961,5,0.0,2.75,0
364,1961,6,0.0,2.4444444444444446,0
364,1961,7,0.0,2.2,0
364,1961,8,0.0,2.5454545454545454,0
364,1962,4,0.0,2.8333333333333335,1
364,1962,5,0.07692307692307693,3.3076923076923075,0
364,1962,6,0.07142857142857142,3.0714285714285716,0
364,1962,7,0.06666666666666667,3.1333333333333333,0
364,1962,8,0.0625,2.9375,0
364,1963,2,0.058823529411764705,2.8823529411764706,0
364,1963,3,0.05555555555555555,2.9444444444444446,0
364,1963,4,0.05263157894736842,3.1052631578947367,0
364,1963,7,0.05,3.05,0
364,1963,9,0.047619047619047616,2.9047619047619047,0
364,1963,10,0.045454545454545456,2.8181818181818183,0
364,1964,3,0.043478260869565216,2.9565217391304346,0
364,1964,4,0.041666666666666664,2.875,1
364,1964,5,0.08,3.12,0
364,1964,6,0.07692307692307693,3.0,0
364,1964,8,0.07407407407407407,2.888888888888889,0
364,1964,10,0.07142857142857142,2.7857142857142856,1
364,1965,3,0.10344827586206896,3.0,0
364,1965,5,0.1,2.9,0
364,1965,6,0.0967741935483871,2.838709677419355,0
364,1965,7,0.09375,2.875,0
364,1965,8,0.09090909090909091,2.909090909090909,0
364,1965,9,0.08823529411764706,2.9411764705882355,0
364,1965,10,0.08571428571428572,3.0285714285714285,0
364,1966,3,0.08333333333333333,3.111111111111111,0
364,1966,6,0.08108108108108109,3.081081081081081,0
364,1966,9,0.07894736842105263,3.0,0
364,1967,4,0.07692307692307693,2.9743589743589745,1
364,1967,8,0.1,3.125,0
364,1968,8,0.0975609756097561,3.1463414634146343,0
364,1968,11,0.09523809523809523,3.0714285714285716,0
364,1970,6,0.09302325581395349,3.0697674418604652,0
370,1965,10,0.0,0.2,0
370,1967,8,0.0,0.3333333333333333,0
370,1968,3,0.0,0.2857142857142857,0
370,1968,5,0.0,1.0,0
370,1968,6,0.0,0.8888888888888888,0
370,1968,8,0.0,0.8,0
370,1969,3,0.0,0.7272727272727273,0
373,1961,1,0.0,1.6,0
373,1961,2,0.0,1.3333333333333333,0
373,1961,3,0.0,1.7142857142857142,0
373,1961,4,0.0,1.5,0
373,1961,6,0.0,1.7777777777777777,0
373,1961,8,0.0,1.9,0
373,1962,1,0.0,1.7272727272727273,0
373,1962,3,0.0,1.5833333333333333,1
373,1962,5,0.07692307692307693,2.1538461538461537,1
373,1962,6,0.14285714285714285,2.642857142857143,0
373,1962,8,0.13333333333333333,2.6666666666666665,1
373,1963,1,0.1875,3.0625,0
373,1963,2,0.17647058823529413,2.8823529411764706,1
373,1963,3,0.2222222222222222,3.2222222222222223,1
373,1963,4,0.2631578947368421,3.526315789473684,1
373,1963,5,0.3,3.8,1
373,1963,6,0.3333333333333333,4.0476190476190474,0
373,1963,7,0.3181818181818182,4.136363636363637,1
373,1963,8,0.34782608695652173,4.3478260869565215,0
373,1963,9,0.3333333333333333,4.333333333333333,1
373,1963,10,0.36,4.52,1
373,1964,1,0.38461538461538464,4.6923076923076925,0
373,1964,2,0.37037037037037035,4.62962962962963,1
373,1964,3,0.39285714285714285,4.785714285714286,1
373,1964,5,0.41379310344827586,4.931034482758621,1
373,1964,8,0.43333333333333335,5.066666666666666,0
373,1964,9,0.41935483870967744,4.903225806451613,0
373,1964,10,0.40625,4.75,0
373,1965,1,0.3939393939393939,4.666666666666667,1
373,1965,3,0.4117647058823529,4.794117647058823,1
373,1965,4,0.42857142857142855,4.914285714285715,1
373,1965,5,0.4444444444444444,5.027777777777778,1
373,1965,6,0.4594594594594595,5.135135135135135,1
373,1965,7,0.47368421052631576,5.2368421052631575,1
373,1965,8,0.48717948717948717,5.333333333333333,0
373,1966,4,0.475,5.2,0
373,1966,5,0.4634146341463415,5.146341463414634,0
373,1966,8,0.4523809523809524,5.119047619047619,1
373,1967,3,0.46511627906976744,5.209302325581396,1
373,1967,4,0.4772727272727273,5.295454545454546,0
373,1967,6,0.4666666666666667,5.2,1
373,1967,9,0.4782608695652174,5.282608695652174,0
373,1967,10,0.46808510638297873,5.25531914893617,1
373,1967,11,0.4791666666666667,5.333333333333333,1
373,1968,1,0.4897959183673469,5.408163265306122,1
374,1965,1,0.0,0.8,0
374,1965,3,0.0,1.1666666666666667,0
374,1965,4,0.0,1.0,0
374,1965,5,0.0,0.875,0
374,1965,6,0.0,1.1111111111111112,0
374,1965,8,0.0,1.0,0
374,1965,10,0.0,0.9090909090909091,0
374,1966,5,0.0,1.1666666666666667,0
374,1966,7,0.0,1.2307692307692308,0
374,1967,2,0.0,1.2857142857142858,0
374,1967,3,0.0,1.2666666666666666,0
374,1967,4,0.0,1.1875,0
374,1967,8,0.0,1.2352941176470589,0
374,1967,9,0.0,1.2777777777777777,0
374,1967,11,0.0,1.3157894736842106,0
375,1968,3,0.2,2.8,0
376,1968,4,0.0,1.0,0
383,1964,5,0.0,0.2,0
383,1964,7,0.0,0.16666666666666666,0
383,1964,8,0.0,0.7142857142857143,0
383,1965,2,0.0,0.625,0
383,1965,4,0.0,0.5555555555555556,0
383,1966,3,0.0,0.5,0
383,1966,7,0.0,0.45454545454545453,0
383,1967,1,0.0,0.5,0
383,1967,3,0.0,0.6153846153846154,0
383,1967,4,0.0,0.5714285714285714,0
385,1963,5,0.0,0.8,0
385,1963,8,0.0,1.0,0
385,1963,10,0.0,1.1428571428571428,0
385,1964,1,0.0,1.25,0
385,1964,4,0.0,1.1111111111111112,0
385,1964,5,0.0,1.0,0
385,1964,6,0.0,1.0909090909090908,0
385,1964,7,0.0,1.3333333333333333,1
385,1964,8,0.07692307692307693,1.9230769230769231,0
385,1964,10,0.07142857142857142,2.0714285714285716,0
385,1965,1,0.06666666666666667,2.2,0
385,1965,2,0.0625,2.0625,0
385,1965,3,0.058823529411764705,2.2941176470588234,0
385,1965,4,0.05555555555555555,2.1666666666666665,0
385,1965,6,0.05263157894736842,2.0526315789473686,0
385,1965,7,0.05,1.95,0
385,1965,8,0.047619047619047616,1.9047619047619047,0
385,1965,9,0.045454545454545456,1.9545454545454546,0
385,1965,10,0.043478260869565216,2.0,0
385,1966,1,0.041666666666666664,1.9166666666666667,0
385,1966,2,0.04,2.08,0
385,1966,5,0.038461538461538464,2.1538461538461537,0
385,1966,6,0.037037037037037035,2.111111111111111,0
386,1961,3,0.0,3.2,0
386,1961,4,0.0,3.3333333333333335,0
386,1961,5,0.0,2.857142857142857,0
386,1961,6,0.0,3.0,0
386,1962,4,0.0,2.6666666666666665,0
386,1962,5,0.0,2.8,0
386,1962,6,0.0,2.5454545454545454,0
386,1962,7,0.0,2.3333333333333335,0
386,1962,9,0.0,2.6153846153846154,0
386,1963,1,0.0,2.4285714285714284,0
386,1963,2,0.0,2.6666666666666665,0
386,1963,3,0.0,2.6875,0
386,1963,5,0.0,2.6470588235294117,0
386,1963,6,0.0,2.6666666666666665,0
386,1963,7,0.0,2.736842105263158,0
386,1963,8,0.0,2.9,0
386,1963,9,0.0,3.0476190476190474,0
386,1964,1,0.0,3.090909090909091,0
386,1964,2,0.0,3.217391304347826,0
386,1964,3,0.0,3.0833333333333335,0
386,1964,4,0.0,3.08,0
386,1964,5,0.0,3.0384615384615383,0
386,1964,6,0.0,2.925925925925926,0
386,1964,7,0.0,2.8214285714285716,0
386,1964,8,0.0,2.9310344827586206,0
386,1964,9,0.0,2.933333333333333,0
386,1964,10,0.0,2.935483870967742,0
386,1965,3,0.0,2.84375,0
386,1965,6,0.0,2.787878787878788,0
386,1965,8,0.0,2.735294117647059,0
386,1965,9,0.0,2.657142857142857,0
386,1965,10,0.0,2.5833333333333335,1
386,1966,2,0.02702702702702703,2.7567567567567566,0
386,1966,9,0.02631578947368421,2.736842105263158,0
389,1967,11,0.0,0.2,0
394,1964,2,0.2,2.8,0
394,1964,3,0.16666666666666666,2.3333333333333335,0
394,1964,5,0.14285714285714285,2.0,0
394,1964,7,0.125,1.75,0
394,1964,8,0.1111111111111111,1.5555555555555556,0
397,1966,7,0.0,2.2,0
397,1966,8,0.0,1.8333333333333333,0
397,1966,9,0.0,1.7142857142857142,0
401,1963,1,0.0,1.2,0
401,1963,3,0.0,1.1666666666666667,0
401,1963,4,0.0,1.0,0
401,1963,6,0.0,0.875,0
401,1963,10,0.0,0.7777777777777778,0
401,1964,3,0.0,0.7,0
401,1964,9,0.0,0.6363636363636364,0
403,1959,3,0.0,2.4,0
403,1959,4,0.0,2.0,0
403,1959,6,0.0,2.5714285714285716,0
403,1959,8,0.0,2.75,0
403,1960,1,0.0,3.2222222222222223,0
403,1960,2,0.0,2.9,0
403,1960,5,0.0,3.0,0
403,1960,6,0.0,3.0,0
403,1960,7,0.0,2.769230769230769,0
403,1960,9,0.0,2.5714285714285716,1
403,1960,10,0.06666666666666667,2.933333333333333,0
403,1961,1,0.0625,2.8125,0
403,1961,2,0.058823529411764705,2.8823529411764706,0
403,1961,3,0.05555555555555555,3.0555555555555554,1
403,1961,4,0.10526315789473684,3.3684210526315788,0
403,1961,5,0.1,3.2,0
403,1961,6,0.09523809523809523,3.3333333333333335,0
403,1961,7,0.09090909090909091,3.3636363636363638,1
403,1962,1,0.13043478260869565,3.608695652173913,0
403,1962,2,0.125,3.625,0
403,1962,3,0.12,3.72,0
403,1962,7,0.11538461538461539,3.730769230769231,0
403,1963,7,0.1111111111111111,3.5925925925925926,0
403,1964,1,0.10714285714285714,3.4642857142857144,0
403,1964,2,0.10344827586206896,3.3448275862068964,0
403,1964,4,0.1,3.2333333333333334,0
403,1964,5,0.0967741935483871,3.129032258064516,0
403,1964,10,0.09375,3.0625,0
404,1960,6,0.0,2.4,0
404,1960,7,0.0,2.0,0
404,1960,8,0.0,2.2857142857142856,0
404,1960,10,0.0,2.125,0
404,1961,4,0.0,2.5555555555555554,0
404,1961,5,0.0,2.6,0
404,1961,8,0.0,2.3636363636363638,1
404,1962,5,0.08333333333333333,2.9166666666666665,0
404,1962,8,0.07692307692307693,2.6923076923076925,0
404,1962,9,0.07142857142857142,2.5,0
404,1963,3,0.06666666666666667,2.466666666666667,0
404,1963,4,0.0625,2.5,0
404,1963,7,0.058823529411764705,2.3529411764705883,0
404,1964,3,0.05555555555555555,2.388888888888889,0
404,1964,5,0.05263157894736842,2.263157894736842,0
404,1964,7,0.05,2.15,0
404,1964,8,0.047619047619047616,2.142857142857143,0
404,1964,10,0.045454545454545456,2.1363636363636362,0
404,1965,3,0.043478260869565216,2.0434782608695654,0
404,1965,6,0.041666666666666664,1.9583333333333333,0
404,1965,8,0.04,1.88,0
408,1962,6,0.0,1.8,0
408,1962,7,0.0,1.5,0
408,1962,8,0.0,1.2857142857142858,0
408,1962,9,0.0,1.125,0
408,1963,1,0.0,1.4444444444444444,0
408,1963,2,0.0,1.5,0
408,1963,4,0.0,1.3636363636363635,0
408,1963,5,0.0,1.75,0
408,1963,7,0.0,1.6153846153846154,0
408,1963,10,0.0,1.5714285714285714,0
408,1964,6,0.0,1.4666666666666666,0
408,1964,7,0.0,1.4375,0
408,1965,1,0.0,1.5294117647058822,0
418,1958,11,0.0,2.0,0
418,1959,3,0.0,1.6666666666666667,0
418,1959,5,0.0,2.0,0
418,1959,7,0.0,1.75,0
418,1960,1,0.0,2.2222222222222223,0
418,1960,6,0.0,2.0,0
418,1960,7,0.0,1.8181818181818181,0
418,1961,3,0.0,1.6666666666666667,0
418,1961,4,0.0,1.5384615384615385,0
418,1961,5,0.0,1.4285714285714286,0
418,1961,8,0.0,1.3333333333333333,0
418,1962,5,0.0,1.25,0
418,1962,7,0.0,1.1764705882352942,0
418,1962,8,0.0,1.1111111111111112,0
418,1963,5,0.0,1.105263157894737,0
418,1965,5,0.0,1.05,0
418,1965,7,0.0,1.0,0
427,1953,9,0.0,0.8,0
427,1954,1,0.0,1.0,0
427,1954,3,0.0,1.2857142857142858,0
427,1954,5,0.0,1.875,0
427,1954,6,0.0,1.8888888888888888,0
427,1954,8,0.0,2.1,0
427,1955,1,0.0,2.090909090909091,0
427,1955,1,0.0,2.0833333333333335,0
427,1955,2,0.0,2.025384615384615,1
427,1955,4,0.07142857142857142,2.452142857142857,0
427,1955,7,0.06666666666666667,2.2886666666666664,0
427,1957,2,0.0625,2.145625,0
427,1957,5,0.058823529411764705,2.1370588235294115,0
427,1958,2,0.05555555555555555,2.185,1
427,1958,3,0.10526315789473684,2.491052631578947,0
427,1958,5,0.1,2.3665,0
427,1958,7,0.09523809523809523,2.2538095238095237,0
427,1958,8,0.09090909090909091,2.1513636363636364,0
427,1958,9,0.08695652173913043,2.2317391304347827,0
427,1959,1,0.08333333333333333,2.13875,0
427,1959,3,0.08,2.2132,0
427,1959,4,0.07692307692307693,2.128076923076923,0
427,1959,5,0.07407407407407407,2.049259259259259,0
427,1959,6,0.07142857142857142,2.0475,0
427,1959,7,0.06896551724137931,2.080344827586207,0
427,1959,8,0.06666666666666667,2.1109999999999998,0
427,1959,9,0.06451612903225806,2.0429032258064517,0
427,1960,1,0.0625,2.1978125,0
427,1960,7,0.06060606060606061,2.1312121212121213,0
427,1960,10,0.058823529411764705,2.0685294117647057,0
427,1961,1,0.05714285714285714,2.0094285714285713,0
427,1961,4,0.05555555555555555,1.953611111111111,0
427,1961,7,0.05405405405405406,1.9008108108108108,0
427,1962,3,0.05263157894736842,1.8507894736842105,0
427,1962,4,0.05128205128205128,1.8033333333333332,0
427,1963,4,0.05,1.7582499999999999,0
427,1963,7,0.04878048780487805,1.7153658536585366,0
427,1964,4,0.047619047619047616,1.6745238095238095,0
427,1964,6,0.046511627906976744,1.6355813953488372,0
429,1956,4,0.0,0.4,0
429,1956,5,0.0,0.3333333333333333,0
430,1961,2,0.0,0.0,0
430,1961,3,0.0,0.0,0
430,1961,5,0.0,0.0,0
430,1961,6,0.0,0.0,0
430,1961,7,0.0,0.0,0
430,1962,1,0.0,0.0,0
430,1962,3,0.0,0.09090909090909091,0
430,1962,4,0.0,0.08333333333333333,0
430,1962,5,0.0,0.15384615384615385,0
430,1962,6,0.0,0.14285714285714285,0
430,1962,7,0.0,0.13333333333333333,0
430,1962,9,0.0,0.125,0
430,1963,2,0.0,0.11764705882352941,0
430,1963,3,0.0,0.16666666666666666,0
430,1963,5,0.0,0.15789473684210525,0
430,1963,8,0.0,0.15,0
430,1963,9,0.0,0.19047619047619047,0
430,1963,10,0.0,0.18181818181818182,0
437,1961,5,0.0,0.0,0
437,1961,6,0.0,0.0,0
437,1962,5,0.0,0.0,0
437,1962,6,0.0,0.0,0
440,1963,7,0.0,0.6,0
440,1963,8,0.0,0.5,0
440,1963,9,0.0,0.42857142857142855,0
456,1958,6,0.0,1.0,0
456,1958,7,0.0,0.8333333333333334,0
456,1958,8,0.0,1.2857142857142858,0
456,1958,9,0.0,1.875,0
456,1958,10,0.0,1.6666666666666667,0
456,1958,11,0.0,1.7,0
456,1959,1,0.0,1.5454545454545454,0
456,1959,5,0.0,1.4166666666666667,0
456,1959,7,0.0,1.3076923076923077,0
456,1960,10,0.0,1.2142857142857142,0
456,1961,4,0.0,1.1333333333333333,0
456,1961,5,0.0,1.0625,0
456,1961,6,0.0,1.0588235294117647,0
456,1961,7,0.0,1.0,0
475,1954,8,0.0,0.8,0
475,1955,1,0.0,0.6666666666666666,0
475,1955,2,0.0,0.7142857142857143,0
475,1955,4,0.0,0.625,0
475,1955,5,0.0,1.2222222222222223,0
475,1955,6,0.0,1.7,1
475,1956,2,0.09090909090909091,2.3636363636363638,1
475,1956,4,0.16666666666666666,2.8333333333333335,0
475,1956,5,0.15384615384615385,2.8461538461538463,0
475,1956,7,0.14285714285714285,2.7142857142857144,0
475,1956,8,0.13333333333333333,2.933333333333333,1
475,1957,1,0.1875,3.3125,0
475,1957,5,0.17647058823529413,3.176470588235294,1
475,1957,6,0.2222222222222222,3.2777777777777777,0
475,1957,7,0.21052631578947367,3.210526315789474,1
475,1957,8,0.25,3.5,1
475,1958,1,0.2857142857142857,3.7142857142857144,1
475,1958,3,0.3181818181818182,3.909090909090909,1
475,1958,6,0.34782608695652173,4.130434782608695,0
475,1958,9,0.3333333333333333,4.208333333333333,1
475,1958,11,0.36,4.36,1
475,1959,5,0.38461538461538464,4.538461538461538,0
475,1959,7,0.37037037037037035,4.611111111111111,1
475,1959,8,0.39285714285714285,4.767857142857143,1
475,1960,1,0.41379310344827586,4.879310344827586,0
475,1960,2,0.4,4.716666666666667,1
475,1960,4,0.41935483870967744,4.82258064516129,0
475,1960,10,0.40625,4.765625,1
475,1961,1,0.42424242424242425,4.863636363636363,1
475,1961,2,0.4411764705882353,4.985294117647059,0
475,1961,3,0.42857142857142855,4.928571428571429,0
475,1961,6,0.4166666666666667,4.791666666666667,1
476,1959,9,0.0,2.6,0
476,1960,1,0.0,2.1666666666666665,0
476,1960,2,0.0,2.142857142857143,0
476,1960,4,0.0,1.875,0
476,1960,6,0.0,1.8888888888888888,0
476,1960,7,0.0,1.7,0
476,1960,8,0.0,1.6363636363636365,0
476,1960,9,0.0,1.75,0
476,1960,10,0.0,1.7692307692307692,0
476,1961,1,0.0,1.6428571428571428,0
476,1961,2,0.0,1.7333333333333334,1
476,1961,3,0.0625,2.1875,0
476,1961,5,0.058823529411764705,2.411764705882353,1
476,1961,6,0.1111111111111111,2.7777777777777777,0
477,1958,11,0.0,0.6,0
477,1959,3,0.0,0.5,0
477,1959,8,0.0,0.42857142857142855,0
477,1960,1,0.0,0.625,0
477,1961,1,0.0,1.2222222222222223,0
478,1960,9,0.0,1.6,0
478,1961,1,0.0,1.5,0
478,1961,2,0.0,1.2857142857142858,0
478,1961,6,0.0,1.125,0
479,1958,7,0.4,3.8,0
479,1958,8,0.3333333333333333,3.1666666666666665,1
479,1958,10,0.42857142857142855,3.857142857142857,1
479,1959,1,0.5,4.375,0
479,1959,4,0.4444444444444444,4.555555555555555,1
479,1959,6,0.5,4.9,1
479,1959,7,0.5454545454545454,5.2727272727272725,0
479,1959,9,0.5,4.833333333333333,0
479,1960,2,0.46153846153846156,4.769230769230769,0
479,1960,7,0.42857142857142855,4.642857142857143,0
479,1960,8,0.4,4.466666666666667,0
479,1961,1,0.375,4.3125,0
479,1961,2,0.35294117647058826,4.0588235294117645,0
479,1961,3,0.3333333333333333,3.8333333333333335,0
479,1961,5,0.3157894736842105,3.6315789473684212,0
479,1961,7,0.3,3.45,0
479,1961,8,0.2857142857142857,3.380952380952381,0
481,1961,4,0.0,0.6,0
481,1961,7,0.0,0.5,0
482,1960,6,0.0,1.8,0
482,1960,7,0.0,2.5,0
482,1960,8,0.0,2.142857142857143,0
482,1960,10,0.0,1.875,0
482,1961,3,0.0,1.6666666666666667,0
482,1961,8,0.0,1.8,0
498,1952,8,0.2,5.4,0
498,1953,1,0.16666666666666666,5.583333333333333,0
498,1953,3,0.14285714285714285,5.357142857142857,0
498,1953,5,0.125,4.9375,0
498,1953,6,0.1111111111111111,4.833333333333333,0
498,1954,1,0.1,4.7,0
498,1954,3,0.09090909090909091,4.7272727272727275,0
498,1954,5,0.08333333333333333,4.458333333333333,1
498,1954,6,0.15384615384615385,4.741538461538462,0
498,1954,7,0.14285714285714285,4.617142857142857,0
498,1954,8,0.13333333333333333,4.709333333333333,0
498,1955,1,0.125,4.6025,0
498,1957,1,0.11764705882352941,4.449411764705882,0
498,1960,1,0.1111111111111111,4.257777777777778,0
501,1953,9,0.0,0.0,0
501,1954,1,0.0,0.0,0
501,1954,5,0.0,0.0,0
501,1954,6,0.0,0.0,0
501,1955,1,0.0,0.0,0
501,1955,1,0.0,0.0,0
501,1955,6,0.0,0.0,0
501,1956,4,0.0,0.0,0
501,1956,5,0.0,0.23076923076923078,0
501,1957,1,0.0,0.21428571428571427,0
501,1957,4,0.0,0.4,0
501,1957,6,0.0,0.5,0
501,1957,7,0.0,0.47058823529411764,0
501,1957,8,0.0,0.6666666666666666,0
501,1958,1,0.0,0.6842105263157895,0
501,1958,2,0.0,0.65,0
501,1958,3,0.0,0.7142857142857143,0
501,1958,5,0.0,0.9545454545454546,0
501,1958,7,0.0,1.0,0
501,1958,9,0.0,1.0416666666666667,0
501,1958,11,0.0,1.0,0
501,1959,4,0.0,1.0384615384615385,0
501,1959,5,0.0,1.0,0
501,1959,6,0.0,1.0714285714285714,0
501,1959,7,0.0,1.0344827586206897,0
501,1959,8,0.0,1.0666666666666667,0
509,1957,3,0.0,1.2,0
509,1958,4,0.0,2.1666666666666665,0
509,1959,2,0.0,2.142857142857143,0
509,1960,3,0.0,2.625,1
513,1959,2,0.0,0.0,0
513,1960,3,0.0,0.0,0
518,1954,2,0.0,1.0,0
518,1955,3,0.0,1.0833333333333333,0
518,1959,2,0.0,0.9285714285714286,0
518,1960,3,0.0,0.8125,0
520,1959,2,0.0,0.0,0
520,1960,3,0.0,0.0,0
525,1958,4,0.0,2.0,1
525,1960,3,0.16666666666666666,3.0,0
529,1958,4,0.0,0.8,0
529,1959,2,0.0,1.3333333333333333,0
529,1960,3,0.0,1.5714285714285714,0
554,1954,4,0.0,1.2,0
554,1954,6,0.0,1.0,0
554,1955,1,0.0,0.8571428571428571,0
554,1955,2,0.0,0.75,0
554,1955,4,0.0,0.8888888888888888,0
554,1955,5,0.0,0.9,0
554,1955,7,0.0,0.8181818181818182,0
554,1956,1,0.0,1.0,0
554,1956,2,0.0,1.3846153846153846,0
554,1956,4,0.0,1.5714285714285714,0
554,1956,5,0.0,1.4666666666666666,0
554,1956,6,0.0,1.625,0
554,1956,7,0.0,1.7647058823529411,0
554,1957,1,0.0,1.8888888888888888,0
554,1957,4,0.0,2.1052631578947367,0
554,1957,6,0.0,2.0,0
554,1958,1,0.0,1.9047619047619047,0
554,1958,3,0.0,1.9090909090909092,0
554,1958,9,0.0,2.0,0
554,1959,3,0.0,2.0416666666666665,0
555,1959,2,0.0,1.5,0
577,1955,6,0.0,2.0,0
577,1956,1,0.0,2.0,1
577,1957,4,0.14285714285714285,2.2857142857142856,0
577,1957,5,0.125,2.875,0
577,1957,6,0.1111111111111111,3.2222222222222223,0
577,1957,8,0.1,3.2,0
577,1958,1,0.09090909090909091,2.909090909090909,0
577,1958,2,0.08333333333333333,3.1666666666666665,0
577,1958,3,0.07692307692307693,3.3846153846153846,0
578,1953,4,0.0,3.2,0
578,1953,5,0.0,2.6666666666666665,1
578,1953,6,0.14285714285714285,3.4285714285714284,0
578,1953,7,0.125,3.25,0
578,1953,8,0.1111111111111111,3.3333333333333335,0
578,1953,9,0.1,3.4,0
578,1954,3,0.09090909090909091,3.3636363636363638,0
578,1954,5,0.08333333333333333,3.2083333333333335,0
578,1954,6,0.07692307692307693,3.433846153846154,0
578,1954,8,0.07142857142857142,3.402857142857143,0
578,1954,9,0.06666666666666667,3.576,1
578,1955,5,0.125,3.8525,0
578,1955,6,0.11764705882352941,3.6258823529411766,0
578,1955,7,0.1111111111111111,3.4244444444444446,0
578,1956,1,0.10526315789473684,3.2442105263157894,0
578,1956,5,0.1,3.282,0
578,1957,4,0.09523809523809523,3.125714285714286,0
578,1957,5,0.09090909090909091,3.12,0
578,1957,6,0.08695652173913043,3.1582608695652175,0
578,1957,8,0.08333333333333333,3.276666666666667,0
578,1958,1,0.08,3.1456,0
578,1958,3,0.07692307692307693,3.1784615384615384,0
578,1958,5,0.07407407407407407,3.1348148148148147,0
578,1958,6,0.07142857142857142,3.2728571428571427,1
578,1958,7,0.10344827586206896,3.470344827586207,0
578,1958,9,0.1,3.588,0
578,1958,10,0.0967741935483871,3.6980645161290324,0
578,1958,11,0.09375,3.77,0
579,1951,4,0.8,7.2,0
579,1951,4,0.6666666666666666,6.0,1
579,1951,5,0.7142857142857143,5.857142857142857,0
579,1951,6,0.625,5.875,0
579,1951,8,0.5555555555555556,6.0,1
579,1953,5,0.6,6.3,0
579,1953,6,0.5454545454545454,6.363636363636363,0
579,1953,7,0.5,6.333333333333333,0
579,1953,8,0.46153846153846156,6.3076923076923075,0
579,1953,9,0.42857142857142855,5.964285714285714,1
579,1954,1,0.4666666666666667,6.166666666666667,1
579,1954,3,0.5,6.28125,1
579,1954,4,0.5294117647058824,6.4411764705882355,1
579,1954,5,0.5555555555555556,6.527777777777778,0
579,1954,6,0.5263157894736842,6.349473684210526,1
579,1954,7,0.55,6.4319999999999995,1
579,1954,8,0.5714285714285714,6.554285714285713,1
579,1954,9,0.5909090909090909,6.619999999999999,0
579,1955,1,0.5652173913043478,6.506086956521739,1
579,1955,4,0.5833333333333334,6.609999999999999,1
579,1955,5,0.6,6.7056,1
579,1955,6,0.6153846153846154,6.755384615384615,0
579,1955,7,0.5925925925925926,6.727407407407407,1
579,1956,1,0.6071428571428571,6.772857142857142,1
579,1956,2,0.6206896551724138,6.711724137931034,0
579,1956,2,0.6,6.537999999999999,0
579,1956,5,0.5806451612903226,6.4561290322580644,0
579,1956,6,0.5625,6.379375,1
579,1956,7,0.5757575757575758,6.428484848484848,1
579,1956,8,0.5882352941176471,6.504117647058823,0
579,1956,8,0.5714285714285714,6.318285714285714,0
579,1957,1,0.5555555555555556,6.226111111111111,1
579,1957,2,0.5675675675675675,6.274054054054053,1
579,1957,4,0.5789473684210527,6.34578947368421,1
579,1957,6,0.5897435897435898,6.3882051282051275,1
579,1957,7,0.6,6.4535,0
579,1957,8,0.5853658536585366,6.442439024390244,0
579,1958,1,0.5714285714285714,6.431904761904762,0
579,1958,6,0.5581395348837209,6.375348837209302,0
580,1956,8,0.0,0.6,0
580,1957,8,0.0,1.0,0
580,1958,1,0.0,0.8571428571428571,0
581,1956,4,0.0,0.6,1
581,1956,5,0.16666666666666666,1.8333333333333333,1
581,1956,6,0.2857142857142857,2.7142857142857144,0
581,1956,8,0.25,2.75,0
581,1957,1,0.2222222222222222,2.7777777777777777,0
581,1957,4,0.2,2.5,0
581,1957,5,0.18181818181818182,2.6363636363636362,0
581,1957,6,0.16666666666666666,2.4166666666666665,0
581,1958,2,0.15384615384615385,2.5384615384615383,0
581,1958,6,0.14285714285714285,2.642857142857143,0
581,1958,7,0.13333333333333333,2.6,1
589,1953,9,0.0,0.8,0
589,1955,2,0.0,0.6666666666666666,0
590,1958,9,0.0,2.4,0
593,1958,4,0.2,2.4,0
607,1956,6,0.0,1.0,0
607,1957,1,0.0,0.8333333333333334,0
608,1956,5,0.0,2.7,0
608,1956,6,0.0,3.25,0
608,1956,8,0.0,2.7857142857142856,0
619,1956,6,0.0,0.0,0
619,1957,5,0.0,0.0,0
620,1955,7,0.0,0.666,0
626,1952,7,0.0,2.0,0
626,1952,8,0.0,2.0,0
626,1954,4,0.0,1.7142857142857142,0
626,1954,6,0.0,2.0,0
626,1956,5,0.0,1.7777777777777777,0
626,1956,6,0.0,1.6,0
627,1951,1,0.0,2.6,0
627,1951,3,0.0,2.1666666666666665,0
627,1951,5,0.0,2.2857142857142856,0
627,1951,6,0.0,2.0,0
627,1951,7,0.0,1.7777777777777777,0
627,1951,8,0.0,1.6,0
627,1952,8,0.0,1.4545454545454546,0
627,1953,3,0.0,1.3333333333333333,0
627,1953,4,0.0,1.2307692307692308,0
627,1953,5,0.0,1.1428571428571428,0
627,1953,6,0.0,1.0666666666666667,0
627,1953,7,0.0,1.0,0
627,1953,9,0.0,0.9411764705882353,0
627,1954,6,0.0,0.8888888888888888,0
627,1954,8,0.0,0.8421052631578947,0
627,1954,9,0.0,0.8,0
627,1955,4,0.0,0.7619047619047619,0
627,1955,5,0.0,0.7272727272727273,0
627,1956,4,0.0,0.6956521739130435,0
627,1956,5,0.0,0.6666666666666666,0
627,1956,7,0.0,0.64,0
633,1951,7,0.0,3.0,0
633,1952,7,0.0,3.0,0
633,1952,8,0.0,3.142857142857143,0
633,1953,1,0.0,3.25,0
633,1953,4,0.0,3.5555555555555554,0
633,1953,5,0.0,3.8,0
633,1953,7,0.0,3.4545454545454546,0
633,1953,8,0.0,3.1666666666666665,0
633,1953,9,0.0,2.923076923076923,0
633,1954,4,0.0,3.0,0
633,1955,2,0.0,2.933333333333333,0
633,1956,4,0.0,2.875,0
633,1956,6,0.0,2.823529411764706,0
640,1952,5,0.0,0.4,0
640,1953,3,0.0,0.3333333333333333,0
640,1953,4,0.0,0.5714285714285714,0
640,1953,5,0.0,0.875,0
640,1953,7,0.0,0.7777777777777778,0
640,1954,1,0.0,0.9,0
640,1956,8,0.0,0.8181818181818182,0
641,1952,5,0.2,4.6,0
641,1952,6,0.16666666666666666,4.833333333333333,0
641,1952,8,0.14285714285714285,4.571428571428571,0
641,1954,6,0.125,4.0,0
641,1955,2,0.1111111111111111,3.5555555555555554,0
641,1955,6,0.1,3.2,0
641,1955,7,0.09090909090909091,3.1818181818181817,0
642,1951,1,0.6,6.0,0
642,1951,3,0.5,5.666666666666667,1
642,1951,4,0.5714285714285714,6.0,0
642,1951,7,0.5,5.5,0
642,1951,8,0.4444444444444444,5.222222222222222,0
642,1952,3,0.4,5.1,0
642,1952,4,0.36363636363636365,5.181818181818182,0
642,1952,5,0.3333333333333333,5.25,0
642,1952,6,0.3076923076923077,4.846153846153846,0
642,1952,7,0.2857142857142857,4.928571428571429,0
642,1952,8,0.26666666666666666,5.0,0
642,1953,3,0.25,4.875,0
642,1953,5,0.23529411764705882,4.9411764705882355,0
642,1953,6,0.2222222222222222,4.777777777777778,0
642,1953,7,0.21052631578947367,4.7368421052631575,1
642,1953,8,0.25,4.9,0
642,1953,9,0.23809523809523808,4.9523809523809526,0
642,1954,1,0.22727272727272727,5.0,0
642,1955,1,0.21739130434782608,5.043478260869565,0
642,1955,1,0.20833333333333334,4.88875,0
642,1955,2,0.2,4.7732,0
642,1955,4,0.19230769230769232,4.705,0
643,1955,4,0.0,1.6,0
643,1955,5,0.0,1.5,0
643,1955,7,0.0,1.8571428571428572,0
644,1955,1,0.0,0.8,0
647,1951,4,0.0,3.4,0
647,1951,6,0.0,3.3333333333333335,1
647,1951,7,0.14285714285714285,4.0,1
647,1951,8,0.25,4.5,0
647,1952,3,0.2222222222222222,4.333333333333333,1
647,1952,4,0.3,4.8,1
647,1952,5,0.36363636363636365,5.181818181818182,1
647,1952,6,0.4166666666666667,5.5,1
647,1952,7,0.46153846153846156,5.769230769230769,1
647,1952,8,0.5,6.0,1
647,1953,1,0.5333333333333333,6.166666666666667,1
647,1953,3,0.5625,6.34375,1
647,1953,4,0.5882352941176471,6.4411764705882355,1
647,1953,5,0.6111111111111112,6.527777777777778,0
647,1953,6,0.5789473684210527,6.342105263157895,1
647,1953,7,0.6,6.45,0
647,1953,8,0.5714285714285714,6.142857142857143,1
648,1955,6,0.0,2.6,0
660,1951,3,0.0,0.0,0
660,1951,5,0.0,0.0,0
660,1951,6,0.0,0.0,0
660,1952,3,0.0,0.0,0
660,1952,5,0.0,0.0,0
660,1952,6,0.0,0.0,0
660,1953,5,0.0,0.0,0
660,1955,5,0.0,0.0,0
663,1954,7,0.0,0.6,0
663,1954,9,0.0,0.5,0
663,1955,6,0.0,0.42857142857142855,0
669,1953,9,0.0,1.0,0
669,1954,1,0.0,0.8333333333333334,0
669,1954,3,0.0,0.7142857142857143,0
669,1954,4,0.0,0.625,0
669,1954,9,0.0,0.8888888888888888,0
689,1953,9,0.0,0.4,0
697,1953,3,0.0,2.2,0
697,1953,6,0.0,2.1666666666666665,0
697,1953,7,0.0,1.8571428571428572,0
697,1953,8,0.0,2.0,0
704,1952,4,0.0,1.0,0
704,1953,5,0.0,0.8333333333333334,0
704,1953,9,0.0,0.7142857142857143,0
723,1952,6,0.0,1.2,0
741,1952,4,0.0,0.6,0
786,1951,4,0.0,5.6,1
786,1951,4,0.16666666666666666,5.333333333333333,0
807,2010,8,0.0,0.2,0
807,2010,10,0.0,0.16666666666666666,0
807,2010,11,0.0,0.2857142857142857,0
807,2010,12,0.0,0.25,0
807,2010,13,0.0,1.1111111111111112,0
807,2010,14,0.0,1.0,0
807,2010,15,0.0,1.4545454545454546,0
807,2010,17,0.0,1.4166666666666667,0
807,2010,18,0.0,1.3846153846153846,0
807,2010,19,0.0,1.5714285714285714,0
807,2012,2,0.0,1.4666666666666666,0
807,2012,3,0.0,1.5,0
807,2012,4,0.0,1.411764705882353,0
807,2012,5,0.0,1.3333333333333333,0
807,2012,6,0.0,1.3157894736842106,0
807,2012,7,0.0,1.45,0
807,2012,8,0.0,1.380952380952381,0
807,2012,9,0.0,1.7727272727272727,0
807,2012,10,0.0,1.6956521739130435,0
807,2012,11,0.0,1.7083333333333333,0
807,2012,12,0.0,1.64,0
807,2012,13,0.0,2.0384615384615383,0
807,2012,14,0.0,1.962962962962963,0
807,2012,15,0.0,1.8928571428571428,0
807,2012,16,0.0,2.0344827586206895,0
807,2012,17,0.0,2.2333333333333334,0
807,2012,19,0.0,2.2903225806451615,0
807,2012,20,0.0,2.34375,0
807,2013,2,0.0,2.5757575757575757,0
807,2013,3,0.0,2.6176470588235294,0
807,2013,4,0.0,2.5714285714285716,0
807,2013,5,0.0,2.5,0
807,2013,6,0.0,2.4324324324324325,0
807,2013,8,0.0,2.3684210526315788,0
807,2013,9,0.0,2.3333333333333335,0
807,2013,10,0.0,2.3,0
807,2013,11,0.0,2.2439024390243905,0
807,2013,12,0.0,2.1904761904761907,0
807,2013,13,0.0,2.372093023255814,0
807,2013,14,0.0,2.3636363636363638,0
807,2013,15,0.0,2.577777777777778,0
807,2013,16,0.0,2.6956521739130435,0
807,2013,17,0.0,2.6382978723404253,0
807,2013,18,0.0,2.5833333333333335,0
807,2013,19,0.0,2.693877551020408,0
807,2014,1,0.0,2.72,0
807,2014,2,0.0,2.823529411764706,0
807,2014,3,0.0,2.9615384615384617,0
807,2014,4,0.0,3.0943396226415096,0
807,2014,5,0.0,3.185185185185185,0
807,2014,6,0.0,3.1454545454545455,0
807,2014,7,0.0,3.267857142857143,0
807,2014,8,0.0,3.3859649122807016,0
807,2014,9,0.0,3.3620689655172415,0
807,2014,10,0.0,3.3728813559322033,0
807,2014,12,0.0,3.4166666666666665,0
807,2014,13,0.0,3.377049180327869,0
807,2014,14,0.0,3.3225806451612905,0
807,2014,15,0.0,3.3015873015873014,0
807,2014,16,0.0,3.3125,0
807,2014,18,0.0,3.2615384615384615,0
807,2014,19,0.0,3.272727272727273,0
807,2015,1,0.0,3.462686567164179,0
807,2015,2,0.0,3.5,0
807,2015,4,0.0,3.449275362318841,0
807,2015,5,0.0,3.4,0
807,2015,6,0.0,3.352112676056338,0
807,2015,7,0.0,3.3055555555555554,0
807,2015,8,0.0,3.315068493150685,0
807,2015,9,0.0,3.3783783783783785,0
807,2015,12,0.0,3.4133333333333336,0
807,2015,14,0.0,3.4473684210526314,0
807,2015,17,0.0,3.5064935064935066,0
807,2015,18,0.0,3.5384615384615383,0
807,2015,19,0.0,3.5949367088607596,0
807,2016,1,0.0,3.625,0
807,2016,2,0.0,3.654320987654321,0
807,2016,3,0.0,3.6097560975609757,0
807,2016,6,0.0,3.566265060240964,0
807,2016,7,0.0,3.619047619047619,0
807,2016,8,0.0,3.623529411764706,0
807,2016,9,0.0,3.604651162790698,0
807,2016,10,0.0,3.5632183908045976,0
807,2016,11,0.0,3.590909090909091,0
807,2016,12,0.0,3.561797752808989,0
807,2016,13,0.0,3.588888888888889,0
807,2016,14,0.0,3.681318681318681,0
807,2016,16,0.0,3.652173913043478,0
807,2016,17,0.0,3.6559139784946235,0
807,2016,19,0.0,3.6595744680851063,0
807,2016,20,0.0,3.6842105263157894,0
807,2016,21,0.0,3.7083333333333335,0
807,2017,1,0.0,3.731958762886598,0
807,2017,2,0.0,3.693877551020408,0
807,2017,3,0.0,3.6565656565656566,0
807,2017,4,0.0,3.64,0
807,2017,5,0.0,3.6435643564356437,0
807,2017,7,0.0,3.6862745098039214,0
807,2017,9,0.0,3.6893203883495147,0
807,2017,10,0.0,3.6538461538461537,0
807,2017,11,0.0,3.6952380952380954,0
807,2017,12,0.0,3.660377358490566,0
807,2017,13,0.0,3.7009345794392523,0
807,2017,15,0.0,3.6666666666666665,0
807,2017,19,0.0,3.63302752293578,0
807,2017,20,0.0,3.609090909090909,0
807,2018,1,0.0,3.6486486486486487,0
807,2018,2,0.0,3.669642857142857,0
807,2018,3,0.0,3.7079646017699117,0
807,2018,6,0.0,3.745614035087719,0
807,2018,7,0.0,3.747826086956522,0
807,2018,8,0.0,3.7672413793103448,0
807,2018,10,0.0,3.752136752136752,0
807,2018,11,0.0,3.788135593220339,0
807,2018,12,0.0,3.8403361344537816,0
807,2018,14,0.0,3.808333333333333,0
807,2018,15,0.0,3.7768595041322315,0
807,2018,16,0.0,3.7540983606557377,0
807,2018,18,0.0,3.7235772357723578,0
807,2018,19,0.0,3.7580645161290325,0
807,2019,1,0.0,3.792,0
807,2019,4,0.0,3.8095238095238093,0
807,2019,5,0.0,3.779527559055118,0
807,2019,6,0.0,3.75,0
807,2019,7,0.0,3.7209302325581395,0
807,2019,8,0.0,3.7384615384615385,0
807,2019,9,0.0,3.7404580152671754,0
807,2019,10,0.0,3.712121212121212,0
807,2019,12,0.0,3.691729323308271,0
807,2019,13,0.0,3.6641791044776117,0
807,2019,14,0.0,3.6666666666666665,0
807,2019,15,0.0,3.713235294117647,0
807,2019,16,0.0,3.7007299270072993,0
807,2019,18,0.0,3.681159420289855,0
807,2019,19,0.0,3.661870503597122,0
807,2019,20,0.0,3.65,0
807,2019,21,0.0,3.624113475177305,0
807,2020,5,0.0,3.5985915492957745,0
807,2020,11,0.0,3.6153846153846154,0
807,2022,1,0.0,3.6180555555555554,0
807,2022,2,0.0,3.593103448275862,0
807,2023,1,0.0,3.5684931506849313,0
807,2023,2,0.0,3.54421768707483,0
807,2023,3,0.0,3.52027027027027,0
807,2023,4,0.0,3.5369127516778525,0
807,2023,5,0.0,3.513333333333333,0
807,2023,6,0.0,3.4900662251655628,0
807,2023,7,0.0,3.4671052631578947,0
807,2023,8,0.0,3.4444444444444446,0
807,2023,10,0.0,3.4220779220779223,0
807,2023,11,0.0,3.4,0
807,2023,12,0.0,3.378205128205128,0
807,2023,13,0.0,3.356687898089172,0
807,2023,14,0.0,3.3354430379746836,0
807,2023,15,0.0,3.3144654088050314,0
807,2023,16,0.0,3.29375,0
807,2023,17,0.0,3.2732919254658386,0
807,2023,18,0.0,3.253086419753086,0
807,2023,19,0.0,3.233128834355828,0
807,2023,20,0.0,3.2134146341463414,0
807,2023,21,0.0,3.193939393939394,0
807,2023,22,0.0,3.174698795180723,0
807,2024,1,0.0,3.155688622754491,0
807,2024,2,0.0,3.136904761904762,0
807,2024,3,0.0,3.1242603550295858,0
807,2024,4,0.0,3.1176470588235294,0
807,2024,5,0.0,3.0994152046783627,0
807,2024,6,0.0,3.0872093023255816,0
807,2024,7,0.0,3.069364161849711,0
807,2024,9,0.0,3.0517241379310347,0
807,2024,10,0.0,3.0342857142857143,0
807,2024,11,0.0,3.0170454545454546,0
807,2024,12,0.0,3.0451977401129944,0
807,2024,13,0.0,3.0730337078651684,0
807,2024,14,0.0,3.0558659217877095,0
807,2024,15,0.0,3.0388888888888888,0
807,2024,16,0.0,3.022099447513812,0
807,2024,17,0.0,3.0054945054945055,0
807,2024,18,0.0,2.989071038251366,0
807,2024,19,0.0,2.983695652173913,0
807,2024,20,0.0,2.9891891891891893,0
807,2024,22,0.0,2.9838709677419355,0
807,2024,24,0.0,2.9893048128342246,0
808,2010,9,0.0,1.2,0
808,2010,10,0.0,1.0,0
808,2010,11,0.0,0.8571428571428571,0
808,2010,12,0.0,0.875,0
808,2010,13,0.0,1.8888888888888888,0
808,2010,14,0.0,1.9,0
808,2010,15,0.0,1.7272727272727273,0
808,2010,18,0.0,1.5833333333333333,0
808,2010,19,0.0,1.4615384615384615,0
808,2011,1,0.0,1.9285714285714286,0
808,2011,2,0.0,2.8,0
808,2011,3,0.0,2.625,0
808,2011,4,0.0,2.588235294117647,0
808,2011,5,0.0,2.6666666666666665,0
808,2011,7,0.0,2.526315789473684,0
808,2011,8,0.0,2.9,0
808,2011,9,0.0,2.761904761904762,0
808,2011,10,0.0,2.6363636363636362,0
808,2011,11,0.0,2.5652173913043477,0
808,2011,12,0.0,2.4583333333333335,0
808,2011,14,0.0,2.44,0
808,2011,15,0.0,2.3461538461538463,0
808,2011,17,0.0,2.3333333333333335,0
808,2011,18,0.0,2.25,0
808,2011,19,0.0,2.1724137931034484,0
808,2012,2,0.0,2.1333333333333333,0
808,2012,3,0.0,2.064516129032258,0
808,2012,4,0.0,2.0,0
808,2012,5,0.0,1.9393939393939394,0
808,2012,7,0.0,1.8823529411764706,0
808,2012,8,0.0,1.8285714285714285,0
808,2012,10,0.0,1.7777777777777777,0
808,2012,11,0.0,1.7297297297297298,0
808,2012,12,0.0,1.6842105263157894,0
808,2012,13,0.0,1.641025641025641,0
808,2012,14,0.0,1.6,0
808,2012,15,0.0,1.5609756097560976,0
808,2012,16,0.0,1.5238095238095237,0
808,2012,17,0.0,1.4883720930232558,0
808,2012,18,0.0,1.4545454545454546,0
808,2012,19,0.0,1.4222222222222223,0
808,2012,20,0.0,1.391304347826087,0
810,2010,12,0.0,0.0,0
810,2010,13,0.0,0.0,0
810,2010,14,0.0,0.0,0
810,2010,15,0.0,0.0,0
810,2010,19,0.0,0.0,0
811,2010,16,0.0,0.0,0
811,2010,17,0.0,0.0,0
811,2010,18,0.0,0.0,0
811,2010,19,0.0,0.0,0
811,2011,12,0.0,0.0,0
811,2011,13,0.0,0.0,0
811,2011,14,0.0,0.18181818181818182,0
811,2011,15,0.0,0.16666666666666666,0
811,2011,16,0.0,0.15384615384615385,0
811,2011,17,0.0,0.14285714285714285,0
811,2011,18,0.0,0.13333333333333333,0
811,2011,19,0.0,0.125,0
811,2012,1,0.0,0.11764705882352941,0
811,2012,2,0.0,0.1111111111111111,0
811,2012,3,0.0,0.5263157894736842,0
811,2012,4,0.0,0.8,0
811,2012,6,0.0,0.7619047619047619,0
811,2012,7,0.0,0.7727272727272727,0
811,2012,8,0.0,0.7391304347826086,0
811,2012,9,0.0,0.75,0
811,2012,10,0.0,0.8,0
811,2012,11,0.0,0.7692307692307693,0
811,2012,12,0.0,0.9629629629629629,0
811,2012,13,0.0,0.9285714285714286,0
811,2012,14,0.0,0.9310344827586207,0
811,2012,15,0.0,0.9,0
811,2012,16,0.0,0.8709677419354839,0
811,2012,17,0.0,0.84375,0
811,2012,18,0.0,0.8484848484848485,0
811,2012,19,0.0,0.9411764705882353,0
812,2010,8,0.0,0.0,0
812,2010,9,0.0,0.0,0
812,2010,10,0.0,0.0,0
812,2011,10,0.0,0.0,0
813,2011,9,0.0,0.0,0
813,2011,10,0.0,0.0,0
813,2011,11,0.0,0.0,0
813,2011,12,0.0,0.0,0
813,2011,13,0.0,0.1111111111111111,0
813,2011,14,0.0,0.1,0
813,2011,15,0.0,0.09090909090909091,0
813,2011,18,0.0,0.08333333333333333,0
813,2012,1,0.0,0.07692307692307693,0
813,2012,2,0.0,0.07142857142857142,0
813,2012,3,0.0,0.06666666666666667,0
813,2012,5,0.0,0.3125,1
813,2012,7,0.058823529411764705,1.7647058823529411,0
813,2012,8,0.05555555555555555,1.6666666666666667,0
813,2012,9,0.05263157894736842,1.5789473684210527,0
813,2012,10,0.05,1.5,0
813,2012,11,0.047619047619047616,1.4285714285714286,0
813,2012,13,0.045454545454545456,1.3636363636363635,0
813,2012,15,0.043478260869565216,1.3043478260869565,0
813,2012,16,0.041666666666666664,1.4166666666666667,0
813,2012,17,0.04,1.36,0
813,2012,18,0.038461538461538464,1.3076923076923077,0
813,2012,19,0.037037037037037035,1.6296296296296295,0
813,2013,3,0.03571428571428571,1.6428571428571428,0
813,2013,4,0.034482758620689655,1.5862068965517242,0
813,2013,5,0.03333333333333333,1.5333333333333334,0
813,2013,7,0.03225806451612903,1.4838709677419355,0
813,2013,8,0.03125,1.4375,0
813,2013,9,0.030303030303030304,1.393939393939394,0
813,2013,10,0.029411764705882353,1.3529411764705883,0
813,2013,11,0.02857142857142857,1.3428571428571427,0
813,2013,12,0.027777777777777776,1.3055555555555556,0
813,2013,13,0.02702702702702703,1.2702702702702702,0
813,2013,14,0.02631578947368421,1.236842105263158,0
813,2013,15,0.02564102564102564,1.205128205128205,0
813,2013,16,0.025,1.175,0
813,2013,17,0.024390243902439025,1.146341463414634,0
813,2013,18,0.023809523809523808,1.119047619047619,0
813,2013,19,0.023255813953488372,1.0930232558139534,0
813,2014,3,0.022727272727272728,1.0681818181818181,0
813,2014,4,0.022222222222222223,1.0444444444444445,0
813,2014,5,0.021739130434782608,1.0217391304347827,0
813,2014,8,0.02127659574468085,1.0,0
813,2014,9,0.020833333333333332,0.9791666666666666,0
813,2014,10,0.02040816326530612,0.9591836734693877,0
813,2014,11,0.02,0.94,0
813,2014,13,0.0196078431372549,0.9215686274509803,0
813,2014,14,0.019230769230769232,0.9038461538461539,0
813,2014,15,0.018867924528301886,0.8867924528301887,0
813,2014,16,0.018518518518518517,0.8703703703703703,0
813,2014,17,0.01818181818181818,0.8545454545454545,0
813,2014,18,0.017857142857142856,0.875,0
813,2015,4,0.017543859649122806,0.8596491228070176,0
813,2015,7,0.017241379310344827,0.8448275862068966,0
813,2015,8,0.01694915254237288,0.9322033898305084,0
813,2015,10,0.016666666666666666,1.0166666666666666,0
813,2015,13,0.01639344262295082,1.0,0
813,2015,14,0.016129032258064516,0.9838709677419355,0
813,2015,15,0.015873015873015872,1.0317460317460319,0
813,2015,16,0.015625,1.109375,0
813,2015,17,0.015384615384615385,1.1538461538461537,0
813,2015,18,0.015151515151515152,1.1363636363636365,0
814,2011,7,0.0,0.4,0
814,2011,8,0.0,0.3333333333333333,0
814,2011,9,0.0,0.2857142857142857,0
814,2011,10,0.0,0.25,0
814,2011,11,0.0,0.2222222222222222,0
814,2011,12,0.0,0.8,0
814,2011,13,0.0,0.7272727272727273,0
814,2011,14,0.0,1.0,0
814,2011,15,0.0,1.5384615384615385,0
814,2011,16,0.0,1.4285714285714286,0
814,2011,17,0.0,1.4,0
814,2011,18,0.0,1.3125,0
814,2011,19,0.0,1.3529411764705883,0
814,2012,1,0.0,1.5,0
814,2012,2,0.0,1.4736842105263157,0
814,2012,3,0.0,1.7,0
814,2012,4,0.0,1.619047619047619,0
814,2012,5,0.0,1.9090909090909092,0
814,2012,6,0.0,1.826086956521739,0
814,2012,7,0.0,2.0,0
814,2012,8,0.0,1.92,0
814,2012,10,0.0,2.076923076923077,0
814,2012,11,0.0,2.0,0
814,2012,12,0.0,1.9285714285714286,0
814,2012,13,0.0,1.896551724137931,0
814,2012,14,0.0,1.9666666666666666,0
814,2012,15,0.0,2.2903225806451615,0
814,2012,16,0.0,2.21875,0
814,2012,17,0.0,2.1515151515151514,0
814,2012,18,0.0,2.088235294117647,0
814,2012,19,0.0,2.085714285714286,0
814,2012,20,0.0,2.0277777777777777,0
814,2013,1,0.0,1.972972972972973,0
814,2013,3,0.0,2.026315789473684,0
814,2013,4,0.0,2.076923076923077,0
814,2013,5,0.0,2.325,0
814,2013,6,0.0,2.4146341463414633,0
814,2013,7,0.0,2.4047619047619047,0
814,2013,8,0.0,2.488372093023256,0
814,2013,9,0.0,2.477272727272727,0
814,2013,10,0.0,2.422222222222222,0
814,2013,13,0.0,2.369565217391304,0
814,2013,15,0.0,2.3191489361702127,0
814,2013,16,0.0,2.2708333333333335,0
814,2013,17,0.0,2.306122448979592,0
814,2013,18,0.0,2.42,0
814,2013,19,0.0,2.372549019607843,0
815,2011,10,0.0,1.6,0
815,2011,11,0.0,1.3333333333333333,0
815,2011,14,0.0,1.1428571428571428,0
815,2011,15,0.0,1.125,0
815,2011,16,0.0,1.4444444444444444,0
815,2011,17,0.0,1.3,0
815,2011,18,0.0,1.2727272727272727,0
815,2011,19,0.0,1.1666666666666667,0
815,2012,1,0.0,1.0769230769230769,0
815,2012,2,0.0,1.2857142857142858,0
815,2012,3,0.0,2.4,0
815,2012,4,0.0,2.25,0
815,2012,6,0.0,2.1176470588235294,0
815,2012,7,0.0,2.0,0
815,2012,8,0.0,2.6842105263157894,0
815,2012,10,0.0,2.65,0
815,2012,11,0.0,2.9047619047619047,0
815,2012,13,0.0,2.772727272727273,0
815,2012,14,0.0,3.4347826086956523,0
815,2012,16,0.0,3.3333333333333335,0
815,2012,18,0.0,3.2,0
815,2012,19,0.0,3.076923076923077,0
815,2013,1,0.0,2.962962962962963,0
815,2013,2,0.0,2.857142857142857,0
815,2013,3,0.0,2.8275862068965516,0
815,2013,4,0.0,2.7333333333333334,0
815,2013,5,0.0,2.903225806451613,0
815,2013,6,0.0,2.875,0
815,2013,7,0.0,2.787878787878788,0
815,2013,8,0.0,2.7058823529411766,0
815,2013,9,0.0,2.6285714285714286,0
815,2013,10,0.0,2.6666666666666665,0
815,2013,11,0.0,2.6486486486486487,0
815,2013,12,0.0,2.5789473684210527,0
815,2013,13,0.0,2.5128205128205128,0
815,2013,14,0.0,2.55,0
815,2013,15,0.0,2.5121951219512195,0
815,2013,16,0.0,2.4523809523809526,0
815,2013,17,0.0,2.627906976744186,0
815,2013,18,0.0,2.6136363636363638,0
815,2013,19,0.0,2.688888888888889,0
815,2014,1,0.0,2.8043478260869565,0
815,2014,3,0.0,2.765957446808511,0
815,2014,4,0.0,3.0208333333333335,0
815,2014,5,0.0,3.0,0
815,2014,7,0.0,2.98,0
815,2014,8,0.0,2.9215686274509802,0
815,2014,9,0.0,3.019230769230769,0
815,2014,10,0.0,2.9622641509433962,0
815,2014,12,0.0,2.925925925925926,0
815,2014,13,0.0,2.9454545454545453,0
815,2014,14,0.0,3.0,0
815,2014,15,0.0,3.0526315789473686,0
815,2014,16,0.0,3.0172413793103448,0
815,2014,18,0.0,2.983050847457627,0
815,2014,19,0.0,2.933333333333333,0
815,2015,1,0.0,3.081967213114754,0
815,2015,2,0.0,3.0483870967741935,0
815,2015,3,0.0,3.0,0
815,2015,4,0.0,2.953125,0
815,2015,5,0.0,2.9692307692307693,0
815,2015,6,0.0,2.9242424242424243,0
815,2015,7,0.0,2.970149253731343,0
815,2015,8,0.0,2.926470588235294,0
815,2015,9,0.0,2.9130434782608696,0
815,2015,11,0.0,2.9,0
815,2015,12,0.0,3.0,0
815,2015,13,0.0,3.0694444444444446,0
815,2015,14,0.0,3.1095890410958904,0
815,2015,15,0.0,3.0675675675675675,0
815,2015,16,0.0,3.2266666666666666,0
815,2015,17,0.0,3.3157894736842106,0
815,2015,18,0.0,3.324675324675325,0
815,2015,19,0.0,3.282051282051282,0
815,2016,1,0.0,3.367088607594937,0
815,2016,2,0.0,3.325,0
815,2016,3,0.0,3.2839506172839505,0
815,2016,4,0.0,3.2439024390243905,0
815,2016,5,0.0,3.2289156626506026,0
815,2016,6,0.0,3.261904761904762,0
815,2016,7,0.0,3.4,0
815,2016,8,0.0,3.372093023255814,0
815,2016,9,0.0,3.5057471264367814,0
815,2016,10,0.0,3.465909090909091,0
815,2016,11,0.0,3.5168539325842696,0
815,2016,12,0.0,3.477777777777778,0
815,2016,13,0.0,3.4505494505494507,0
815,2016,14,0.0,3.5217391304347827,0
815,2016,15,0.0,3.5268817204301075,0
815,2016,16,0.0,3.5319148936170213,0
815,2016,17,0.0,3.5789473684210527,0
815,2016,18,0.0,3.6041666666666665,0
815,2016,19,0.0,3.6082474226804124,0
815,2016,20,0.0,3.5816326530612246,0
815,2016,21,0.0,3.6666666666666665,0
815,2017,1,0.0,3.67,0
815,2017,2,0.0,3.6930693069306932,0
815,2017,3,0.0,3.676470588235294,0
815,2017,4,0.0,3.6990291262135924,0
815,2017,5,0.0,3.7403846153846154,0
815,2017,6,0.0,3.8190476190476192,0
815,2017,7,0.0,3.7830188679245285,0
815,2017,9,0.0,3.8411214953271027,0
815,2017,10,0.0,3.861111111111111,0
815,2017,11,0.0,3.8440366972477062,0
815,2017,12,0.0,3.8454545454545452,0
815,2017,13,0.0,3.810810810810811,0
815,2017,14,0.0,3.794642857142857,0
815,2017,15,0.0,3.849557522123894,0
815,2017,16,0.0,3.8859649122807016,0
815,2017,17,0.0,3.9043478260869566,0
815,2017,18,0.0,3.9051724137931036,0
815,2017,19,0.0,3.923076923076923,0
815,2017,20,0.0,3.906779661016949,0
815,2018,1,0.0,3.9243697478991595,0
815,2018,2,0.0,3.8916666666666666,0
815,2018,3,0.0,3.8595041322314048,0
815,2018,4,0.0,3.8278688524590163,0
815,2018,5,0.0,3.9186991869918697,0
815,2018,6,0.0,3.903225806451613,0
815,2018,7,0.0,3.872,0
815,2018,9,0.0,3.8412698412698414,0
815,2018,10,0.0,3.858267716535433,0
815,2018,11,0.0,3.8359375,0
815,2018,12,0.0,3.852713178294574,0
815,2018,13,0.0,3.8230769230769233,0
815,2018,14,0.0,3.8702290076335877,0
815,2018,15,0.0,3.8863636363636362,0
815,2018,16,0.0,3.857142857142857,0
815,2018,17,0.0,3.8358208955223883,0
815,2018,18,0.0,3.8518518518518516,0
815,2018,20,0.0,3.8529411764705883,0
815,2018,21,0.0,3.832116788321168,0
815,2019,1,0.0,3.8333333333333335,0
815,2019,2,0.0,3.805755395683453,0
815,2019,3,0.0,3.7857142857142856,0
815,2019,4,0.0,3.7872340425531914,0
815,2019,5,0.0,3.816901408450704,0
815,2019,6,0.0,3.7902097902097904,0
815,2019,7,0.0,3.763888888888889,0
815,2019,8,0.0,3.7379310344827585,0
815,2019,9,0.0,3.712328767123288,0
815,2019,10,0.0,3.687074829931973,0
815,2019,12,0.0,3.6621621621621623,0
815,2019,13,0.0,3.6375838926174495,0
815,2019,14,0.0,3.6666666666666665,0
815,2019,16,0.0,3.6821192052980134,0
815,2019,17,0.0,3.6973684210526314,0
815,2019,18,0.0,3.6993464052287583,0
815,2019,19,0.0,3.7142857142857144,0
815,2019,20,0.0,3.696774193548387,0
815,2019,21,0.0,3.6858974358974357,0
815,2020,1,0.0,3.700636942675159,0
815,2020,2,0.0,3.7278481012658227,0
815,2020,3,0.0,3.7547169811320753,0
815,2020,6,0.0,3.76875,0
815,2020,7,0.0,3.8074534161490683,0
815,2020,8,0.0,3.7901234567901234,0
815,2020,9,0.0,3.773006134969325,0
815,2020,10,0.0,3.8109756097560976,0
815,2020,11,0.0,3.860606060606061,0
815,2020,12,0.0,3.9096385542168677,0
815,2020,13,0.0,3.9221556886227544,0
815,2020,14,0.0,3.9464285714285716,0
815,2020,15,0.0,4.029585798816568,0
815,2020,16,0.0,4.0058823529411764,1
815,2021,1,0.005847953216374269,4.128654970760234,0
815,2021,2,0.005813953488372093,4.162790697674419,0
815,2021,3,0.005780346820809248,4.138728323699422,0
815,2021,4,0.005747126436781609,4.183908045977011,0
815,2021,5,0.005714285714285714,4.217142857142857,0
815,2021,6,0.005681818181818182,4.261363636363637,1
815,2021,7,0.011299435028248588,4.378531073446328,0
815,2021,8,0.011235955056179775,4.438202247191011,0
815,2021,9,0.0111731843575419,4.4804469273743015,0
815,2021,10,0.011111111111111112,4.5,0
815,2021,12,0.011049723756906077,4.475138121546961,0
815,2021,13,0.01098901098901099,4.450549450549451,0
815,2021,14,0.01092896174863388,4.448087431693989,0
815,2021,15,0.010869565217391304,4.478260869565218,0
815,2021,16,0.010810810810810811,4.464864864864865,0
815,2021,17,0.010752688172043012,4.521505376344086,0
815,2021,18,0.0106951871657754,4.577540106951871,0
815,2021,19,0.010638297872340425,4.632978723404255,0
815,2021,20,0.010582010582010581,4.677248677248677,0
815,2021,22,0.010526315789473684,4.71578947368421,0
815,2022,1,0.010471204188481676,4.69109947643979,0
815,2022,2,0.010416666666666666,4.666666666666667,0
815,2022,3,0.010362694300518135,4.704663212435233,0
815,2022,4,0.010309278350515464,4.77319587628866,0
815,2022,5,0.010256410256410256,4.841025641025641,0
815,2022,6,0.01020408163265306,4.877551020408164,0
815,2022,7,0.01015228426395939,4.949238578680203,1
815,2022,8,0.015151515151515152,5.05050505050505,0
815,2022,10,0.01507537688442211,5.1206030150753765,0
815,2022,12,0.015,5.185,0
815,2022,13,0.014925373134328358,5.218905472636816,0
815,2022,14,0.01485148514851485,5.242574257425742,0
815,2022,15,0.014778325123152709,5.305418719211823,0
815,2022,16,0.014705882352941176,5.328431372549019,0
815,2022,17,0.014634146341463415,5.3463414634146345,1
815,2022,18,0.019417475728155338,5.441747572815534,0
815,2022,19,0.01932367149758454,5.502415458937198,0
815,2022,20,0.019230769230769232,5.533653846153846,0
815,2022,21,0.019138755980861243,5.578947368421052,0
815,2022,22,0.01904761904761905,5.580952380952381,0
815,2023,1,0.018957345971563982,5.625592417061611,0
815,2023,2,0.018867924528301886,5.683962264150943,1
815,2023,3,0.023474178403755867,5.774647887323944,0
815,2023,4,0.02336448598130841,5.799065420560748,1
815,2023,5,0.027906976744186046,5.888372093023256,0
815,2023,6,0.027777777777777776,5.944444444444445,0
815,2023,7,0.027649769585253458,5.917050691244239,0
815,2023,8,0.027522935779816515,5.944954128440367,0
815,2023,9,0.0273972602739726,5.958904109589041,0
815,2023,10,0.02727272727272727,6.0,0
815,2023,11,0.027149321266968326,6.009049773755656,0
815,2023,12,0.02702702702702703,6.04954954954955,0
815,2023,13,0.026905829596412557,6.103139013452915,0
815,2023,14,0.026785714285714284,6.129464285714286,0
815,2023,15,0.02666666666666667,6.182222222222222,0
815,2023,17,0.02654867256637168,6.172566371681416,0
815,2023,18,0.02643171806167401,6.149779735682819,0
815,2023,20,0.02631578947368421,6.175438596491228,0
815,2023,21,0.026200873362445413,6.200873362445415,0
815,2023,22,0.02608695652173913,6.239130434782608,0
815,2024,1,0.025974025974025976,6.264069264069264,0
815,2024,2,0.02586206896551724,6.314655172413793,0
815,2024,3,0.02575107296137339,6.364806866952789,0
815,2024,4,0.02564102564102564,6.380341880341881,0
815,2024,5,0.02553191489361702,6.4297872340425535,0
815,2024,6,0.025423728813559324,6.466101694915254,0
815,2024,7,0.02531645569620253,6.489451476793249,0
815,2024,10,0.025210084033613446,6.4789915966386555,0
815,2024,11,0.02510460251046025,6.468619246861925,0
815,2024,12,0.025,6.466666666666667,0
815,2024,13,0.024896265560165973,6.439834024896266,0
815,2024,14,0.024793388429752067,6.43801652892562,0
815,2024,15,0.024691358024691357,6.440329218106996,0
815,2024,16,0.02459016393442623,6.44672131147541,0
815,2024,17,0.024489795918367346,6.436734693877551,0
815,2024,18,0.024390243902439025,6.4105691056910565,0
815,2024,19,0.024291497975708502,6.388663967611336,0
815,2024,20,0.024193548387096774,6.387096774193548,0
815,2024,21,0.024096385542168676,6.36144578313253,0
815,2024,22,0.024,6.336,0
816,2011,7,0.0,0.0,0
816,2011,8,0.0,0.0,0
816,2011,9,0.0,0.0,0
816,2011,10,0.0,0.0,0
816,2011,11,0.0,0.0,0
816,2011,12,0.0,0.0,0
816,2011,14,0.0,0.0,0
816,2011,15,0.0,0.0,0
816,2011,16,0.0,0.0,0
816,2011,17,0.0,0.0,0
816,2011,19,0.0,0.0,0
816,2012,13,0.0,0.0,0
817,2011,16,0.0,0.0,0
817,2011,17,0.0,0.0,0
817,2011,19,0.0,0.0,0
817,2012,1,0.0,0.0,0
817,2012,2,0.0,0.2222222222222222,0
817,2012,3,0.0,0.2,0
817,2012,4,0.0,0.18181818181818182,0
817,2012,5,0.0,0.16666666666666666,0
817,2012,7,0.0,0.15384615384615385,0
817,2012,8,0.0,0.14285714285714285,0
817,2012,9,0.0,0.13333333333333333,0
817,2012,10,0.0,0.125,0
817,2012,11,0.0,0.11764705882352941,0
817,2012,12,0.0,0.1111111111111111,0
817,2012,13,0.0,0.21052631578947367,0
817,2012,14,0.0,0.2,0
817,2012,15,0.0,0.2857142857142857,0
817,2012,16,0.0,0.3181818181818182,0
817,2012,17,0.0,0.391304347826087,0
817,2012,18,0.0,0.375,0
817,2012,19,0.0,0.4,0
817,2012,20,0.0,0.38461538461538464,0
817,2013,2,0.0,0.37037037037037035,0
817,2013,3,0.0,0.35714285714285715,0
817,2013,4,0.0,0.5517241379310345,0
817,2013,5,0.0,0.5333333333333333,0
817,2013,7,0.0,0.5483870967741935,0
817,2013,8,0.0,0.53125,0
817,2013,9,0.0,0.6363636363636364,0
817,2013,10,0.0,0.6176470588235294,0
817,2013,11,0.0,0.6,0
817,2013,12,0.0,0.6111111111111112,0
817,2013,14,0.0,0.7567567567567568,0
817,2013,15,0.0,0.7368421052631579,0
817,2013,16,0.0,0.717948717948718,0
817,2013,17,0.0,0.725,0
817,2013,18,0.0,0.7073170731707317,0
817,2013,19,0.0,0.6904761904761905,0
817,2014,3,0.0,0.6976744186046512,0
817,2014,4,0.0,0.9545454545454546,0
817,2014,5,0.0,1.2,0
817,2014,6,0.0,1.5,0
817,2014,7,0.0,1.7872340425531914,1
817,2014,8,0.020833333333333332,2.2708333333333335,0
817,2014,9,0.02040816326530612,2.306122448979592,0
817,2014,10,0.02,2.56,0
817,2014,11,0.0196078431372549,2.6666666666666665,1
817,2014,12,0.038461538461538464,3.0961538461538463,1
817,2014,13,0.05660377358490566,3.509433962264151,0
817,2014,14,0.05555555555555555,3.6296296296296298,0
817,2014,15,0.05454545454545454,3.8363636363636364,0
817,2014,16,0.05357142857142857,3.982142857142857,0
817,2014,17,0.05263157894736842,4.017543859649122,0
817,2014,19,0.05172413793103448,4.206896551724138,0
817,2015,1,0.05084745762711865,4.5423728813559325,0
817,2015,2,0.05,4.6,0
817,2015,3,0.04918032786885246,4.540983606557377,0
817,2015,4,0.04838709677419355,4.5,0
817,2015,5,0.047619047619047616,4.555555555555555,0
817,2015,6,0.046875,4.578125,0
817,2015,7,0.046153846153846156,4.661538461538462,0
817,2015,8,0.045454545454545456,4.590909090909091,0
817,2015,10,0.04477611940298507,4.537313432835821,0
817,2015,12,0.04411764705882353,4.6911764705882355,0
817,2015,13,0.043478260869565216,4.681159420289855,0
817,2015,14,0.04285714285714286,4.871428571428571,0
817,2015,15,0.04225352112676056,4.802816901408451,0
817,2015,16,0.041666666666666664,4.736111111111111,0
817,2015,17,0.0410958904109589,4.684931506849315,0
817,2015,18,0.04054054054054054,4.756756756756757,0
817,2015,19,0.04,4.693333333333333,0
817,2016,1,0.039473684210526314,4.7368421052631575,0
817,2016,2,0.03896103896103896,4.8311688311688314,0
817,2016,3,0.038461538461538464,4.923076923076923,0
817,2016,4,0.0379746835443038,5.012658227848101,0
817,2016,5,0.0375,4.95,0
817,2016,6,0.037037037037037035,5.037037037037037,0
817,2016,7,0.036585365853658534,5.195121951219512,0
817,2016,8,0.03614457831325301,5.204819277108434,0
817,2016,9,0.03571428571428571,5.214285714285714,0
817,2016,10,0.03529411764705882,5.270588235294118,0
817,2016,11,0.03488372093023256,5.348837209302325,0
817,2016,12,0.034482758620689655,5.459770114942529,0
817,2016,13,0.03409090909090909,5.6022727272727275,0
817,2016,14,0.033707865168539325,5.741573033707865,0
817,2016,15,0.03333333333333333,5.788888888888889,0
817,2016,16,0.03296703296703297,5.923076923076923,1
817,2016,17,0.043478260869565216,6.130434782608695,0
817,2016,18,0.043010752688172046,6.150537634408602,0
817,2016,19,0.0425531914893617,6.24468085106383,0
817,2016,20,0.042105263157894736,6.336842105263158,0
817,2016,21,0.041666666666666664,6.3125,0
817,2017,2,0.041237113402061855,6.350515463917525,0
817,2017,3,0.04081632653061224,6.408163265306122,0
817,2017,5,0.04040404040404041,6.444444444444445,0
817,2017,6,0.04,6.53,0
817,2017,7,0.039603960396039604,6.6138613861386135,0
817,2017,8,0.0392156862745098,6.696078431372549,1
817,2017,9,0.04854368932038835,6.87378640776699,0
817,2017,10,0.04807692307692308,6.951923076923077,0
817,2017,12,0.047619047619047616,6.980952380952381,0
817,2017,13,0.04716981132075472,7.056603773584905,0
817,2017,14,0.04672897196261682,7.102803738317757,0
817,2017,15,0.046296296296296294,7.203703703703703,0
817,2017,16,0.045871559633027525,7.275229357798165,0
817,2017,19,0.045454545454545456,7.345454545454546,0
817,2018,1,0.04504504504504504,7.351351351351352,0
817,2018,3,0.044642857142857144,7.392857142857143,1
817,2018,5,0.05309734513274336,7.548672566371682,0
817,2018,6,0.05263157894736842,7.5701754385964914,1
817,2018,7,0.06086956521739131,7.721739130434782,0
817,2018,8,0.0603448275862069,7.758620689655173,0
817,2018,10,0.05982905982905983,7.794871794871795,0
817,2018,12,0.059322033898305086,7.813559322033898,0
817,2018,15,0.058823529411764705,7.848739495798319,0
817,2018,16,0.058333333333333334,7.85,0
817,2018,17,0.05785123966942149,7.851239669421488,0
817,2018,20,0.05737704918032787,7.885245901639344,0
817,2018,21,0.056910569105691054,7.91869918699187,0
817,2019,3,0.056451612903225805,7.951612903225806,0
817,2019,5,0.056,7.936,0
817,2019,6,0.05555555555555555,7.873015873015873,0
817,2019,7,0.05511811023622047,7.826771653543307,0
817,2019,8,0.0546875,7.828125,0
817,2019,9,0.05426356589147287,7.767441860465116,0
817,2019,10,0.05384615384615385,7.707692307692308,0
817,2019,12,0.05343511450381679,7.694656488549619,0
817,2019,13,0.05303030303030303,7.636363636363637,0
817,2019,14,0.05263157894736842,7.578947368421052,0
817,2019,15,0.05223880597014925,7.611940298507463,0
817,2019,18,0.05185185185185185,7.555555555555555,0
817,2019,19,0.051470588235294115,7.529411764705882,0
817,2019,20,0.051094890510948905,7.532846715328467,0
817,2019,21,0.050724637681159424,7.536231884057971,0
817,2020,2,0.050359712230215826,7.482014388489208,0
817,2020,3,0.05,7.457142857142857,0
817,2020,4,0.04964539007092199,7.432624113475177,0
817,2020,5,0.04929577464788732,7.464788732394366,0
817,2020,6,0.04895104895104895,7.4125874125874125,0
817,2020,7,0.04861111111111111,7.361111111111111,0
817,2020,8,0.04827586206896552,7.4,0
817,2020,9,0.04794520547945205,7.404109589041096,0
817,2020,10,0.047619047619047616,7.4353741496598635,0
817,2020,11,0.0472972972972973,7.452702702702703,0
817,2020,12,0.04697986577181208,7.503355704697986,0
817,2020,13,0.04666666666666667,7.466666666666667,0
817,2020,14,0.046357615894039736,7.516556291390729,0
817,2020,15,0.046052631578947366,7.473684210526316,0
817,2020,16,0.0457516339869281,7.4640522875816995,0
817,2020,17,0.045454545454545456,7.48051948051948,0
817,2021,1,0.04516129032258064,7.47741935483871,0
817,2021,2,0.04487179487179487,7.467948717948718,0
817,2021,3,0.044585987261146494,7.471337579617835,0
817,2021,4,0.04430379746835443,7.436708860759493,0
817,2021,5,0.0440251572327044,7.440251572327044,0
817,2021,6,0.04375,7.39375,0
817,2021,7,0.043478260869565216,7.3602484472049685,0
817,2021,8,0.043209876543209874,7.364197530864198,0
817,2021,9,0.04294478527607362,7.319018404907975,0
817,2021,10,0.042682926829268296,7.310975609756097,0
817,2021,11,0.04242424242424243,7.327272727272727,0
817,2021,12,0.04216867469879518,7.283132530120482,0
817,2021,13,0.041916167664670656,7.275449101796407,0
817,2021,14,0.041666666666666664,7.232142857142857,1
817,2021,15,0.047337278106508875,7.34319526627219,0
817,2021,16,0.047058823529411764,7.370588235294117,0
817,2021,17,0.04678362573099415,7.3274853801169595,0
817,2021,18,0.046511627906976744,7.343023255813954,0
817,2021,20,0.046242774566473986,7.300578034682081,0
817,2021,21,0.04597701149425287,7.258620689655173,0
817,2021,22,0.045714285714285714,7.274285714285714,0
817,2022,1,0.045454545454545456,7.232954545454546,0
817,2022,3,0.04519774011299435,7.192090395480226,0
817,2022,4,0.0449438202247191,7.196629213483146,0
817,2022,5,0.0446927374301676,7.156424581005586,0
817,2022,6,0.044444444444444446,7.116666666666666,0
817,2022,7,0.04419889502762431,7.077348066298343,0
817,2022,8,0.04395604395604396,7.038461538461538,0
817,2022,9,0.04371584699453552,7.021857923497268,0
817,2022,10,0.043478260869565216,6.983695652173913,0
817,2022,11,0.043243243243243246,6.945945945945946,0
817,2022,12,0.043010752688172046,6.919354838709677,0
817,2022,13,0.0427807486631016,6.893048128342246,0
817,2022,14,0.0425531914893617,6.8563829787234045,0
817,2022,15,0.042328042328042326,6.8201058201058204,0
817,2022,17,0.042105263157894736,6.78421052631579,0
817,2022,18,0.041884816753926704,6.801047120418848,0
817,2022,19,0.041666666666666664,6.765625,0
817,2022,20,0.04145077720207254,6.730569948186528,0
817,2022,22,0.041237113402061855,6.72680412371134,0
817,2023,11,0.041025641025641026,6.702564102564103,0
817,2023,12,0.04081632653061224,6.668367346938775,0
817,2023,18,0.04060913705583756,6.634517766497462,0
817,2023,19,0.04040404040404041,6.601010101010101,0
817,2023,20,0.04020100502512563,6.597989949748744,0
817,2023,21,0.04,6.565,0
817,2023,22,0.03980099502487562,6.532338308457711,0
817,2024,1,0.039603960396039604,6.5,0
817,2024,2,0.03940886699507389,6.467980295566503,0
817,2024,3,0.0392156862745098,6.436274509803922,0
817,2024,6,0.03902439024390244,6.404878048780488,0
817,2024,7,0.038834951456310676,6.37378640776699,0
817,2024,8,0.03864734299516908,6.342995169082125,0
817,2024,9,0.038461538461538464,6.3125,0
817,2024,10,0.03827751196172249,6.301435406698564,0
817,2024,11,0.0380952380952381,6.271428571428571,0
817,2024,12,0.037914691943127965,6.251184834123222,0
817,2024,13,0.03773584905660377,6.221698113207547,0
817,2024,14,0.03755868544600939,6.192488262910798,0
817,2024,15,0.037383177570093455,6.168224299065421,0
817,2024,16,0.037209302325581395,6.1395348837209305,0
817,2024,17,0.037037037037037035,6.111111111111111,0
817,2024,18,0.03686635944700461,6.082949308755761,0
818,2012,6,0.0,0.8,0
818,2012,7,0.0,0.6666666666666666,0
818,2012,9,0.0,0.5714285714285714,0
818,2012,10,0.0,0.5,0
818,2012,11,0.0,0.4444444444444444,0
818,2012,12,0.0,0.4,0
818,2012,15,0.0,0.7272727272727273,0
818,2012,16,0.0,0.6666666666666666,0
818,2012,17,0.0,0.9230769230769231,0
818,2012,18,0.0,0.8571428571428571,0
818,2012,20,0.0,0.8,0
818,2013,1,0.0,1.0,0
818,2013,2,0.0,0.9411764705882353,0
818,2013,3,0.0,0.9444444444444444,0
818,2013,5,0.0,0.8947368421052632,0
818,2013,6,0.0,0.85,0
818,2013,7,0.0,1.0,0
818,2013,10,0.0,1.3181818181818181,0
818,2013,11,0.0,1.2608695652173914,0
818,2013,13,0.0,1.2083333333333333,0
818,2013,14,0.0,1.16,0
818,2013,15,0.0,1.1153846153846154,0
818,2013,16,0.0,1.0740740740740742,0
818,2013,17,0.0,1.0357142857142858,0
818,2013,18,0.0,1.0,0
818,2013,19,0.0,0.9666666666666667,0
818,2014,1,0.0,0.9354838709677419,0
818,2014,4,0.0,1.03125,0
818,2014,7,0.0,1.0,0
818,2014,9,0.0,1.088235294117647,0
818,2014,10,0.0,1.0857142857142856,0
818,2014,11,0.0,1.0555555555555556,0
818,2014,12,0.0,1.0810810810810811,0
818,2014,13,0.0,1.0526315789473684,0
818,2014,14,0.0,1.0256410256410255,0
818,2014,15,0.0,1.2,0
818,2014,16,0.0,1.2195121951219512,0
818,2014,17,0.0,1.1904761904761905,0
818,2014,18,0.0,1.186046511627907,0
818,2014,19,0.0,1.1590909090909092,0
819,2012,9,0.0,0.0,0
819,2012,10,0.0,0.0,0
819,2012,11,0.0,0.0,0
819,2012,12,0.0,0.0,0
819,2012,13,0.0,0.0,0
819,2012,14,0.0,0.0,0
819,2012,16,0.0,0.0,0
819,2012,17,0.0,0.0,0
819,2012,19,0.0,0.0,0
819,2012,20,0.0,0.0,0
819,2013,1,0.0,0.0,0
819,2013,2,0.0,0.0,0
819,2013,3,0.0,0.0,0
819,2013,4,0.0,0.0,0
819,2013,5,0.0,0.0,0
819,2013,7,0.0,0.0,0
819,2013,8,0.0,0.0,0
819,2013,9,0.0,0.0,0
819,2013,10,0.0,0.0,0
819,2013,12,0.0,0.0,0
819,2013,13,0.0,0.0,0
819,2013,14,0.0,0.0,0
819,2013,15,0.0,0.0,0
819,2013,17,0.0,0.0,0
819,2013,18,0.0,0.0,0
820,2013,6,0.0,0.0,0
820,2013,7,0.0,0.0,0
820,2013,8,0.0,0.0,0
820,2013,9,0.0,0.0,0
820,2013,10,0.0,0.0,0
820,2013,11,0.0,0.0,0
820,2013,12,0.0,0.0,0
820,2013,13,0.0,0.0,0
820,2013,14,0.0,0.0,0
820,2013,15,0.0,0.0,0
820,2013,16,0.0,0.0,0
820,2013,17,0.0,0.0,0
820,2013,18,0.0,0.0,0
820,2013,19,0.0,0.0,0
820,2014,1,0.0,0.0,0
820,2014,2,0.0,0.0,0
820,2014,3,0.0,0.0,0
820,2014,4,0.0,0.0,0
820,2014,5,0.0,0.0,0
820,2014,6,0.0,0.0,0
820,2014,8,0.0,0.0,0
820,2014,9,0.0,0.0,0
820,2014,10,0.0,0.0,0
820,2014,11,0.0,0.0,0
820,2014,12,0.0,0.0,0
820,2014,14,0.0,0.0,0
820,2014,15,0.0,0.0,0
821,2013,7,0.0,0.0,0
821,2013,8,0.0,0.0,0
821,2013,9,0.0,0.0,0
821,2013,11,0.0,0.0,0
821,2013,12,0.0,0.0,0
821,2013,13,0.0,0.0,0
821,2013,14,0.0,0.0,0
821,2013,15,0.0,0.0,0
821,2013,16,0.0,0.46153846153846156,0
821,2013,17,0.0,0.42857142857142855,0
821,2013,18,0.0,0.4,0
821,2013,19,0.0,0.375,0
821,2014,1,0.0,0.35294117647058826,0
821,2014,4,0.0,0.3333333333333333,0
821,2014,5,0.0,0.3157894736842105,0
821,2014,7,0.0,0.3,0
821,2014,8,0.0,0.2857142857142857,0
821,2014,10,0.0,0.2727272727272727,0
821,2014,12,0.0,0.2608695652173913,0
821,2014,13,0.0,0.25,0
821,2014,15,0.0,0.24,0
821,2014,16,0.0,0.23076923076923078,0
821,2014,17,0.0,0.2222222222222222,0
821,2014,18,0.0,0.21428571428571427,0
821,2014,19,0.0,0.20689655172413793,0
821,2016,3,0.0,0.2,0
821,2016,4,0.0,0.1935483870967742,0
821,2016,5,0.0,0.1875,0
821,2016,6,0.0,0.18181818181818182,0
821,2016,7,0.0,0.17647058823529413,0
821,2016,8,0.0,0.17142857142857143,0
821,2016,9,0.0,0.16666666666666666,0
821,2016,10,0.0,0.16216216216216217,0
821,2016,11,0.0,0.15789473684210525,0
821,2016,12,0.0,0.15384615384615385,0
821,2016,13,0.0,0.15,0
821,2016,14,0.0,0.14634146341463414,0
821,2016,15,0.0,0.14285714285714285,0
821,2016,17,0.0,0.13953488372093023,0
821,2016,19,0.0,0.13636363636363635,0
821,2016,21,0.0,0.13333333333333333,0
822,2013,6,0.0,0.0,0
822,2013,7,0.0,0.0,0
822,2013,8,0.0,0.0,0
822,2013,9,0.0,0.0,0
822,2013,11,0.0,0.0,0
822,2013,12,0.0,0.0,0
822,2013,13,0.0,0.0,0
822,2013,14,0.0,0.0,0
822,2013,15,0.0,0.0,0
822,2013,16,0.0,0.0,0
822,2013,17,0.0,0.0,0
822,2013,18,0.0,0.0,0
822,2014,1,0.0,0.23529411764705882,0
822,2014,2,0.0,0.7777777777777778,0
822,2014,3,0.0,0.9473684210526315,0
822,2014,4,0.0,1.1,0
822,2014,5,0.0,1.3333333333333333,0
822,2014,7,0.0,1.7272727272727273,0
822,2014,8,0.0,1.9130434782608696,0
822,2014,9,0.0,2.4583333333333335,0
822,2014,10,0.0,3.08,0
822,2014,11,0.0,3.6538461538461537,0
822,2014,12,0.0,3.6666666666666665,0
822,2014,13,0.0,4.071428571428571,0
822,2014,14,0.0,4.344827586206897,0
822,2014,15,0.0,4.2,0
822,2014,16,0.0,4.32258064516129,0
822,2014,17,0.0,4.65625,0
822,2014,18,0.0,4.818181818181818,0
822,2014,19,0.0,4.705882352941177,0
822,2015,2,0.0,5.428571428571429,0
822,2015,3,0.0,5.555555555555555,0
822,2015,4,0.0,5.621621621621622,0
822,2015,5,0.0,5.7894736842105265,0
822,2015,6,0.0,5.948717948717949,0
822,2015,7,0.0,5.8,0
822,2015,8,0.0,6.024390243902439,0
822,2015,9,0.0,6.119047619047619,0
822,2015,10,0.0,6.209302325581396,0
822,2015,11,0.0,6.068181818181818,0
822,2015,12,0.0,5.977777777777778,0
822,2015,13,0.0,6.108695652173913,0
822,2015,14,0.0,6.191489361702128,0
822,2015,15,0.0,6.270833333333333,0
822,2015,17,0.0,6.142857142857143,0
822,2015,18,0.0,6.32,0
822,2015,19,0.0,6.392156862745098,0
822,2016,1,0.0,6.269230769230769,0
822,2016,2,0.0,6.226415094339623,0
822,2016,3,0.0,6.148148148148148,0
822,2016,4,0.0,6.054545454545455,0
822,2016,5,0.0,6.160714285714286,0
822,2016,6,0.0,6.228070175438597,0
822,2016,7,0.0,6.120689655172414,0
822,2016,8,0.0,6.271186440677966,0
822,2016,9,0.0,6.3,0
822,2016,10,0.0,6.229508196721311,0
822,2016,11,0.0,6.129032258064516,0
822,2016,12,0.0,6.063492063492063,0
822,2016,13,0.0,6.0,0
822,2016,14,0.0,5.969230769230769,0
822,2016,16,0.0,6.0,0
822,2016,17,0.0,6.059701492537314,0
822,2016,18,0.0,5.985294117647059,0
822,2016,19,0.0,5.898550724637682,0
822,2016,20,0.0,5.871428571428571,0
822,2017,1,0.0,5.788732394366197,0
822,2017,2,0.0,5.916666666666667,0
822,2017,3,0.0,5.945205479452055,0
822,2017,4,0.0,6.0675675675675675,1
822,2017,6,0.013333333333333334,6.32,0
822,2017,7,0.013157894736842105,6.394736842105263,0
822,2017,8,0.012987012987012988,6.545454545454546,0
822,2017,9,0.01282051282051282,6.6923076923076925,1
822,2017,10,0.02531645569620253,6.924050632911392,0
822,2017,11,0.025,7.0625,0
822,2017,12,0.024691358024691357,7.160493827160494,0
822,2017,13,0.024390243902439025,7.195121951219512,0
822,2017,14,0.024096385542168676,7.325301204819277,0
822,2017,15,0.023809523809523808,7.416666666666667,0
822,2017,16,0.023529411764705882,7.447058823529412,0
822,2017,17,0.023255813953488372,7.5,0
822,2017,18,0.022988505747126436,7.528735632183908,0
822,2017,19,0.022727272727272728,7.6477272727272725,0
822,2017,20,0.02247191011235955,7.764044943820225,1
822,2018,1,0.03333333333333333,7.955555555555556,0
822,2018,2,0.03296703296703297,7.912087912087912,0
822,2018,3,0.03260869565217391,8.021739130434783,0
822,2018,5,0.03225806451612903,8.129032258064516,0
822,2018,6,0.031914893617021274,8.23404255319149,0
822,2018,7,0.031578947368421054,8.25263157894737,0
822,2018,8,0.03125,8.354166666666666,0
822,2018,10,0.030927835051546393,8.329896907216495,0
822,2018,11,0.030612244897959183,8.36734693877551,0
822,2018,12,0.030303030303030304,8.464646464646465,0
822,2018,13,0.03,8.48,0
822,2018,14,0.0297029702970297,8.514851485148515,0
822,2018,15,0.029411764705882353,8.57843137254902,0
822,2018,16,0.02912621359223301,8.611650485436893,0
822,2018,17,0.028846153846153848,8.701923076923077,0
822,2018,18,0.02857142857142857,8.790476190476191,0
822,2018,19,0.02830188679245283,8.80188679245283,0
822,2018,20,0.028037383177570093,8.813084112149532,0
822,2018,21,0.027777777777777776,8.824074074074074,0
822,2019,1,0.027522935779816515,8.8348623853211,1
822,2019,2,0.03636363636363636,8.99090909090909,0
822,2019,3,0.036036036036036036,9.072072072072071,0
822,2019,4,0.03571428571428571,9.151785714285714,1
822,2019,5,0.04424778761061947,9.29203539823009,0
822,2019,6,0.043859649122807015,9.368421052631579,0
822,2019,7,0.043478260869565216,9.417391304347825,0
822,2019,8,0.04310344827586207,9.448275862068966,0
822,2019,9,0.042735042735042736,9.521367521367521,0
822,2019,10,0.0423728813559322,9.567796610169491,0
822,2019,12,0.04201680672268908,9.638655462184873,0
822,2019,13,0.041666666666666664,9.591666666666667,0
822,2019,14,0.04132231404958678,9.636363636363637,0
822,2019,15,0.040983606557377046,9.704918032786885,0
822,2019,16,0.04065040650406504,9.707317073170731,0
822,2019,17,0.04032258064516129,9.774193548387096,1
822,2019,18,0.048,9.896,0
822,2019,19,0.047619047619047616,9.936507936507937,1
822,2019,21,0.05511811023622047,10.05511811023622,0
822,2020,1,0.0546875,10.0703125,1
822,2020,2,0.06201550387596899,10.186046511627907,0
822,2020,3,0.06153846153846154,10.246153846153845,0
822,2020,4,0.061068702290076333,10.282442748091603,0
822,2020,5,0.06060606060606061,10.204545454545455,0
822,2020,6,0.06015037593984962,10.240601503759398,0
822,2020,7,0.05970149253731343,10.283582089552239,0
822,2020,8,0.05925925925925926,10.34074074074074,0
822,2020,9,0.058823529411764705,10.338235294117647,0
822,2020,10,0.058394160583941604,10.394160583941606,1
822,2020,12,0.06521739130434782,10.507246376811594,0
822,2020,13,0.06474820143884892,10.56115107913669,0
822,2020,14,0.06428571428571428,10.614285714285714,0
822,2020,15,0.06382978723404255,10.539007092198581,0
822,2020,16,0.06338028169014084,10.492957746478874,0
822,2020,17,0.06293706293706294,10.447552447552448,0
822,2021,1,0.0625,10.5,0
822,2021,3,0.06206896551724138,10.537931034482758,0
822,2021,4,0.06164383561643835,10.575342465753424,0
822,2021,6,0.061224489795918366,10.605442176870747,0
822,2021,7,0.060810810810810814,10.533783783783784,0
822,2021,8,0.06040268456375839,10.543624161073826,0
822,2021,9,0.06,10.573333333333334,0
822,2021,10,0.059602649006622516,10.62251655629139,0
822,2021,12,0.05921052631578947,10.651315789473685,0
822,2021,13,0.058823529411764705,10.581699346405228,0
822,2021,14,0.05844155844155844,10.61038961038961,0
822,2021,15,0.05806451612903226,10.638709677419355,0
822,2021,16,0.057692307692307696,10.634615384615385,1
822,2021,17,0.06369426751592357,10.73248407643312,0
822,2021,18,0.06329113924050633,10.715189873417721,0
822,2021,19,0.06289308176100629,10.647798742138365,0
822,2021,21,0.0625,10.675,0
822,2021,22,0.062111801242236024,10.701863354037267,0
822,2022,1,0.06172839506172839,10.685185185185185,0
822,2022,3,0.06134969325153374,10.668711656441717,0
822,2022,4,0.06097560975609756,10.628048780487806,0
822,2022,5,0.06060606060606061,10.624242424242425,0
822,2022,6,0.060240963855421686,10.596385542168674,0
822,2022,7,0.059880239520958084,10.580838323353293,0
822,2022,8,0.05952380952380952,10.529761904761905,0
822,2022,9,0.05917159763313609,10.467455621301776,0
822,2022,11,0.058823529411764705,10.441176470588236,0
822,2022,12,0.05847953216374269,10.380116959064328,0
822,2022,13,0.05813953488372093,10.319767441860465,0
822,2022,16,0.057803468208092484,10.260115606936417,0
822,2022,17,0.05747126436781609,10.201149425287356,0
822,2022,18,0.05714285714285714,10.142857142857142,0
822,2022,20,0.056818181818181816,10.085227272727273,0
822,2022,21,0.05649717514124294,10.033898305084746,0
822,2022,22,0.056179775280898875,9.98876404494382,0
822,2023,1,0.055865921787709494,9.932960893854748,0
822,2023,2,0.05555555555555555,9.9,0
822,2023,3,0.055248618784530384,9.845303867403315,0
822,2023,4,0.054945054945054944,9.791208791208792,0
822,2023,5,0.0546448087431694,9.737704918032787,0
822,2023,6,0.05434782608695652,9.684782608695652,0
822,2023,7,0.05405405405405406,9.632432432432433,0
822,2023,8,0.053763440860215055,9.580645161290322,0
822,2023,9,0.053475935828877004,9.53475935828877,0
822,2023,10,0.05319148936170213,9.48404255319149,0
822,2023,11,0.05291005291005291,9.433862433862434,0
822,2023,12,0.05263157894736842,9.384210526315789,0
822,2023,13,0.05235602094240838,9.335078534031414,0
822,2023,14,0.052083333333333336,9.286458333333334,0
822,2023,17,0.05181347150259067,9.243523316062177,0
822,2023,18,0.05154639175257732,9.216494845360824,0
822,2023,19,0.05128205128205128,9.169230769230769,0
822,2023,21,0.05102040816326531,9.122448979591837,0
822,2023,22,0.050761421319796954,9.076142131979696,0
822,2024,1,0.050505050505050504,9.030303030303031,0
822,2024,2,0.05025125628140704,8.984924623115578,0
822,2024,3,0.05,8.94,0
822,2024,4,0.04975124378109453,8.895522388059701,0
822,2024,6,0.04950495049504951,8.851485148514852,0
822,2024,7,0.04926108374384237,8.807881773399014,0
822,2024,8,0.049019607843137254,8.764705882352942,0
822,2024,9,0.04878048780487805,8.721951219512196,0
822,2024,10,0.04854368932038835,8.679611650485437,0
822,2024,11,0.04830917874396135,8.63768115942029,0
822,2024,12,0.04807692307692308,8.596153846153847,0
822,2024,13,0.04784688995215311,8.555023923444976,0
822,2024,14,0.047619047619047616,8.514285714285714,0
822,2024,15,0.04739336492890995,8.4739336492891,0
822,2024,16,0.04716981132075472,8.433962264150944,0
822,2024,17,0.046948356807511735,8.394366197183098,0
822,2024,18,0.04672897196261682,8.355140186915888,0
822,2024,19,0.046511627906976744,8.316279069767441,0
822,2024,20,0.046296296296296294,8.277777777777779,0
822,2024,21,0.04608294930875576,8.23963133640553,0
822,2024,22,0.045871559633027525,8.20183486238532,0
822,2024,23,0.045662100456621,8.164383561643836,0
823,2013,6,0.0,0.0,0
823,2013,8,0.0,0.0,0
823,2013,9,0.0,0.0,0
823,2013,10,0.0,0.0,0
823,2013,11,0.0,0.0,0
823,2013,12,0.0,0.0,0
823,2013,13,0.0,0.0,0
823,2013,14,0.0,0.0,0
823,2013,17,0.0,0.0,0
823,2013,18,0.0,0.0,0
823,2013,19,0.0,0.0,0
824,2013,7,0.0,0.0,0
824,2013,8,0.0,0.0,0
824,2013,10,0.0,0.0,0
824,2013,11,0.0,0.0,0
824,2013,12,0.0,0.0,0
824,2013,13,0.0,0.0,0
824,2013,14,0.0,0.0,0
824,2013,16,0.0,0.0,0
824,2013,17,0.0,0.0,0
824,2013,18,0.0,0.0,0
824,2013,19,0.0,0.0,0
824,2014,3,0.0,0.0,0
824,2014,4,0.0,0.0,0
824,2014,5,0.0,0.0,0
824,2014,6,0.0,0.0,0
824,2014,8,0.0,0.1,0
824,2014,9,0.0,0.09523809523809523,0
824,2014,10,0.0,0.09090909090909091,0
824,2014,11,0.0,0.08695652173913043,0
824,2014,12,0.0,0.08333333333333333,0
824,2014,13,0.0,0.08,0
824,2014,14,0.0,0.07692307692307693,0
824,2014,15,0.0,0.07407407407407407,0
825,2014,7,0.0,4.2,0
825,2014,8,0.0,3.8333333333333335,0
825,2014,9,0.0,4.142857142857143,0
825,2014,10,0.0,4.375,0
825,2014,11,0.0,4.111111111111111,0
825,2014,12,0.0,3.7,0
825,2014,13,0.0,3.3636363636363638,0
825,2014,14,0.0,3.1666666666666665,0
825,2014,15,0.0,3.0,0
825,2014,16,0.0,2.7857142857142856,0
825,2014,17,0.0,3.2666666666666666,0
825,2014,18,0.0,3.3125,0
825,2014,19,0.0,3.235294117647059,0
825,2016,1,0.0,3.0555555555555554,0
825,2016,2,0.0,2.8947368421052633,0
825,2016,3,0.0,2.75,0
825,2016,4,0.0,2.619047619047619,0
825,2016,5,0.0,2.772727272727273,0
825,2016,7,0.0,2.652173913043478,0
825,2016,8,0.0,2.5416666666666665,0
825,2016,9,0.0,2.44,0
825,2016,10,0.0,2.3461538461538463,0
825,2016,11,0.0,2.259259259259259,0
825,2016,12,0.0,2.1785714285714284,0
825,2016,14,0.0,2.103448275862069,0
825,2016,15,0.0,2.033333333333333,0
825,2016,17,0.0,2.0,0
825,2016,18,0.0,1.9375,0
825,2016,19,0.0,1.878787878787879,0
825,2016,20,0.0,1.8235294117647058,0
825,2017,2,0.0,1.7714285714285714,0
825,2017,4,0.0,1.8333333333333333,0
825,2017,5,0.0,1.7837837837837838,0
825,2017,6,0.0,1.736842105263158,0
825,2017,7,0.0,1.7179487179487178,0
825,2017,8,0.0,1.675,0
825,2017,10,0.0,1.7804878048780488,0
825,2017,11,0.0,1.7380952380952381,0
825,2017,12,0.0,1.697674418604651,0
825,2017,13,0.0,1.6590909090909092,0
825,2017,15,0.0,1.6222222222222222,0
825,2017,16,0.0,1.5869565217391304,0
825,2017,17,0.0,1.6382978723404256,0
825,2017,18,0.0,1.6041666666666667,0
825,2017,20,0.0,1.653061224489796,0
825,2018,2,0.0,1.62,0
825,2018,3,0.0,1.7843137254901962,0
825,2018,4,0.0,1.7692307692307692,0
825,2018,5,0.0,1.7358490566037736,0
825,2018,6,0.0,1.8518518518518519,0
825,2018,7,0.0,1.8181818181818181,0
825,2018,8,0.0,1.7857142857142858,0
825,2018,9,0.0,1.894736842105263,0
825,2018,10,0.0,2.0344827586206895,0
825,2018,11,0.0,2.0338983050847457,0
825,2018,12,0.0,2.0,0
825,2018,13,0.0,2.0655737704918034,0
825,2018,14,0.0,2.096774193548387,0
825,2018,15,0.0,2.0634920634920637,0
825,2018,16,0.0,2.03125,0
825,2018,19,0.0,2.0615384615384613,0
825,2018,20,0.0,2.0303030303030303,0
825,2018,21,0.0,2.029850746268657,0
825,2019,1,0.0,2.014705882352941,0
825,2019,2,0.0,2.101449275362319,0
825,2019,3,0.0,2.0714285714285716,0
825,2019,4,0.0,2.0422535211267605,0
825,2019,5,0.0,2.013888888888889,0
825,2019,6,0.0,2.0684931506849313,0
825,2019,7,0.0,2.0405405405405403,0
825,2019,8,0.0,2.013333333333333,0
825,2019,9,0.0,1.986842105263158,0
825,2019,11,0.0,1.9610389610389611,0
825,2019,12,0.0,1.9871794871794872,0
825,2019,13,0.0,1.9620253164556962,0
825,2019,15,0.0,1.9375,0
825,2019,16,0.0,1.9135802469135803,0
825,2019,17,0.0,1.9146341463414633,0
825,2019,18,0.0,1.891566265060241,0
825,2019,19,0.0,1.869047619047619,0
825,2019,20,0.0,1.8470588235294119,0
825,2019,21,0.0,1.8255813953488371,0
825,2020,2,0.0,1.8045977011494252,0
825,2020,3,0.0,1.7840909090909092,0
825,2020,6,0.0,1.7752808988764044,0
825,2020,7,0.0,1.7555555555555555,0
825,2020,10,0.0,1.7362637362637363,0
825,2020,11,0.0,1.7173913043478262,0
825,2020,12,0.0,1.6989247311827957,0
825,2020,14,0.0,1.6808510638297873,0
825,2020,15,0.0,1.6631578947368422,0
825,2020,16,0.0,1.6458333333333333,0
825,2020,17,0.0,1.6288659793814433,0
825,2022,1,0.0,1.6122448979591837,0
825,2022,2,0.0,1.696969696969697,0
825,2022,3,0.0,1.7,0
825,2022,4,0.0,1.683168316831683,0
825,2022,5,0.0,1.6862745098039216,0
825,2022,6,0.0,1.6699029126213591,0
825,2022,9,0.0,1.6538461538461537,0
825,2022,10,0.0,1.638095238095238,0
825,2022,11,0.0,1.6320754716981132,0
825,2022,13,0.0,1.6542056074766356,0
825,2022,14,0.0,1.6388888888888888,0
825,2022,15,0.0,1.6238532110091743,0
825,2022,16,0.0,1.6090909090909091,0
825,2022,17,0.0,1.5945945945945945,0
825,2022,18,0.0,1.5803571428571428,0
825,2022,19,0.0,1.5663716814159292,0
825,2022,20,0.0,1.5701754385964912,0
825,2022,22,0.0,1.5565217391304347,0
825,2023,1,0.0,1.543103448275862,0
825,2023,2,0.0,1.5299145299145298,0
825,2023,3,0.0,1.5254237288135593,0
825,2023,4,0.0,1.5126050420168067,0
825,2023,5,0.0,1.5,0
825,2023,7,0.0,1.4958677685950412,0
825,2023,8,0.0,1.4836065573770492,0
825,2023,9,0.0,1.4715447154471544,0
825,2023,11,0.0,1.4596774193548387,0
825,2023,12,0.0,1.448,0
825,2023,13,0.0,1.4365079365079365,0
825,2023,14,0.0,1.4251968503937007,0
825,2023,15,0.0,1.4140625,0
825,2023,16,0.0,1.4108527131782946,0
825,2023,17,0.0,1.4,0
825,2023,18,0.0,1.3893129770992367,0
825,2023,21,0.0,1.378787878787879,0
825,2023,22,0.0,1.368421052631579,0
825,2024,1,0.0,1.3582089552238805,0
825,2024,2,0.0,1.348148148148148,0
825,2024,3,0.0,1.338235294117647,0
825,2024,4,0.0,1.3357664233576643,0
825,2024,5,0.0,1.326086956521739,0
825,2024,6,0.0,1.316546762589928,0
825,2024,7,0.0,1.3071428571428572,0
825,2024,9,0.0,1.297872340425532,0
825,2024,10,0.0,1.2887323943661972,0
825,2024,11,0.0,1.2797202797202798,0
825,2024,12,0.0,1.2986111111111112,0
825,2024,13,0.0,1.289655172413793,0
825,2024,14,0.0,1.2808219178082192,0
825,2024,15,0.0,1.272108843537415,0
825,2024,16,0.0,1.2635135135135136,0
825,2024,18,0.0,1.261744966442953,0
825,2024,19,0.0,1.2533333333333334,0
825,2024,20,0.0,1.2450331125827814,0
825,2024,22,0.0,1.2763157894736843,0
825,2024,23,0.0,1.2679738562091503,0
825,2024,24,0.0,1.2727272727272727,0
826,2014,9,0.0,0.8,0
826,2014,11,0.0,1.0,0
826,2014,12,0.0,0.8571428571428571,0
826,2014,13,0.0,1.0,0
826,2014,14,0.0,0.8888888888888888,0
826,2014,15,0.0,0.8,0
826,2014,16,0.0,0.7272727272727273,0
826,2014,17,0.0,0.6666666666666666,0
826,2014,18,0.0,0.6153846153846154,0
826,2015,2,0.0,0.5714285714285714,0
826,2015,4,0.0,0.6666666666666666,0
826,2015,5,0.0,0.75,0
826,2015,6,0.0,0.7647058823529411,0
826,2015,7,0.0,1.3888888888888888,0
826,2015,8,0.0,1.4210526315789473,0
826,2015,9,0.0,1.35,0
826,2015,10,0.0,1.6666666666666667,0
826,2015,11,0.0,2.409090909090909,0
826,2015,12,0.0,2.8260869565217392,0
826,2015,13,0.0,2.75,0
826,2015,14,0.0,2.96,0
826,2015,15,0.0,2.8461538461538463,0
826,2015,17,0.0,3.111111111111111,0
826,2015,18,0.0,3.4285714285714284,0
826,2015,19,0.0,3.5172413793103448,0
826,2016,2,0.0,3.433333333333333,0
826,2016,3,0.0,3.5161290322580645,0
826,2016,4,0.0,3.875,0
826,2016,5,0.0,3.757575757575758,0
826,2016,7,0.0,3.676470588235294,0
826,2016,10,0.0,3.5714285714285716,0
826,2016,11,0.0,3.5,0
826,2016,12,0.0,3.4054054054054053,0
826,2016,13,0.0,3.3157894736842106,0
826,2016,15,0.0,3.230769230769231,0
826,2016,16,0.0,3.2,0
826,2016,17,0.0,3.1219512195121952,0
826,2016,18,0.0,3.0476190476190474,0
826,2016,19,0.0,2.9767441860465116,0
826,2016,20,0.0,2.909090909090909,0
826,2017,1,0.0,2.8444444444444446,0
826,2017,3,0.0,2.8260869565217392,0
826,2017,4,0.0,2.765957446808511,0
826,2017,5,0.0,2.7083333333333335,0
826,2017,6,0.0,2.693877551020408,0
826,2017,9,0.0,2.64,0
826,2017,10,0.0,2.588235294117647,0
826,2017,11,0.0,2.5384615384615383,0
826,2017,12,0.0,2.490566037735849,0
826,2017,13,0.0,2.4444444444444446,0
826,2017,17,0.0,2.4,0
826,2019,1,0.0,2.375,0
826,2019,2,0.0,2.3508771929824563,0
826,2019,5,0.0,2.310344827586207,0
826,2019,6,0.0,2.305084745762712,0
826,2019,7,0.0,2.3666666666666667,0
826,2019,8,0.0,2.3442622950819674,0
826,2019,9,0.0,2.306451612903226,0
826,2019,10,0.0,2.2698412698412698,0
826,2019,11,0.0,2.265625,0
826,2019,12,0.0,2.4615384615384617,0
826,2019,13,0.0,2.4242424242424243,0
826,2019,15,0.0,2.4776119402985075,0
826,2019,16,0.0,2.4411764705882355,0
826,2019,17,0.0,2.4057971014492754,0
826,2019,18,0.0,2.3857142857142857,0
826,2019,19,0.0,2.352112676056338,0
826,2019,20,0.0,2.3194444444444446,0
826,2019,21,0.0,2.3013698630136985,0
826,2020,1,0.0,2.2972972972972974,0
826,2020,2,0.0,2.2666666666666666,0
826,2020,3,0.0,2.25,0
826,2020,5,0.0,2.220779220779221,0
826,2020,6,0.0,2.2051282051282053,0
826,2020,7,0.0,2.1772151898734178,0
826,2020,8,0.0,2.15,0
826,2020,9,0.0,2.1481481481481484,0
826,2020,10,0.0,2.1951219512195124,0
826,2020,11,0.0,2.216867469879518,0
826,2020,12,0.0,2.1904761904761907,0
826,2020,13,0.0,2.164705882352941,0
826,2020,14,0.0,2.2790697674418605,0
826,2020,15,0.0,2.2528735632183907,0
826,2020,16,0.0,2.227272727272727,0
826,2020,17,0.0,2.269662921348315,0
828,2014,10,0.0,0.0,0
828,2014,12,0.0,0.0,0
828,2014,13,0.0,0.0,0
828,2014,14,0.0,0.0,0
828,2014,15,0.0,0.0,0
828,2014,16,0.0,0.0,0
828,2015,1,0.0,0.0,0
828,2015,3,0.0,0.3333333333333333,0
828,2015,4,0.0,0.38461538461538464,0
828,2015,5,0.0,0.35714285714285715,0
828,2015,6,0.0,0.3333333333333333,0
828,2015,7,0.0,0.3125,0
828,2015,8,0.0,0.29411764705882354,0
828,2015,9,0.0,0.2777777777777778,0
828,2015,10,0.0,0.2631578947368421,0
828,2015,11,0.0,0.3,0
828,2015,12,0.0,0.3333333333333333,0
828,2015,13,0.0,0.4090909090909091,0
828,2015,14,0.0,0.391304347826087,0
828,2015,17,0.0,0.375,0
828,2015,18,0.0,0.36,0
828,2015,19,0.0,0.34615384615384615,0
828,2016,2,0.0,0.3333333333333333,0
828,2016,3,0.0,0.32142857142857145,0
828,2016,4,0.0,0.3103448275862069,0
828,2016,5,0.0,0.3,0
828,2016,7,0.0,0.2903225806451613,0
828,2016,8,0.0,0.28125,0
828,2016,9,0.0,0.2727272727272727,0
828,2016,11,0.0,0.2647058823529412,0
828,2016,12,0.0,0.2571428571428571,0
828,2016,14,0.0,0.25,0
828,2016,15,0.0,0.24324324324324326,0
828,2016,16,0.0,0.23684210526315788,0
828,2016,17,0.0,0.23076923076923078,0
828,2016,18,0.0,0.225,0
828,2016,19,0.0,0.21951219512195122,0
828,2016,21,0.0,0.21428571428571427,0
828,2017,2,0.0,0.20930232558139536,0
828,2017,4,0.0,0.20454545454545456,0
828,2017,5,0.0,0.2,0
828,2017,7,0.0,0.1956521739130435,0
828,2017,8,0.0,0.19148936170212766,0
828,2017,9,0.0,0.1875,0
828,2017,10,0.0,0.1836734693877551,0
828,2017,11,0.0,0.18,0
828,2017,12,0.0,0.17647058823529413,0
828,2017,13,0.0,0.17307692307692307,0
828,2017,15,0.0,0.16981132075471697,0
828,2017,17,0.0,0.16666666666666666,0
828,2017,19,0.0,0.16363636363636364,0
828,2017,20,0.0,0.16071428571428573,0
828,2018,2,0.0,0.15789473684210525,0
828,2018,3,0.0,0.1896551724137931,0
828,2018,4,0.0,0.1864406779661017,0
828,2018,5,0.0,0.18333333333333332,0
828,2018,6,0.0,0.18032786885245902,0
828,2018,7,0.0,0.1774193548387097,0
828,2018,8,0.0,0.1746031746031746,0
828,2018,9,0.0,0.171875,0
828,2018,11,0.0,0.18461538461538463,0
828,2018,12,0.0,0.21212121212121213,0
828,2018,13,0.0,0.208955223880597,0
828,2018,14,0.0,0.22058823529411764,0
828,2018,15,0.0,0.21739130434782608,0
828,2018,16,0.0,0.21428571428571427,0
828,2018,17,0.0,0.2112676056338028,0
828,2018,18,0.0,0.20833333333333334,0
828,2018,19,0.0,0.2191780821917808,0
829,2015,7,0.0,0.0,0
829,2015,9,0.0,0.0,0
829,2015,10,0.0,0.0,0
829,2015,11,0.0,0.0,0
829,2015,12,0.0,0.0,0
829,2015,13,0.0,0.0,0
829,2015,14,0.0,0.0,0
829,2015,15,0.0,0.0,0
829,2015,17,0.0,0.0,0
829,2015,18,0.0,0.0,0
829,2015,19,0.0,0.0,0
830,2015,10,0.0,2.0,0
830,2015,11,0.0,3.6666666666666665,0
830,2015,12,0.0,3.7142857142857144,0
830,2015,13,0.0,3.25,0
830,2015,14,0.0,3.3333333333333335,0
830,2015,15,0.0,3.2,0
830,2015,16,0.0,3.0,0
830,2015,17,0.0,3.75,0
830,2015,18,0.0,3.6153846153846154,0
830,2015,19,0.0,3.5,0
830,2016,1,0.0,3.2666666666666666,0
830,2016,2,0.0,3.125,0
830,2016,3,0.0,3.411764705882353,0
830,2016,5,0.0,3.4444444444444446,1
830,2016,7,0.05263157894736842,4.578947368421052,0
830,2016,8,0.05,4.95,0
830,2016,9,0.047619047619047616,4.904761904761905,0
830,2016,10,0.045454545454545456,5.5,0
830,2016,11,0.043478260869565216,6.043478260869565,0
830,2016,12,0.041666666666666664,6.208333333333333,0
830,2016,13,0.04,6.56,0
830,2016,14,0.038461538461538464,6.3076923076923075,0
830,2016,15,0.037037037037037035,6.296296296296297,0
830,2016,16,0.03571428571428571,6.357142857142857,0
830,2016,17,0.034482758620689655,6.758620689655173,0
830,2016,19,0.03333333333333333,7.133333333333334,0
830,2016,20,0.03225806451612903,7.290322580645161,0
830,2016,21,0.03125,7.53125,0
830,2017,1,0.030303030303030304,7.666666666666667,0
830,2017,2,0.029411764705882353,7.735294117647059,0
830,2017,4,0.02857142857142857,7.942857142857143,0
830,2017,6,0.027777777777777776,8.0,0
830,2017,10,0.02702702702702703,8.054054054054054,0
830,2017,11,0.02631578947368421,8.157894736842104,0
830,2017,13,0.02564102564102564,8.205128205128204,0
830,2017,15,0.025,8.025,1
830,2017,16,0.04878048780487805,8.439024390243903,0
830,2017,17,0.047619047619047616,8.666666666666666,0
830,2017,18,0.046511627906976744,8.744186046511627,1
830,2017,19,0.06818181818181818,9.113636363636363,0
830,2017,20,0.06666666666666667,9.133333333333333,0
830,2018,1,0.06521739130434782,9.152173913043478,0
830,2018,3,0.06382978723404255,9.127659574468085,0
830,2018,5,0.0625,9.145833333333334,0
830,2018,6,0.061224489795918366,9.26530612244898,0
830,2018,7,0.06,9.12,0
830,2018,8,0.058823529411764705,9.235294117647058,0
830,2018,9,0.057692307692307696,9.403846153846153,1
830,2018,11,0.07547169811320754,9.69811320754717,0
830,2018,13,0.07407407407407407,9.74074074074074,0
830,2018,14,0.07272727272727272,9.836363636363636,0
830,2018,15,0.07142857142857142,9.839285714285714,0
830,2018,16,0.07017543859649122,9.982456140350877,0
830,2018,17,0.06896551724137931,9.982758620689655,0
830,2018,18,0.06779661016949153,10.067796610169491,0
830,2018,19,0.06666666666666667,10.2,1
830,2018,20,0.08196721311475409,10.442622950819672,0
830,2018,21,0.08064516129032258,10.564516129032258,0
830,2019,1,0.07936507936507936,10.634920634920634,0
830,2019,2,0.078125,10.703125,0
830,2019,3,0.07692307692307693,10.723076923076922,0
830,2019,4,0.07575757575757576,10.742424242424242,0
830,2019,5,0.07462686567164178,10.761194029850746,0
830,2019,6,0.07352941176470588,10.823529411764707,0
830,2019,7,0.07246376811594203,10.840579710144928,0
830,2019,8,0.07142857142857142,10.82857142857143,0
830,2019,9,0.07042253521126761,10.845070422535212,1
830,2019,10,0.08333333333333333,11.055555555555555,0
830,2019,11,0.0821917808219178,11.04109589041096,1
830,2019,12,0.0945945945945946,11.243243243243244,0
830,2019,14,0.09333333333333334,11.346666666666666,0
830,2019,15,0.09210526315789473,11.25,0
830,2019,16,0.09090909090909091,11.2987012987013,0
830,2019,18,0.08974358974358974,11.307692307692308,0
830,2019,19,0.08860759493670886,11.265822784810126,0
830,2019,20,0.0875,11.3125,1
830,2019,21,0.09876543209876543,11.481481481481481,0
830,2020,2,0.0975609756097561,11.560975609756097,0
830,2020,3,0.0963855421686747,11.602409638554217,0
830,2020,4,0.09523809523809523,11.678571428571429,0
830,2020,5,0.09411764705882353,11.764705882352942,1
830,2020,6,0.10465116279069768,11.918604651162791,0
830,2020,7,0.10344827586206896,11.988505747126437,0
830,2020,10,0.10227272727272728,12.022727272727273,0
830,2020,11,0.10112359550561797,12.089887640449438,0
830,2020,12,0.1,12.166666666666666,0
830,2020,14,0.0989010989010989,12.197802197802197,0
830,2020,15,0.09782608695652174,12.152173913043478,0
830,2020,17,0.0967741935483871,12.225806451612904,1
830,2021,1,0.10638297872340426,12.361702127659575,0
830,2021,2,0.10526315789473684,12.421052631578947,1
830,2021,3,0.11458333333333333,12.552083333333334,0
830,2021,4,0.1134020618556701,12.608247422680412,0
830,2021,5,0.11224489795918367,12.673469387755102,1
830,2021,7,0.12121212121212122,12.797979797979798,1
830,2021,8,0.13,12.93,1
830,2021,9,0.13861386138613863,13.049504950495049,1
830,2021,11,0.14705882352941177,13.176470588235293,0
830,2021,12,0.14563106796116504,13.067961165048544,1
830,2021,13,0.15384615384615385,13.0625,1
830,2021,15,0.1619047619047619,13.176190476190476,0
830,2021,16,0.16037735849056603,13.221698113207546,0
830,2021,17,0.1588785046728972,13.266355140186915,1
830,2021,18,0.16666666666666666,13.375,1
830,2021,19,0.1743119266055046,13.48165137614679,0
830,2021,20,0.17272727272727273,13.522727272727273,0
830,2021,21,0.17117117117117117,13.572072072072071,0
830,2021,22,0.16964285714285715,13.611607142857142,1
830,2022,1,0.17699115044247787,13.721238938053098,0
830,2022,2,0.17543859649122806,13.600877192982455,1
830,2022,4,0.1826086956521739,13.7,1
830,2022,5,0.1896551724137931,13.806034482758621,1
830,2022,6,0.19658119658119658,13.91025641025641,1
830,2022,7,0.2033898305084746,14.004237288135593,0
830,2022,8,0.20168067226890757,14.012605042016807,1
830,2022,9,0.20833333333333334,14.104166666666666,1
830,2022,10,0.21487603305785125,14.194214876033058,0
830,2022,11,0.21311475409836064,14.12704918032787,0
830,2022,12,0.21138211382113822,14.166666666666666,1
830,2022,13,0.21774193548387097,14.254032258064516,1
830,2022,14,0.224,14.34,1
830,2022,15,0.23015873015873015,14.432539682539682,1
830,2022,16,0.23622047244094488,14.523622047244094,1
830,2022,17,0.2421875,14.60546875,0
830,2022,18,0.24031007751937986,14.53875968992248,1
830,2022,19,0.24615384615384617,14.61923076923077,1
830,2022,20,0.25190839694656486,14.698473282442748,1
830,2022,21,0.25757575757575757,14.776515151515152,0
830,2022,22,0.2556390977443609,14.725563909774436,1
830,2023,1,0.26119402985074625,14.802238805970148,1
830,2023,2,0.26666666666666666,14.877777777777778,0
830,2023,3,0.2647058823529412,14.908088235294118,1
830,2023,4,0.27007299270072993,14.981751824817518,0
830,2023,5,0.26811594202898553,15.003623188405797,1
830,2023,6,0.2733812949640288,15.082733812949641,1
830,2023,7,0.2785714285714286,15.153571428571428,1
830,2023,8,0.28368794326241137,15.23049645390071,1
830,2023,9,0.2887323943661972,15.299295774647888,1
830,2023,10,0.2937062937062937,15.374125874125873,1
830,2023,11,0.2986111111111111,15.447916666666666,1
830,2023,12,0.30344827586206896,15.520689655172413,1
830,2023,13,0.3082191780821918,15.585616438356164,1
830,2023,14,0.3129251700680272,15.649659863945578,1
830,2023,15,0.31756756756756754,15.712837837837839,0
830,2023,16,0.31543624161073824,15.674496644295303,1
830,2023,17,0.32,15.743333333333334,1
830,2023,18,0.32450331125827814,15.811258278145695,1
830,2023,19,0.32894736842105265,15.87171052631579,1
830,2023,20,0.3333333333333333,15.931372549019608,1
830,2023,21,0.33766233766233766,15.99025974025974,1
830,2023,22,0.3419354838709677,16.048387096774192,1
830,2024,1,0.34615384615384615,16.112179487179485,1
830,2024,2,0.3503184713375796,16.17515923566879,1
830,2024,4,0.35443037974683544,16.231012658227847,1
830,2024,5,0.3584905660377358,16.29245283018868,1
830,2024,6,0.3625,16.346875,0
830,2024,7,0.36024844720496896,16.357142857142858,1
830,2024,8,0.36419753086419754,16.410493827160494,0
830,2024,9,0.3619631901840491,16.358895705521473,1
830,2024,10,0.36585365853658536,16.411585365853657,1
830,2024,11,0.3696969696969697,16.463636363636365,0
830,2024,12,0.3674698795180723,16.424698795180724,0
830,2024,13,0.3652694610778443,16.434131736526947,0
830,2024,14,0.3630952380952381,16.395833333333332,0
830,2024,15,0.3609467455621302,16.369822485207102,0
830,2024,16,0.3588235294117647,16.379411764705882,0
830,2024,17,0.3567251461988304,16.330409356725145,0
830,2024,18,0.3546511627906977,16.29360465116279,0
830,2024,19,0.35260115606936415,16.303468208092486,0
830,2024,20,0.3505747126436782,16.29597701149425,0
830,2024,21,0.3485714285714286,16.248571428571427,1
830,2024,22,0.3522727272727273,16.303977272727273,0
830,2024,23,0.3502824858757062,16.268361581920903,1
830,2024,24,0.3539325842696629,16.31741573033708,0
831,2015,6,0.0,2.8,0
831,2015,7,0.0,2.6666666666666665,0
831,2015,8,0.0,2.2857142857142856,0
831,2015,10,0.0,2.0,0
831,2015,11,0.0,1.7777777777777777,0
831,2015,12,0.0,1.6,0
831,2015,13,0.0,1.4545454545454546,0
831,2015,15,0.0,1.4166666666666667,0
831,2015,16,0.0,1.9230769230769231,0
831,2015,18,0.0,1.9285714285714286,0
831,2015,19,0.0,1.8,0
831,2016,1,0.0,1.6875,0
831,2016,2,0.0,1.588235294117647,0
831,2016,3,0.0,1.5,0
831,2016,4,0.0,1.4210526315789473,0
831,2016,5,0.0,1.35,0
831,2016,7,0.0,1.2857142857142858,0
831,2016,8,0.0,1.2272727272727273,0
831,2016,9,0.0,1.173913043478261,0
831,2016,10,0.0,1.125,0
831,2016,11,0.0,1.08,0
831,2016,13,0.0,1.0384615384615385,0
831,2016,15,0.0,1.0,0
831,2016,17,0.0,0.9642857142857143,0
831,2016,18,0.0,0.9310344827586207,0
831,2016,19,0.0,0.9,0
831,2016,20,0.0,0.8709677419354839,0
831,2016,21,0.0,0.90625,0
832,2015,7,0.0,1.8,0
832,2015,12,0.0,1.5,0
832,2015,13,0.0,1.2857142857142858,0
832,2015,14,0.0,1.375,0
832,2015,16,0.0,1.3333333333333333,0
832,2015,17,0.0,1.8,0
832,2015,19,0.0,1.6363636363636365,0
832,2016,1,0.0,1.5,0
832,2016,3,0.0,1.5384615384615385,0
832,2016,4,0.0,1.5714285714285714,0
832,2016,5,0.0,1.4666666666666666,0
832,2016,6,0.0,1.875,0
832,2016,7,0.0,2.0,0
832,2016,9,0.0,2.0,0
832,2016,10,0.0,2.1052631578947367,0
832,2016,11,0.0,2.2,0
832,2016,12,0.0,2.2857142857142856,0
832,2016,14,0.0,2.1818181818181817,0
832,2016,15,0.0,2.0869565217391304,0
832,2016,16,0.0,2.0,0
832,2016,17,0.0,1.92,0
832,2016,18,0.0,1.8461538461538463,0
832,2016,19,0.0,2.074074074074074,0
832,2016,20,0.0,2.0,0
832,2017,1,0.0,2.206896551724138,0
832,2017,2,0.0,2.2666666666666666,0
832,2017,4,0.0,2.3870967741935485,0
832,2017,5,0.0,2.34375,0
832,2017,6,0.0,2.4545454545454546,0
832,2017,8,0.0,2.6176470588235294,0
832,2017,11,0.0,2.657142857142857,0
832,2017,12,0.0,2.75,0
832,2017,13,0.0,2.7027027027027026,0
832,2017,14,0.0,2.6315789473684212,0
832,2017,17,0.0,2.871794871794872,0
832,2017,19,0.0,2.95,0
832,2018,1,0.0,2.8780487804878048,0
832,2018,2,0.0,2.8333333333333335,0
832,2018,3,0.0,2.7674418604651163,0
832,2018,4,0.0,2.75,0
832,2018,5,0.0,2.911111111111111,0
832,2018,6,0.0,2.9782608695652173,0
832,2018,7,0.0,2.9361702127659575,0
832,2018,8,0.0,2.9583333333333335,0
832,2018,9,0.0,2.979591836734694,0
832,2018,11,0.0,2.92,0
832,2018,12,0.0,2.8627450980392157,0
832,2018,13,0.0,2.8461538461538463,0
832,2018,14,0.0,2.792452830188679,0
832,2018,15,0.0,2.814814814814815,0
832,2018,16,0.0,2.8363636363636364,0
832,2018,17,0.0,2.7857142857142856,0
832,2018,18,0.0,2.754385964912281,0
832,2018,20,0.0,2.810344827586207,0
832,2018,21,0.0,2.76271186440678,0
832,2019,3,0.0,2.85,0
832,2019,4,0.0,2.80327868852459,0
832,2019,5,0.0,2.8548387096774195,0
832,2019,6,0.0,2.873015873015873,0
832,2019,7,0.0,2.953125,0
832,2019,8,0.0,2.9076923076923076,0
832,2019,9,0.0,2.984848484848485,0
832,2019,10,0.0,3.0,0
832,2019,11,0.0,3.073529411764706,0
832,2019,12,0.0,3.1739130434782608,0
832,2019,15,0.0,3.2714285714285714,0
832,2019,16,0.0,3.2253521126760565,0
832,2019,17,0.0,3.2916666666666665,0
832,2019,18,0.0,3.3835616438356166,0
832,2019,19,0.0,3.3378378378378377,0
832,2019,20,0.0,3.3466666666666667,0
832,2019,21,0.0,3.5,0
832,2020,1,0.0,3.4675324675324677,0
832,2020,2,0.0,3.551282051282051,0
832,2020,3,0.0,3.5443037974683542,0
832,2020,4,0.0,3.525,0
832,2020,5,0.0,3.4814814814814814,0
832,2020,6,0.0,3.4390243902439024,0
832,2020,8,0.0,3.4939759036144578,0
832,2020,11,0.0,3.6666666666666665,0
832,2020,12,0.0,3.7411764705882353,0
832,2020,13,0.0,3.7906976744186047,0
832,2020,14,0.0,3.8160919540229883,0
832,2020,15,0.0,3.8863636363636362,0
832,2020,16,0.0,3.955056179775281,0
832,2020,17,0.0,4.044444444444444,0
832,2021,1,0.0,4.087912087912088,0
832,2021,2,0.0,4.086956521739131,0
832,2021,3,0.0,4.150537634408602,0
832,2021,4,0.0,4.1063829787234045,0
832,2021,5,0.0,4.126315789473685,0
832,2021,6,0.0,4.270833333333333,0
832,2021,7,0.0,4.268041237113402,0
832,2021,8,0.0,4.224489795918367,0
832,2021,9,0.0,4.262626262626263,0
832,2021,10,0.0,4.32,0
832,2021,11,0.0,4.356435643564357,0
832,2021,12,0.0,4.46078431372549,0
832,2021,13,0.0,4.422330097087379,0
832,2021,14,0.0,4.4375,0
832,2021,15,0.0,4.4714285714285715,0
832,2021,16,0.0,4.570754716981132,0
832,2021,17,0.0,4.565420560747664,0
832,2021,18,0.0,4.578703703703703,0
832,2021,19,0.0,4.610091743119266,0
832,2021,20,0.0,4.640909090909091,0
832,2021,21,0.0,4.653153153153153,0
832,2021,22,0.0,4.647321428571429,0
832,2022,1,0.0,4.738938053097345,0
832,2022,2,0.0,4.855263157894737,0
832,2022,5,0.0,4.943478260869565,0
832,2022,6,0.0,5.030172413793103,0
832,2022,7,0.0,5.089743589743589,0
832,2022,9,0.0,5.1991525423728815,0
832,2022,10,0.0,5.315126050420168,1
832,2022,12,0.008333333333333333,5.479166666666667,0
832,2022,13,0.008264462809917356,5.524793388429752,0
832,2022,14,0.00819672131147541,5.577868852459017,0
832,2022,15,0.008130081300813009,5.654471544715447,0
832,2022,16,0.008064516129032258,5.641129032258065,0
832,2022,17,0.008,5.692,0
832,2022,20,0.007936507936507936,5.765873015873016,0
832,2022,21,0.007874015748031496,5.799212598425197,0
832,2022,22,0.0078125,5.87109375,0
832,2023,1,0.007751937984496124,5.9186046511627906,0
832,2023,2,0.007692307692307693,5.9653846153846155,0
832,2023,3,0.007633587786259542,5.980916030534351,0
832,2023,4,0.007575757575757576,5.9356060606060606,0
832,2023,5,0.007518796992481203,5.966165413533835,0
832,2023,6,0.007462686567164179,5.996268656716418,0
832,2023,7,0.007407407407407408,5.981481481481482,0
832,2023,8,0.007352941176470588,6.011029411764706,0
832,2023,9,0.0072992700729927005,6.04014598540146,0
832,2023,10,0.007246376811594203,6.054347826086956,0
832,2023,11,0.007194244604316547,6.017985611510792,0
832,2023,13,0.007142857142857143,6.003571428571429,0
832,2023,14,0.0070921985815602835,6.031914893617022,0
832,2023,15,0.007042253521126761,6.095070422535211,1
832,2023,16,0.013986013986013986,6.2272727272727275,0
832,2023,18,0.013888888888888888,6.239583333333333,0
832,2023,19,0.013793103448275862,6.3,0
832,2023,20,0.0136986301369863,6.339041095890411,0
832,2023,21,0.013605442176870748,6.350340136054422,0
832,2023,22,0.013513513513513514,6.361486486486487,0
832,2024,1,0.013422818791946308,6.318791946308725,0
832,2024,3,0.013333333333333334,6.376666666666667,1
832,2024,4,0.019867549668874173,6.5,0
832,2024,5,0.019736842105263157,6.555921052631579,0
832,2024,6,0.0196078431372549,6.578431372549019,0
832,2024,7,0.01948051948051948,6.60064935064935,0
832,2024,8,0.01935483870967742,6.622580645161291,0
832,2024,10,0.019230769230769232,6.676282051282051,0
832,2024,11,0.01910828025477707,6.6847133757961785,0
832,2024,12,0.0189873417721519,6.737341772151899,0
832,2024,13,0.018867924528301886,6.764150943396227,0
832,2024,14,0.01875,6.771875,0
832,2024,15,0.018633540372670808,6.779503105590062,0
832,2024,16,0.018518518518518517,6.799382716049383,0
832,2024,17,0.018404907975460124,6.831288343558282,0
832,2024,18,0.018292682926829267,6.789634146341464,0
832,2024,19,0.01818181818181818,6.784848484848485,0
832,2024,20,0.018072289156626505,6.852409638554217,1
832,2024,22,0.023952095808383235,6.961077844311378,0
832,2024,23,0.023809523809523808,7.008928571428571,0
832,2024,24,0.023668639053254437,7.014792899408284,0
833,2015,8,0.0,0.0,0
833,2015,9,0.0,0.0,0
833,2015,10,0.0,0.0,0
833,2015,11,0.0,0.0,0
833,2015,12,0.0,0.0,0
833,2015,15,0.0,0.0,0
833,2015,19,0.0,0.0,0
835,2016,9,0.0,0.0,0
835,2016,11,0.0,0.0,0
835,2016,12,0.0,0.0,0
835,2016,13,0.0,0.0,0
835,2016,15,0.0,0.0,0
835,2016,16,0.0,0.0,0
835,2016,17,0.0,0.09090909090909091,0
835,2016,18,0.0,0.08333333333333333,0
835,2016,19,0.0,0.07692307692307693,0
835,2016,21,0.0,0.07142857142857142,0
835,2017,2,0.0,0.06666666666666667,0
835,2017,3,0.0,0.0625,0
835,2017,5,0.0,0.058823529411764705,0
835,2017,6,0.0,0.05555555555555555,0
835,2017,7,0.0,0.05263157894736842,0
835,2017,9,0.0,0.05,0
835,2017,11,0.0,0.047619047619047616,0
835,2017,12,0.0,0.045454545454545456,0
835,2017,14,0.0,0.043478260869565216,0
835,2017,15,0.0,0.375,0
835,2017,16,0.0,0.36,0
836,2016,6,0.0,0.0,0
836,2016,7,0.0,0.0,0
836,2016,9,0.0,0.0,0
836,2016,11,0.0,0.125,0
836,2016,12,0.0,0.1111111111111111,0
836,2016,15,0.0,0.1,0
836,2016,16,0.0,0.09090909090909091,0
836,2016,17,0.0,0.08333333333333333,0
836,2016,18,0.0,0.07692307692307693,0
836,2016,20,0.0,0.07142857142857142,0
836,2016,21,0.0,0.06666666666666667,0
836,2017,3,0.0,0.0625,0
836,2017,4,0.0,0.058823529411764705,0
836,2017,5,0.0,0.05555555555555555,0
836,2017,7,0.0,0.2631578947368421,0
836,2017,8,0.0,0.25,0
836,2017,9,0.0,0.2857142857142857,0
836,2017,10,0.0,0.2727272727272727,0
836,2017,11,0.0,0.2608695652173913,0
836,2017,13,0.0,0.25,0
836,2017,14,0.0,0.24,0
836,2017,15,0.0,0.23076923076923078,0
836,2017,16,0.0,0.2222222222222222,0
836,2017,18,0.0,0.21428571428571427,0
836,2017,19,0.0,0.20689655172413793,0
836,2017,20,0.0,0.2,0
837,2016,8,0.0,0.0,0
837,2016,9,0.0,0.0,0
837,2016,11,0.0,0.0,0
837,2016,12,0.0,0.0,0
838,2017,9,0.0,0.2,0
838,2017,10,0.0,0.16666666666666666,0
838,2017,11,0.0,0.14285714285714285,0
838,2017,12,0.0,0.25,0
838,2017,14,0.0,0.2222222222222222,0
838,2017,15,0.0,0.8,0
838,2017,16,0.0,1.2727272727272727,0
838,2017,17,0.0,1.1666666666666667,0
838,2017,18,0.0,1.0769230769230769,0
838,2017,20,0.0,1.0,0
838,2018,1,0.0,0.9333333333333333,0
838,2018,2,0.0,1.0,0
838,2018,3,0.0,1.1764705882352942,0
838,2018,4,0.0,1.1111111111111112,0
838,2018,6,0.0,1.1578947368421053,0
838,2018,7,0.0,1.1,0
838,2018,8,0.0,1.0476190476190477,0
838,2018,9,0.0,1.0,0
838,2018,10,0.0,0.9565217391304348,0
838,2018,11,0.0,0.9166666666666666,0
838,2018,13,0.0,0.88,0
838,2018,14,0.0,0.8461538461538461,0
838,2018,15,0.0,0.8148148148148148,0
838,2018,16,0.0,0.7857142857142857,0
838,2018,17,0.0,0.7586206896551724,0
838,2018,18,0.0,0.7333333333333333,0
838,2018,19,0.0,0.7096774193548387,0
838,2018,20,0.0,0.8125,0
838,2018,21,0.0,0.7878787878787878,0
839,2016,18,0.0,0.0,0
839,2016,19,0.0,0.0,0
839,2016,20,0.0,0.0,0
839,2016,21,0.0,0.0,0
839,2017,1,0.0,0.0,0
839,2017,2,0.0,0.1,0
839,2017,3,0.0,0.18181818181818182,0
839,2017,4,0.0,0.25,0
839,2017,5,0.0,0.6923076923076923,0
839,2017,6,0.0,1.3571428571428572,0
839,2017,7,0.0,1.2666666666666666,0
839,2017,8,0.0,1.6875,0
839,2017,9,0.0,2.0588235294117645,0
839,2017,10,0.0,2.1666666666666665,0
839,2017,11,0.0,2.263157894736842,0
839,2017,12,0.0,2.25,0
839,2017,13,0.0,2.238095238095238,0
839,2017,14,0.0,2.5,0
839,2017,15,0.0,2.4347826086956523,0
839,2017,16,0.0,2.375,0
839,2017,17,0.0,2.6,0
839,2017,18,0.0,2.8076923076923075,0
839,2017,20,0.0,3.074074074074074,0
839,2018,1,0.0,3.107142857142857,0
839,2018,2,0.0,3.0,0
839,2018,3,0.0,2.933333333333333,0
839,2018,6,0.0,2.838709677419355,0
839,2018,7,0.0,3.0,0
839,2018,9,0.0,2.9696969696969697,0
839,2018,10,0.0,3.1176470588235294,0
839,2018,11,0.0,3.2,0
839,2018,12,0.0,3.2222222222222223,0
839,2018,13,0.0,3.135135135135135,0
839,2018,14,0.0,3.263157894736842,0
839,2018,16,0.0,3.3846153846153846,0
839,2018,17,0.0,3.35,0
839,2018,19,0.0,3.317073170731707,0
839,2018,20,0.0,3.238095238095238,0
839,2020,1,0.0,3.1627906976744184,0
839,2020,3,0.0,3.1818181818181817,0
839,2020,4,0.0,3.111111111111111,0
839,2020,5,0.0,3.217391304347826,0
839,2020,6,0.0,3.234042553191489,0
839,2020,7,0.0,3.1666666666666665,0
839,2020,8,0.0,3.306122448979592,0
839,2020,10,0.0,3.32,0
839,2020,12,0.0,3.372549019607843,0
839,2020,14,0.0,3.3846153846153846,0
839,2020,15,0.0,3.3207547169811322,0
839,2020,16,0.0,3.2962962962962963,0
839,2020,17,0.0,3.5636363636363635,0
839,2021,1,0.0,3.5357142857142856,0
839,2021,2,0.0,3.473684210526316,0
839,2021,3,0.0,3.4482758620689653,0
839,2021,4,0.0,3.4915254237288136,0
839,2021,5,0.0,3.466666666666667,0
839,2021,7,0.0,3.442622950819672,0
839,2021,8,0.0,3.3870967741935485,0
839,2021,10,0.0,3.3333333333333335,0
839,2021,11,0.0,3.3125,1
839,2021,12,0.015384615384615385,3.646153846153846,0
839,2021,13,0.015151515151515152,3.6363636363636362,0
839,2021,14,0.014925373134328358,3.611940298507463,0
839,2021,15,0.014705882352941176,3.573529411764706,0
839,2021,16,0.014492753623188406,3.5217391304347827,0
839,2021,18,0.014285714285714285,3.4857142857142858,0
839,2021,19,0.014084507042253521,3.436619718309859,0
839,2021,20,0.013888888888888888,3.4444444444444446,0
839,2021,21,0.0136986301369863,3.5342465753424657,0
839,2021,22,0.013513513513513514,3.6486486486486487,0
839,2022,1,0.013333333333333334,3.6266666666666665,0
839,2022,2,0.013157894736842105,3.6578947368421053,0
839,2022,3,0.012987012987012988,3.7142857142857144,0
839,2022,4,0.01282051282051282,3.7435897435897436,0
839,2022,5,0.012658227848101266,3.6962025316455698,0
839,2022,6,0.0125,3.7,0
839,2022,7,0.012345679012345678,3.728395061728395,0
839,2022,8,0.012195121951219513,3.682926829268293,0
839,2022,9,0.012048192771084338,3.6506024096385543,0
839,2022,11,0.011904761904761904,3.7023809523809526,0
839,2022,12,0.011764705882352941,3.776470588235294,0
839,2022,13,0.011627906976744186,3.7790697674418605,0
839,2022,14,0.011494252873563218,3.7586206896551726,0
839,2022,15,0.011363636363636364,3.784090909090909,0
839,2022,16,0.011235955056179775,3.764044943820225,0
839,2022,18,0.011111111111111112,3.7222222222222223,0
839,2022,19,0.01098901098901099,3.8131868131868134,0
839,2022,20,0.010869565217391304,3.7717391304347827,0
839,2022,21,0.010752688172043012,3.774193548387097,0
839,2022,22,0.010638297872340425,3.776595744680851,0
839,2023,2,0.010526315789473684,3.8,0
839,2023,3,0.010416666666666666,3.8020833333333335,0
839,2023,4,0.010309278350515464,3.7628865979381443,0
839,2023,5,0.01020408163265306,3.7244897959183674,0
839,2023,6,0.010101010101010102,3.707070707070707,0
839,2023,7,0.01,3.82,0
839,2023,8,0.009900990099009901,3.8217821782178216,0
839,2023,9,0.00980392156862745,3.823529411764706,0
839,2023,12,0.009708737864077669,3.7864077669902914,0
839,2023,13,0.009615384615384616,3.7884615384615383,0
839,2023,16,0.009523809523809525,3.761904761904762,0
839,2023,17,0.009433962264150943,3.7452830188679247,0
839,2023,19,0.009345794392523364,3.7663551401869158,0
839,2023,20,0.009259259259259259,3.740740740740741,0
839,2023,21,0.009174311926605505,3.7155963302752295,0
839,2023,22,0.00909090909090909,3.790909090909091,0
839,2024,1,0.009009009009009009,3.7567567567567566,0
839,2024,2,0.008928571428571428,3.7232142857142856,0
839,2024,3,0.008849557522123894,3.690265486725664,0
839,2024,4,0.008771929824561403,3.6578947368421053,0
839,2024,5,0.008695652173913044,3.626086956521739,0
839,2024,6,0.008620689655172414,3.5948275862068964,0
839,2024,7,0.008547008547008548,3.572649572649573,0
839,2024,9,0.00847457627118644,3.542372881355932,0
839,2024,10,0.008403361344537815,3.5210084033613445,0
839,2024,11,0.008333333333333333,3.5,0
839,2024,12,0.008264462809917356,3.4710743801652892,0
839,2024,13,0.00819672131147541,3.442622950819672,0
839,2024,14,0.008130081300813009,3.4146341463414633,0
839,2024,15,0.008064516129032258,3.403225806451613,0
839,2024,16,0.008,3.376,0
839,2024,17,0.007936507936507936,3.3492063492063493,0
839,2024,18,0.007874015748031496,3.322834645669291,0
839,2024,19,0.0078125,3.296875,0
839,2024,20,0.007751937984496124,3.2713178294573644,0
839,2024,21,0.007692307692307693,3.246153846153846,0
839,2024,22,0.007633587786259542,3.3587786259541983,0
840,2017,9,0.0,3.4,0
840,2017,10,0.0,3.0,0
840,2017,11,0.0,2.5714285714285716,0
840,2017,12,0.0,2.25,0
840,2017,13,0.0,2.0,0
840,2017,14,0.0,2.4,0
840,2017,15,0.0,2.5454545454545454,0
840,2017,17,0.0,2.6666666666666665,0
840,2017,18,0.0,2.4615384615384617,0
840,2017,19,0.0,2.857142857142857,0
840,2017,20,0.0,2.6666666666666665,0
840,2018,1,0.0,2.5,0
840,2018,2,0.0,2.3529411764705883,0
840,2018,3,0.0,2.2222222222222223,0
840,2018,4,0.0,2.1052631578947367,0
840,2018,5,0.0,2.2,0
840,2018,6,0.0,2.0952380952380953,0
840,2018,8,0.0,2.0,0
840,2018,9,0.0,1.9130434782608696,0
840,2018,10,0.0,1.8333333333333333,0
840,2018,12,0.0,1.76,0
840,2018,13,0.0,1.6923076923076923,0
840,2018,14,0.0,1.6296296296296295,0
840,2018,15,0.0,1.6428571428571428,0
840,2018,16,0.0,1.5862068965517242,0
840,2018,17,0.0,1.5333333333333334,0
840,2018,18,0.0,1.4838709677419355,0
840,2018,19,0.0,1.4375,0
840,2018,20,0.0,1.393939393939394,0
840,2018,21,0.0,1.3529411764705883,0
840,2019,1,0.0,1.3142857142857143,0
840,2019,2,0.0,1.3333333333333333,0
840,2019,3,0.0,1.2972972972972974,0
840,2019,4,0.0,1.263157894736842,0
840,2019,6,0.0,1.2820512820512822,0
840,2019,7,0.0,1.25,0
840,2019,8,0.0,1.2682926829268293,0
840,2019,9,0.0,1.2380952380952381,0
840,2019,10,0.0,1.2093023255813953,0
840,2019,11,0.0,1.1818181818181819,0
840,2019,12,0.0,1.4222222222222223,0
840,2019,13,0.0,1.391304347826087,0
840,2019,14,0.0,1.3829787234042554,0
840,2019,15,0.0,1.3541666666666667,0
840,2019,16,0.0,1.3265306122448979,0
840,2019,17,0.0,1.3,0
840,2019,18,0.0,1.3137254901960784,0
840,2019,19,0.0,1.2884615384615385,0
840,2019,20,0.0,1.2641509433962264,0
840,2020,2,0.0,1.2407407407407407,0
840,2020,3,0.0,1.3272727272727274,0
840,2020,4,0.0,1.5178571428571428,0
840,2020,5,0.0,1.5263157894736843,0
840,2020,6,0.0,1.6379310344827587,0
840,2020,7,0.0,1.8135593220338984,0
840,2020,8,0.0,1.8166666666666667,0
840,2020,13,0.0,2.0327868852459017,0
840,2020,14,0.0,2.0,0
840,2020,16,0.0,2.0,0
840,2020,17,0.0,2.203125,0
840,2021,1,0.0,2.1846153846153844,0
840,2021,2,0.0,2.1666666666666665,0
840,2021,3,0.0,2.1940298507462686,0
840,2021,4,0.0,2.161764705882353,0
840,2021,5,0.0,2.130434782608696,0
840,2021,7,0.0,2.157142857142857,0
840,2021,8,0.0,2.140845070422535,0
840,2021,9,0.0,2.1666666666666665,0
840,2021,10,0.0,2.136986301369863,0
840,2021,12,0.0,2.1621621621621623,0
840,2021,13,0.0,2.1333333333333333,0
840,2021,14,0.0,2.1052631578947367,0
840,2021,15,0.0,2.155844155844156,0
840,2021,16,0.0,2.128205128205128,0
840,2021,17,0.0,2.1265822784810124,0
840,2021,18,0.0,2.1,0
840,2021,20,0.0,2.074074074074074,0
840,2021,21,0.0,2.1463414634146343,0
840,2021,22,0.0,2.1204819277108435,0
840,2022,1,0.0,2.0952380952380953,0
840,2022,2,0.0,2.070588235294118,0
840,2022,3,0.0,2.046511627906977,0
840,2022,4,0.0,2.0229885057471266,0
840,2022,5,0.0,2.0113636363636362,0
840,2022,6,0.0,2.0,0
840,2022,7,0.0,1.9777777777777779,0
840,2022,8,0.0,1.956043956043956,0
840,2022,9,0.0,1.934782608695652,0
840,2022,10,0.0,1.924731182795699,0
840,2022,11,0.0,1.9042553191489362,0
840,2022,12,0.0,1.8842105263157896,0
840,2022,13,0.0,1.875,0
840,2022,14,0.0,1.8556701030927836,0
840,2022,15,0.0,1.836734693877551,0
840,2022,17,0.0,1.8282828282828283,0
840,2022,18,0.0,1.89,0
840,2022,20,0.0,1.8712871287128714,0
840,2022,21,0.0,1.8529411764705883,0
840,2022,22,0.0,1.8446601941747574,0
840,2023,1,0.0,1.8653846153846154,0
840,2023,3,0.0,1.9238095238095239,0
840,2023,4,0.0,2.018867924528302,0
840,2023,5,0.0,2.05607476635514,0
840,2023,7,0.0,2.037037037037037,0
840,2023,8,0.0,2.091743119266055,0
840,2023,9,0.0,2.090909090909091,0
840,2023,10,0.0,2.09009009009009,0
840,2023,11,0.0,2.0714285714285716,0
840,2023,12,0.0,2.061946902654867,0
840,2023,13,0.0,2.06140350877193,0
840,2023,14,0.0,2.0434782608695654,0
840,2023,17,0.0,2.0258620689655173,0
840,2023,18,0.0,2.0085470085470085,0
840,2023,19,0.0,2.042372881355932,0
840,2023,20,0.0,2.0252100840336134,0
840,2023,21,0.0,2.091666666666667,0
840,2023,22,0.0,2.15702479338843,0
840,2024,1,0.0,2.1475409836065573,0
840,2024,3,0.0,2.138211382113821,0
840,2024,4,0.0,2.185483870967742,0
840,2024,5,0.0,2.168,0
840,2024,6,0.0,2.1507936507936507,0
840,2024,7,0.0,2.1338582677165356,0
840,2024,8,0.0,2.1328125,0
840,2024,9,0.0,2.116279069767442,0
840,2024,10,0.0,2.146153846153846,0
840,2024,11,0.0,2.1297709923664123,0
840,2024,12,0.0,2.1136363636363638,0
840,2024,13,0.0,2.142857142857143,0
840,2024,14,0.0,2.1343283582089554,0
840,2024,15,0.0,2.1185185185185187,0
840,2024,16,0.0,2.1029411764705883,0
840,2024,17,0.0,2.0875912408759123,0
840,2024,18,0.0,2.072463768115942,0
840,2024,19,0.0,2.0575539568345325,0
840,2024,20,0.0,2.0428571428571427,0
840,2024,22,0.0,2.028368794326241,0
840,2024,24,0.0,2.0140845070422535,0
841,2019,5,0.0,0.0,0
841,2019,6,0.0,0.0,0
841,2019,7,0.0,0.0,0
841,2019,8,0.0,0.0,0
841,2019,9,0.0,0.0,0
841,2019,11,0.0,0.1,0
841,2019,12,0.0,0.09090909090909091,0
841,2019,13,0.0,0.08333333333333333,0
841,2019,14,0.0,0.07692307692307693,0
841,2019,15,0.0,0.21428571428571427,0
841,2019,16,0.0,0.26666666666666666,0
841,2019,17,0.0,0.25,0
841,2019,18,0.0,0.23529411764705882,0
841,2019,19,0.0,0.2222222222222222,0
841,2019,20,0.0,0.21052631578947367,0
841,2019,21,0.0,0.7,0
841,2020,1,0.0,0.6666666666666666,0
841,2020,2,0.0,0.7272727272727273,0
841,2020,3,0.0,0.6956521739130435,0
841,2020,4,0.0,0.6666666666666666,0
841,2020,5,0.0,0.64,0
841,2020,6,0.0,0.6153846153846154,0
841,2020,8,0.0,0.5925925925925926,0
841,2020,10,0.0,0.5714285714285714,0
841,2020,11,0.0,0.5517241379310345,0
841,2020,12,0.0,0.5666666666666667,0
841,2020,13,0.0,0.5483870967741935,0
841,2020,15,0.0,0.5625,0
841,2020,16,0.0,0.5454545454545454,0
841,2020,17,0.0,0.5294117647058824,0
841,2021,1,0.0,0.5142857142857142,0
841,2021,2,0.0,0.5,0
841,2021,3,0.0,0.4864864864864865,0
841,2021,4,0.0,0.47368421052631576,0
841,2021,5,0.0,0.46153846153846156,0
841,2021,6,0.0,0.475,0
841,2021,7,0.0,0.4634146341463415,0
841,2021,8,0.0,0.4523809523809524,0
841,2021,9,0.0,0.4418604651162791,0
841,2021,10,0.0,0.4318181818181818,0
841,2021,11,0.0,0.4222222222222222,0
841,2021,12,0.0,0.41304347826086957,0
841,2021,13,0.0,0.40425531914893614,0
841,2021,14,0.0,0.3958333333333333,0
841,2021,15,0.0,0.3877551020408163,0
841,2021,16,0.0,0.38,0
841,2021,17,0.0,0.37254901960784315,0
841,2021,18,0.0,0.36538461538461536,0
841,2021,19,0.0,0.3584905660377358,0
841,2021,20,0.0,0.35185185185185186,0
841,2021,21,0.0,0.34545454545454546,0
842,2018,2,0.0,0.0,0
842,2018,3,0.0,2.0,0
842,2018,4,0.0,1.7142857142857142,0
842,2018,6,0.0,1.5,0
842,2018,7,0.0,2.0,0
842,2018,9,0.0,1.8,0
842,2018,10,0.0,1.6363636363636365,0
842,2018,11,0.0,1.5,0
842,2018,12,0.0,1.3846153846153846,0
842,2018,13,0.0,1.8571428571428572,0
842,2018,14,0.0,1.8666666666666667,0
842,2018,15,0.0,1.75,0
842,2018,17,0.0,1.6470588235294117,0
842,2018,18,0.0,1.5555555555555556,0
842,2018,19,0.0,1.4736842105263157,0
842,2018,20,0.0,1.45,0
842,2019,1,0.0,1.380952380952381,0
842,2019,2,0.0,1.3181818181818181,0
842,2019,3,0.0,1.434782608695652,0
842,2019,5,0.0,1.75,0
842,2019,6,0.0,2.0,0
842,2019,7,0.0,2.3461538461538463,0
842,2019,8,0.0,2.4074074074074074,0
842,2019,9,0.0,2.357142857142857,0
842,2019,10,0.0,2.4827586206896552,0
842,2019,11,0.0,2.8,0
842,2019,12,0.0,2.7096774193548385,0
842,2019,13,0.0,2.875,0
842,2019,14,0.0,2.8484848484848486,0
842,2019,15,0.0,2.764705882352941,0
842,2019,16,0.0,2.8,0
842,2019,17,0.0,2.7222222222222223,0
842,2019,18,0.0,2.810810810810811,0
842,2019,19,0.0,2.789473684210526,0
842,2019,20,0.0,2.717948717948718,0
842,2019,21,0.0,3.1,0
842,2020,1,0.0,3.024390243902439,0
842,2020,2,0.0,3.0952380952380953,0
842,2020,4,0.0,3.0232558139534884,0
842,2020,5,0.0,3.090909090909091,0
842,2020,6,0.0,3.022222222222222,0
842,2020,7,0.0,3.0,0
842,2020,8,0.0,3.021276595744681,1
842,2020,10,0.020833333333333332,3.4791666666666665,0
842,2020,11,0.02040816326530612,3.4489795918367347,0
842,2020,12,0.02,3.54,0
842,2020,14,0.0196078431372549,3.6666666666666665,0
842,2020,15,0.019230769230769232,3.5961538461538463,0
842,2020,16,0.018867924528301886,3.6792452830188678,0
842,2020,17,0.018518518518518517,3.611111111111111,0
842,2021,1,0.01818181818181818,3.618181818181818,0
842,2021,2,0.017857142857142856,3.5535714285714284,0
842,2021,3,0.017543859649122806,3.5964912280701755,0
842,2021,4,0.017241379310344827,3.5517241379310347,0
842,2021,5,0.01694915254237288,3.5084745762711864,0
842,2021,6,0.016666666666666666,3.5833333333333335,0
842,2021,7,0.01639344262295082,3.7704918032786887,0
842,2021,9,0.016129032258064516,3.806451612903226,0
842,2021,10,0.015873015873015872,3.7777777777777777,0
842,2021,11,0.015625,3.71875,0
842,2021,12,0.015384615384615385,3.830769230769231,0
842,2021,13,0.015151515151515152,3.8333333333333335,0
842,2021,15,0.014925373134328358,3.955223880597015,0
842,2021,16,0.014705882352941176,3.8970588235294117,0
842,2021,18,0.014492753623188406,3.9565217391304346,0
842,2021,19,0.014285714285714285,4.071428571428571,0
842,2021,20,0.014084507042253521,4.098591549295775,0
842,2021,21,0.013888888888888888,4.041666666666667,0
842,2021,22,0.0136986301369863,4.095890410958904,0
842,2022,2,0.013513513513513514,4.175675675675675,0
842,2022,3,0.013333333333333334,4.173333333333333,0
842,2022,4,0.013157894736842105,4.144736842105263,0
842,2022,6,0.012987012987012988,4.090909090909091,0
842,2022,7,0.01282051282051282,4.038461538461538,0
842,2022,8,0.012658227848101266,3.9873417721518987,0
842,2022,9,0.0125,4.0625,0
842,2022,11,0.012345679012345678,4.012345679012346,0
842,2022,12,0.012195121951219513,3.9634146341463414,0
842,2022,13,0.012048192771084338,3.9156626506024095,0
842,2022,14,0.011904761904761904,3.869047619047619,0
842,2022,15,0.011764705882352941,3.847058823529412,0
842,2022,16,0.011627906976744186,3.802325581395349,0
842,2022,17,0.011494252873563218,3.8045977011494254,0
842,2022,18,0.011363636363636364,3.772727272727273,0
842,2022,19,0.011235955056179775,3.730337078651685,0
842,2022,20,0.011111111111111112,3.688888888888889,0
842,2022,21,0.01098901098901099,3.6483516483516483,0
842,2022,22,0.010869565217391304,3.608695652173913,0
842,2023,1,0.010752688172043012,3.5698924731182795,0
842,2023,2,0.010638297872340425,3.5531914893617023,0
842,2023,3,0.010526315789473684,3.536842105263158,0
842,2023,4,0.010416666666666666,3.5,0
842,2023,5,0.010309278350515464,3.463917525773196,0
842,2023,6,0.01020408163265306,3.4693877551020407,0
842,2023,7,0.010101010101010102,3.494949494949495,0
842,2023,8,0.01,3.47,0
842,2023,9,0.009900990099009901,3.4356435643564356,0
842,2023,10,0.00980392156862745,3.411764705882353,0
842,2023,12,0.009708737864077669,3.378640776699029,0
842,2023,13,0.009615384615384616,3.3461538461538463,0
842,2023,14,0.009523809523809525,3.4571428571428573,0
842,2023,15,0.009433962264150943,3.4245283018867925,0
842,2023,16,0.009345794392523364,3.467289719626168,0
842,2023,17,0.009259259259259259,3.4444444444444446,0
842,2023,18,0.009174311926605505,3.4128440366972477,0
842,2023,19,0.00909090909090909,3.4545454545454546,0
842,2023,20,0.009009009009009009,3.4234234234234235,0
842,2023,21,0.008928571428571428,3.4464285714285716,0
842,2023,22,0.008849557522123894,3.415929203539823,0
842,2024,1,0.008771929824561403,3.3859649122807016,0
842,2024,3,0.008695652173913044,3.356521739130435,0
842,2024,4,0.008620689655172414,3.3275862068965516,0
842,2024,5,0.008547008547008548,3.299145299145299,0
842,2024,6,0.00847457627118644,3.2711864406779663,0
842,2024,7,0.008403361344537815,3.2436974789915967,0
842,2024,8,0.008333333333333333,3.216666666666667,0
842,2024,9,0.008264462809917356,3.1983471074380163,0
842,2024,10,0.00819672131147541,3.1885245901639343,0
842,2024,11,0.008130081300813009,3.178861788617886,0
842,2024,14,0.008064516129032258,3.161290322580645,0
842,2024,15,0.008,3.136,0
842,2024,16,0.007936507936507936,3.126984126984127,0
842,2024,17,0.007874015748031496,3.1023622047244093,0
842,2024,18,0.0078125,3.078125,0
842,2024,19,0.007751937984496124,3.054263565891473,0
842,2024,20,0.007692307692307693,3.0307692307692307,0
842,2024,21,0.007633587786259542,3.015267175572519,0
842,2024,23,0.007575757575757576,3.106060606060606,0
842,2024,24,0.007518796992481203,3.1578947368421053,0
843,2018,4,0.0,0.0,0
843,2018,5,0.0,0.16666666666666666,0
843,2018,8,0.0,0.14285714285714285,0
843,2018,11,0.0,0.125,0
843,2018,12,0.0,0.2222222222222222,0
843,2018,13,0.0,0.2,0
843,2018,15,0.0,0.18181818181818182,0
843,2018,17,0.0,0.16666666666666666,0
843,2018,18,0.0,0.15384615384615385,0
843,2018,19,0.0,0.2857142857142857,0
843,2018,20,0.0,0.26666666666666666,0
843,2018,21,0.0,0.25,0
844,2018,7,0.0,1.8,0
844,2018,8,0.0,1.6666666666666667,0
844,2018,9,0.0,1.5714285714285714,0
844,2018,11,0.0,1.625,0
844,2018,14,0.0,1.4444444444444444,0
844,2018,15,0.0,1.3,0
844,2018,16,0.0,1.3636363636363635,0
844,2018,19,0.0,1.75,0
844,2018,20,0.0,2.076923076923077,0
844,2018,21,0.0,2.357142857142857,0
844,2019,1,0.0,2.6,0
844,2019,2,0.0,3.0625,0
844,2019,3,0.0,3.823529411764706,0
844,2019,4,0.0,4.166666666666667,0
844,2019,5,0.0,4.526315789473684,0
844,2019,7,0.0,4.8,0
844,2019,8,0.0,5.285714285714286,0
844,2019,9,0.0,5.7272727272727275,0
844,2019,10,0.0,6.260869565217392,0
844,2019,12,0.0,6.625,0
844,2019,13,0.0,6.84,1
844,2019,14,0.038461538461538464,7.538461538461538,1
844,2019,15,0.07407407407407407,8.185185185185185,0
844,2019,16,0.07142857142857142,8.535714285714286,0
844,2019,17,0.06896551724137931,8.758620689655173,0
844,2019,18,0.06666666666666667,8.733333333333333,0
844,2019,19,0.06451612903225806,8.870967741935484,0
844,2019,20,0.0625,9.0,0
844,2019,21,0.06060606060606061,8.727272727272727,0
844,2020,1,0.058823529411764705,8.911764705882353,0
844,2020,3,0.05714285714285714,9.17142857142857,0
844,2020,4,0.05555555555555555,8.916666666666666,0
844,2020,5,0.05405405405405406,9.08108108108108,0
844,2020,7,0.05263157894736842,9.157894736842104,0
844,2020,9,0.05128205128205128,8.923076923076923,0
844,2020,10,0.05,8.8,0
844,2020,11,0.04878048780487805,8.78048780487805,0
844,2020,12,0.047619047619047616,8.714285714285714,0
844,2020,13,0.046511627906976744,8.790697674418604,0
844,2020,14,0.045454545454545456,8.818181818181818,0
844,2020,15,0.044444444444444446,8.88888888888889,0
844,2020,17,0.043478260869565216,8.717391304347826,0
844,2021,1,0.0425531914893617,8.53191489361702,0
844,2021,2,0.041666666666666664,8.520833333333334,0
844,2021,3,0.04081632653061224,8.591836734693878,0
844,2021,4,0.04,8.58,0
844,2021,6,0.0392156862745098,8.647058823529411,0
844,2021,7,0.038461538461538464,8.711538461538462,0
844,2021,8,0.03773584905660377,8.547169811320755,0
844,2021,9,0.037037037037037035,8.5,0
844,2021,10,0.03636363636363636,8.418181818181818,0
844,2021,12,0.03571428571428571,8.589285714285714,0
844,2021,13,0.03508771929824561,8.473684210526315,0
844,2021,14,0.034482758620689655,8.5,0
844,2021,15,0.03389830508474576,8.559322033898304,0
844,2021,16,0.03333333333333333,8.416666666666666,0
844,2021,17,0.03278688524590164,8.475409836065573,0
844,2021,18,0.03225806451612903,8.53225806451613,0
844,2021,19,0.031746031746031744,8.555555555555555,0
844,2021,20,0.03125,8.578125,0
844,2021,21,0.03076923076923077,8.507692307692308,0
844,2021,22,0.030303030303030304,8.469696969696969,0
844,2022,1,0.029850746268656716,8.35820895522388,1
844,2022,2,0.04411764705882353,8.617647058823529,0
844,2022,3,0.043478260869565216,8.768115942028986,1
844,2022,4,0.05714285714285714,9.014285714285714,0
844,2022,5,0.056338028169014086,9.0,0
844,2022,7,0.05555555555555555,9.125,0
844,2022,9,0.0547945205479452,9.164383561643836,0
844,2022,10,0.05405405405405406,9.175675675675675,0
844,2022,11,0.05333333333333334,9.213333333333333,1
844,2022,13,0.06578947368421052,9.421052631578947,0
844,2022,14,0.06493506493506493,9.402597402597403,0
844,2022,15,0.0641025641025641,9.384615384615385,0
844,2022,16,0.06329113924050633,9.455696202531646,0
844,2022,17,0.0625,9.5625,0
844,2022,18,0.06172839506172839,9.666666666666666,0
844,2022,19,0.06097560975609756,9.731707317073171,0
844,2022,20,0.060240963855421686,9.795180722891565,0
844,2022,21,0.05952380952380952,9.773809523809524,0
844,2022,22,0.058823529411764705,9.8,0
844,2023,2,0.05813953488372093,9.895348837209303,0
844,2023,4,0.05747126436781609,9.850574712643677,0
844,2023,5,0.056818181818181816,9.909090909090908,0
844,2023,6,0.056179775280898875,9.865168539325843,0
844,2023,7,0.05555555555555555,9.844444444444445,0
844,2023,8,0.054945054945054944,9.736263736263735,0
844,2023,9,0.05434782608695652,9.76086956521739,0
844,2023,10,0.053763440860215055,9.849462365591398,0
844,2023,11,0.05319148936170213,9.76595744680851,0
844,2023,12,0.05263157894736842,9.726315789473684,0
844,2023,14,0.052083333333333336,9.78125,0
844,2023,15,0.05154639175257732,9.804123711340207,0
844,2023,16,0.05102040816326531,9.826530612244898,0
844,2023,17,0.050505050505050504,9.848484848484848,0
844,2023,19,0.05,9.85,0
844,2023,21,0.04950495049504951,9.900990099009901,0
844,2023,22,0.049019607843137254,9.980392156862745,0
844,2024,1,0.04854368932038835,10.058252427184467,0
844,2024,2,0.04807692307692308,10.076923076923077,0
844,2024,3,0.047619047619047616,10.133333333333333,0
844,2024,4,0.04716981132075472,10.216981132075471,0
844,2024,5,0.04672897196261682,10.233644859813085,0
844,2024,6,0.046296296296296294,10.25,0
844,2024,7,0.045871559633027525,10.293577981651376,0
844,2024,8,0.045454545454545456,10.336363636363636,1
844,2024,10,0.05405405405405406,10.468468468468469,0
844,2024,11,0.05357142857142857,10.464285714285714,0
844,2024,12,0.05309734513274336,10.371681415929203,0
844,2024,13,0.05263157894736842,10.280701754385966,0
844,2024,14,0.05217391304347826,10.295652173913043,0
844,2024,15,0.05172413793103448,10.336206896551724,0
844,2024,16,0.05128205128205128,10.376068376068377,1
844,2024,17,0.059322033898305086,10.5,0
844,2024,18,0.058823529411764705,10.563025210084033,0
844,2024,19,0.058333333333333334,10.558333333333334,1
844,2024,20,0.06611570247933884,10.677685950413224,0
844,2024,21,0.06557377049180328,10.721311475409836,0
844,2024,22,0.06504065040650407,10.715447154471544,0
844,2024,23,0.06451612903225806,10.725806451612904,0
844,2024,24,0.064,10.784,0
845,2018,8,0.0,0.0,0
845,2018,9,0.0,0.0,0
845,2018,10,0.0,0.0,0
845,2018,12,0.0,0.0,0
845,2018,13,0.0,0.0,0
845,2018,14,0.0,0.0,0
845,2018,15,0.0,0.09090909090909091,0
845,2018,16,0.0,0.08333333333333333,0
845,2018,17,0.0,0.07692307692307693,0
845,2018,18,0.0,0.07142857142857142,0
845,2018,19,0.0,0.06666666666666667,0
845,2018,20,0.0,0.0625,0
845,2018,21,0.0,0.058823529411764705,0
846,2019,8,0.0,2.4,0
846,2019,9,0.0,2.3333333333333335,0
846,2019,10,0.0,3.142857142857143,0
846,2019,12,0.0,2.75,0
846,2019,13,0.0,2.6666666666666665,0
846,2019,14,0.0,2.4,0
846,2019,15,0.0,2.272727272727273,0
846,2019,16,0.0,2.5833333333333335,0
846,2019,17,0.0,2.6923076923076925,0
846,2019,19,0.0,2.5,0
846,2019,20,0.0,2.7333333333333334,0
846,2019,21,0.0,2.8125,0
846,2020,1,0.0,2.8823529411764706,0
846,2020,2,0.0,3.611111111111111,0
846,2020,3,0.0,3.9473684210526314,0
846,2020,4,0.0,3.75,0
846,2020,5,0.0,4.0476190476190474,0
846,2020,6,0.0,3.9545454545454546,0
846,2020,7,0.0,3.8260869565217392,0
846,2020,8,0.0,3.9166666666666665,0
846,2020,9,0.0,4.24,0
846,2020,10,0.0,4.384615384615385,0
846,2020,12,0.0,4.222222222222222,0
846,2020,13,0.0,4.071428571428571,0
846,2020,14,0.0,4.068965517241379,0
846,2020,15,0.0,4.1,0
846,2020,16,0.0,4.354838709677419,0
846,2020,17,0.0,4.25,0
846,2021,1,0.0,4.424242424242424,0
846,2021,2,0.0,4.647058823529412,0
846,2021,3,0.0,4.942857142857143,0
846,2021,4,0.0,5.083333333333333,0
846,2021,5,0.0,5.054054054054054,0
846,2021,6,0.0,5.315789473684211,0
846,2021,7,0.0,5.435897435897436,0
846,2021,8,0.0,5.55,0
846,2021,9,0.0,5.658536585365853,0
846,2021,10,0.0,5.880952380952381,0
846,2021,12,0.0,6.023255813953488,0
846,2021,13,0.0,5.886363636363637,0
846,2021,14,0.0,5.777777777777778,0
846,2021,15,0.0,6.043478260869565,0
846,2021,16,0.0,6.0638297872340425,0
846,2021,17,0.0,6.0625,0
846,2021,18,0.0,6.020408163265306,0
846,2021,19,0.0,5.92,0
846,2021,20,0.0,5.823529411764706,0
846,2021,21,0.0,5.75,0
846,2021,22,0.0,5.660377358490566,0
846,2022,1,0.0,5.666666666666667,0
846,2022,2,0.0,5.5636363636363635,0
846,2022,3,0.0,5.571428571428571,0
846,2022,4,0.0,5.649122807017544,0
846,2022,6,0.0,5.810344827586207,0
846,2022,7,0.0,5.779661016949152,0
846,2022,8,0.0,5.833333333333333,0
846,2022,9,0.0,5.770491803278689,0
846,2022,10,0.0,5.67741935483871,0
846,2022,11,0.0,5.714285714285714,0
846,2022,12,0.0,5.71875,0
846,2022,13,0.0,5.723076923076923,0
846,2022,14,0.0,5.7272727272727275,0
846,2022,15,0.0,5.641791044776119,0
846,2022,16,0.0,5.647058823529412,0
846,2022,17,0.0,5.6521739130434785,0
846,2022,18,0.0,5.742857142857143,0
846,2022,19,0.0,5.676056338028169,0
846,2022,20,0.0,5.708333333333333,0
846,2022,22,0.0,5.657534246575342,0
846,2023,1,0.0,5.702702702702703,0
846,2023,2,0.0,5.626666666666667,0
846,2023,3,0.0,5.552631578947368,0
846,2023,4,0.0,5.584415584415584,0
846,2023,5,0.0,5.538461538461538,0
846,2023,6,0.0,5.468354430379747,0
846,2023,7,0.0,5.425,0
846,2023,8,0.0,5.3580246913580245,0
846,2023,9,0.0,5.2926829268292686,0
846,2023,10,0.0,5.373493975903615,0
846,2023,11,0.0,5.523809523809524,0
846,2023,12,0.0,5.670588235294118,0
846,2023,13,0.0,5.674418604651163,0
846,2023,14,0.0,5.67816091954023,0
846,2023,15,0.0,5.659090909090909,0
846,2023,16,0.0,5.797752808988764,0
846,2023,17,0.0,5.933333333333334,0
846,2023,18,0.0,6.032967032967033,0
846,2023,19,0.0,6.163043478260869,0
846,2023,20,0.0,6.204301075268817,0
846,2023,22,0.0,6.340425531914893,0
846,2024,1,0.0,6.378947368421053,0
846,2024,2,0.0,6.395833333333333,0
846,2024,3,0.0,6.371134020618556,0
846,2024,4,0.0,6.459183673469388,0
846,2024,5,0.0,6.494949494949495,0
846,2024,6,0.0,6.61,1
846,2024,7,0.009900990099009901,6.792079207920792,0
846,2024,8,0.00980392156862745,6.901960784313726,0
846,2024,9,0.009708737864077669,6.951456310679611,0
846,2024,10,0.009615384615384616,7.0576923076923075,0
846,2024,11,0.009523809523809525,7.171428571428572,0
846,2024,12,0.009433962264150943,7.10377358490566,0
846,2024,13,0.009345794392523364,7.177570093457944,0
846,2024,14,0.009259259259259259,7.277777777777778,0
846,2024,15,0.009174311926605505,7.302752293577981,1
846,2024,16,0.01818181818181818,7.472727272727273,0
846,2024,17,0.018018018018018018,7.54954954954955,0
846,2024,18,0.017857142857142856,7.598214285714286,1
846,2024,19,0.02654867256637168,7.752212389380531,0
846,2024,20,0.02631578947368421,7.7894736842105265,0
846,2024,21,0.02608695652173913,7.878260869565217,0
846,2024,22,0.02586206896551724,7.879310344827586,0
846,2024,23,0.02564102564102564,7.888888888888889,0
846,2024,24,0.025423728813559324,7.838983050847458,1
847,2019,6,0.0,0.0,0
847,2019,7,0.0,0.0,0
847,2019,8,0.0,0.0,0
847,2019,9,0.0,0.0,0
847,2019,10,0.0,0.0,0
847,2019,11,0.0,0.0,0
847,2019,12,0.0,0.0,0
847,2019,13,0.0,0.0,0
847,2019,14,0.0,0.0,0
847,2019,17,0.0,0.0,0
847,2019,18,0.0,0.0,0
847,2019,19,0.0,0.0,0
847,2019,20,0.0,0.0,0
847,2019,21,0.0,0.0,0
847,2020,2,0.0,0.0,0
847,2020,3,0.0,0.0,0
847,2020,4,0.0,0.0,0
847,2020,5,0.0,0.0,0
847,2020,6,0.0,0.0,0
847,2020,8,0.0,0.0,0
847,2020,9,0.0,0.0,0
847,2020,10,0.0,0.0,0
847,2020,12,0.0,0.0,0
847,2020,14,0.0,0.0,0
847,2020,15,0.0,0.0,0
847,2020,16,0.0,0.0,0
847,2020,17,0.0,0.0967741935483871,0
847,2021,1,0.0,0.09375,0
847,2021,3,0.0,0.09090909090909091,0
847,2021,4,0.0,0.08823529411764706,0
847,2021,5,0.0,0.08571428571428572,0
847,2021,7,0.0,0.08333333333333333,0
847,2021,9,0.0,0.08108108108108109,0
847,2021,10,0.0,0.07894736842105263,0
847,2021,11,0.0,0.07692307692307693,0
847,2021,12,0.0,0.175,0
847,2021,13,0.0,0.3902439024390244,0
847,2021,14,0.0,0.38095238095238093,0
847,2021,15,0.0,0.4186046511627907,0
847,2021,16,0.0,0.4318181818181818,0
847,2021,17,0.0,0.4222222222222222,0
847,2021,18,0.0,0.41304347826086957,0
847,2021,19,0.0,0.40425531914893614,0
847,2021,20,0.0,0.3958333333333333,0
847,2022,1,0.0,0.3877551020408163,0
847,2022,2,0.0,0.62,0
847,2022,3,0.0,0.803921568627451,0
847,2022,4,0.0,1.0769230769230769,0
847,2022,5,0.0,1.2830188679245282,0
847,2022,6,0.0,1.4444444444444444,0
847,2022,7,0.0,1.690909090909091,0
847,2022,8,0.0,1.8392857142857142,0
847,2022,9,0.0,2.0701754385964914,0
847,2022,11,0.0,2.2413793103448274,0
847,2022,12,0.0,2.406779661016949,0
847,2022,13,0.0,2.6166666666666667,0
847,2022,14,0.0,2.819672131147541,0
847,2022,15,0.0,2.967741935483871,0
847,2022,16,0.0,3.2063492063492065,0
847,2022,17,0.0,3.390625,0
847,2022,18,0.0,3.3384615384615386,0
847,2022,19,0.0,3.3484848484848486,0
847,2022,20,0.0,3.462686567164179,0
847,2022,21,0.0,3.6029411764705883,1
847,2022,22,0.014492753623188406,3.927536231884058,0
847,2023,1,0.014285714285714285,4.014285714285714,0
847,2023,2,0.014084507042253521,4.042253521126761,0
847,2023,4,0.013888888888888888,4.152777777777778,0
847,2023,5,0.0136986301369863,4.164383561643835,0
847,2023,6,0.013513513513513514,4.27027027027027,0
847,2023,7,0.013333333333333334,4.346666666666667,0
847,2023,9,0.013157894736842105,4.4868421052631575,0
847,2023,10,0.012987012987012988,4.5064935064935066,0
847,2023,11,0.01282051282051282,4.576923076923077,0
847,2023,12,0.012658227848101266,4.620253164556962,0
847,2023,13,0.0125,4.6625,0
847,2023,14,0.012345679012345678,4.604938271604938,0
847,2023,15,0.012195121951219513,4.670731707317073,0
847,2023,16,0.012048192771084338,4.614457831325301,0
847,2023,17,0.011904761904761904,4.630952380952381,0
847,2023,18,0.011764705882352941,4.7176470588235295,0
847,2023,19,0.011627906976744186,4.77906976744186,0
847,2023,21,0.011494252873563218,4.816091954022989,0
847,2023,22,0.011363636363636364,4.806818181818182,0
847,2024,1,0.011235955056179775,4.921348314606742,0
847,2024,2,0.011111111111111112,4.977777777777778,0
847,2024,3,0.01098901098901099,5.010989010989011,0
847,2024,4,0.010869565217391304,4.956521739130435,0
847,2024,5,0.010752688172043012,4.967741935483871,0
847,2024,6,0.010638297872340425,5.0,0
847,2024,7,0.010526315789473684,4.989473684210527,0
847,2024,8,0.010416666666666666,5.010416666666667,0
847,2024,9,0.010309278350515464,5.061855670103093,0
847,2024,10,0.01020408163265306,5.163265306122449,0
847,2024,11,0.010101010101010102,5.232323232323233,1
847,2024,13,0.02,5.43,0
847,2024,15,0.019801980198019802,5.425742574257426,0
847,2024,16,0.0196078431372549,5.431372549019608,0
847,2024,17,0.019417475728155338,5.436893203883495,0
847,2024,18,0.019230769230769232,5.528846153846154,0
847,2024,19,0.01904761904761905,5.59047619047619,0
847,2024,20,0.018867924528301886,5.613207547169812,0
847,2024,21,0.018691588785046728,5.654205607476635,0
847,2024,22,0.018518518518518517,5.712962962962963,1
847,2024,23,0.027522935779816515,5.889908256880734,0
847,2024,24,0.02727272727272727,5.945454545454545,0
848,2019,6,0.0,0.6,0
848,2019,8,0.0,1.1666666666666667,0
848,2019,9,0.0,1.0,0
848,2019,10,0.0,0.875,0
848,2019,11,0.0,0.7777777777777778,0
848,2019,12,0.0,1.5,0
848,2019,13,0.0,1.4545454545454546,0
848,2019,14,0.0,2.1666666666666665,0
848,2019,15,0.0,2.6153846153846154,0
848,2019,16,0.0,3.0,0
848,2019,17,0.0,3.466666666666667,0
848,2019,18,0.0,4.0,0
848,2019,19,0.0,4.352941176470588,0
848,2019,20,0.0,4.666666666666667,0
848,2019,21,0.0,4.421052631578948,0
848,2020,1,0.0,4.6,0
848,2020,2,0.0,4.380952380952381,0
848,2020,3,0.0,4.7272727272727275,0
848,2020,4,0.0,4.956521739130435,0
848,2020,5,0.0,4.916666666666667,0
848,2020,6,0.0,5.12,0
848,2020,7,0.0,5.076923076923077,0
848,2020,8,0.0,5.185185185185185,0
848,2020,9,0.0,5.0,0
848,2020,10,0.0,5.344827586206897,0
848,2020,12,0.0,5.2,0
848,2020,13,0.0,5.032258064516129,0
848,2020,14,0.0,4.875,0
848,2020,15,0.0,4.909090909090909,0
848,2020,16,0.0,5.205882352941177,0
848,2020,17,0.0,5.285714285714286,0
848,2022,1,0.0,5.472222222222222,0
848,2022,2,0.0,5.324324324324325,0
848,2022,3,0.0,5.184210526315789,0
848,2022,4,0.0,5.076923076923077,0
848,2022,5,0.0,4.95,0
848,2022,6,0.0,4.878048780487805,0
848,2022,8,0.0,4.761904761904762,0
848,2022,9,0.0,4.651162790697675,0
848,2022,11,0.0,4.545454545454546,0
848,2022,12,0.0,4.444444444444445,0
848,2022,13,0.0,4.3478260869565215,0
848,2022,14,0.0,4.25531914893617,0
848,2022,15,0.0,4.1875,0
848,2022,19,0.0,4.1020408163265305,0
848,2022,20,0.0,4.02,0
848,2022,21,0.0,3.9411764705882355,0
848,2022,22,0.0,3.8653846153846154,0
848,2023,1,0.0,3.792452830188679,0
848,2023,4,0.0,3.740740740740741,0
848,2023,5,0.0,3.672727272727273,0
848,2023,6,0.0,3.607142857142857,0
848,2023,7,0.0,3.543859649122807,0
848,2023,8,0.0,3.4827586206896552,0
848,2023,9,0.0,3.5254237288135593,0
848,2023,10,0.0,3.466666666666667,0
848,2023,11,0.0,3.4754098360655736,0
848,2023,12,0.0,3.4193548387096775,0
848,2023,13,0.0,3.365079365079365,0
848,2023,14,0.0,3.375,0
848,2023,15,0.0,3.4153846153846152,0
848,2023,17,0.0,3.3636363636363638,0
848,2023,18,0.0,3.3134328358208953,0
848,2023,19,0.0,3.2941176470588234,0
848,2023,21,0.0,3.2753623188405796,0
848,2023,22,0.0,3.2285714285714286,0
848,2024,1,0.0,3.183098591549296,0
848,2024,2,0.0,3.138888888888889,0
848,2024,3,0.0,3.095890410958904,0
848,2024,5,0.0,3.054054054054054,0
848,2024,6,0.0,3.013333333333333,0
848,2024,8,0.0,2.973684210526316,0
848,2024,10,0.0,2.961038961038961,0
848,2024,11,0.0,2.923076923076923,0
848,2024,12,0.0,2.8860759493670884,0
848,2024,13,0.0,2.875,0
848,2024,14,0.0,2.8395061728395063,0
848,2024,15,0.0,2.8048780487804876,0
848,2024,16,0.0,2.7710843373493974,0
848,2024,17,0.0,2.761904761904762,0
848,2024,19,0.0,2.8,0
848,2024,23,0.0,2.7674418604651163,0
848,2024,24,0.0,2.735632183908046,0
849,2020,6,0.0,0.0,0
849,2020,7,0.0,0.0,0
849,2020,8,0.0,0.0,0
849,2020,10,0.0,0.0,0
849,2020,11,0.0,0.0,0
849,2020,12,0.0,0.0,0
849,2020,13,0.0,0.0,0
849,2020,15,0.0,0.0,0
849,2020,17,0.0,0.0,0
849,2021,1,0.0,0.0,0
849,2021,3,0.0,0.0,0
849,2021,4,0.0,0.0,0
849,2021,5,0.0,0.0,0
849,2021,6,0.0,0.0,0
849,2021,7,0.0,0.0,0
849,2021,8,0.0,0.0,0
849,2021,9,0.0,0.0,0
849,2021,10,0.0,0.0,0
849,2021,11,0.0,0.0,0
849,2021,12,0.0,0.25,0
849,2021,13,0.0,0.28,0
849,2021,14,0.0,0.2692307692307692,0
849,2021,15,0.0,0.25925925925925924,0
849,2021,16,0.0,0.25,0
849,2021,17,0.0,0.2413793103448276,0
849,2021,18,0.0,0.23333333333333334,0
849,2021,19,0.0,0.22580645161290322,0
849,2021,21,0.0,0.21875,0
849,2022,1,0.0,0.21212121212121213,0
849,2022,3,0.0,0.20588235294117646,0
849,2022,4,0.0,0.2,0
849,2022,5,0.0,0.19444444444444445,0
849,2022,6,0.0,0.1891891891891892,0
849,2022,7,0.0,0.18421052631578946,0
849,2022,8,0.0,0.1794871794871795,0
849,2022,9,0.0,0.175,0
849,2022,10,0.0,0.17073170731707318,0
849,2022,13,0.0,0.16666666666666666,0
849,2022,14,0.0,0.16279069767441862,0
849,2022,15,0.0,0.1590909090909091,0
849,2022,16,0.0,0.15555555555555556,0
849,2022,18,0.0,0.15217391304347827,0
849,2022,19,0.0,0.19148936170212766,0
849,2022,20,0.0,0.1875,0
849,2022,21,0.0,0.1836734693877551,0
849,2022,22,0.0,0.18,0
852,2021,7,0.0,1.6,0
852,2021,8,0.0,1.3333333333333333,0
852,2021,9,0.0,1.2857142857142858,0
852,2021,10,0.0,1.125,0
852,2021,11,0.0,1.1111111111111112,0
852,2021,12,0.0,1.8,0
852,2021,15,0.0,1.6363636363636365,0
852,2021,16,0.0,1.5,0
852,2021,17,0.0,1.3846153846153846,0
852,2021,19,0.0,1.4285714285714286,0
852,2021,20,0.0,1.3333333333333333,0
852,2021,21,0.0,1.25,0
852,2021,22,0.0,1.1764705882352942,0
852,2022,1,0.0,1.7777777777777777,0
852,2022,3,0.0,1.894736842105263,0
852,2022,4,0.0,1.8,0
852,2022,5,0.0,2.0,0
852,2022,6,0.0,1.9090909090909092,0
852,2022,7,0.0,1.8695652173913044,0
852,2022,8,0.0,1.7916666666666667,0
852,2022,10,0.0,1.72,0
852,2022,11,0.0,1.6538461538461537,0
852,2022,13,0.0,1.5925925925925926,0
852,2022,14,0.0,1.5357142857142858,0
852,2022,16,0.0,1.4827586206896552,0
852,2022,18,0.0,1.4333333333333333,0
852,2022,19,0.0,1.3870967741935485,0
852,2022,21,0.0,1.375,0
852,2022,22,0.0,1.3333333333333333,0
852,2023,1,0.0,1.2941176470588236,0
852,2023,2,0.0,1.2571428571428571,0
852,2023,3,0.0,1.2222222222222223,0
852,2023,4,0.0,1.2162162162162162,0
852,2023,5,0.0,1.2105263157894737,0
852,2023,6,0.0,1.1794871794871795,0
852,2023,7,0.0,1.15,0
852,2023,8,0.0,1.1219512195121952,0
852,2023,9,0.0,1.0952380952380953,0
852,2023,10,0.0,1.069767441860465,0
852,2023,11,0.0,1.0454545454545454,0
852,2023,12,0.0,1.0222222222222221,0
852,2023,13,0.0,1.0217391304347827,0
852,2023,16,0.0,1.0,0
852,2023,17,0.0,0.9791666666666666,0
852,2023,18,0.0,0.9591836734693877,0
852,2023,19,0.0,1.04,0
852,2023,20,0.0,1.0196078431372548,0
852,2023,21,0.0,1.0384615384615385,0
852,2023,22,0.0,1.0188679245283019,0
852,2024,1,0.0,1.0740740740740742,0
852,2024,2,0.0,1.0545454545454545,0
852,2024,3,0.0,1.0357142857142858,0
852,2024,4,0.0,1.1228070175438596,0
852,2024,6,0.0,1.1206896551724137,0
852,2024,7,0.0,1.2033898305084745,0
852,2024,8,0.0,1.2,0
852,2024,9,0.0,1.2459016393442623,0
852,2024,10,0.0,1.2258064516129032,0
852,2024,11,0.0,1.2063492063492063,0
852,2024,12,0.0,1.1875,0
852,2024,13,0.0,1.1846153846153846,0
852,2024,14,0.0,1.196969696969697,0
852,2024,15,0.0,1.1791044776119404,0
852,2024,18,0.0,1.161764705882353,0
852,2024,19,0.0,1.144927536231884,0
852,2024,21,0.0,1.1285714285714286,0
852,2024,22,0.0,1.1971830985915493,0
852,2024,23,0.0,1.2083333333333333,0
852,2024,24,0.0,1.1917808219178083,0
853,2021,7,0.0,0.0,0
853,2021,8,0.0,0.0,0
853,2021,9,0.0,0.0,0
853,2021,10,0.0,0.0,0
853,2021,12,0.0,0.0,0
853,2021,15,0.0,0.0,0
853,2021,16,0.0,0.0,0
853,2021,17,0.0,0.0,0
853,2021,18,0.0,0.0,0
853,2021,19,0.0,0.0,0
853,2021,20,0.0,0.0,0
854,2021,6,0.0,0.0,0
854,2021,7,0.0,0.0,0
854,2021,8,0.0,0.0,0
854,2021,9,0.0,0.0,0
854,2021,10,0.0,0.0,0
854,2021,11,0.0,0.0,0
854,2021,12,0.0,0.0,0
854,2021,13,0.0,0.0,0
854,2021,14,0.0,0.0,0
854,2021,16,0.0,0.0,0
854,2021,17,0.0,0.0,0
854,2021,19,0.0,0.0,0
854,2021,20,0.0,0.0,0
854,2021,22,0.0,0.0,0
854,2022,1,0.0,0.0,0
854,2022,3,0.0,0.0,0
854,2022,4,0.0,0.0,0
854,2022,5,0.0,0.0,0
854,2022,6,0.0,0.0,0
854,2022,8,0.0,0.0,0
854,2022,10,0.0,0.0,0
854,2022,11,0.0,0.15384615384615385,0
854,2022,12,0.0,0.4444444444444444,0
854,2022,13,0.0,0.42857142857142855,0
854,2022,14,0.0,0.41379310344827586,0
854,2022,15,0.0,0.4,0
854,2022,16,0.0,0.3870967741935484,0
854,2022,17,0.0,0.375,0
854,2022,18,0.0,0.36363636363636365,0
854,2022,19,0.0,0.35294117647058826,0
854,2022,20,0.0,0.34285714285714286,0
854,2022,21,0.0,0.3333333333333333,0
854,2022,22,0.0,0.32432432432432434,0
855,2022,9,0.0,0.2,0
855,2022,11,0.0,0.8333333333333334,0
855,2022,12,0.0,0.7142857142857143,0
855,2022,13,0.0,0.625,0
855,2022,14,0.0,0.5555555555555556,0
855,2022,15,0.0,0.5,0
855,2022,16,0.0,0.45454545454545453,0
855,2022,18,0.0,0.5,0
855,2022,19,0.0,0.46153846153846156,0
855,2022,20,0.0,0.42857142857142855,0
855,2022,21,0.0,0.4,0
855,2022,22,0.0,0.375,0
855,2023,1,0.0,0.35294117647058826,0
855,2023,2,0.0,0.3333333333333333,0
855,2023,3,0.0,0.3157894736842105,0
855,2023,5,0.0,0.4,0
855,2023,6,0.0,0.38095238095238093,0
855,2023,7,0.0,0.36363636363636365,0
855,2023,8,0.0,0.43478260869565216,0
855,2023,9,0.0,0.4166666666666667,0
855,2023,10,0.0,0.4,0
855,2023,11,0.0,0.38461538461538464,0
855,2023,12,0.0,0.37037037037037035,0
855,2023,14,0.0,0.35714285714285715,0
855,2023,15,0.0,0.3448275862068966,0
855,2023,16,0.0,0.3333333333333333,0
855,2023,17,0.0,0.3225806451612903,0
855,2023,18,0.0,0.375,0
855,2023,19,0.0,0.36363636363636365,0
855,2023,21,0.0,0.35294117647058826,0
855,2023,22,0.0,0.34285714285714286,0
855,2024,1,0.0,0.3333333333333333,0
855,2024,2,0.0,0.32432432432432434,0
855,2024,3,0.0,0.3157894736842105,0
855,2024,5,0.0,0.3076923076923077,0
855,2024,6,0.0,0.3,0
855,2024,7,0.0,0.2926829268292683,0
855,2024,8,0.0,0.2857142857142857,0
855,2024,9,0.0,0.27906976744186046,0
855,2024,10,0.0,0.2727272727272727,0
855,2024,11,0.0,0.26666666666666666,0
855,2024,12,0.0,0.2608695652173913,0
855,2024,13,0.0,0.2553191489361702,0
855,2024,15,0.0,0.25,0
855,2024,16,0.0,0.24489795918367346,0
855,2024,17,0.0,0.24,0
855,2024,18,0.0,0.23529411764705882,0
855,2024,19,0.0,0.23076923076923078,0
855,2024,20,0.0,0.22641509433962265,0
855,2024,21,0.0,0.2222222222222222,0
855,2024,22,0.0,0.21818181818181817,0
855,2024,23,0.0,0.21428571428571427,0
855,2024,24,0.0,0.2807017543859649,0
856,2023,6,0.0,0.4,0
856,2023,7,0.0,0.3333333333333333,0
856,2023,8,0.0,0.2857142857142857,0
856,2023,9,0.0,0.25,0
856,2023,10,0.0,0.2222222222222222,0
857,2023,7,0.0,1.0,0
857,2023,8,0.0,0.8333333333333334,0
857,2023,9,0.0,0.7142857142857143,0
857,2023,10,0.0,0.625,0
857,2023,11,0.0,1.8888888888888888,0
857,2023,13,0.0,2.7,0
857,2023,14,0.0,2.6363636363636362,0
857,2023,15,0.0,2.4166666666666665,0
857,2023,16,0.0,2.6923076923076925,0
857,2023,17,0.0,3.5714285714285716,0
857,2023,19,0.0,4.533333333333333,0
857,2023,20,0.0,4.5,0
857,2023,21,0.0,4.235294117647059,0
857,2023,22,0.0,4.111111111111111,0
857,2024,1,0.0,4.315789473684211,0
857,2024,2,0.0,4.3,0
857,2024,3,0.0,4.666666666666667,0
857,2024,4,0.0,5.0,0
857,2024,5,0.0,4.956521739130435,0
857,2024,6,0.0,4.916666666666667,0
857,2024,7,0.0,4.72,0
857,2024,8,0.0,5.0,0
857,2024,9,0.0,5.481481481481482,0
857,2024,10,0.0,5.642857142857143,0
857,2024,11,0.0,5.655172413793103,0
857,2024,12,0.0,6.066666666666666,0
857,2024,13,0.0,6.258064516129032,1
857,2024,14,0.03125,6.84375,0
857,2024,15,0.030303030303030304,7.181818181818182,0
857,2024,16,0.029411764705882353,7.323529411764706,0
857,2024,17,0.02857142857142857,7.628571428571429,1
857,2024,18,0.05555555555555555,8.11111111111111,0
857,2024,19,0.05405405405405406,8.297297297297296,0
857,2024,20,0.05263157894736842,8.342105263157896,0
857,2024,21,0.05128205128205128,8.23076923076923,0
857,2024,22,0.05,8.125,0
857,2024,23,0.04878048780487805,8.073170731707316,0
857,2024,24,0.047619047619047616,8.238095238095237,0
858,2023,6,0.0,0.0,0
858,2023,7,0.0,0.0,0
858,2023,9,0.0,0.0,0
858,2023,10,0.0,0.0,0
858,2023,12,0.0,0.0,0
858,2023,14,0.0,0.0,0
858,2023,15,0.0,0.0,0
858,2023,18,0.0,0.0,0
858,2023,19,0.0,0.07692307692307693,0
858,2023,20,0.0,0.07142857142857142,0
858,2023,21,0.0,0.06666666666666667,0
858,2023,22,0.0,0.0625,0
858,2024,1,0.0,0.058823529411764705,0
858,2024,2,0.0,0.05555555555555555,0
858,2024,4,0.0,0.05263157894736842,0
858,2024,5,0.0,0.05,0
858,2024,7,0.0,0.047619047619047616,0
858,2024,8,0.0,0.045454545454545456,0
858,2024,10,0.0,0.043478260869565216,0
858,2024,11,0.0,0.041666666666666664,0
858,2024,12,0.0,0.04,0
858,2024,13,0.0,0.038461538461538464,0
858,2024,14,0.0,0.037037037037037035,0
858,2024,15,0.0,0.03571428571428571,0
859,2024,19,0.0,0.4,0
859,2024,20,0.0,0.6666666666666666,0
859,2024,21,0.0,0.5714285714285714,0
859,2024,22,0.0,0.75,0
859,2024,23,0.0,0.6666666666666666,0
859,2024,24,0.0,0.6,0
861,2024,22,0.0,1.0,0
